agent_id,sim_id,commit,random_seed,data_version,starting_encampment,shelter_reached,reached_shelter,time_started_tick,time_started_local,time_arrived_tick,time_arrived_local,travel_time_min,total_travel_distance_m,network_dist_to_shelter_m,avg_pm25_ugm3,peak_pm25_ugm3,cumulative_dose_ugm3h,exposure_while_traveling_ugm3h,vwe_ugm3h,hours_above_unhealthy,age,asthma,copd,age_rr,comorbidity_rr,final_state,planned_route_m,snap_gap_m,door_refusals,scenario,walking_speed_mps,age_years,age_band,sex,mobility_limited,mobility_category,asthma_flag,copd_flag,any_respiratory,vulnerable_flag
Site 11,sim-20260725-224029-seed42,b6bf2af5d105b742507cc0c22adcd392bc55c717,42,0bc943324ae6,25-123721,CJ,yes,4740,2020-09-10T07:00,5844.0,2020-09-11T01:24,1104.0,11576.54,2993.47,53.68,299.55,5228.7292,429.0717,5228.7292,24.4167,39,0,0,1.0,1.0,SHELTERED,11562.83,13.71,0,A_current_placement,1.6839,39,25-54,FEMALE,0,unimpaired,0,0,0,0
Site 15,sim-20260725-224029-seed42,b6bf2af5d105b742507cc0c22adcd392bc55c717,42,0bc943324ae6,25-178967,CJ,yes,4740,2020-09-10T07:00,5845.0,2020-09-11T01:25,1105.0,11394.45,2823.83,53.72,299.55,5233.43,432.7767,5233.43,24.4333,30,0,0,1.0,1.0,SHELTERED,11393.19,1.26,0,A_current_placement,1.68,30,25-54,MALE,0,unimpaired,0,0,0,0
Site 28,sim-20260725-224029-seed42,b6bf2af5d105b742507cc0c22adcd392bc55c717,42,0bc943324ae6,25-112538,OCC,yes,4740,2020-09-10T07:00,4750.0,2020-09-10T07:10,10.0,901.14,872.32,17.23,112.1,1364.0625,9.9583,1364.0625,6.1833,57,0,0,1.0,1.0,SHELTERED,872.32,28.82,0,A_current_placement,1.469,57,55-69,MALE,0,unimpaired,0,0,0,1
Site 31,sim-20260725-224029-seed42,b6bf2af5d105b742507cc0c22adcd392bc55c717,42,0bc943324ae6,25-212115,OCC,yes,4740,2020-09-10T07:00,4754.0,2020-09-10T07:14,14.0,1108.68,1103.61,17.27,112.1,1368.0458,13.9417,1368.0458,6.25,52,0,0,1.0,1.0,SHELTERED,1103.61,5.07,0,A_current_placement,1.3182,52,25-54,MALE,0,unimpaired,0,0,0,0
Site 54,sim-20260725-224029-seed42,b6bf2af5d105b742507cc0c22adcd392bc55c717,42,0bc943324ae6,25-123958,OCC,yes,4740,2020-09-10T07:00,4747.0,2020-09-10T07:07,7.0,703.22,672.74,17.2,112.1,1361.075,6.9708,1361.075,6.1333,45,0,0,1.0,1.0,SHELTERED,672.74,30.47,0,A_current_placement,1.5002,45,25-54,FEMALE,0,unimpaired,0,0,0,0
Site 55,sim-20260725-224029-seed42,b6bf2af5d105b742507cc0c22adcd392bc55c717,42,0bc943324ae6,26-119671,CJ,yes,4740,2020-09-10T07:00,5839.0,2020-09-11T01:19,1099.0,16434.48,7787.23,53.49,299.55,5205.225,449.975,5205.225,24.3333,39,0,1,1.0,1.0,SHELTERED,16356.59,77.89,0,A_current_placement,1.8032,39,25-54,MALE,0,unimpaired,0,1,1,1
Site 80,sim-20260725-224029-seed42,b6bf2af5d105b742507cc0c22adcd392bc55c717,42,0bc943324ae6,25-123650,CJ,yes,4740,2020-09-10T07:00,5842.0,2020-09-11T01:22,1102.0,21239.95,12652.18,53.6,299.55,5219.3275,521.5592,5219.3275,24.3833,58,0,0,1.0,1.0,SHELTERED,21221.54,18.42,0,A_current_placement,1.7264,58,55-69,MALE,0,unimpaired,0,0,0,1
Site 107,sim-20260725-224029-seed42,b6bf2af5d105b742507cc0c22adcd392bc55c717,42,0bc943324ae6,25-123869,OCC,yes,4740,2020-09-10T07:00,4753.0,2020-09-10T07:13,13.0,1162.9,1147.8,17.26,112.1,1367.05,12.9458,1367.05,6.2333,19,0,1,1.0,1.0,SHELTERED,1147.8,15.1,0,A_current_placement,1.4142,19,18-24,MALE,0,unimpaired,0,1,1,1
Site 110,sim-20260725-224029-seed42,b6bf2af5d105b742507cc0c22adcd392bc55c717,42,0bc943324ae6,25-112733,CJ,yes,4740,2020-09-10T07:00,5842.0,2020-09-11T01:22,1102.0,11586.81,2997.21,53.6,299.55,5219.3275,418.6742,5219.3275,24.3833,28,1,0,1.0,1.0,SHELTERED,11566.57,20.24,0,A_current_placement,1.7366,28,25-54,MALE,0,unimpaired,1,0,1,1
Site 133,sim-20260725-224029-seed42,b6bf2af5d105b742507cc0c22adcd392bc55c717,42,0bc943324ae6,25-190308,CJ,yes,4740,2020-09-10T07:00,5843.0,2020-09-11T01:23,1103.0,11951.8,3344.19,53.64,299.55,5224.0283,428.3542,5224.0283,24.4,27,0,0,1.0,1.0,SHELTERED,11913.55,38.25,0,A_current_placement,1.7072,27,25-54,MALE,0,unimpaired,0,0,0,0
Site 138,sim-20260725-224029-seed42,b6bf2af5d105b742507cc0c22adcd392bc55c717,42,0bc943324ae6,25-201599,OCC,yes,4740,2020-09-10T07:00,4753.0,2020-09-10T07:13,13.0,1066.05,1028.57,17.26,112.1,1367.05,12.9458,1367.05,6.2333,59,0,0,1.0,1.0,SHELTERED,1028.57,37.48,0,A_current_placement,1.3637,59,55-69,MALE,0,unimpaired,0,0,0,1
Site 154,sim-20260725-224029-seed42,b6bf2af5d105b742507cc0c22adcd392bc55c717,42,0bc943324ae6,25-156051,CJ,yes,4740,2020-09-10T07:00,5840.0,2020-09-11T01:20,1100.0,20946.73,12376.07,53.53,299.55,5209.9258,502.37,5209.9258,24.35,40,0,0,1.0,1.0,SHELTERED,20945.43,1.3,0,A_current_placement,1.7806,40,25-54,FEMALE,0,unimpaired,0,0,0,0
Site 156,sim-20260725-224029-seed42,b6bf2af5d105b742507cc0c22adcd392bc55c717,42,0bc943324ae6,25-190701,CJ,yes,4740,2020-09-10T07:00,5840.0,2020-09-11T01:20,1100.0,11020.32,2449.67,53.53,299.55,5209.9258,404.2933,5209.9258,24.35,43,0,0,1.0,1.0,SHELTERED,11019.03,1.29,0,A_current_placement,1.7678,43,25-54,MALE,0,unimpaired,0,0,0,0
Site 169,sim-20260725-224029-seed42,b6bf2af5d105b742507cc0c22adcd392bc55c717,42,0bc943324ae6,25-145444,CJ,yes,4740,2020-09-10T07:00,5845.0,2020-09-11T01:25,1105.0,11879.08,3308.46,53.72,299.55,5233.43,436.76,5233.43,24.4333,49,0,0,1.0,1.0,SHELTERED,11877.82,1.26,0,A_current_placement,1.6742,49,25-54,MALE,0,unimpaired,0,0,0,0
Site 177,sim-20260725-224029-seed42,b6bf2af5d105b742507cc0c22adcd392bc55c717,42,0bc943324ae6,25-134416,CJ,yes,4740,2020-09-10T07:00,5837.0,2020-09-11T01:17,1097.0,13004.45,4429.35,53.41,299.55,5195.8233,407.12,5195.8233,24.3,39,0,1,1.0,1.0,SHELTERED,12998.71,5.73,0,A_current_placement,1.8426,39,25-54,MALE,0,unimpaired,0,1,1,1
Site 190,sim-20260725-224029-seed42,b6bf2af5d105b742507cc0c22adcd392bc55c717,42,0bc943324ae6,25-222022,OCC,yes,4740,2020-09-10T07:00,4752.0,2020-09-10T07:12,12.0,1199.02,1186.89,17.25,112.1,1366.0542,11.95,1366.0542,6.2167,54,1,0,1.0,1.0,SHELTERED,1186.89,12.14,0,A_current_placement,1.5378,54,25-54,MALE,0,unimpaired,1,0,1,1
Site 204,sim-20260725-224029-seed42,b6bf2af5d105b742507cc0c22adcd392bc55c717,42,0bc943324ae6,25-178674,CJ,yes,4740,2020-09-10T07:00,5839.0,2020-09-11T01:19,1099.0,12354.19,3753.6,53.49,299.55,5205.225,410.5467,5205.225,24.3333,40,0,0,1.0,1.0,SHELTERED,12322.96,31.23,0,A_current_placement,1.8047,40,25-54,MALE,0,unimpaired,0,0,0,0
Site 209,sim-20260725-224029-seed42,b6bf2af5d105b742507cc0c22adcd392bc55c717,42,0bc943324ae6,25-134671,CJ,yes,4740,2020-09-10T07:00,5837.0,2020-09-11T01:17,1097.0,20900.7,12310.97,53.41,299.55,5195.8233,483.8308,5195.8233,24.3,33,0,0,1.0,1.0,SHELTERED,20880.33,20.36,0,A_current_placement,1.8475,33,25-54,MALE,0,unimpaired,0,0,0,0
Site 222,sim-20260725-224029-seed42,b6bf2af5d105b742507cc0c22adcd392bc55c717,42,0bc943324ae6,25-156686,CJ,yes,4740,2020-09-10T07:00,5840.0,2020-09-11T01:20,1100.0,14355.15,5757.3,53.53,299.55,5209.9258,435.1642,5209.9258,24.35,41,0,0,1.0,1.0,SHELTERED,14326.66,29.88,0,A_current_placement,1.7737,41,25-54,MALE,0,unimpaired,0,0,0,0
Site 236,sim-20260725-224029-seed42,b6bf2af5d105b742507cc0c22adcd392bc55c717,42,0bc943324ae6,25-222180,CJ,yes,4740,2020-09-10T07:00,5832.0,2020-09-11T01:12,1092.0,14388.72,5818.08,53.21,299.55,5172.3192,392.5783,5172.3192,24.2167,51,0,0,1.0,1.0,SHELTERED,14387.44,1.28,0,A_current_placement,1.9618,51,25-54,MALE,0,unimpaired,0,0,0,0
Site 244,sim-20260725-224029-seed42,b6bf2af5d105b742507cc0c22adcd392bc55c717,42,0bc943324ae6,25-178762,OCC,yes,4740,2020-09-10T07:00,4750.0,2020-09-10T07:10,10.0,900.35,870.07,17.23,112.1,1364.0625,9.9583,1364.0625,6.1833,32,0,0,1.0,1.0,SHELTERED,870.07,30.28,0,A_current_placement,1.3936,32,25-54,FEMALE,0,unimpaired,0,0,0,0
Site 248,sim-20260725-224029-seed42,b6bf2af5d105b742507cc0c22adcd392bc55c717,42,0bc943324ae6,25-201326,CJ,yes,4740,2020-09-10T07:00,5844.0,2020-09-11T01:24,1104.0,16919.36,8269.84,53.68,299.55,5228.7292,483.4617,5228.7292,24.4167,67,0,0,1.0,1.0,SHELTERED,16839.2,80.17,0,A_current_placement,1.6982,67,55-69,MALE,0,unimpaired,0,0,0,1
Site 256,sim-20260725-224029-seed42,b6bf2af5d105b742507cc0c22adcd392bc55c717,42,0bc943324ae6,26-129982,CJ,yes,4740,2020-09-10T07:00,5844.0,2020-09-11T01:24,1104.0,21620.64,13044.75,53.68,299.55,5228.7292,540.6508,5228.7292,24.4167,44,1,1,1.0,1.0,SHELTERED,21614.11,6.53,0,A_current_placement,1.6943,44,25-54,OTHER,0,unimpaired,1,1,1,1
Site 262,sim-20260725-224029-seed42,b6bf2af5d105b742507cc0c22adcd392bc55c717,42,0bc943324ae6,25-123849,OCC,yes,4740,2020-09-10T07:00,4753.0,2020-09-10T07:13,13.0,1304.8,1265.28,17.26,112.1,1367.05,12.9458,1367.05,6.2333,36,1,1,1.0,1.0,SHELTERED,1265.28,39.52,0,A_current_placement,1.5579,36,25-54,FEMALE,0,unimpaired,1,1,1,1
Site 265,sim-20260725-224029-seed42,b6bf2af5d105b742507cc0c22adcd392bc55c717,42,0bc943324ae6,25-178762,OCC,yes,4740,2020-09-10T07:00,4749.0,2020-09-10T07:09,9.0,900.35,870.07,17.22,112.1,1363.0667,8.9625,1363.0667,6.1667,57,0,0,1.0,1.0,SHELTERED,870.07,30.28,0,A_current_placement,1.6657,57,55-69,FEMALE,0,unimpaired,0,0,0,1
Site 267,sim-20260725-224029-seed42,b6bf2af5d105b742507cc0c22adcd392bc55c717,42,0bc943324ae6,26-119569,CJ,yes,4740,2020-09-10T07:00,5844.0,2020-09-11T01:24,1104.0,18268.39,9575.04,53.68,299.55,5228.7292,498.99,5228.7292,24.4167,44,1,0,1.0,1.0,SHELTERED,18144.4,123.98,0,A_current_placement,1.6939,44,25-54,FEMALE,0,unimpaired,1,0,1,1
Site 303,sim-20260725-224029-seed42,b6bf2af5d105b742507cc0c22adcd392bc55c717,42,0bc943324ae6,26-119720,OCC,yes,4740,2020-09-10T07:00,4752.0,2020-09-10T07:12,12.0,906.0,871.79,17.25,112.1,1366.0542,11.95,1366.0542,6.2167,42,0,0,1.0,1.0,SHELTERED,871.79,34.21,0,A_current_placement,1.1755,42,25-54,MALE,1,ambulant_impaired_no_aid,0,0,0,1
Site 316,sim-20260725-224029-seed42,b6bf2af5d105b742507cc0c22adcd392bc55c717,42,0bc943324ae6,25-178753,OCC,yes,4740,2020-09-10T07:00,4754.0,2020-09-10T07:14,14.0,1279.58,1266.13,17.27,112.1,1368.0458,13.9417,1368.0458,6.25,53,0,0,1.0,1.0,SHELTERED,1266.13,13.45,0,A_current_placement,1.4334,53,25-54,MALE,0,unimpaired,0,0,0,0
Site 322,sim-20260725-224029-seed42,b6bf2af5d105b742507cc0c22adcd392bc55c717,42,0bc943324ae6,25-179113,OCC,yes,4740,2020-09-10T07:00,4754.0,2020-09-10T07:14,14.0,1058.63,1028.57,17.27,112.1,1368.0458,13.9417,1368.0458,6.25,51,0,0,1.0,1.0,SHELTERED,1028.57,30.05,0,A_current_placement,1.1985,51,25-54,FEMALE,0,unimpaired,0,0,0,0
Site 339,sim-20260725-224029-seed42,b6bf2af5d105b742507cc0c22adcd392bc55c717,42,0bc943324ae6,25-201336,OCC,yes,4740,2020-09-10T07:00,4752.0,2020-09-10T07:12,12.0,858.23,834.04,17.25,112.1,1366.0542,11.95,1366.0542,6.2167,32,0,0,1.0,1.0,SHELTERED,834.04,24.19,0,A_current_placement,1.1491,32,25-54,MALE,0,unimpaired,0,0,0,0
Site 351,sim-20260725-224029-seed42,b6bf2af5d105b742507cc0c22adcd392bc55c717,42,0bc943324ae6,25-123681,OCC,yes,4740,2020-09-10T07:00,4753.0,2020-09-10T07:13,13.0,1159.59,1111.6,17.26,112.1,1367.05,12.9458,1367.05,6.2333,33,1,1,1.0,1.0,SHELTERED,1111.6,48.0,0,A_current_placement,1.4416,33,25-54,FEMALE,0,unimpaired,1,1,1,1
Site 358,sim-20260725-224029-seed42,b6bf2af5d105b742507cc0c22adcd392bc55c717,42,0bc943324ae6,25-212286,OCC,yes,4740,2020-09-10T07:00,4754.0,2020-09-10T07:14,14.0,1303.43,1286.65,17.27,112.1,1368.0458,13.9417,1368.0458,6.25,40,0,0,1.0,1.0,SHELTERED,1286.65,16.79,0,A_current_placement,1.5335,40,25-54,MALE,0,unimpaired,0,0,0,0
Site 398,sim-20260725-224029-seed42,b6bf2af5d105b742507cc0c22adcd392bc55c717,42,0bc943324ae6,26-109729,CJ,yes,4740,2020-09-10T07:00,5845.0,2020-09-11T01:25,1105.0,14536.63,5901.2,53.72,299.55,5233.43,463.7608,5233.43,24.4333,28,0,0,1.0,1.0,SHELTERED,14470.56,66.07,0,A_current_placement,1.6674,28,25-54,MALE,0,unimpaired,0,0,0,0
Site 404,sim-20260725-224029-seed42,b6bf2af5d105b742507cc0c22adcd392bc55c717,42,0bc943324ae6,25-145179,CJ,yes,4740,2020-09-10T07:00,5840.0,2020-09-11T01:20,1100.0,18792.4,10165.87,53.53,299.55,5209.9258,480.1867,5209.9258,24.35,35,1,0,1.0,1.0,SHELTERED,18735.23,57.18,0,A_current_placement,1.7852,35,25-54,MALE,0,unimpaired,1,0,1,1
Site 412,sim-20260725-224029-seed42,b6bf2af5d105b742507cc0c22adcd392bc55c717,42,0bc943324ae6,25-167641,OCC,yes,4740,2020-09-10T07:00,4755.0,2020-09-10T07:15,15.0,1306.45,1266.34,17.27,112.1,1369.0417,14.9375,1369.0417,6.2667,40,0,0,1.0,1.0,SHELTERED,1266.34,40.11,0,A_current_placement,1.367,40,25-54,FEMALE,0,unimpaired,0,0,0,0
Site 416,sim-20260725-224029-seed42,b6bf2af5d105b742507cc0c22adcd392bc55c717,42,0bc943324ae6,25-190740,CJ,yes,4740,2020-09-10T07:00,5840.0,2020-09-11T01:20,1100.0,17030.36,8446.27,53.53,299.55,5209.9258,462.44,5209.9258,24.35,38,0,0,1.0,1.0,SHELTERED,17015.63,14.74,0,A_current_placement,1.7635,38,25-54,MALE,1,ambulant_impaired_no_aid,0,0,0,1
Site 417,sim-20260725-224029-seed42,b6bf2af5d105b742507cc0c22adcd392bc55c717,42,0bc943324ae6,25-201222,OCC,yes,4740,2020-09-10T07:00,4754.0,2020-09-10T07:14,14.0,1283.31,1266.34,17.27,112.1,1368.0458,13.9417,1368.0458,6.25,49,0,1,1.0,1.0,SHELTERED,1266.34,16.97,0,A_current_placement,1.5044,49,25-54,MALE,0,unimpaired,0,1,1,1
Site 456,sim-20260725-224029-seed42,b6bf2af5d105b742507cc0c22adcd392bc55c717,42,0bc943324ae6,25-134248,CJ,yes,4740,2020-09-10T07:00,5843.0,2020-09-11T01:23,1103.0,12886.58,4275.18,53.64,299.55,5224.0283,437.3167,5224.0283,24.4,45,0,0,1.0,1.0,SHELTERED,12844.54,42.03,0,A_current_placement,1.7025,45,25-54,FEMALE,0,unimpaired,0,0,0,0
Site 461,sim-20260725-224029-seed42,b6bf2af5d105b742507cc0c22adcd392bc55c717,42,0bc943324ae6,25-190613,OCC,yes,4740,2020-09-10T07:00,4754.0,2020-09-10T07:14,14.0,1071.35,1036.81,17.27,112.1,1368.0458,13.9417,1368.0458,6.25,44,0,0,1.0,1.0,SHELTERED,1036.81,34.54,0,A_current_placement,1.1912,44,25-54,MALE,1,ambulant_impaired_no_aid,0,0,0,1
Site 465,sim-20260725-224029-seed42,b6bf2af5d105b742507cc0c22adcd392bc55c717,42,0bc943324ae6,25-178839,OCC,yes,4740,2020-09-10T07:00,4752.0,2020-09-10T07:12,12.0,1172.99,1147.8,17.25,112.1,1366.0542,11.95,1366.0542,6.2167,44,0,0,1.0,1.0,SHELTERED,1147.8,25.19,0,A_current_placement,1.533,44,25-54,MALE,0,unimpaired,0,0,0,0
Site 468,sim-20260725-224029-seed42,b6bf2af5d105b742507cc0c22adcd392bc55c717,42,0bc943324ae6,25-201233,OCC,yes,4740,2020-09-10T07:00,4751.0,2020-09-10T07:11,11.0,1029.53,1028.29,17.24,112.1,1365.0583,10.9542,1365.0583,6.2,46,0,0,1.0,1.0,SHELTERED,1028.29,1.24,0,A_current_placement,1.4374,46,25-54,MALE,0,unimpaired,0,0,0,0
Site 472,sim-20260725-224029-seed42,b6bf2af5d105b742507cc0c22adcd392bc55c717,42,0bc943324ae6,26-119720,OCC,yes,4740,2020-09-10T07:00,4751.0,2020-09-10T07:11,11.0,906.0,871.79,17.24,112.1,1365.0583,10.9542,1365.0583,6.2,56,0,0,1.0,1.0,SHELTERED,871.79,34.21,0,A_current_placement,1.3364,56,55-69,MALE,0,unimpaired,0,0,0,1
Site 485,sim-20260725-224029-seed42,b6bf2af5d105b742507cc0c22adcd392bc55c717,42,0bc943324ae6,25-102058,CJ,yes,4740,2020-09-10T07:00,5845.0,2020-09-11T01:25,1105.0,12875.65,4280.99,53.72,299.55,5233.43,446.7183,5233.43,24.4333,33,0,0,1.0,1.0,SHELTERED,12850.35,25.29,0,A_current_placement,1.6795,33,25-54,FEMALE,0,unimpaired,0,0,0,0
Site 493,sim-20260725-224029-seed42,b6bf2af5d105b742507cc0c22adcd392bc55c717,42,0bc943324ae6,25-190637,CJ,yes,4740,2020-09-10T07:00,5843.0,2020-09-11T01:23,1103.0,18700.7,10117.44,53.64,299.55,5224.0283,497.6167,5224.0283,24.4,39,0,0,1.0,1.0,SHELTERED,18686.8,13.9,0,A_current_placement,1.72,39,25-54,MALE,0,unimpaired,0,0,0,0
Site 532,sim-20260725-224029-seed42,b6bf2af5d105b742507cc0c22adcd392bc55c717,42,0bc943324ae6,25-190510,OCC,yes,4740,2020-09-10T07:00,4749.0,2020-09-10T07:09,9.0,819.11,793.06,17.22,112.1,1363.0667,8.9625,1363.0667,6.1667,53,0,0,1.0,1.0,SHELTERED,793.06,26.04,0,A_current_placement,1.4908,53,25-54,MALE,0,unimpaired,0,0,0,0
Site 533,sim-20260725-224029-seed42,b6bf2af5d105b742507cc0c22adcd392bc55c717,42,0bc943324ae6,25-212520,CJ,yes,4740,2020-09-10T07:00,5837.0,2020-09-11T01:17,1097.0,15500.75,6915.43,53.41,299.55,5195.8233,429.4817,5195.8233,24.3,48,1,0,1.0,1.0,SHELTERED,15484.79,15.96,0,A_current_placement,1.8405,48,25-54,MALE,0,unimpaired,1,0,1,1
Site 538,sim-20260725-224029-seed42,b6bf2af5d105b742507cc0c22adcd392bc55c717,42,0bc943324ae6,26-140274,CJ,yes,4740,2020-09-10T07:00,5838.0,2020-09-11T01:18,1098.0,10559.52,1962.08,53.45,299.55,5200.5242,389.9125,5200.5242,24.3167,35,0,0,1.0,1.0,SHELTERED,10531.44,28.08,0,A_current_placement,1.8139,35,25-54,MALE,0,unimpaired,0,0,0,0
Site 540,sim-20260725-224029-seed42,b6bf2af5d105b742507cc0c22adcd392bc55c717,42,0bc943324ae6,26-130096,OCC,yes,4740,2020-09-10T07:00,4754.0,2020-09-10T07:14,14.0,1152.19,1122.12,17.27,112.1,1368.0458,13.9417,1368.0458,6.25,33,0,0,1.0,1.0,SHELTERED,1122.12,30.06,0,A_current_placement,1.3231,33,25-54,MALE,0,unimpaired,0,0,0,0
Site 543,sim-20260725-224029-seed42,b6bf2af5d105b742507cc0c22adcd392bc55c717,42,0bc943324ae6,25-201278,CJ,yes,4740,2020-09-10T07:00,5842.0,2020-09-11T01:22,1102.0,18146.99,9561.96,53.6,299.55,5219.3275,486.2608,5219.3275,24.3833,34,0,0,1.0,1.0,SHELTERED,18131.32,15.67,0,A_current_placement,1.7341,34,25-54,MALE,0,unimpaired,0,0,0,0
Site 545,sim-20260725-224029-seed42,b6bf2af5d105b742507cc0c22adcd392bc55c717,42,0bc943324ae6,25-201738,OCC,yes,4740,2020-09-10T07:00,4752.0,2020-09-10T07:12,12.0,952.96,951.72,17.25,112.1,1366.0542,11.95,1366.0542,6.2167,24,0,0,1.0,1.0,SHELTERED,951.72,1.25,0,A_current_placement,1.2647,24,18-24,MALE,0,unimpaired,0,0,0,0
Site 560,sim-20260725-224029-seed42,b6bf2af5d105b742507cc0c22adcd392bc55c717,42,0bc943324ae6,25-212144,CJ,yes,4740,2020-09-10T07:00,5841.0,2020-09-11T01:21,1101.0,20113.06,11525.26,53.57,299.55,5214.6267,500.4158,5214.6267,24.3667,43,1,0,1.0,1.0,SHELTERED,20094.62,18.45,0,A_current_placement,1.7511,43,25-54,MALE,0,unimpaired,1,0,1,1
Site 561,sim-20260725-224029-seed42,b6bf2af5d105b742507cc0c22adcd392bc55c717,42,0bc943324ae6,25-112905,OCC,yes,4740,2020-09-10T07:00,4748.0,2020-09-10T07:08,8.0,706.3,680.41,17.21,112.1,1362.0708,7.9667,1362.0708,6.15,27,0,0,1.0,1.0,SHELTERED,680.41,25.89,0,A_current_placement,1.389,27,25-54,FEMALE,0,unimpaired,0,0,0,0
Site 562,sim-20260725-224029-seed42,b6bf2af5d105b742507cc0c22adcd392bc55c717,42,0bc943324ae6,25-102148,OCC,yes,4740,2020-09-10T07:00,4748.0,2020-09-10T07:08,8.0,761.03,709.92,17.21,112.1,1362.0708,7.9667,1362.0708,6.15,48,0,0,1.0,1.0,SHELTERED,709.92,51.12,0,A_current_placement,1.5353,48,25-54,MALE,0,unimpaired,0,0,0,0
Site 580,sim-20260725-224029-seed42,b6bf2af5d105b742507cc0c22adcd392bc55c717,42,0bc943324ae6,25-123869,OCC,yes,4740,2020-09-10T07:00,4753.0,2020-09-10T07:13,13.0,1162.9,1147.8,17.26,112.1,1367.05,12.9458,1367.05,6.2333,30,0,0,1.0,1.0,SHELTERED,1147.8,15.1,0,A_current_placement,1.4867,30,25-54,MALE,0,unimpaired,0,0,0,0
Site 588,sim-20260725-224029-seed42,b6bf2af5d105b742507cc0c22adcd392bc55c717,42,0bc943324ae6,25-221894,CJ,yes,4740,2020-09-10T07:00,5845.0,2020-09-11T01:25,1105.0,15553.86,6872.22,53.72,299.55,5233.43,474.8525,5233.43,24.4333,42,0,0,1.0,1.0,SHELTERED,15441.58,112.28,0,A_current_placement,1.6723,42,25-54,FEMALE,0,unimpaired,0,0,0,0
Site 593,sim-20260725-224029-seed42,b6bf2af5d105b742507cc0c22adcd392bc55c717,42,0bc943324ae6,26-140480,CJ,yes,4740,2020-09-10T07:00,5845.0,2020-09-11T01:25,1105.0,22180.94,13462.68,53.72,299.55,5233.43,558.2717,5233.43,24.4333,41,0,0,1.0,1.0,SHELTERED,22032.04,148.9,0,A_current_placement,1.6679,41,25-54,FEMALE,0,unimpaired,0,0,0,0
Site 596,sim-20260725-224029-seed42,b6bf2af5d105b742507cc0c22adcd392bc55c717,42,0bc943324ae6,25-190543,CJ,yes,4740,2020-09-10T07:00,5835.0,2020-09-11T01:15,1095.0,22355.71,13748.24,53.33,299.55,5186.4217,487.0383,5186.4217,24.2667,46,0,1,1.0,1.0,SHELTERED,22317.6,38.11,0,A_current_placement,1.8958,46,25-54,MALE,0,unimpaired,0,1,1,1
Site 599,sim-20260725-224029-seed42,b6bf2af5d105b742507cc0c22adcd392bc55c717,42,0bc943324ae6,25-112922,CJ,yes,4740,2020-09-10T07:00,5842.0,2020-09-11T01:22,1102.0,11609.56,2996.5,53.6,299.55,5219.3275,419.67,5219.3275,24.3833,51,0,0,1.0,1.0,SHELTERED,11565.86,43.7,0,A_current_placement,1.7398,51,25-54,MALE,0,unimpaired,0,0,0,0
Site 604,sim-20260725-224029-seed42,b6bf2af5d105b742507cc0c22adcd392bc55c717,42,0bc943324ae6,25-221975,OCC,yes,4740,2020-09-10T07:00,4753.0,2020-09-10T07:13,13.0,958.28,937.22,17.26,112.1,1367.05,12.9458,1367.05,6.2333,27,1,0,1.0,1.0,SHELTERED,937.22,21.05,0,A_current_placement,1.1777,27,25-54,FEMALE,0,unimpaired,1,0,1,1
Site 606,sim-20260725-224029-seed42,b6bf2af5d105b742507cc0c22adcd392bc55c717,42,0bc943324ae6,25-145307,CJ,yes,4740,2020-09-10T07:00,5842.0,2020-09-11T01:22,1102.0,15545.1,6840.31,53.6,299.55,5219.3275,457.4225,5219.3275,24.3833,58,1,0,1.0,1.0,SHELTERED,15409.67,135.43,0,A_current_placement,1.7375,58,55-69,FEMALE,0,unimpaired,1,0,1,1
Site 627,sim-20260725-224029-seed42,b6bf2af5d105b742507cc0c22adcd392bc55c717,42,0bc943324ae6,25-201711,CJ,yes,4740,2020-09-10T07:00,5843.0,2020-09-11T01:23,1103.0,10852.85,2282.2,53.64,299.55,5224.0283,417.4,5224.0283,24.4,35,0,1,1.0,1.0,SHELTERED,10851.56,1.29,0,A_current_placement,1.7051,35,25-54,MALE,0,unimpaired,0,1,1,1
Site 628,sim-20260725-224029-seed42,b6bf2af5d105b742507cc0c22adcd392bc55c717,42,0bc943324ae6,25-145303,OCC,yes,4740,2020-09-10T07:00,4752.0,2020-09-10T07:12,12.0,1522.72,1497.66,17.25,112.1,1366.0542,11.95,1366.0542,6.2167,55,0,0,1.0,1.0,SHELTERED,1497.66,25.07,0,A_current_placement,2.018,55,55-69,MALE,0,unimpaired,0,0,0,1
Site 643,sim-20260725-224029-seed42,b6bf2af5d105b742507cc0c22adcd392bc55c717,42,0bc943324ae6,25-112905,OCC,yes,4740,2020-09-10T07:00,4751.0,2020-09-10T07:11,11.0,706.3,680.41,17.24,112.1,1365.0583,10.9542,1365.0583,6.2,29,0,1,1.0,1.0,SHELTERED,680.41,25.89,0,A_current_placement,1.0154,29,25-54,FEMALE,0,unimpaired,0,1,1,1
Site 664,sim-20260725-224029-seed42,b6bf2af5d105b742507cc0c22adcd392bc55c717,42,0bc943324ae6,25-123840,OCC,yes,4740,2020-09-10T07:00,4747.0,2020-09-10T07:07,7.0,641.64,600.76,17.2,112.1,1361.075,6.9708,1361.075,6.1333,28,0,0,1.0,1.0,SHELTERED,600.76,40.88,0,A_current_placement,1.3597,28,25-54,FEMALE,0,unimpaired,0,0,0,0
Site 665,sim-20260725-224029-seed42,b6bf2af5d105b742507cc0c22adcd392bc55c717,42,0bc943324ae6,26-129941,OCC,yes,4740,2020-09-10T07:00,4754.0,2020-09-10T07:14,14.0,1442.96,1424.95,17.27,112.1,1368.0458,13.9417,1368.0458,6.25,42,0,0,1.0,1.0,SHELTERED,1424.95,18.01,0,A_current_placement,1.6146,42,25-54,MALE,0,unimpaired,0,0,0,0
Site 666,sim-20260725-224029-seed42,b6bf2af5d105b742507cc0c22adcd392bc55c717,42,0bc943324ae6,25-156639,OCC,yes,4740,2020-09-10T07:00,4755.0,2020-09-10T07:15,15.0,1161.12,1147.49,17.27,112.1,1369.0417,14.9375,1369.0417,6.2667,29,0,0,1.0,1.0,SHELTERED,1147.49,13.64,0,A_current_placement,1.2782,29,25-54,OTHER,0,unimpaired,0,0,0,0
Site 676,sim-20260725-224029-seed42,b6bf2af5d105b742507cc0c22adcd392bc55c717,42,0bc943324ae6,25-201738,OCC,yes,4740,2020-09-10T07:00,4751.0,2020-09-10T07:11,11.0,952.96,951.72,17.24,112.1,1365.0583,10.9542,1365.0583,6.2,53,0,0,1.0,1.0,SHELTERED,951.72,1.25,0,A_current_placement,1.4429,53,25-54,FEMALE,1,ambulant_impaired_no_aid,0,0,0,1
Site 680,sim-20260725-224029-seed42,b6bf2af5d105b742507cc0c22adcd392bc55c717,42,0bc943324ae6,25-102148,OCC,yes,4740,2020-09-10T07:00,4746.0,2020-09-10T07:06,6.0,761.03,709.92,17.19,112.1,1360.0792,5.975,1360.0792,6.1167,35,0,0,1.0,1.0,SHELTERED,709.92,51.12,0,A_current_placement,1.8981,35,25-54,MALE,0,unimpaired,0,0,0,0
Site 682,sim-20260725-224029-seed42,b6bf2af5d105b742507cc0c22adcd392bc55c717,42,0bc943324ae6,26-149804,CJ,yes,4740,2020-09-10T07:00,5844.0,2020-09-11T01:24,1104.0,14065.5,5494.9,53.68,299.55,5228.7292,452.9717,5228.7292,24.4167,52,0,1,1.0,1.0,SHELTERED,14064.26,1.24,0,A_current_placement,1.6987,52,25-54,MALE,0,unimpaired,0,1,1,1
Site 683,sim-20260725-224029-seed42,b6bf2af5d105b742507cc0c22adcd392bc55c717,42,0bc943324ae6,25-221975,OCC,yes,4740,2020-09-10T07:00,4754.0,2020-09-10T07:14,14.0,958.28,937.22,17.27,112.1,1368.0458,13.9417,1368.0458,6.25,44,0,0,1.0,1.0,SHELTERED,937.22,21.05,0,A_current_placement,1.0781,44,25-54,MALE,1,ambulant_impaired_no_aid,0,0,0,1
Site 690,sim-20260725-224029-seed42,b6bf2af5d105b742507cc0c22adcd392bc55c717,42,0bc943324ae6,25-167640,CJ,yes,4740,2020-09-10T07:00,5840.0,2020-09-11T01:20,1100.0,19936.2,11365.57,53.53,299.55,5209.9258,492.3875,5209.9258,24.35,52,1,0,1.0,1.0,SHELTERED,19934.93,1.28,0,A_current_placement,1.7738,52,25-54,MALE,0,unimpaired,1,0,1,1
Site 727,sim-20260725-224029-seed42,b6bf2af5d105b742507cc0c22adcd392bc55c717,42,0bc943324ae6,25-134294,CJ,yes,4740,2020-09-10T07:00,5840.0,2020-09-11T01:20,1100.0,16768.74,8014.0,53.53,299.55,5209.9258,459.1125,5209.9258,24.35,35,1,0,1.0,1.0,SHELTERED,16583.36,185.38,0,A_current_placement,1.7793,35,25-54,MALE,0,unimpaired,1,0,1,1
Site 746,sim-20260725-224029-seed42,b6bf2af5d105b742507cc0c22adcd392bc55c717,42,0bc943324ae6,25-212430,CJ,yes,4740,2020-09-10T07:00,5843.0,2020-09-11T01:23,1103.0,13818.04,5229.15,53.64,299.55,5224.0283,446.2792,5224.0283,24.4,49,0,0,1.0,1.0,SHELTERED,13798.51,19.53,0,A_current_placement,1.7059,49,25-54,MALE,0,unimpaired,0,0,0,0
Site 774,sim-20260725-224029-seed42,b6bf2af5d105b742507cc0c22adcd392bc55c717,42,0bc943324ae6,25-212300,CJ,yes,4740,2020-09-10T07:00,5840.0,2020-09-11T01:20,1100.0,19202.18,10631.5,53.53,299.55,5209.9258,484.6233,5209.9258,24.35,47,0,0,1.0,1.0,SHELTERED,19200.86,1.31,0,A_current_placement,1.7811,47,25-54,MALE,0,unimpaired,0,0,0,0
Site 775,sim-20260725-224029-seed42,b6bf2af5d105b742507cc0c22adcd392bc55c717,42,0bc943324ae6,25-123745,CJ,yes,4740,2020-09-10T07:00,5845.0,2020-09-11T01:25,1105.0,14155.49,5584.83,53.72,299.55,5233.43,459.6642,5233.43,24.4333,51,0,0,1.0,1.0,SHELTERED,14154.19,1.3,0,A_current_placement,1.6633,51,25-54,MALE,0,unimpaired,0,0,0,0
Site 783,sim-20260725-224029-seed42,b6bf2af5d105b742507cc0c22adcd392bc55c717,42,0bc943324ae6,25-201737,OCC,yes,4740,2020-09-10T07:00,4753.0,2020-09-10T07:13,13.0,1030.22,1028.91,17.26,112.1,1367.05,12.9458,1367.05,6.2333,62,0,1,1.0,1.0,SHELTERED,1028.91,1.3,0,A_current_placement,1.2512,62,55-69,MALE,0,unimpaired,0,1,1,1
Site 786,sim-20260725-224029-seed42,b6bf2af5d105b742507cc0c22adcd392bc55c717,42,0bc943324ae6,26-119526,CJ,yes,4740,2020-09-10T07:00,5842.0,2020-09-11T01:22,1102.0,11687.95,3083.1,53.6,299.55,5219.3275,420.6658,5219.3275,24.3833,38,0,0,1.0,1.0,SHELTERED,11652.46,35.49,0,A_current_placement,1.7319,38,25-54,MALE,0,unimpaired,0,0,0,0
Site 797,sim-20260725-224029-seed42,b6bf2af5d105b742507cc0c22adcd392bc55c717,42,0bc943324ae6,25-123684,OCC,yes,4740,2020-09-10T07:00,4754.0,2020-09-10T07:14,14.0,1084.75,1030.83,17.27,112.1,1368.0458,13.9417,1368.0458,6.25,42,0,0,1.0,1.0,SHELTERED,1030.83,53.92,0,A_current_placement,1.2772,42,25-54,MALE,0,unimpaired,0,0,0,0
Site 803,sim-20260725-224029-seed42,b6bf2af5d105b742507cc0c22adcd392bc55c717,42,0bc943324ae6,26-109574,OCC,yes,4740,2020-09-10T07:00,4751.0,2020-09-10T07:11,11.0,1000.51,972.52,17.24,112.1,1365.0583,10.9542,1365.0583,6.2,54,0,0,1.0,1.0,SHELTERED,972.52,27.98,0,A_current_placement,1.4003,54,25-54,MALE,0,unimpaired,0,0,0,0
Site 805,sim-20260725-224029-seed42,b6bf2af5d105b742507cc0c22adcd392bc55c717,42,0bc943324ae6,25-167778,CJ,yes,4740,2020-09-10T07:00,5842.0,2020-09-11T01:22,1102.0,17095.61,8456.31,53.6,299.55,5219.3275,475.1692,5219.3275,24.3833,39,0,0,1.0,1.0,SHELTERED,17025.67,69.94,0,A_current_placement,1.7252,39,25-54,MALE,0,unimpaired,0,0,0,0
Site 806,sim-20260725-224029-seed42,b6bf2af5d105b742507cc0c22adcd392bc55c717,42,0bc943324ae6,25-112600,OCC,yes,4740,2020-09-10T07:00,4748.0,2020-09-10T07:08,8.0,646.01,634.62,17.21,112.1,1362.0708,7.9667,1362.0708,6.15,29,0,0,1.0,1.0,SHELTERED,634.62,11.38,0,A_current_placement,1.2586,29,25-54,MALE,0,unimpaired,0,0,0,0
Site 824,sim-20260725-224029-seed42,b6bf2af5d105b742507cc0c22adcd392bc55c717,42,0bc943324ae6,25-112967,CJ,yes,4740,2020-09-10T07:00,5842.0,2020-09-11T01:22,1102.0,17039.08,8460.55,53.6,299.55,5219.3275,474.06,5219.3275,24.3833,49,0,0,1.0,1.0,SHELTERED,17029.91,9.17,0,A_current_placement,1.723,49,25-54,MALE,0,unimpaired,0,0,0,0
Site 842,sim-20260725-224029-seed42,b6bf2af5d105b742507cc0c22adcd392bc55c717,42,0bc943324ae6,25-221931,CJ,yes,4740,2020-09-10T07:00,5841.0,2020-09-11T01:21,1101.0,21444.03,12846.29,53.57,299.55,5214.6267,516.8583,5214.6267,24.3667,58,0,0,1.0,1.0,SHELTERED,21415.65,28.39,0,A_current_placement,1.748,58,55-69,MALE,1,ambulant_impaired_no_aid,0,0,0,1
Site 847,sim-20260725-224029-seed42,b6bf2af5d105b742507cc0c22adcd392bc55c717,42,0bc943324ae6,25-102217,CJ,yes,4740,2020-09-10T07:00,5843.0,2020-09-11T01:23,1103.0,16516.38,7885.88,53.64,299.55,5224.0283,474.3242,5224.0283,24.4,45,0,0,1.0,1.0,SHELTERED,16455.24,61.14,0,A_current_placement,1.7128,45,25-54,MALE,0,unimpaired,0,0,0,0
Site 850,sim-20260725-224029-seed42,b6bf2af5d105b742507cc0c22adcd392bc55c717,42,0bc943324ae6,26-140279,CJ,yes,4740,2020-09-10T07:00,5845.0,2020-09-11T01:25,1105.0,20087.65,11479.49,53.72,299.55,5233.43,524.765,5233.43,24.4333,50,0,1,1.0,1.0,SHELTERED,20048.85,38.8,0,A_current_placement,1.6792,50,25-54,MALE,0,unimpaired,0,1,1,1
Site 852,sim-20260725-224029-seed42,b6bf2af5d105b742507cc0c22adcd392bc55c717,42,0bc943324ae6,25-112923,OCC,yes,4740,2020-09-10T07:00,4746.0,2020-09-10T07:06,6.0,569.97,555.5,17.19,112.1,1360.0792,5.975,1360.0792,6.1167,33,0,0,1.0,1.0,SHELTERED,555.5,14.48,0,A_current_placement,1.3773,33,25-54,FEMALE,0,unimpaired,0,0,0,0
Site 858,sim-20260725-224029-seed42,b6bf2af5d105b742507cc0c22adcd392bc55c717,42,0bc943324ae6,25-178839,OCC,yes,4740,2020-09-10T07:00,4753.0,2020-09-10T07:13,13.0,1172.99,1147.8,17.26,112.1,1367.05,12.9458,1367.05,6.2333,40,0,0,1.0,1.0,SHELTERED,1147.8,25.19,0,A_current_placement,1.4437,40,25-54,FEMALE,0,unimpaired,0,0,0,0
Site 861,sim-20260725-224029-seed42,b6bf2af5d105b742507cc0c22adcd392bc55c717,42,0bc943324ae6,25-123736,OCC,yes,4740,2020-09-10T07:00,4753.0,2020-09-10T07:13,13.0,1203.54,1189.34,17.26,112.1,1367.05,12.9458,1367.05,6.2333,38,0,0,1.0,1.0,SHELTERED,1189.34,14.19,0,A_current_placement,1.5232,38,25-54,MALE,0,unimpaired,0,0,0,0
Site 865,sim-20260725-224029-seed42,b6bf2af5d105b742507cc0c22adcd392bc55c717,42,0bc943324ae6,25-112587,CJ,yes,4740,2020-09-10T07:00,5842.0,2020-09-11T01:22,1102.0,16830.1,8236.39,53.6,299.55,5219.3275,471.8417,5219.3275,24.3833,52,0,1,1.0,1.0,SHELTERED,16805.75,24.35,0,A_current_placement,1.728,52,25-54,MALE,0,unimpaired,0,1,1,1
Site 867,sim-20260725-224029-seed42,b6bf2af5d105b742507cc0c22adcd392bc55c717,42,0bc943324ae6,25-190504,OCC,yes,4740,2020-09-10T07:00,4755.0,2020-09-10T07:15,15.0,1059.12,1028.38,17.27,112.1,1369.0417,14.9375,1369.0417,6.2667,44,0,0,1.0,1.0,SHELTERED,1028.38,30.74,0,A_current_placement,1.1628,44,25-54,MALE,0,unimpaired,0,0,0,0
Site 870,sim-20260725-224029-seed42,b6bf2af5d105b742507cc0c22adcd392bc55c717,42,0bc943324ae6,26-150000,OCC,yes,4740,2020-09-10T07:00,4753.0,2020-09-10T07:13,13.0,943.53,920.57,17.26,112.1,1367.05,12.9458,1367.05,6.2333,59,0,0,1.0,1.0,SHELTERED,920.57,22.96,0,A_current_placement,1.209,59,55-69,MALE,1,ambulant_impaired_no_aid,0,0,0,1
Site 877,sim-20260725-224029-seed42,b6bf2af5d105b742507cc0c22adcd392bc55c717,42,0bc943324ae6,25-134358,OCC,yes,4740,2020-09-10T07:00,4747.0,2020-09-10T07:07,7.0,530.43,522.39,17.2,112.1,1361.075,6.9708,1361.075,6.1333,65,0,0,1.0,1.0,SHELTERED,522.39,8.04,0,A_current_placement,1.1544,65,55-69,FEMALE,0,unimpaired,0,0,0,1
Site 881,sim-20260725-224029-seed42,b6bf2af5d105b742507cc0c22adcd392bc55c717,42,0bc943324ae6,25-212364,CJ,yes,4740,2020-09-10T07:00,5843.0,2020-09-11T01:23,1103.0,21834.41,13198.0,53.64,299.55,5224.0283,537.565,5224.0283,24.4,27,0,0,1.0,1.0,SHELTERED,21767.36,67.05,0,A_current_placement,1.705,27,25-54,MALE,0,unimpaired,0,0,0,0
Site 889,sim-20260725-224029-seed42,b6bf2af5d105b742507cc0c22adcd392bc55c717,42,0bc943324ae6,25-112673,OCC,yes,4740,2020-09-10T07:00,4748.0,2020-09-10T07:08,8.0,558.44,557.11,17.21,112.1,1362.0708,7.9667,1362.0708,6.15,59,0,0,1.0,1.0,SHELTERED,557.11,1.32,0,A_current_placement,1.1518,59,55-69,MALE,0,unimpaired,0,0,0,1
Site 904,sim-20260725-224029-seed42,b6bf2af5d105b742507cc0c22adcd392bc55c717,42,0bc943324ae6,25-123782,CJ,yes,4740,2020-09-10T07:00,5842.0,2020-09-11T01:22,1102.0,13445.56,4849.9,53.6,299.55,5219.3275,437.595,5219.3275,24.3833,33,0,0,1.0,1.0,SHELTERED,13419.26,26.3,0,A_current_placement,1.7224,33,25-54,MALE,0,unimpaired,0,0,0,0
Site 943,sim-20260725-224029-seed42,b6bf2af5d105b742507cc0c22adcd392bc55c717,42,0bc943324ae6,25-134537,CJ,yes,4740,2020-09-10T07:00,5843.0,2020-09-11T01:23,1103.0,11441.62,2833.99,53.64,299.55,5224.0283,422.3792,5224.0283,24.4,36,0,0,1.0,1.0,SHELTERED,11403.35,38.26,0,A_current_placement,1.7139,36,25-54,MALE,0,unimpaired,0,0,0,0
Site 966,sim-20260725-224029-seed42,b6bf2af5d105b742507cc0c22adcd392bc55c717,42,0bc943324ae6,25-190513,CJ,yes,4740,2020-09-10T07:00,5839.0,2020-09-11T01:19,1099.0,18581.07,10010.43,53.49,299.55,5205.225,472.1583,5205.225,24.3333,36,0,0,1.0,1.0,SHELTERED,18579.79,1.28,0,A_current_placement,1.8034,36,25-54,MALE,0,unimpaired,0,0,0,0
Site 973,sim-20260725-224029-seed42,b6bf2af5d105b742507cc0c22adcd392bc55c717,42,0bc943324ae6,25-221992,OCC,yes,4740,2020-09-10T07:00,4747.0,2020-09-10T07:07,7.0,587.41,553.74,17.2,112.1,1361.075,6.9708,1361.075,6.1333,51,0,0,1.0,1.0,SHELTERED,553.74,33.66,0,A_current_placement,1.232,51,25-54,MALE,0,unimpaired,0,0,0,0
Site 983,sim-20260725-224029-seed42,b6bf2af5d105b742507cc0c22adcd392bc55c717,42,0bc943324ae6,26-130246,OCC,yes,4740,2020-09-10T07:00,4749.0,2020-09-10T07:09,9.0,819.55,790.52,17.22,112.1,1363.0667,8.9625,1363.0667,6.1667,60,0,0,1.0,1.0,SHELTERED,790.52,29.02,0,A_current_placement,1.3984,60,55-69,MALE,0,unimpaired,0,0,0,1
Site 989,sim-20260725-224029-seed42,b6bf2af5d105b742507cc0c22adcd392bc55c717,42,0bc943324ae6,26-119618,OCC,yes,4740,2020-09-10T07:00,4747.0,2020-09-10T07:07,7.0,593.93,555.5,17.2,112.1,1361.075,6.9708,1361.075,6.1333,52,0,0,1.0,1.0,SHELTERED,555.5,38.43,0,A_current_placement,1.3802,52,25-54,FEMALE,0,unimpaired,0,0,0,0
Site 991,sim-20260725-224029-seed42,b6bf2af5d105b742507cc0c22adcd392bc55c717,42,0bc943324ae6,25-212163,OCC,yes,4740,2020-09-10T07:00,4752.0,2020-09-10T07:12,12.0,1219.77,1203.41,17.25,112.1,1366.0542,11.95,1366.0542,6.2167,50,0,0,1.0,1.0,SHELTERED,1203.41,16.36,0,A_current_placement,1.6796,50,25-54,MALE,0,unimpaired,0,0,0,0
Site 1026,sim-20260725-224029-seed42,b6bf2af5d105b742507cc0c22adcd392bc55c717,42,0bc943324ae6,25-102089,CJ,yes,4740,2020-09-10T07:00,5845.0,2020-09-11T01:25,1105.0,16037.96,7449.25,53.72,299.55,5233.43,480.3983,5233.43,24.4333,26,0,0,1.0,1.0,SHELTERED,16018.61,19.35,0,A_current_placement,1.6766,26,25-54,FEMALE,0,unimpaired,0,0,0,0
Site 1029,sim-20260725-224029-seed42,b6bf2af5d105b742507cc0c22adcd392bc55c717,42,0bc943324ae6,26-130246,OCC,yes,4740,2020-09-10T07:00,4748.0,2020-09-10T07:08,8.0,819.55,790.52,17.21,112.1,1362.0708,7.9667,1362.0708,6.15,30,0,0,1.0,1.0,SHELTERED,790.52,29.02,0,A_current_placement,1.7028,30,25-54,FEMALE,0,unimpaired,0,0,0,0
Site 1058,sim-20260725-224029-seed42,b6bf2af5d105b742507cc0c22adcd392bc55c717,42,0bc943324ae6,26-119403,CJ,yes,4740,2020-09-10T07:00,5844.0,2020-09-11T01:24,1104.0,21350.46,12708.56,53.68,299.55,5228.7292,537.4208,5228.7292,24.4167,69,0,1,1.0,1.0,SHELTERED,21277.92,72.54,0,A_current_placement,1.6889,69,55-69,MALE,0,unimpaired,0,1,1,1
Site 1059,sim-20260725-224029-seed42,b6bf2af5d105b742507cc0c22adcd392bc55c717,42,0bc943324ae6,25-102451,CJ,yes,4740,2020-09-10T07:00,5843.0,2020-09-11T01:23,1103.0,15109.04,6502.66,53.64,299.55,5224.0283,458.7958,5224.0283,24.4,53,0,0,1.0,1.0,SHELTERED,15072.02,37.03,0,A_current_placement,1.7064,53,25-54,MALE,0,unimpaired,0,0,0,0
Site 1071,sim-20260725-224029-seed42,b6bf2af5d105b742507cc0c22adcd392bc55c717,42,0bc943324ae6,25-123793,OCC,yes,4740,2020-09-10T07:00,4752.0,2020-09-10T07:12,12.0,1276.84,1266.37,17.25,112.1,1366.0542,11.95,1366.0542,6.2167,45,0,0,1.0,1.0,SHELTERED,1266.37,10.47,0,A_current_placement,1.7456,45,25-54,MALE,0,unimpaired,0,0,0,0
Site 1102,sim-20260725-224029-seed42,b6bf2af5d105b742507cc0c22adcd392bc55c717,42,0bc943324ae6,25-167636,CJ,yes,4740,2020-09-10T07:00,5841.0,2020-09-11T01:21,1101.0,20217.56,11631.25,53.57,299.55,5214.6267,502.6342,5214.6267,24.3667,48,0,0,1.0,1.0,SHELTERED,20200.61,16.95,0,A_current_placement,1.742,48,25-54,MALE,0,unimpaired,0,0,0,0
Site 1106,sim-20260725-224029-seed42,b6bf2af5d105b742507cc0c22adcd392bc55c717,42,0bc943324ae6,25-178896,CJ,yes,4740,2020-09-10T07:00,5838.0,2020-09-11T01:18,1098.0,19257.68,10656.53,53.45,299.55,5200.5242,474.1125,5200.5242,24.3167,47,0,0,1.0,1.0,SHELTERED,19225.89,31.8,0,A_current_placement,1.8155,47,25-54,FEMALE,0,unimpaired,0,0,0,0
Site 1112,sim-20260725-224029-seed42,b6bf2af5d105b742507cc0c22adcd392bc55c717,42,0bc943324ae6,25-212515,CJ,yes,4740,2020-09-10T07:00,5840.0,2020-09-11T01:20,1100.0,19733.5,11162.9,53.53,299.55,5209.9258,491.2783,5209.9258,24.35,43,1,0,1.0,1.0,SHELTERED,19732.26,1.24,0,A_current_placement,1.7644,43,25-54,MALE,0,unimpaired,1,0,1,1
Site 1117,sim-20260725-224029-seed42,b6bf2af5d105b742507cc0c22adcd392bc55c717,42,0bc943324ae6,25-221983,OCC,yes,4740,2020-09-10T07:00,4754.0,2020-09-10T07:14,14.0,1054.92,1030.83,17.27,112.1,1368.0458,13.9417,1368.0458,6.25,30,0,0,1.0,1.0,SHELTERED,1030.83,24.09,0,A_current_placement,1.2502,30,25-54,MALE,1,ambulant_impaired_no_aid,0,0,0,1
Site 1121,sim-20260725-224029-seed42,b6bf2af5d105b742507cc0c22adcd392bc55c717,42,0bc943324ae6,25-221933,CJ,yes,4740,2020-09-10T07:00,5845.0,2020-09-11T01:25,1105.0,11010.37,2390.48,53.72,299.55,5233.43,428.7933,5233.43,24.4333,39,0,0,1.0,1.0,SHELTERED,10959.84,50.53,0,A_current_placement,1.6722,39,25-54,MALE,0,unimpaired,0,0,0,0
Site 1122,sim-20260725-224029-seed42,b6bf2af5d105b742507cc0c22adcd392bc55c717,42,0bc943324ae6,26-109697,OCC,yes,4740,2020-09-10T07:00,4754.0,2020-09-10T07:14,14.0,1408.65,1388.89,17.27,112.1,1368.0458,13.9417,1368.0458,6.25,23,0,0,1.0,1.0,SHELTERED,1388.89,19.75,0,A_current_placement,1.6347,23,18-24,MALE,0,unimpaired,0,0,0,0
Site 1125,sim-20260725-224029-seed42,b6bf2af5d105b742507cc0c22adcd392bc55c717,42,0bc943324ae6,25-123958,OCC,yes,4740,2020-09-10T07:00,4746.0,2020-09-10T07:06,6.0,703.22,672.74,17.19,112.1,1360.0792,5.975,1360.0792,6.1167,37,0,0,1.0,1.0,SHELTERED,672.74,30.47,0,A_current_placement,1.7937,37,25-54,MALE,0,unimpaired,0,0,0,0
Site 1133,sim-20260725-224029-seed42,b6bf2af5d105b742507cc0c22adcd392bc55c717,42,0bc943324ae6,25-167728,CJ,yes,4740,2020-09-10T07:00,5844.0,2020-09-11T01:24,1104.0,20317.79,11710.12,53.68,299.55,5228.7292,521.1733,5228.7292,24.4167,30,0,0,1.0,1.0,SHELTERED,20279.48,38.31,0,A_current_placement,1.697,30,25-54,MALE,0,unimpaired,0,0,0,0
Site 1138,sim-20260725-224029-seed42,b6bf2af5d105b742507cc0c22adcd392bc55c717,42,0bc943324ae6,25-156335,CJ,yes,4740,2020-09-10T07:00,5845.0,2020-09-11T01:25,1105.0,15780.6,7131.51,53.72,299.55,5233.43,477.0708,5233.43,24.4333,21,0,0,1.0,1.0,SHELTERED,15700.87,79.73,0,A_current_placement,1.6773,21,18-24,MALE,0,unimpaired,0,0,0,0
Site 1146,sim-20260725-224029-seed42,b6bf2af5d105b742507cc0c22adcd392bc55c717,42,0bc943324ae6,25-201723,OCC,yes,4740,2020-09-10T07:00,4753.0,2020-09-10T07:13,13.0,1170.59,1147.8,17.26,112.1,1367.05,12.9458,1367.05,6.2333,52,0,0,1.0,1.0,SHELTERED,1147.8,22.79,0,A_current_placement,1.4073,52,25-54,MALE,0,unimpaired,0,0,0,0
Site 1147,sim-20260725-224029-seed42,b6bf2af5d105b742507cc0c22adcd392bc55c717,42,0bc943324ae6,26-140147,CJ,yes,4740,2020-09-10T07:00,5837.0,2020-09-11T01:17,1097.0,12247.99,3652.78,53.41,299.55,5195.8233,400.1492,5195.8233,24.3,45,0,0,1.0,1.0,SHELTERED,12222.14,25.86,0,A_current_placement,1.8363,45,25-54,MALE,0,unimpaired,0,0,0,0
Site 1158,sim-20260725-224029-seed42,b6bf2af5d105b742507cc0c22adcd392bc55c717,42,0bc943324ae6,26-119761,CJ,yes,4740,2020-09-10T07:00,5843.0,2020-09-11T01:23,1103.0,17481.3,8871.91,53.64,299.55,5224.0283,485.4158,5224.0283,24.4,46,0,0,1.0,1.0,SHELTERED,17441.27,40.03,0,A_current_placement,1.7059,46,25-54,MALE,0,unimpaired,0,0,0,0
Site 1170,sim-20260725-224029-seed42,b6bf2af5d105b742507cc0c22adcd392bc55c717,42,0bc943324ae6,25-178776,CJ,yes,4740,2020-09-10T07:00,5842.0,2020-09-11T01:22,1102.0,11020.42,2433.05,53.6,299.55,5219.3275,413.695,5219.3275,24.3833,49,0,0,1.0,1.0,SHELTERED,11002.41,18.01,0,A_current_placement,1.7255,49,25-54,FEMALE,0,unimpaired,0,0,0,0
Site 1175,sim-20260725-224029-seed42,b6bf2af5d105b742507cc0c22adcd392bc55c717,42,0bc943324ae6,25-201641,OCC,yes,4740,2020-09-10T07:00,4754.0,2020-09-10T07:14,14.0,1417.71,1385.2,17.27,112.1,1368.0458,13.9417,1368.0458,6.25,46,0,0,1.0,1.0,SHELTERED,1385.2,32.51,0,A_current_placement,1.633,46,25-54,MALE,0,unimpaired,0,0,0,0
Site 1179,sim-20260725-224029-seed42,b6bf2af5d105b742507cc0c22adcd392bc55c717,42,0bc943324ae6,25-212233,CJ,yes,4740,2020-09-10T07:00,5840.0,2020-09-11T01:20,1100.0,11765.33,3136.56,53.53,299.55,5209.9258,410.2683,5209.9258,24.35,56,0,0,1.0,1.0,SHELTERED,11705.92,59.41,0,A_current_placement,1.7839,56,55-69,MALE,0,unimpaired,0,0,0,1
Site 1192,sim-20260725-224029-seed42,b6bf2af5d105b742507cc0c22adcd392bc55c717,42,0bc943324ae6,25-222107,CJ,yes,4740,2020-09-10T07:00,5845.0,2020-09-11T01:25,1105.0,18709.88,10038.67,53.72,299.55,5233.43,509.2367,5233.43,24.4333,56,0,0,1.0,1.0,SHELTERED,18608.03,101.86,0,A_current_placement,1.677,56,55-69,MALE,0,unimpaired,0,0,0,1
Site 1197,sim-20260725-224029-seed42,b6bf2af5d105b742507cc0c22adcd392bc55c717,42,0bc943324ae6,25-123959,OCC,yes,4740,2020-09-10T07:00,4752.0,2020-09-10T07:12,12.0,1239.23,1193.73,17.25,112.1,1366.0542,11.95,1366.0542,6.2167,57,0,0,1.0,1.0,SHELTERED,1193.73,45.5,0,A_current_placement,1.6054,57,55-69,MALE,0,unimpaired,0,0,0,1
Site 1230,sim-20260725-224029-seed42,b6bf2af5d105b742507cc0c22adcd392bc55c717,42,0bc943324ae6,25-222023,CJ,yes,4740,2020-09-10T07:00,5843.0,2020-09-11T01:23,1103.0,12340.27,3745.84,53.64,299.55,5224.0283,431.3417,5224.0283,24.4,52,1,0,1.0,1.0,SHELTERED,12315.2,25.07,0,A_current_placement,1.7127,52,25-54,MALE,0,unimpaired,1,0,1,1
Site 1232,sim-20260725-224029-seed42,b6bf2af5d105b742507cc0c22adcd392bc55c717,42,0bc943324ae6,25-222259,CJ,yes,4740,2020-09-10T07:00,5830.0,2020-09-11T01:10,1090.0,19886.43,11273.92,53.13,299.55,5162.9175,430.96,5162.9175,24.1833,50,0,0,1.0,1.0,SHELTERED,19843.28,43.16,0,A_current_placement,2.0184,50,25-54,MALE,0,unimpaired,0,0,0,0
Site 1261,sim-20260725-224029-seed42,b6bf2af5d105b742507cc0c22adcd392bc55c717,42,0bc943324ae6,25-212253,OCC,yes,4740,2020-09-10T07:00,4751.0,2020-09-10T07:11,11.0,952.65,951.4,17.24,112.1,1365.0583,10.9542,1365.0583,6.2,21,0,0,1.0,1.0,SHELTERED,951.4,1.25,0,A_current_placement,1.3843,21,18-24,FEMALE,0,unimpaired,0,0,0,0
Site 1297,sim-20260725-224029-seed42,b6bf2af5d105b742507cc0c22adcd392bc55c717,42,0bc943324ae6,25-102480,OCC,yes,4740,2020-09-10T07:00,4752.0,2020-09-10T07:12,12.0,1125.95,1103.61,17.25,112.1,1366.0542,11.95,1366.0542,6.2167,34,0,0,1.0,1.0,SHELTERED,1103.61,22.34,0,A_current_placement,1.5498,34,25-54,MALE,0,unimpaired,0,0,0,0
Site 1299,sim-20260725-224029-seed42,b6bf2af5d105b742507cc0c22adcd392bc55c717,42,0bc943324ae6,25-102209,OCC,yes,4740,2020-09-10T07:00,4754.0,2020-09-10T07:14,14.0,1268.06,1266.79,17.27,112.1,1368.0458,13.9417,1368.0458,6.25,32,0,0,1.0,1.0,SHELTERED,1266.79,1.27,0,A_current_placement,1.5081,32,25-54,MALE,0,unimpaired,0,0,0,0
Site 1330,sim-20260725-224029-seed42,b6bf2af5d105b742507cc0c22adcd392bc55c717,42,0bc943324ae6,25-102513,OCC,yes,4740,2020-09-10T07:00,4752.0,2020-09-10T07:12,12.0,1125.06,1107.63,17.25,112.1,1366.0542,11.95,1366.0542,6.2167,51,0,0,1.0,1.0,SHELTERED,1107.63,17.43,0,A_current_placement,1.4621,51,25-54,FEMALE,0,unimpaired,0,0,0,0
Site 1357,sim-20260725-224029-seed42,b6bf2af5d105b742507cc0c22adcd392bc55c717,42,0bc943324ae6,25-212500,CJ,yes,4740,2020-09-10T07:00,5842.0,2020-09-11T01:22,1102.0,11582.16,2982.34,53.6,299.55,5219.3275,418.6742,5219.3275,24.3833,28,0,0,1.0,1.0,SHELTERED,11551.7,30.46,0,A_current_placement,1.74,28,25-54,MALE,0,unimpaired,0,0,0,0
Site 1375,sim-20260725-224029-seed42,b6bf2af5d105b742507cc0c22adcd392bc55c717,42,0bc943324ae6,25-201658,CJ,yes,4740,2020-09-10T07:00,5843.0,2020-09-11T01:23,1103.0,18294.55,9683.62,53.64,299.55,5224.0283,493.18,5224.0283,24.4,29,1,0,1.0,1.0,SHELTERED,18252.98,41.57,0,A_current_placement,1.7172,29,25-54,MALE,0,unimpaired,1,0,1,1
Site 1382,sim-20260725-224029-seed42,b6bf2af5d105b742507cc0c22adcd392bc55c717,42,0bc943324ae6,26-109601,OCC,yes,4740,2020-09-10T07:00,4747.0,2020-09-10T07:07,7.0,595.16,555.97,17.2,112.1,1361.075,6.9708,1361.075,6.1333,48,0,0,1.0,1.0,SHELTERED,555.97,39.19,0,A_current_placement,1.3714,48,25-54,MALE,0,unimpaired,0,0,0,0
Site 1389,sim-20260725-224029-seed42,b6bf2af5d105b742507cc0c22adcd392bc55c717,42,0bc943324ae6,26-140194,OCC,yes,4740,2020-09-10T07:00,4755.0,2020-09-10T07:15,15.0,1411.25,1392.8,17.27,112.1,1369.0417,14.9375,1369.0417,6.2667,51,0,0,1.0,1.0,SHELTERED,1392.8,18.44,0,A_current_placement,1.5435,51,25-54,FEMALE,0,unimpaired,0,0,0,0
Site 1390,sim-20260725-224029-seed42,b6bf2af5d105b742507cc0c22adcd392bc55c717,42,0bc943324ae6,25-190561,OCC,yes,4740,2020-09-10T07:00,4755.0,2020-09-10T07:15,15.0,1300.33,1265.28,17.27,112.1,1369.0417,14.9375,1369.0417,6.2667,34,0,0,1.0,1.0,SHELTERED,1265.28,35.05,0,A_current_placement,1.3807,34,25-54,FEMALE,0,unimpaired,0,0,0,0
Site 1396,sim-20260725-224029-seed42,b6bf2af5d105b742507cc0c22adcd392bc55c717,42,0bc943324ae6,25-167634,CJ,yes,4740,2020-09-10T07:00,5839.0,2020-09-11T01:19,1099.0,17640.05,9069.4,53.49,299.55,5205.225,463.285,5205.225,24.3333,56,0,0,1.0,1.0,SHELTERED,17638.76,1.3,0,A_current_placement,1.794,56,55-69,MALE,0,unimpaired,0,0,0,1
Site 1400,sim-20260725-224029-seed42,b6bf2af5d105b742507cc0c22adcd392bc55c717,42,0bc943324ae6,25-145010,CJ,yes,4740,2020-09-10T07:00,5841.0,2020-09-11T01:21,1101.0,11043.53,2472.91,53.57,299.55,5214.6267,408.9942,5214.6267,24.3667,47,0,0,1.0,1.0,SHELTERED,11042.27,1.26,0,A_current_placement,1.7438,47,25-54,MALE,0,unimpaired,0,0,0,0
Site 1401,sim-20260725-224029-seed42,b6bf2af5d105b742507cc0c22adcd392bc55c717,42,0bc943324ae6,25-167856,CJ,yes,4740,2020-09-10T07:00,5845.0,2020-09-11T01:25,1105.0,12213.68,3621.02,53.72,299.55,5233.43,440.7433,5233.43,24.4333,41,0,0,1.0,1.0,SHELTERED,12190.38,23.29,0,A_current_placement,1.6732,41,25-54,MALE,0,unimpaired,0,0,0,0
Site 1404,sim-20260725-224029-seed42,b6bf2af5d105b742507cc0c22adcd392bc55c717,42,0bc943324ae6,26-119634,OCC,yes,4740,2020-09-10T07:00,4755.0,2020-09-10T07:15,15.0,1258.13,1241.62,17.27,112.1,1369.0417,14.9375,1369.0417,6.2667,40,0,0,1.0,1.0,SHELTERED,1241.62,16.51,0,A_current_placement,1.3322,40,25-54,MALE,0,unimpaired,0,0,0,0
Site 1418,sim-20260725-224029-seed42,b6bf2af5d105b742507cc0c22adcd392bc55c717,42,0bc943324ae6,25-167777,CJ,yes,4740,2020-09-10T07:00,5840.0,2020-09-11T01:20,1100.0,21288.22,12717.57,53.53,299.55,5209.9258,507.3125,5209.9258,24.35,57,1,0,1.0,1.0,SHELTERED,21286.93,1.28,0,A_current_placement,1.7769,57,55-69,MALE,0,unimpaired,1,0,1,1
Site 1439,sim-20260725-224029-seed42,b6bf2af5d105b742507cc0c22adcd392bc55c717,42,0bc943324ae6,25-178717,OCC,yes,4740,2020-09-10T07:00,4752.0,2020-09-10T07:12,12.0,1205.0,1186.97,17.25,112.1,1366.0542,11.95,1366.0542,6.2167,51,0,0,1.0,1.0,SHELTERED,1186.97,18.03,0,A_current_placement,1.5528,51,25-54,MALE,0,unimpaired,0,0,0,0
Site 1457,sim-20260725-224029-seed42,b6bf2af5d105b742507cc0c22adcd392bc55c717,42,0bc943324ae6,25-112923,OCC,yes,4740,2020-09-10T07:00,4746.0,2020-09-10T07:06,6.0,569.97,555.5,17.19,112.1,1360.0792,5.975,1360.0792,6.1167,41,0,0,1.0,1.0,SHELTERED,555.5,14.48,0,A_current_placement,1.4427,41,25-54,MALE,0,unimpaired,0,0,0,0
Site 1470,sim-20260725-224029-seed42,b6bf2af5d105b742507cc0c22adcd392bc55c717,42,0bc943324ae6,25-102162,CJ,yes,4740,2020-09-10T07:00,5844.0,2020-09-11T01:24,1104.0,14508.94,5918.59,53.68,299.55,5228.7292,457.9508,5228.7292,24.4167,46,1,0,1.0,1.0,SHELTERED,14487.95,20.99,0,A_current_placement,1.6869,46,25-54,FEMALE,0,unimpaired,1,0,1,1
Site 1474,sim-20260725-224029-seed42,b6bf2af5d105b742507cc0c22adcd392bc55c717,42,0bc943324ae6,25-123744,CJ,yes,4740,2020-09-10T07:00,5844.0,2020-09-11T01:24,1104.0,12729.88,4137.74,53.68,299.55,5228.7292,440.0258,5228.7292,24.4167,38,0,0,1.0,1.0,SHELTERED,12707.1,22.78,0,A_current_placement,1.6945,38,25-54,MALE,0,unimpaired,0,0,0,0
Site 1476,sim-20260725-224029-seed42,b6bf2af5d105b742507cc0c22adcd392bc55c717,42,0bc943324ae6,25-102070,CJ,yes,4740,2020-09-10T07:00,5841.0,2020-09-11T01:21,1101.0,20834.39,12242.81,53.57,299.55,5214.6267,509.2892,5214.6267,24.3667,34,0,0,1.0,1.0,SHELTERED,20812.17,22.21,0,A_current_placement,1.7419,34,25-54,MALE,0,unimpaired,0,0,0,0
Site 1484,sim-20260725-224029-seed42,b6bf2af5d105b742507cc0c22adcd392bc55c717,42,0bc943324ae6,25-167622,OCC,yes,4740,2020-09-10T07:00,4754.0,2020-09-10T07:14,14.0,1276.27,1239.64,17.27,112.1,1368.0458,13.9417,1368.0458,6.25,45,0,0,1.0,1.0,SHELTERED,1239.64,36.64,0,A_current_placement,1.436,45,25-54,FEMALE,0,unimpaired,0,0,0,0
Site 1500,sim-20260725-224029-seed42,b6bf2af5d105b742507cc0c22adcd392bc55c717,42,0bc943324ae6,25-145300,OCC,yes,4740,2020-09-10T07:00,4748.0,2020-09-10T07:08,8.0,622.83,596.97,17.21,112.1,1362.0708,7.9667,1362.0708,6.15,59,0,0,1.0,1.0,SHELTERED,596.97,25.87,0,A_current_placement,1.2764,59,55-69,MALE,0,unimpaired,0,0,0,1
Site 1534,sim-20260725-224029-seed42,b6bf2af5d105b742507cc0c22adcd392bc55c717,42,0bc943324ae6,25-156057,OCC,yes,4740,2020-09-10T07:00,4751.0,2020-09-10T07:11,11.0,1052.46,1028.38,17.24,112.1,1365.0583,10.9542,1365.0583,6.2,30,0,0,1.0,1.0,SHELTERED,1028.38,24.08,0,A_current_placement,1.4864,30,25-54,MALE,0,unimpaired,0,0,0,0
Site 1538,sim-20260725-224029-seed42,b6bf2af5d105b742507cc0c22adcd392bc55c717,42,0bc943324ae6,26-109714,CJ,yes,4740,2020-09-10T07:00,5837.0,2020-09-11T01:17,1097.0,14149.5,5517.15,53.41,299.55,5195.8233,417.0783,5195.8233,24.3,32,0,0,1.0,1.0,SHELTERED,14086.51,62.99,0,A_current_placement,1.8361,32,25-54,MALE,0,unimpaired,0,0,0,0
Site 1552,sim-20260725-224029-seed42,b6bf2af5d105b742507cc0c22adcd392bc55c717,42,0bc943324ae6,25-134690,CJ,yes,4740,2020-09-10T07:00,5841.0,2020-09-11T01:21,1101.0,11303.1,2728.72,53.57,299.55,5214.6267,410.9858,5214.6267,24.3667,27,0,0,1.0,1.0,SHELTERED,11298.08,5.02,0,A_current_placement,1.7594,27,25-54,MALE,0,unimpaired,0,0,0,0
Site 1578,sim-20260725-224029-seed42,b6bf2af5d105b742507cc0c22adcd392bc55c717,42,0bc943324ae6,25-190524,CJ,yes,4740,2020-09-10T07:00,5841.0,2020-09-11T01:21,1101.0,11173.0,2568.84,53.57,299.55,5214.6267,409.99,5214.6267,24.3667,46,0,1,1.0,1.0,SHELTERED,11138.2,34.81,0,A_current_placement,1.7586,46,25-54,FEMALE,0,unimpaired,0,1,1,1
Site 1592,sim-20260725-224029-seed42,b6bf2af5d105b742507cc0c22adcd392bc55c717,42,0bc943324ae6,26-130216,OCC,yes,4740,2020-09-10T07:00,4755.0,2020-09-10T07:15,15.0,1511.15,1497.66,17.27,112.1,1369.0417,14.9375,1369.0417,6.2667,50,0,0,1.0,1.0,SHELTERED,1497.66,13.49,0,A_current_placement,1.5929,50,25-54,MALE,1,ambulant_impaired_no_aid,0,0,0,1
Site 1593,sim-20260725-224029-seed42,b6bf2af5d105b742507cc0c22adcd392bc55c717,42,0bc943324ae6,25-156535,CJ,yes,4740,2020-09-10T07:00,5832.0,2020-09-11T01:12,1092.0,12530.16,3949.39,53.21,299.55,5172.3192,376.645,5172.3192,24.2167,50,0,0,1.0,1.0,SHELTERED,12518.75,11.4,0,A_current_placement,1.9571,50,25-54,MALE,0,unimpaired,0,0,0,0
Site 1599,sim-20260725-224029-seed42,b6bf2af5d105b742507cc0c22adcd392bc55c717,42,0bc943324ae6,25-145506,OCC,yes,4740,2020-09-10T07:00,4751.0,2020-09-10T07:11,11.0,1063.36,1028.91,17.24,112.1,1365.0583,10.9542,1365.0583,6.2,33,1,0,1.0,1.0,SHELTERED,1028.91,34.44,0,A_current_placement,1.5102,33,25-54,FEMALE,0,unimpaired,1,0,1,1
Site 1626,sim-20260725-224029-seed42,b6bf2af5d105b742507cc0c22adcd392bc55c717,42,0bc943324ae6,26-129834,OCC,yes,4740,2020-09-10T07:00,4751.0,2020-09-10T07:11,11.0,962.48,940.25,17.24,112.1,1365.0583,10.9542,1365.0583,6.2,50,0,0,1.0,1.0,SHELTERED,940.25,22.23,0,A_current_placement,1.3471,50,25-54,MALE,0,unimpaired,0,0,0,0
Site 1645,sim-20260725-224029-seed42,b6bf2af5d105b742507cc0c22adcd392bc55c717,42,0bc943324ae6,25-145099,CJ,yes,4740,2020-09-10T07:00,5844.0,2020-09-11T01:24,1104.0,17763.74,9193.09,53.68,299.55,5228.7292,493.4442,5228.7292,24.4167,30,0,0,1.0,1.0,SHELTERED,17762.45,1.28,0,A_current_placement,1.6949,30,25-54,MALE,0,unimpaired,0,0,0,0
Site 1654,sim-20260725-224029-seed42,b6bf2af5d105b742507cc0c22adcd392bc55c717,42,0bc943324ae6,25-145506,OCC,yes,4740,2020-09-10T07:00,4753.0,2020-09-10T07:13,13.0,1063.36,1028.91,17.26,112.1,1367.05,12.9458,1367.05,6.2333,36,0,0,1.0,1.0,SHELTERED,1028.91,34.44,0,A_current_placement,1.3322,36,25-54,MALE,0,unimpaired,0,0,0,0
Site 1681,sim-20260725-224029-seed42,b6bf2af5d105b742507cc0c22adcd392bc55c717,42,0bc943324ae6,25-145000,OCC,yes,4740,2020-09-10T07:00,4747.0,2020-09-10T07:07,7.0,714.91,608.73,17.2,112.1,1361.075,6.9708,1361.075,6.1333,30,0,0,1.0,1.0,SHELTERED,608.73,106.19,0,A_current_placement,1.5387,30,25-54,MALE,1,ambulant_impaired_no_aid,0,0,0,1
Site 1694,sim-20260725-224029-seed42,b6bf2af5d105b742507cc0c22adcd392bc55c717,42,0bc943324ae6,25-112636,CJ,yes,4740,2020-09-10T07:00,5844.0,2020-09-11T01:24,1104.0,19936.2,11365.57,53.68,299.55,5228.7292,516.7367,5228.7292,24.4167,54,0,0,1.0,1.0,SHELTERED,19934.93,1.28,0,A_current_placement,1.6978,54,25-54,MALE,0,unimpaired,0,0,0,0
Site 1698,sim-20260725-224029-seed42,b6bf2af5d105b742507cc0c22adcd392bc55c717,42,0bc943324ae6,26-149639,OCC,yes,4740,2020-09-10T07:00,4752.0,2020-09-10T07:12,12.0,906.79,872.32,17.25,112.1,1366.0542,11.95,1366.0542,6.2167,31,0,1,1.0,1.0,SHELTERED,872.32,34.47,0,A_current_placement,1.234,31,25-54,MALE,0,unimpaired,0,1,1,1
Site 1700,sim-20260725-224029-seed42,b6bf2af5d105b742507cc0c22adcd392bc55c717,42,0bc943324ae6,25-102519,OCC,yes,4740,2020-09-10T07:00,4748.0,2020-09-10T07:08,8.0,634.26,633.0,17.21,112.1,1362.0708,7.9667,1362.0708,6.15,45,0,0,1.0,1.0,SHELTERED,633.0,1.26,0,A_current_placement,1.2031,45,25-54,FEMALE,0,unimpaired,0,0,0,0
Site 1701,sim-20260725-224029-seed42,b6bf2af5d105b742507cc0c22adcd392bc55c717,42,0bc943324ae6,26-119740,CJ,yes,4740,2020-09-10T07:00,5833.0,2020-09-11T01:13,1093.0,18023.89,9423.81,53.25,299.55,5177.02,431.7525,5177.02,24.2333,53,0,0,1.0,1.0,SHELTERED,17993.17,30.72,0,A_current_placement,1.9346,53,25-54,MALE,0,unimpaired,0,0,0,0
Site 1702,sim-20260725-224029-seed42,b6bf2af5d105b742507cc0c22adcd392bc55c717,42,0bc943324ae6,26-130161,CJ,yes,4740,2020-09-10T07:00,5845.0,2020-09-11T01:25,1105.0,13576.68,4899.12,53.72,299.55,5233.43,454.685,5233.43,24.4333,24,0,0,1.0,1.0,SHELTERED,13468.48,108.19,0,A_current_placement,1.6625,24,18-24,MALE,0,unimpaired,0,0,0,0
Site 1707,sim-20260725-224029-seed42,b6bf2af5d105b742507cc0c22adcd392bc55c717,42,0bc943324ae6,25-112786,CJ,yes,4740,2020-09-10T07:00,5841.0,2020-09-11T01:21,1101.0,21502.66,12720.28,53.57,299.55,5214.6267,518.4733,5214.6267,24.3667,54,0,0,1.0,1.0,SHELTERED,21289.64,213.02,0,A_current_placement,1.7466,54,25-54,MALE,0,unimpaired,0,0,0,0
Site 1716,sim-20260725-224029-seed42,b6bf2af5d105b742507cc0c22adcd392bc55c717,42,0bc943324ae6,25-112711,OCC,yes,4740,2020-09-10T07:00,4754.0,2020-09-10T07:14,14.0,978.06,948.64,17.27,112.1,1368.0458,13.9417,1368.0458,6.25,59,0,1,1.0,1.0,SHELTERED,948.64,29.42,0,A_current_placement,1.1593,59,55-69,MALE,0,unimpaired,0,1,1,1
Site 1720,sim-20260725-224029-seed42,b6bf2af5d105b742507cc0c22adcd392bc55c717,42,0bc943324ae6,25-123734,OCC,yes,4740,2020-09-10T07:00,4746.0,2020-09-10T07:06,6.0,502.86,473.79,17.19,112.1,1360.0792,5.975,1360.0792,6.1167,50,0,0,1.0,1.0,SHELTERED,473.79,29.07,0,A_current_placement,1.2783,50,25-54,MALE,0,unimpaired,0,0,0,0
Site 1732,sim-20260725-224029-seed42,b6bf2af5d105b742507cc0c22adcd392bc55c717,42,0bc943324ae6,25-112604,OCC,yes,4740,2020-09-10T07:00,4750.0,2020-09-10T07:10,10.0,636.68,635.39,17.23,112.1,1364.0625,9.9583,1364.0625,6.1833,35,0,0,1.0,1.0,SHELTERED,635.39,1.29,0,A_current_placement,0.9794,35,25-54,MALE,1,ambulant_impaired_no_aid,0,0,0,1
Site 1736,sim-20260725-224029-seed42,b6bf2af5d105b742507cc0c22adcd392bc55c717,42,0bc943324ae6,26-109621,OCC,yes,4740,2020-09-10T07:00,4750.0,2020-09-10T07:10,10.0,961.85,940.25,17.23,112.1,1364.0625,9.9583,1364.0625,6.1833,44,0,0,1.0,1.0,SHELTERED,940.25,21.59,0,A_current_placement,1.5664,44,25-54,MALE,0,unimpaired,0,0,0,0
Site 1741,sim-20260725-224029-seed42,b6bf2af5d105b742507cc0c22adcd392bc55c717,42,0bc943324ae6,25-156642,OCC,yes,4740,2020-09-10T07:00,4751.0,2020-09-10T07:11,11.0,988.46,951.7,17.24,112.1,1365.0583,10.9542,1365.0583,6.2,43,0,0,1.0,1.0,SHELTERED,951.7,36.76,0,A_current_placement,1.437,43,25-54,MALE,0,unimpaired,0,0,0,0
Site 1746,sim-20260725-224029-seed42,b6bf2af5d105b742507cc0c22adcd392bc55c717,42,0bc943324ae6,25-102217,CJ,yes,4740,2020-09-10T07:00,5843.0,2020-09-11T01:23,1103.0,16516.38,7885.88,53.64,299.55,5224.0283,474.3242,5224.0283,24.4,35,0,0,1.0,1.0,SHELTERED,16455.24,61.14,0,A_current_placement,1.717,35,25-54,MALE,0,unimpaired,0,0,0,0
Site 1747,sim-20260725-224029-seed42,b6bf2af5d105b742507cc0c22adcd392bc55c717,42,0bc943324ae6,26-130154,OCC,yes,4740,2020-09-10T07:00,4754.0,2020-09-10T07:14,14.0,1221.26,1187.08,17.27,112.1,1368.0458,13.9417,1368.0458,6.25,39,0,0,1.0,1.0,SHELTERED,1187.08,34.17,0,A_current_placement,1.3867,39,25-54,FEMALE,0,unimpaired,0,0,0,0
Site 1752,sim-20260725-224029-seed42,b6bf2af5d105b742507cc0c22adcd392bc55c717,42,0bc943324ae6,25-123792,OCC,yes,4740,2020-09-10T07:00,4747.0,2020-09-10T07:07,7.0,593.22,556.18,17.2,112.1,1361.075,6.9708,1361.075,6.1333,54,1,0,1.0,1.0,SHELTERED,556.18,37.04,0,A_current_placement,1.3226,54,25-54,MALE,0,unimpaired,1,0,1,1
Site 1755,sim-20260725-224029-seed42,b6bf2af5d105b742507cc0c22adcd392bc55c717,42,0bc943324ae6,25-123793,OCC,yes,4740,2020-09-10T07:00,4755.0,2020-09-10T07:15,15.0,1276.84,1266.37,17.27,112.1,1369.0417,14.9375,1369.0417,6.2667,71,0,0,1.0,1.0,SHELTERED,1266.37,10.47,0,A_current_placement,1.3572,71,70+,MALE,0,unimpaired,0,0,0,1
Site 1775,sim-20260725-224029-seed42,b6bf2af5d105b742507cc0c22adcd392bc55c717,42,0bc943324ae6,25-145250,CJ,yes,4740,2020-09-10T07:00,5836.0,2020-09-11T01:16,1096.0,23757.04,15151.23,53.37,299.55,5191.1225,514.3492,5191.1225,24.2833,40,1,0,1.0,1.0,SHELTERED,23720.59,36.45,0,A_current_placement,1.8733,40,25-54,MALE,0,unimpaired,1,0,1,1
Site 1798,sim-20260725-224029-seed42,b6bf2af5d105b742507cc0c22adcd392bc55c717,42,0bc943324ae6,26-109516,CJ,yes,4740,2020-09-10T07:00,5842.0,2020-09-11T01:22,1102.0,20824.29,12193.78,53.6,299.55,5219.3275,513.99,5219.3275,24.3833,44,0,1,1.0,1.0,SHELTERED,20763.14,61.15,0,A_current_placement,1.7311,44,25-54,MALE,0,unimpaired,0,1,1,1
Site 1811,sim-20260725-224029-seed42,b6bf2af5d105b742507cc0c22adcd392bc55c717,42,0bc943324ae6,25-212115,OCC,yes,4740,2020-09-10T07:00,4753.0,2020-09-10T07:13,13.0,1108.68,1103.61,17.26,112.1,1367.05,12.9458,1367.05,6.2333,31,1,0,1.0,1.0,SHELTERED,1103.61,5.07,0,A_current_placement,1.321,31,25-54,MALE,0,unimpaired,1,0,1,1
Site 1853,sim-20260725-224029-seed42,b6bf2af5d105b742507cc0c22adcd392bc55c717,42,0bc943324ae6,26-129897,OCC,yes,4740,2020-09-10T07:00,4754.0,2020-09-10T07:14,14.0,1470.58,1444.54,17.27,112.1,1368.0458,13.9417,1368.0458,6.25,41,0,0,1.0,1.0,SHELTERED,1444.54,26.03,0,A_current_placement,1.6457,41,25-54,MALE,0,unimpaired,0,0,0,0
Site 1863,sim-20260725-224029-seed42,b6bf2af5d105b742507cc0c22adcd392bc55c717,42,0bc943324ae6,25-221992,OCC,yes,4740,2020-09-10T07:00,4749.0,2020-09-10T07:09,9.0,587.41,553.74,17.22,112.1,1363.0667,8.9625,1363.0667,6.1667,50,0,0,1.0,1.0,SHELTERED,553.74,33.66,0,A_current_placement,1.0464,50,25-54,MALE,0,unimpaired,0,0,0,0
Site 1885,sim-20260725-224029-seed42,b6bf2af5d105b742507cc0c22adcd392bc55c717,42,0bc943324ae6,25-201208,OCC,yes,4740,2020-09-10T07:00,4752.0,2020-09-10T07:12,12.0,1267.29,1193.73,17.25,112.1,1366.0542,11.95,1366.0542,6.2167,42,1,0,1.0,1.0,SHELTERED,1193.73,73.56,0,A_current_placement,1.7045,42,25-54,MALE,0,unimpaired,1,0,1,1
Site 1900,sim-20260725-224029-seed42,b6bf2af5d105b742507cc0c22adcd392bc55c717,42,0bc943324ae6,25-190737,CJ,yes,4740,2020-09-10T07:00,5840.0,2020-09-11T01:20,1100.0,15558.94,6969.62,53.53,299.55,5209.9258,446.9117,5209.9258,24.35,30,1,0,1.0,1.0,SHELTERED,15538.98,19.96,0,A_current_placement,1.782,30,25-54,FEMALE,0,unimpaired,1,0,1,1
Site 1901,sim-20260725-224029-seed42,b6bf2af5d105b742507cc0c22adcd392bc55c717,42,0bc943324ae6,26-149838,OCC,yes,4740,2020-09-10T07:00,4752.0,2020-09-10T07:12,12.0,1055.77,990.47,17.25,112.1,1366.0542,11.95,1366.0542,6.2167,75,0,0,1.0,1.0,SHELTERED,990.47,65.3,0,A_current_placement,1.3646,75,70+,FEMALE,0,unimpaired,0,0,0,1
Site 1914,sim-20260725-224029-seed42,b6bf2af5d105b742507cc0c22adcd392bc55c717,42,0bc943324ae6,25-190456,CJ,yes,4740,2020-09-10T07:00,5844.0,2020-09-11T01:24,1104.0,16222.43,7651.8,53.68,299.55,5228.7292,476.8067,5228.7292,24.4167,43,0,0,1.0,1.0,SHELTERED,16221.16,1.28,0,A_current_placement,1.6843,43,25-54,MALE,0,unimpaired,0,0,0,0
Site 1921,sim-20260725-224029-seed42,b6bf2af5d105b742507cc0c22adcd392bc55c717,42,0bc943324ae6,25-212520,CJ,yes,4740,2020-09-10T07:00,5842.0,2020-09-11T01:22,1102.0,15500.75,6915.43,53.6,299.55,5219.3275,457.4225,5219.3275,24.3833,54,0,0,1.0,1.0,SHELTERED,15484.79,15.96,0,A_current_placement,1.7252,54,25-54,MALE,0,unimpaired,0,0,0,0
Site 1927,sim-20260725-224029-seed42,b6bf2af5d105b742507cc0c22adcd392bc55c717,42,0bc943324ae6,26-109490,OCC,yes,4740,2020-09-10T07:00,4755.0,2020-09-10T07:15,15.0,1648.64,1609.4,17.27,112.1,1369.0417,14.9375,1369.0417,6.2667,54,0,1,1.0,1.0,SHELTERED,1609.4,39.24,0,A_current_placement,1.7174,54,25-54,MALE,0,unimpaired,0,1,1,1
Site 1938,sim-20260725-224029-seed42,b6bf2af5d105b742507cc0c22adcd392bc55c717,42,0bc943324ae6,25-156128,CJ,yes,4740,2020-09-10T07:00,5838.0,2020-09-11T01:18,1098.0,19478.75,10885.3,53.45,299.55,5200.5242,476.3308,5200.5242,24.3167,58,1,0,1.0,1.0,SHELTERED,19454.66,24.09,0,A_current_placement,1.8087,58,55-69,MALE,0,unimpaired,1,0,1,1
Site 1947,sim-20260725-224029-seed42,b6bf2af5d105b742507cc0c22adcd392bc55c717,42,0bc943324ae6,25-212301,CJ,yes,4740,2020-09-10T07:00,5842.0,2020-09-11T01:22,1102.0,19007.41,10402.83,53.6,299.55,5219.3275,495.1342,5219.3275,24.3833,42,1,0,1.0,1.0,SHELTERED,18972.19,35.22,0,A_current_placement,1.7296,42,25-54,MALE,0,unimpaired,1,0,1,1
Site 1948,sim-20260725-224029-seed42,b6bf2af5d105b742507cc0c22adcd392bc55c717,42,0bc943324ae6,25-178954,OCC,yes,4740,2020-09-10T07:00,4753.0,2020-09-10T07:13,13.0,1068.53,1036.81,17.26,112.1,1367.05,12.9458,1367.05,6.2333,49,0,0,1.0,1.0,SHELTERED,1036.81,31.71,0,A_current_placement,1.2734,49,25-54,MALE,0,unimpaired,0,0,0,0
Site 1950,sim-20260725-224029-seed42,b6bf2af5d105b742507cc0c22adcd392bc55c717,42,0bc943324ae6,25-156352,CJ,yes,4740,2020-09-10T07:00,5843.0,2020-09-11T01:23,1103.0,11165.81,2595.17,53.64,299.55,5224.0283,420.3875,5224.0283,24.4,48,1,1,1.0,1.0,SHELTERED,11164.53,1.28,0,A_current_placement,1.7145,48,25-54,MALE,0,unimpaired,1,1,1,1
Site 1951,sim-20260725-224029-seed42,b6bf2af5d105b742507cc0c22adcd392bc55c717,42,0bc943324ae6,25-102480,OCC,yes,4740,2020-09-10T07:00,4755.0,2020-09-10T07:15,15.0,1125.95,1103.61,17.27,112.1,1369.0417,14.9375,1369.0417,6.2667,47,0,0,1.0,1.0,SHELTERED,1103.61,22.34,0,A_current_placement,1.2484,47,25-54,MALE,0,unimpaired,0,0,0,0
Site 1963,sim-20260725-224029-seed42,b6bf2af5d105b742507cc0c22adcd392bc55c717,42,0bc943324ae6,25-156603,OCC,yes,4740,2020-09-10T07:00,4743.0,2020-09-10T07:03,3.0,292.18,232.45,17.17,112.1,1357.0917,2.9875,1357.0917,6.0667,53,0,0,1.0,1.0,SHELTERED,232.45,59.72,0,A_current_placement,1.2994,53,25-54,MALE,0,unimpaired,0,0,0,0
Site 1964,sim-20260725-224029-seed42,b6bf2af5d105b742507cc0c22adcd392bc55c717,42,0bc943324ae6,26-149669,CJ,yes,4740,2020-09-10T07:00,5841.0,2020-09-11T01:21,1101.0,12314.99,3709.32,53.57,299.55,5214.6267,420.9442,5214.6267,24.3667,39,1,0,1.0,1.0,SHELTERED,12278.68,36.32,0,A_current_placement,1.7623,39,25-54,MALE,0,unimpaired,1,0,1,1
Site 1966,sim-20260725-224029-seed42,b6bf2af5d105b742507cc0c22adcd392bc55c717,42,0bc943324ae6,26-109609,OCC,yes,4740,2020-09-10T07:00,4753.0,2020-09-10T07:13,13.0,1028.9,1027.65,17.26,112.1,1367.05,12.9458,1367.05,6.2333,24,0,0,1.0,1.0,SHELTERED,1027.65,1.24,0,A_current_placement,1.2556,24,18-24,FEMALE,0,unimpaired,0,0,0,0
Site 1972,sim-20260725-224029-seed42,b6bf2af5d105b742507cc0c22adcd392bc55c717,42,0bc943324ae6,25-222224,CJ,yes,4740,2020-09-10T07:00,5844.0,2020-09-11T01:24,1104.0,22763.84,14146.35,53.68,299.55,5228.7292,560.0308,5228.7292,24.4167,49,0,0,1.0,1.0,SHELTERED,22715.71,48.14,0,A_current_placement,1.6839,49,25-54,FEMALE,0,unimpaired,0,0,0,0
Site 1983,sim-20260725-224029-seed42,b6bf2af5d105b742507cc0c22adcd392bc55c717,42,0bc943324ae6,25-156690,OCC,yes,4740,2020-09-10T07:00,4745.0,2020-09-10T07:05,5.0,407.36,396.86,17.19,112.1,1359.0833,4.9792,1359.0833,6.1,69,0,0,1.0,1.0,SHELTERED,396.86,10.5,0,A_current_placement,1.3358,69,55-69,MALE,0,unimpaired,0,0,0,1
Site 1995,sim-20260725-224029-seed42,b6bf2af5d105b742507cc0c22adcd392bc55c717,42,0bc943324ae6,25-212111,CJ,yes,4740,2020-09-10T07:00,5844.0,2020-09-11T01:24,1104.0,20213.02,11639.19,53.68,299.55,5228.7292,521.1733,5228.7292,24.4167,44,0,1,1.0,1.0,SHELTERED,20208.55,4.47,0,A_current_placement,1.684,44,25-54,MALE,0,unimpaired,0,1,1,1
Site 1997,sim-20260725-224029-seed42,b6bf2af5d105b742507cc0c22adcd392bc55c717,42,0bc943324ae6,26-109338,CJ,yes,4740,2020-09-10T07:00,5840.0,2020-09-11T01:20,1100.0,23468.42,14814.45,53.53,299.55,5209.9258,539.6125,5209.9258,24.35,33,0,0,1.0,1.0,SHELTERED,23383.81,84.62,0,A_current_placement,1.7742,33,25-54,MALE,0,unimpaired,0,0,0,0
Site 2017,sim-20260725-224029-seed42,b6bf2af5d105b742507cc0c22adcd392bc55c717,42,0bc943324ae6,26-129948,CJ,yes,4740,2020-09-10T07:00,5845.0,2020-09-11T01:25,1105.0,18264.74,9657.95,53.72,299.55,5233.43,504.8,5233.43,24.4333,41,0,0,1.0,1.0,SHELTERED,18227.31,37.42,0,A_current_placement,1.6768,41,25-54,MALE,0,unimpaired,0,0,0,0
Site 2024,sim-20260725-224029-seed42,b6bf2af5d105b742507cc0c22adcd392bc55c717,42,0bc943324ae6,25-201614,OCC,yes,4740,2020-09-10T07:00,4754.0,2020-09-10T07:14,14.0,1442.85,1426.88,17.27,112.1,1368.0458,13.9417,1368.0458,6.25,20,0,0,1.0,1.0,SHELTERED,1426.88,15.97,0,A_current_placement,1.7043,20,18-24,FEMALE,0,unimpaired,0,0,0,0
Site 2029,sim-20260725-224029-seed42,b6bf2af5d105b742507cc0c22adcd392bc55c717,42,0bc943324ae6,26-119616,CJ,yes,4740,2020-09-10T07:00,5838.0,2020-09-11T01:18,1098.0,21005.86,12435.2,53.45,299.55,5200.5242,490.75,5200.5242,24.3167,64,1,0,1.0,1.0,SHELTERED,21004.56,1.3,0,A_current_placement,1.8231,64,55-69,MALE,1,ambulant_impaired_no_aid,1,0,1,1
Site 0,sim-20260725-224029-seed42,b6bf2af5d105b742507cc0c22adcd392bc55c717,42,0bc943324ae6,25-167975,,no,4740,2020-09-10T07:00,,,,12553.66,3973.36,173.09,562.7,54002.8192,536.3125,54002.8192,194.0,41,1,1,1.0,1.0,REFUSED_ALL_FULL,12542.72,10.94,1,A_current_placement,1.3869,41,25-54,MALE,0,unimpaired,1,1,1,1
Site 1,sim-20260725-224029-seed42,b6bf2af5d105b742507cc0c22adcd392bc55c717,42,0bc943324ae6,25-222229,,no,4740,2020-09-10T07:00,,,,21775.95,13179.0,173.09,562.7,54002.8192,1048.1267,54002.8192,194.0,29,0,0,1.0,1.0,REFUSED_ALL_FULL,21748.36,27.58,1,A_current_placement,0.927,29,25-54,MALE,1,ambulant_impaired_no_aid,0,0,0,1
Site 2,sim-20260725-224029-seed42,b6bf2af5d105b742507cc0c22adcd392bc55c717,42,0bc943324ae6,25-179260,,no,4740,2020-09-10T07:00,,,,9898.8,1291.76,173.09,562.7,54002.8192,841.1283,54002.8192,194.0,33,0,0,1.0,1.0,REFUSED_ALL_FULL,9861.12,37.68,1,A_current_placement,0.8257,33,25-54,MALE,1,ambulant_impaired_no_aid,0,0,0,1
Site 3,sim-20260725-224029-seed42,b6bf2af5d105b742507cc0c22adcd392bc55c717,42,0bc943324ae6,26-149715,,no,4740,2020-09-10T07:00,,,,12445.46,3823.05,173.09,562.7,54002.8192,668.8717,54002.8192,194.0,35,0,0,1.0,1.0,REFUSED_ALL_FULL,12392.41,53.04,1,A_current_placement,1.1114,35,25-54,FEMALE,1,ambulant_impaired_no_aid,0,0,0,1
Site 4,sim-20260725-224029-seed42,b6bf2af5d105b742507cc0c22adcd392bc55c717,42,0bc943324ae6,25-167871,,no,4740,2020-09-10T07:00,,,,21034.01,12463.4,173.09,562.7,54002.8192,824.8575,54002.8192,194.0,60,1,1,1.0,1.0,REFUSED_ALL_FULL,21032.76,1.25,1,A_current_placement,1.1402,60,55-69,FEMALE,1,ambulant_impaired_no_aid,1,1,1,1
Site 5,sim-20260725-224029-seed42,b6bf2af5d105b742507cc0c22adcd392bc55c717,42,0bc943324ae6,26-140306,,no,4740,2020-09-10T07:00,,,,19322.01,10722.51,173.09,562.7,54002.8192,609.4042,54002.8192,194.0,31,0,0,1.0,1.0,REFUSED_ALL_FULL,19291.87,30.14,1,A_current_placement,1.442,31,25-54,MALE,0,unimpaired,0,0,0,0
Site 6,sim-20260725-224029-seed42,b6bf2af5d105b742507cc0c22adcd392bc55c717,42,0bc943324ae6,25-123572,,no,4740,2020-09-10T07:00,,,,10583.45,1984.76,173.09,562.7,54002.8192,458.7117,54002.8192,194.0,36,0,0,1.0,1.0,REFUSED_ALL_FULL,10554.12,29.34,1,A_current_placement,1.5555,36,25-54,MALE,0,unimpaired,0,0,0,0
Site 7,sim-20260725-224029-seed42,b6bf2af5d105b742507cc0c22adcd392bc55c717,42,0bc943324ae6,25-145307,,no,4740,2020-09-10T07:00,,,,15545.1,6840.31,173.09,562.7,54002.8192,1411.6067,54002.8192,194.0,38,1,0,1.0,1.0,REFUSED_ALL_FULL,15409.67,135.43,1,A_current_placement,0.5774,38,25-54,MALE,1,ambulant_impaired_no_aid,1,0,1,1
Site 8,sim-20260725-224029-seed42,b6bf2af5d105b742507cc0c22adcd392bc55c717,42,0bc943324ae6,25-167592,,no,4740,2020-09-10T07:00,,,,10736.64,2161.22,173.09,562.7,54002.8192,520.1008,54002.8192,194.0,44,0,0,1.0,1.0,REFUSED_ALL_FULL,10730.58,6.06,1,A_current_placement,1.3813,44,25-54,MALE,0,unimpaired,0,0,0,0
Site 9,sim-20260725-224029-seed42,b6bf2af5d105b742507cc0c22adcd392bc55c717,42,0bc943324ae6,26-130108,,no,4740,2020-09-10T07:00,,,,22143.68,13558.54,173.09,562.7,54002.8192,1403.6592,54002.8192,194.0,26,0,1,1.0,1.0,REFUSED_ALL_FULL,22127.9,15.78,1,A_current_placement,0.7088,26,25-54,MALE,1,ambulant_impaired_no_aid,0,1,1,1
Site 10,sim-20260725-224029-seed42,b6bf2af5d105b742507cc0c22adcd392bc55c717,42,0bc943324ae6,25-178796,,no,4740,2020-09-10T07:00,,,,23530.17,14943.74,173.09,562.7,54002.8192,1282.8825,54002.8192,194.0,62,0,0,1.0,1.0,REFUSED_ALL_FULL,23513.1,17.08,1,A_current_placement,0.8008,62,55-69,FEMALE,1,ambulant_impaired_no_aid,0,0,0,1
Site 12,sim-20260725-224029-seed42,b6bf2af5d105b742507cc0c22adcd392bc55c717,42,0bc943324ae6,25-212228,,no,4740,2020-09-10T07:00,,,,22800.18,14176.07,173.09,562.7,54002.8192,910.7725,54002.8192,194.0,64,0,0,1.0,1.0,REFUSED_ALL_FULL,22745.43,54.75,1,A_current_placement,1.0867,64,55-69,MALE,1,ambulant_impaired_no_aid,0,0,0,1
Site 13,sim-20260725-224029-seed42,b6bf2af5d105b742507cc0c22adcd392bc55c717,42,0bc943324ae6,25-112763,,no,4740,2020-09-10T07:00,,,,25109.91,16527.76,173.09,562.7,54002.8192,834.8867,54002.8192,194.0,30,0,1,1.0,1.0,REFUSED_ALL_FULL,25097.12,12.78,1,A_current_placement,1.2479,30,25-54,OTHER,1,ambulant_impaired_no_aid,0,1,1,1
Site 14,sim-20260725-224029-seed42,b6bf2af5d105b742507cc0c22adcd392bc55c717,42,0bc943324ae6,26-150129,,no,4740,2020-09-10T07:00,,,,11224.32,2653.7,173.09,562.7,54002.8192,606.2067,54002.8192,194.0,56,0,1,1.0,1.0,REFUSED_ALL_FULL,11223.06,1.26,1,A_current_placement,1.1956,56,55-69,FEMALE,0,unimpaired,0,1,1,1
Site 16,sim-20260725-224029-seed42,b6bf2af5d105b742507cc0c22adcd392bc55c717,42,0bc943324ae6,26-109302,,no,4740,2020-09-10T07:00,,,,21623.14,12973.56,173.09,562.7,54002.8192,602.3383,54002.8192,194.0,37,0,0,1.0,1.0,REFUSED_ALL_FULL,21542.92,80.22,1,A_current_placement,1.5468,37,25-54,FEMALE,0,unimpaired,0,0,0,0
Site 17,sim-20260725-224029-seed42,b6bf2af5d105b742507cc0c22adcd392bc55c717,42,0bc943324ae6,25-167738,,no,4740,2020-09-10T07:00,,,,15939.06,7358.04,173.09,562.7,54002.8192,675.9225,54002.8192,194.0,31,0,0,1.0,1.0,REFUSED_ALL_FULL,15927.4,11.66,1,A_current_placement,1.1979,31,25-54,FEMALE,0,unimpaired,0,0,0,0
Site 18,sim-20260725-224029-seed42,b6bf2af5d105b742507cc0c22adcd392bc55c717,42,0bc943324ae6,25-112734,,no,4740,2020-09-10T07:00,,,,12046.53,3406.95,173.09,562.7,54002.8192,561.53,54002.8192,194.0,21,0,0,1.0,1.0,REFUSED_ALL_FULL,11976.31,70.22,1,A_current_placement,1.3144,21,18-24,FEMALE,0,unimpaired,0,0,0,0
Site 19,sim-20260725-224029-seed42,b6bf2af5d105b742507cc0c22adcd392bc55c717,42,0bc943324ae6,25-123807,,no,4740,2020-09-10T07:00,,,,17673.76,9082.86,173.09,562.7,54002.8192,1509.14,54002.8192,194.0,44,0,0,1.0,1.0,REFUSED_ALL_FULL,17652.22,21.53,1,A_current_placement,0.5777,44,25-54,FEMALE,1,ambulant_impaired_no_aid,0,0,0,1
Site 20,sim-20260725-224029-seed42,b6bf2af5d105b742507cc0c22adcd392bc55c717,42,0bc943324ae6,25-221906,,no,4740,2020-09-10T07:00,,,,17816.5,9193.09,173.09,562.7,54002.8192,811.5008,54002.8192,194.0,47,1,0,1.0,1.0,REFUSED_ALL_FULL,17762.45,54.05,1,A_current_placement,1.0571,47,25-54,MALE,0,unimpaired,1,0,1,1
Site 21,sim-20260725-224029-seed42,b6bf2af5d105b742507cc0c22adcd392bc55c717,42,0bc943324ae6,25-112757,,no,4740,2020-09-10T07:00,,,,18163.84,9593.2,173.09,562.7,54002.8192,763.2883,54002.8192,194.0,64,0,0,1.0,1.0,REFUSED_ALL_FULL,18162.56,1.29,1,A_current_placement,1.1317,64,55-69,MALE,0,unimpaired,0,0,0,1
Site 22,sim-20260725-224029-seed42,b6bf2af5d105b742507cc0c22adcd392bc55c717,42,0bc943324ae6,26-129822,,no,4740,2020-09-10T07:00,,,,10882.86,2274.7,173.09,562.7,54002.8192,481.4983,54002.8192,194.0,46,0,1,1.0,1.0,REFUSED_ALL_FULL,10844.06,38.8,1,A_current_placement,1.4901,46,25-54,FEMALE,0,unimpaired,0,1,1,1
Site 23,sim-20260725-224029-seed42,b6bf2af5d105b742507cc0c22adcd392bc55c717,42,0bc943324ae6,25-221916,,no,4740,2020-09-10T07:00,,,,17434.6,8837.53,173.09,562.7,54002.8192,570.3475,54002.8192,194.0,36,1,0,1.0,1.0,REFUSED_ALL_FULL,17406.89,27.71,1,A_current_placement,1.4673,36,25-54,MALE,0,unimpaired,1,0,1,1
Site 24,sim-20260725-224029-seed42,b6bf2af5d105b742507cc0c22adcd392bc55c717,42,0bc943324ae6,25-212331,,no,4740,2020-09-10T07:00,,,,0.0,,173.09,562.7,54002.8192,0.0,54002.8192,194.0,49,1,0,1.0,1.0,UNREACHABLE,0.0,0.0,0,A_current_placement,1.6864,49,25-54,OTHER,0,unimpaired,1,0,1,1
Site 25,sim-20260725-224029-seed42,b6bf2af5d105b742507cc0c22adcd392bc55c717,42,0bc943324ae6,25-221911,,no,4740,2020-09-10T07:00,,,,11733.5,3136.56,173.09,562.7,54002.8192,818.4342,54002.8192,194.0,63,0,1,1.0,1.0,REFUSED_ALL_FULL,11705.92,27.58,1,A_current_placement,0.8916,63,55-69,FEMALE,1,ambulant_impaired_no_aid,0,1,1,1
Site 26,sim-20260725-224029-seed42,b6bf2af5d105b742507cc0c22adcd392bc55c717,42,0bc943324ae6,25-156445,,no,4740,2020-09-10T07:00,,,,10780.19,2199.85,173.09,562.7,54002.8192,465.4042,54002.8192,194.0,45,0,1,1.0,1.0,REFUSED_ALL_FULL,10769.21,10.98,1,A_current_placement,1.5448,45,25-54,FEMALE,0,unimpaired,0,1,1,1
Site 27,sim-20260725-224029-seed42,b6bf2af5d105b742507cc0c22adcd392bc55c717,42,0bc943324ae6,25-112666,,no,4740,2020-09-10T07:00,,,,10641.03,2041.3,173.09,562.7,54002.8192,499.3058,54002.8192,194.0,44,0,0,1.0,1.0,REFUSED_ALL_FULL,10610.66,30.37,1,A_current_placement,1.436,44,25-54,FEMALE,0,unimpaired,0,0,0,0
Site 29,sim-20260725-224029-seed42,b6bf2af5d105b742507cc0c22adcd392bc55c717,42,0bc943324ae6,26-119671,,no,4740,2020-09-10T07:00,,,,16434.48,7787.23,173.09,562.7,54002.8192,728.5642,54002.8192,194.0,49,0,0,1.0,1.0,REFUSED_ALL_FULL,16356.59,77.89,1,A_current_placement,1.1205,49,25-54,MALE,0,unimpaired,0,0,0,0
Site 30,sim-20260725-224029-seed42,b6bf2af5d105b742507cc0c22adcd392bc55c717,42,0bc943324ae6,25-156604,,no,4740,2020-09-10T07:00,,,,18107.15,9535.92,173.09,562.7,54002.8192,579.2208,54002.8192,194.0,43,0,0,1.0,1.0,REFUSED_ALL_FULL,18105.29,1.87,1,A_current_placement,1.4678,43,25-54,FEMALE,0,unimpaired,0,0,0,0
Site 32,sim-20260725-224029-seed42,b6bf2af5d105b742507cc0c22adcd392bc55c717,42,0bc943324ae6,25-102540,,no,4740,2020-09-10T07:00,,,,12202.64,3596.66,173.09,562.7,54002.8192,634.0658,54002.8192,194.0,22,0,0,1.0,1.0,REFUSED_ALL_FULL,12166.02,36.62,1,A_current_placement,1.1657,22,18-24,FEMALE,0,unimpaired,0,0,0,0
Site 33,sim-20260725-224029-seed42,b6bf2af5d105b742507cc0c22adcd392bc55c717,42,0bc943324ae6,25-145224,,no,4740,2020-09-10T07:00,,,,19468.87,10799.35,173.09,562.7,54002.8192,585.7558,54002.8192,194.0,25,0,0,1.0,1.0,REFUSED_ALL_FULL,19368.71,100.16,1,A_current_placement,1.4946,25,25-54,MALE,0,unimpaired,0,0,0,0
Site 34,sim-20260725-224029-seed42,b6bf2af5d105b742507cc0c22adcd392bc55c717,42,0bc943324ae6,25-156610,,no,4740,2020-09-10T07:00,,,,20125.6,11533.2,173.09,562.7,54002.8192,631.87,54002.8192,194.0,40,1,0,1.0,1.0,REFUSED_ALL_FULL,20102.56,23.03,1,A_current_placement,1.4189,40,25-54,FEMALE,0,unimpaired,1,0,1,1
Site 35,sim-20260725-224029-seed42,b6bf2af5d105b742507cc0c22adcd392bc55c717,42,0bc943324ae6,25-201644,,no,4740,2020-09-10T07:00,,,,13454.33,4856.36,173.09,562.7,54002.8192,648.5983,54002.8192,194.0,29,0,0,1.0,1.0,REFUSED_ALL_FULL,13425.72,28.61,1,A_current_placement,1.1727,29,25-54,MALE,0,unimpaired,0,0,0,0
Site 36,sim-20260725-224029-seed42,b6bf2af5d105b742507cc0c22adcd392bc55c717,42,0bc943324ae6,25-145015,,no,4740,2020-09-10T07:00,,,,12046.67,3435.36,173.09,562.7,54002.8192,702.9975,54002.8192,194.0,18,0,0,1.0,1.0,REFUSED_ALL_FULL,12004.72,41.96,1,A_current_placement,1.0446,18,18-24,MALE,0,unimpaired,0,0,0,0
Site 37,sim-20260725-224029-seed42,b6bf2af5d105b742507cc0c22adcd392bc55c717,42,0bc943324ae6,25-123905,,no,4740,2020-09-10T07:00,,,,11626.03,3043.33,173.09,562.7,54002.8192,561.2517,54002.8192,194.0,39,0,1,1.0,1.0,REFUSED_ALL_FULL,11612.69,13.34,1,A_current_placement,1.3061,39,25-54,MALE,0,unimpaired,0,1,1,1
Site 38,sim-20260725-224029-seed42,b6bf2af5d105b742507cc0c22adcd392bc55c717,42,0bc943324ae6,26-149709,,no,4740,2020-09-10T07:00,,,,16099.52,7464.81,173.09,562.7,54002.8192,496.7192,54002.8192,194.0,38,0,0,1.0,1.0,REFUSED_ALL_FULL,16034.17,65.36,1,A_current_placement,1.6345,38,25-54,OTHER,0,unimpaired,0,0,0,0
Site 39,sim-20260725-224029-seed42,b6bf2af5d105b742507cc0c22adcd392bc55c717,42,0bc943324ae6,26-150087,,no,4740,2020-09-10T07:00,,,,11168.73,2598.05,173.09,562.7,54002.8192,490.1825,54002.8192,194.0,22,0,0,1.0,1.0,REFUSED_ALL_FULL,11167.41,1.32,1,A_current_placement,1.4869,22,18-24,MALE,0,unimpaired,0,0,0,0
Site 40,sim-20260725-224029-seed42,b6bf2af5d105b742507cc0c22adcd392bc55c717,42,0bc943324ae6,25-102045,,no,4740,2020-09-10T07:00,,,,20425.21,11833.88,173.09,562.7,54002.8192,630.3992,54002.8192,194.0,59,0,1,1.0,1.0,REFUSED_ALL_FULL,20403.24,13.11,1,A_current_placement,1.4362,59,55-69,MALE,0,unimpaired,0,1,1,1
Site 41,sim-20260725-224029-seed42,b6bf2af5d105b742507cc0c22adcd392bc55c717,42,0bc943324ae6,25-178808,,no,4740,2020-09-10T07:00,,,,13685.79,5057.94,173.09,562.7,54002.8192,647.2867,54002.8192,194.0,69,1,0,1.0,1.0,REFUSED_ALL_FULL,13627.3,58.49,1,A_current_placement,1.1808,69,55-69,FEMALE,0,unimpaired,1,0,1,1
Site 42,sim-20260725-224029-seed42,b6bf2af5d105b742507cc0c22adcd392bc55c717,42,0bc943324ae6,25-145308,,no,4740,2020-09-10T07:00,,,,11536.71,2963.02,173.09,562.7,54002.8192,589.4567,54002.8192,194.0,62,1,0,1.0,1.0,REFUSED_ALL_FULL,11532.38,4.33,1,A_current_placement,1.2383,62,55-69,FEMALE,1,ambulant_impaired_no_aid,1,0,1,1
Site 43,sim-20260725-224029-seed42,b6bf2af5d105b742507cc0c22adcd392bc55c717,42,0bc943324ae6,25-190729,,no,4740,2020-09-10T07:00,,,,11834.8,3230.45,173.09,562.7,54002.8192,451.8583,54002.8192,194.0,35,0,0,1.0,1.0,REFUSED_ALL_FULL,11799.81,34.99,1,A_current_placement,1.6321,35,25-54,MALE,0,unimpaired,0,0,0,0
Site 44,sim-20260725-224029-seed42,b6bf2af5d105b742507cc0c22adcd392bc55c717,42,0bc943324ae6,26-149705,,no,4740,2020-09-10T07:00,,,,16548.89,7956.45,173.09,562.7,54002.8192,1279.41,54002.8192,194.0,20,0,0,1.0,1.0,REFUSED_ALL_FULL,16525.81,23.08,1,A_current_placement,0.6581,20,18-24,MALE,1,ambulant_impaired_no_aid,0,0,0,1
Site 45,sim-20260725-224029-seed42,b6bf2af5d105b742507cc0c22adcd392bc55c717,42,0bc943324ae6,26-149980,,no,4740,2020-09-10T07:00,,,,17738.98,9168.33,173.09,562.7,54002.8192,515.575,54002.8192,194.0,67,0,0,1.0,1.0,REFUSED_ALL_FULL,17737.69,1.3,1,A_current_placement,1.6342,67,55-69,MALE,0,unimpaired,0,0,0,1
Site 46,sim-20260725-224029-seed42,b6bf2af5d105b742507cc0c22adcd392bc55c717,42,0bc943324ae6,25-190456,,no,4740,2020-09-10T07:00,,,,16222.43,7651.8,173.09,562.7,54002.8192,703.3525,54002.8192,194.0,20,0,1,1.0,1.0,REFUSED_ALL_FULL,16221.16,1.28,1,A_current_placement,1.1541,20,18-24,MALE,0,unimpaired,0,1,1,1
Site 47,sim-20260725-224029-seed42,b6bf2af5d105b742507cc0c22adcd392bc55c717,42,0bc943324ae6,25-212243,,no,4740,2020-09-10T07:00,,,,10351.41,1768.38,173.09,562.7,54002.8192,550.0192,54002.8192,194.0,39,0,0,1.0,1.0,REFUSED_ALL_FULL,10337.74,13.67,1,A_current_placement,1.287,39,25-54,MALE,0,unimpaired,0,0,0,0
Site 48,sim-20260725-224029-seed42,b6bf2af5d105b742507cc0c22adcd392bc55c717,42,0bc943324ae6,25-102026,,no,4740,2020-09-10T07:00,,,,18677.15,10059.35,173.09,562.7,54002.8192,624.9775,54002.8192,194.0,35,0,0,1.0,1.0,REFUSED_ALL_FULL,18628.71,48.45,1,A_current_placement,1.3805,35,25-54,MALE,0,unimpaired,0,0,0,0
Site 49,sim-20260725-224029-seed42,b6bf2af5d105b742507cc0c22adcd392bc55c717,42,0bc943324ae6,25-134257,,no,4740,2020-09-10T07:00,,,,18418.88,9848.27,173.09,562.7,54002.8192,632.7642,54002.8192,194.0,46,0,0,1.0,1.0,REFUSED_ALL_FULL,18417.63,1.25,1,A_current_placement,1.3539,46,25-54,MALE,0,unimpaired,0,0,0,0
Site 50,sim-20260725-224029-seed42,b6bf2af5d105b742507cc0c22adcd392bc55c717,42,0bc943324ae6,25-167812,,no,4740,2020-09-10T07:00,,,,12438.54,3856.48,173.09,562.7,54002.8192,519.2225,54002.8192,194.0,50,0,1,1.0,1.0,REFUSED_ALL_FULL,12425.84,12.7,1,A_current_placement,1.435,50,25-54,MALE,0,unimpaired,0,1,1,1
Site 51,sim-20260725-224029-seed42,b6bf2af5d105b742507cc0c22adcd392bc55c717,42,0bc943324ae6,26-119730,,no,4740,2020-09-10T07:00,,,,21846.55,13275.87,173.09,562.7,54002.8192,1030.9825,54002.8192,194.0,54,0,0,1.0,1.0,REFUSED_ALL_FULL,21845.23,1.32,1,A_current_placement,0.941,54,25-54,MALE,1,ambulant_impaired_no_aid,0,0,0,1
Site 52,sim-20260725-224029-seed42,b6bf2af5d105b742507cc0c22adcd392bc55c717,42,0bc943324ae6,25-201619,,no,4740,2020-09-10T07:00,,,,19488.68,10918.01,173.09,562.7,54002.8192,645.8283,54002.8192,194.0,30,0,1,1.0,1.0,REFUSED_ALL_FULL,19487.37,1.31,1,A_current_placement,1.3688,30,25-54,MALE,1,ambulant_impaired_no_aid,0,1,1,1
Site 53,sim-20260725-224029-seed42,b6bf2af5d105b742507cc0c22adcd392bc55c717,42,0bc943324ae6,25-212205,,no,4740,2020-09-10T07:00,,,,12180.63,3556.17,173.09,562.7,54002.8192,532.3292,54002.8192,194.0,36,0,0,1.0,1.0,REFUSED_ALL_FULL,12125.53,55.1,1,A_current_placement,1.3967,36,25-54,FEMALE,0,unimpaired,0,0,0,0
Site 56,sim-20260725-224029-seed42,b6bf2af5d105b742507cc0c22adcd392bc55c717,42,0bc943324ae6,25-102451,,no,4740,2020-09-10T07:00,,,,15109.04,6502.66,173.09,562.7,54002.8192,767.3942,54002.8192,194.0,28,0,0,1.0,1.0,REFUSED_ALL_FULL,15072.02,37.03,1,A_current_placement,1.0309,28,25-54,FEMALE,0,unimpaired,0,0,0,0
Site 57,sim-20260725-224029-seed42,b6bf2af5d105b742507cc0c22adcd392bc55c717,42,0bc943324ae6,26-150097,,no,4740,2020-09-10T07:00,,,,11530.98,2922.01,173.09,562.7,54002.8192,554.5592,54002.8192,194.0,49,0,0,1.0,1.0,REFUSED_ALL_FULL,11491.37,39.6,1,A_current_placement,1.314,49,25-54,FEMALE,0,unimpaired,0,0,0,0
Site 58,sim-20260725-224029-seed42,b6bf2af5d105b742507cc0c22adcd392bc55c717,42,0bc943324ae6,25-134363,,no,4740,2020-09-10T07:00,,,,10575.58,1970.01,173.09,562.7,54002.8192,507.7117,54002.8192,194.0,61,0,0,1.0,1.0,REFUSED_ALL_FULL,10539.37,36.2,1,A_current_placement,1.4037,61,55-69,MALE,0,unimpaired,0,0,0,1
Site 59,sim-20260725-224029-seed42,b6bf2af5d105b742507cc0c22adcd392bc55c717,42,0bc943324ae6,25-222205,,no,4740,2020-09-10T07:00,,,,15792.26,7186.8,173.09,562.7,54002.8192,584.1333,54002.8192,194.0,54,0,0,1.0,1.0,REFUSED_ALL_FULL,15756.16,36.1,1,A_current_placement,1.3803,54,25-54,MALE,0,unimpaired,0,0,0,0
Site 60,sim-20260725-224029-seed42,b6bf2af5d105b742507cc0c22adcd392bc55c717,42,0bc943324ae6,26-119415,,no,4740,2020-09-10T07:00,,,,11620.93,2964.52,173.09,562.7,54002.8192,439.4692,54002.8192,194.0,25,0,0,1.0,1.0,REFUSED_ALL_FULL,11533.88,87.05,1,A_current_placement,1.668,25,25-54,OTHER,0,unimpaired,0,0,0,0
Site 61,sim-20260725-224029-seed42,b6bf2af5d105b742507cc0c22adcd392bc55c717,42,0bc943324ae6,25-112533,,no,4740,2020-09-10T07:00,,,,19298.63,10675.48,173.09,562.7,54002.8192,697.97,54002.8192,194.0,36,0,0,1.0,1.0,REFUSED_ALL_FULL,19244.84,53.79,1,A_current_placement,1.2671,36,25-54,MALE,0,unimpaired,0,0,0,0
Site 62,sim-20260725-224029-seed42,b6bf2af5d105b742507cc0c22adcd392bc55c717,42,0bc943324ae6,26-109531,,no,4740,2020-09-10T07:00,,,,19051.58,10389.95,173.09,562.7,54002.8192,857.9242,54002.8192,194.0,39,0,0,1.0,1.0,REFUSED_ALL_FULL,18959.31,92.26,1,A_current_placement,1.0389,39,25-54,MALE,1,ambulant_impaired_no_aid,0,0,0,1
Site 63,sim-20260725-224029-seed42,b6bf2af5d105b742507cc0c22adcd392bc55c717,42,0bc943324ae6,26-140427,,no,4740,2020-09-10T07:00,,,,9864.13,1267.68,173.09,562.7,54002.8192,495.0442,54002.8192,194.0,29,0,0,1.0,1.0,REFUSED_ALL_FULL,9837.04,27.08,1,A_current_placement,1.4159,29,25-54,MALE,0,unimpaired,0,0,0,0
Site 64,sim-20260725-224029-seed42,b6bf2af5d105b742507cc0c22adcd392bc55c717,42,0bc943324ae6,26-129907,,no,4740,2020-09-10T07:00,,,,0.0,,173.09,562.7,54002.8192,0.0,54002.8192,194.0,51,0,0,1.0,1.0,UNREACHABLE,0.0,0.0,0,A_current_placement,1.2644,51,25-54,FEMALE,0,unimpaired,0,0,0,0
Site 65,sim-20260725-224029-seed42,b6bf2af5d105b742507cc0c22adcd392bc55c717,42,0bc943324ae6,25-156482,,no,4740,2020-09-10T07:00,,,,16747.8,8177.17,173.09,562.7,54002.8192,619.5742,54002.8192,194.0,40,0,0,1.0,1.0,REFUSED_ALL_FULL,16746.53,1.27,1,A_current_placement,1.3265,40,25-54,FEMALE,0,unimpaired,0,0,0,0
Site 66,sim-20260725-224029-seed42,b6bf2af5d105b742507cc0c22adcd392bc55c717,42,0bc943324ae6,25-123718,,no,4740,2020-09-10T07:00,,,,21420.72,12850.09,173.09,562.7,54002.8192,840.79,54002.8192,194.0,54,1,0,1.0,1.0,REFUSED_ALL_FULL,21419.45,1.27,1,A_current_placement,1.1278,54,25-54,FEMALE,0,unimpaired,1,0,1,1
Site 67,sim-20260725-224029-seed42,b6bf2af5d105b742507cc0c22adcd392bc55c717,42,0bc943324ae6,25-222209,,no,4740,2020-09-10T07:00,,,,12526.28,3918.86,173.09,562.7,54002.8192,464.5258,54002.8192,194.0,49,1,0,1.0,1.0,REFUSED_ALL_FULL,12488.23,38.06,1,A_current_placement,1.608,49,25-54,FEMALE,0,unimpaired,1,0,1,1
Site 68,sim-20260725-224029-seed42,b6bf2af5d105b742507cc0c22adcd392bc55c717,42,0bc943324ae6,26-109349,,no,4740,2020-09-10T07:00,,,,9773.66,1139.23,173.09,562.7,54002.8192,604.8467,54002.8192,194.0,29,0,0,1.0,1.0,REFUSED_ALL_FULL,9708.59,65.07,1,A_current_placement,1.1565,29,25-54,MALE,0,unimpaired,0,0,0,0
Site 69,sim-20260725-224029-seed42,b6bf2af5d105b742507cc0c22adcd392bc55c717,42,0bc943324ae6,25-112938,,no,4740,2020-09-10T07:00,,,,15864.85,7261.88,173.09,562.7,54002.8192,591.0525,54002.8192,194.0,42,1,0,1.0,1.0,REFUSED_ALL_FULL,15831.24,33.61,1,A_current_placement,1.3605,42,25-54,FEMALE,0,unimpaired,1,0,1,1
Site 70,sim-20260725-224029-seed42,b6bf2af5d105b742507cc0c22adcd392bc55c717,42,0bc943324ae6,25-145213,,no,4740,2020-09-10T07:00,,,,12775.66,4166.91,173.09,562.7,54002.8192,534.5992,54002.8192,194.0,42,0,0,1.0,1.0,REFUSED_ALL_FULL,12736.27,39.39,1,A_current_placement,1.4012,42,25-54,FEMALE,0,unimpaired,0,0,0,0
Site 71,sim-20260725-224029-seed42,b6bf2af5d105b742507cc0c22adcd392bc55c717,42,0bc943324ae6,25-212515,,no,4740,2020-09-10T07:00,,,,19733.5,11162.9,173.09,562.7,54002.8192,630.1108,54002.8192,194.0,33,1,0,1.0,1.0,REFUSED_ALL_FULL,19732.26,1.24,1,A_current_placement,1.4102,33,25-54,MALE,0,unimpaired,1,0,1,1
Site 72,sim-20260725-224029-seed42,b6bf2af5d105b742507cc0c22adcd392bc55c717,42,0bc943324ae6,26-140605,,no,4740,2020-09-10T07:00,,,,10069.22,1498.61,173.09,562.7,54002.8192,535.6383,54002.8192,194.0,39,0,0,1.0,1.0,REFUSED_ALL_FULL,10067.97,1.25,1,A_current_placement,1.3189,39,25-54,MALE,1,ambulant_impaired_no_aid,0,0,0,1
Site 73,sim-20260725-224029-seed42,b6bf2af5d105b742507cc0c22adcd392bc55c717,42,0bc943324ae6,26-140282,,no,4740,2020-09-10T07:00,,,,21266.88,12623.47,173.09,562.7,54002.8192,681.3583,54002.8192,194.0,52,0,1,1.0,1.0,REFUSED_ALL_FULL,21192.83,74.06,1,A_current_placement,1.3691,52,25-54,FEMALE,0,unimpaired,0,1,1,1
Site 74,sim-20260725-224029-seed42,b6bf2af5d105b742507cc0c22adcd392bc55c717,42,0bc943324ae6,25-134324,,no,4740,2020-09-10T07:00,,,,12831.29,4209.76,173.09,562.7,54002.8192,613.0783,54002.8192,194.0,65,0,0,1.0,1.0,REFUSED_ALL_FULL,12779.12,52.17,1,A_current_placement,1.2208,65,55-69,MALE,0,unimpaired,0,0,0,1
Site 75,sim-20260725-224029-seed42,b6bf2af5d105b742507cc0c22adcd392bc55c717,42,0bc943324ae6,25-167915,,no,4740,2020-09-10T07:00,,,,10977.52,2371.91,173.09,562.7,54002.8192,547.5883,54002.8192,194.0,36,0,0,1.0,1.0,REFUSED_ALL_FULL,10941.27,36.25,1,A_current_placement,1.3217,36,25-54,FEMALE,0,unimpaired,0,0,0,0
Site 76,sim-20260725-224029-seed42,b6bf2af5d105b742507cc0c22adcd392bc55c717,42,0bc943324ae6,25-134313,,no,4740,2020-09-10T07:00,,,,20753.72,12174.91,173.09,562.7,54002.8192,755.5333,54002.8192,194.0,40,0,0,1.0,1.0,REFUSED_ALL_FULL,20744.27,9.45,1,A_current_placement,1.2299,40,25-54,MALE,0,unimpaired,0,0,0,0
Site 77,sim-20260725-224029-seed42,b6bf2af5d105b742507cc0c22adcd392bc55c717,42,0bc943324ae6,25-222270,,no,4740,2020-09-10T07:00,,,,18869.55,10263.73,173.09,562.7,54002.8192,878.0958,54002.8192,194.0,48,0,0,1.0,1.0,REFUSED_ALL_FULL,18833.09,36.46,1,A_current_placement,1.0112,48,25-54,MALE,1,ambulant_impaired_no_aid,0,0,0,1
Site 78,sim-20260725-224029-seed42,b6bf2af5d105b742507cc0c22adcd392bc55c717,42,0bc943324ae6,25-102456,,no,4740,2020-09-10T07:00,,,,11557.28,2949.98,173.09,562.7,54002.8192,524.3625,54002.8192,194.0,47,0,0,1.0,1.0,REFUSED_ALL_FULL,11519.34,37.95,1,A_current_placement,1.3912,47,25-54,FEMALE,0,unimpaired,0,0,0,0
Site 79,sim-20260725-224029-seed42,b6bf2af5d105b742507cc0c22adcd392bc55c717,42,0bc943324ae6,25-145014,,no,4740,2020-09-10T07:00,,,,10204.97,1602.45,173.09,562.7,54002.8192,503.7283,54002.8192,194.0,60,0,0,1.0,1.0,REFUSED_ALL_FULL,10171.81,33.16,1,A_current_placement,1.4068,60,55-69,FEMALE,0,unimpaired,0,0,0,1
Site 81,sim-20260725-224029-seed42,b6bf2af5d105b742507cc0c22adcd392bc55c717,42,0bc943324ae6,25-167871,,no,4740,2020-09-10T07:00,,,,21034.01,12463.4,173.09,562.7,54002.8192,845.2283,54002.8192,194.0,29,0,0,1.0,1.0,REFUSED_ALL_FULL,21032.76,1.25,1,A_current_placement,1.114,29,25-54,MALE,0,unimpaired,0,0,0,0
Site 82,sim-20260725-224029-seed42,b6bf2af5d105b742507cc0c22adcd392bc55c717,42,0bc943324ae6,25-134628,,no,4740,2020-09-10T07:00,,,,17423.59,8833.88,173.09,562.7,54002.8192,628.4475,54002.8192,194.0,45,0,0,1.0,1.0,REFUSED_ALL_FULL,17403.24,20.36,1,A_current_placement,1.332,45,25-54,FEMALE,0,unimpaired,0,0,0,0
Site 83,sim-20260725-224029-seed42,b6bf2af5d105b742507cc0c22adcd392bc55c717,42,0bc943324ae6,25-123576,,no,4740,2020-09-10T07:00,,,,18290.49,9668.39,173.09,562.7,54002.8192,569.8192,54002.8192,194.0,67,0,0,1.0,1.0,REFUSED_ALL_FULL,18237.75,52.74,1,A_current_placement,1.4956,67,55-69,MALE,0,unimpaired,0,0,0,1
Site 84,sim-20260725-224029-seed42,b6bf2af5d105b742507cc0c22adcd392bc55c717,42,0bc943324ae6,25-212180,,no,4740,2020-09-10T07:00,,,,17441.38,8834.08,173.09,562.7,54002.8192,552.9175,54002.8192,194.0,50,0,0,1.0,1.0,REFUSED_ALL_FULL,17403.44,37.94,1,A_current_placement,1.5167,50,25-54,MALE,0,unimpaired,0,0,0,0
Site 85,sim-20260725-224029-seed42,b6bf2af5d105b742507cc0c22adcd392bc55c717,42,0bc943324ae6,25-178990,,no,4740,2020-09-10T07:00,,,,12054.35,3406.95,173.09,562.7,54002.8192,652.6225,54002.8192,194.0,48,0,0,1.0,1.0,REFUSED_ALL_FULL,11976.31,78.04,1,A_current_placement,1.1305,48,25-54,FEMALE,0,unimpaired,0,0,0,0
Site 86,sim-20260725-224029-seed42,b6bf2af5d105b742507cc0c22adcd392bc55c717,42,0bc943324ae6,26-129854,,no,4740,2020-09-10T07:00,,,,16773.96,8186.6,173.09,562.7,54002.8192,716.865,54002.8192,194.0,62,0,0,1.0,1.0,REFUSED_ALL_FULL,16755.96,18.0,1,A_current_placement,1.1513,62,55-69,MALE,1,ambulant_impaired_no_aid,0,0,0,1
Site 87,sim-20260725-224029-seed42,b6bf2af5d105b742507cc0c22adcd392bc55c717,42,0bc943324ae6,26-140323,,no,4740,2020-09-10T07:00,,,,22435.28,13766.59,173.09,562.7,54002.8192,814.7692,54002.8192,194.0,66,1,0,1.0,1.0,REFUSED_ALL_FULL,22335.95,99.33,1,A_current_placement,1.1923,66,55-69,FEMALE,0,unimpaired,1,0,1,1
Site 88,sim-20260725-224029-seed42,b6bf2af5d105b742507cc0c22adcd392bc55c717,42,0bc943324ae6,25-156167,,no,4740,2020-09-10T07:00,,,,12158.99,3572.9,173.09,562.7,54002.8192,496.4358,54002.8192,194.0,26,0,0,1.0,1.0,REFUSED_ALL_FULL,12142.26,16.72,1,A_current_placement,1.4915,26,25-54,MALE,0,unimpaired,0,0,0,0
Site 89,sim-20260725-224029-seed42,b6bf2af5d105b742507cc0c22adcd392bc55c717,42,0bc943324ae6,26-149743,,no,4740,2020-09-10T07:00,,,,18881.77,10120.05,173.09,562.7,54002.8192,564.8542,54002.8192,194.0,55,0,0,1.0,1.0,REFUSED_ALL_FULL,18689.41,192.36,1,A_current_placement,1.5337,55,55-69,MALE,0,unimpaired,0,0,0,1
Site 90,sim-20260725-224029-seed42,b6bf2af5d105b742507cc0c22adcd392bc55c717,42,0bc943324ae6,25-134702,,no,4740,2020-09-10T07:00,,,,22570.87,14000.18,173.09,562.7,54002.8192,648.5967,54002.8192,194.0,40,1,0,1.0,1.0,REFUSED_ALL_FULL,22569.54,1.33,1,A_current_placement,1.4804,40,25-54,MALE,0,unimpaired,1,0,1,1
Site 91,sim-20260725-224029-seed42,b6bf2af5d105b742507cc0c22adcd392bc55c717,42,0bc943324ae6,25-190727,,no,4740,2020-09-10T07:00,,,,16141.27,7532.56,173.09,562.7,54002.8192,497.8283,54002.8192,194.0,34,0,0,1.0,1.0,REFUSED_ALL_FULL,16101.92,39.35,1,A_current_placement,1.6367,34,25-54,MALE,0,unimpaired,0,0,0,0
Site 92,sim-20260725-224029-seed42,b6bf2af5d105b742507cc0c22adcd392bc55c717,42,0bc943324ae6,26-140513,,no,4740,2020-09-10T07:00,,,,11165.81,2595.17,173.09,562.7,54002.8192,644.3158,54002.8192,194.0,65,0,0,1.0,1.0,REFUSED_ALL_FULL,11164.53,1.28,1,A_current_placement,1.1186,65,55-69,MALE,0,unimpaired,0,0,0,1
Site 93,sim-20260725-224029-seed42,b6bf2af5d105b742507cc0c22adcd392bc55c717,42,0bc943324ae6,25-113010,,no,4740,2020-09-10T07:00,,,,18095.09,9498.97,173.09,562.7,54002.8192,554.8717,54002.8192,194.0,49,1,0,1.0,1.0,REFUSED_ALL_FULL,18068.33,26.76,1,A_current_placement,1.5325,49,25-54,MALE,0,unimpaired,1,0,1,1
Site 94,sim-20260725-224029-seed42,b6bf2af5d105b742507cc0c22adcd392bc55c717,42,0bc943324ae6,26-150121,,no,4740,2020-09-10T07:00,,,,10454.23,1883.55,173.09,562.7,54002.8192,437.9167,54002.8192,194.0,52,1,0,1.0,1.0,REFUSED_ALL_FULL,10452.91,1.32,1,A_current_placement,1.6328,52,25-54,MALE,0,unimpaired,1,0,1,1
Site 95,sim-20260725-224029-seed42,b6bf2af5d105b742507cc0c22adcd392bc55c717,42,0bc943324ae6,26-119530,,no,4740,2020-09-10T07:00,,,,26067.1,17484.39,173.09,562.7,54002.8192,800.3675,54002.8192,194.0,22,0,0,1.0,1.0,REFUSED_ALL_FULL,26053.75,13.34,1,A_current_placement,1.3272,22,18-24,MALE,0,unimpaired,0,0,0,0
Site 96,sim-20260725-224029-seed42,b6bf2af5d105b742507cc0c22adcd392bc55c717,42,0bc943324ae6,25-123987,,no,4740,2020-09-10T07:00,,,,13986.26,5398.36,173.09,562.7,54002.8192,865.0192,54002.8192,194.0,52,0,0,1.0,1.0,REFUSED_ALL_FULL,13967.72,18.54,1,A_current_placement,0.889,52,25-54,FEMALE,1,ambulant_impaired_no_aid,0,0,0,1
Site 97,sim-20260725-224029-seed42,b6bf2af5d105b742507cc0c22adcd392bc55c717,42,0bc943324ae6,26-149986,,no,4740,2020-09-10T07:00,,,,23682.6,15112.0,173.09,562.7,54002.8192,1398.1833,54002.8192,194.0,41,0,0,1.0,1.0,REFUSED_ALL_FULL,23681.36,1.24,1,A_current_placement,0.7452,41,25-54,MALE,1,ambulant_impaired_no_aid,0,0,0,1
Site 98,sim-20260725-224029-seed42,b6bf2af5d105b742507cc0c22adcd392bc55c717,42,0bc943324ae6,25-156580,,no,4740,2020-09-10T07:00,,,,16213.02,7595.47,173.09,562.7,54002.8192,758.6175,54002.8192,194.0,30,1,0,1.0,1.0,REFUSED_ALL_FULL,16164.83,48.19,1,A_current_placement,1.0727,30,25-54,FEMALE,0,unimpaired,1,0,1,1
Site 99,sim-20260725-224029-seed42,b6bf2af5d105b742507cc0c22adcd392bc55c717,42,0bc943324ae6,25-179008,,no,4740,2020-09-10T07:00,,,,18106.04,9501.67,173.09,562.7,54002.8192,645.2517,54002.8192,194.0,36,0,0,1.0,1.0,REFUSED_ALL_FULL,18071.03,35.01,1,A_current_placement,1.318,36,25-54,FEMALE,0,unimpaired,0,0,0,0
Site 100,sim-20260725-224029-seed42,b6bf2af5d105b742507cc0c22adcd392bc55c717,42,0bc943324ae6,26-119337,,no,4740,2020-09-10T07:00,,,,13940.97,5339.31,173.09,562.7,54002.8192,612.2858,54002.8192,194.0,39,0,0,1.0,1.0,REFUSED_ALL_FULL,13908.67,32.3,1,A_current_placement,1.262,39,25-54,MALE,0,unimpaired,0,0,0,0
Site 101,sim-20260725-224029-seed42,b6bf2af5d105b742507cc0c22adcd392bc55c717,42,0bc943324ae6,25-179174,,no,4740,2020-09-10T07:00,,,,11644.17,3043.3,173.09,562.7,54002.8192,820.9683,54002.8192,194.0,18,0,0,1.0,1.0,REFUSED_ALL_FULL,11612.66,31.52,1,A_current_placement,0.8862,18,18-24,MALE,0,unimpaired,0,0,0,0
Site 102,sim-20260725-224029-seed42,b6bf2af5d105b742507cc0c22adcd392bc55c717,42,0bc943324ae6,25-102146,,no,4740,2020-09-10T07:00,,,,14640.58,6069.93,173.09,562.7,54002.8192,623.3775,54002.8192,194.0,52,0,0,1.0,1.0,REFUSED_ALL_FULL,14639.29,1.28,1,A_current_placement,1.2563,52,25-54,MALE,0,unimpaired,0,0,0,0
Site 103,sim-20260725-224029-seed42,b6bf2af5d105b742507cc0c22adcd392bc55c717,42,0bc943324ae6,26-119286,,no,4740,2020-09-10T07:00,,,,24767.81,16091.38,173.09,562.7,54002.8192,728.6025,54002.8192,194.0,26,0,0,1.0,1.0,REFUSED_ALL_FULL,24660.74,107.07,1,A_current_placement,1.4014,26,25-54,MALE,0,unimpaired,0,0,0,0
Site 104,sim-20260725-224029-seed42,b6bf2af5d105b742507cc0c22adcd392bc55c717,42,0bc943324ae6,25-134674,,no,4740,2020-09-10T07:00,,,,11508.03,2937.42,173.09,562.7,54002.8192,529.0633,54002.8192,194.0,24,0,0,1.0,1.0,REFUSED_ALL_FULL,11506.78,1.25,1,A_current_placement,1.3746,24,18-24,MALE,0,unimpaired,0,0,0,0
Site 105,sim-20260725-224029-seed42,b6bf2af5d105b742507cc0c22adcd392bc55c717,42,0bc943324ae6,25-112633,,no,4740,2020-09-10T07:00,,,,21627.13,12982.09,173.09,562.7,54002.8192,1051.1525,54002.8192,194.0,47,0,0,1.0,1.0,REFUSED_ALL_FULL,21551.45,75.68,1,A_current_placement,0.9203,47,25-54,MALE,1,ambulant_impaired_no_aid,0,0,0,1
Site 106,sim-20260725-224029-seed42,b6bf2af5d105b742507cc0c22adcd392bc55c717,42,0bc943324ae6,25-179321,,no,4740,2020-09-10T07:00,,,,10545.01,1962.08,173.09,562.7,54002.8192,630.7142,54002.8192,194.0,62,0,0,1.0,1.0,REFUSED_ALL_FULL,10531.44,13.57,1,A_current_placement,1.1328,62,55-69,MALE,0,unimpaired,0,0,0,1
Site 108,sim-20260725-224029-seed42,b6bf2af5d105b742507cc0c22adcd392bc55c717,42,0bc943324ae6,26-119682,,no,4740,2020-09-10T07:00,,,,10490.23,1919.63,173.09,562.7,54002.8192,566.1133,54002.8192,194.0,62,0,0,1.0,1.0,REFUSED_ALL_FULL,10488.99,1.25,1,A_current_placement,1.2553,62,55-69,FEMALE,1,ambulant_impaired_no_aid,0,0,0,1
Site 109,sim-20260725-224029-seed42,b6bf2af5d105b742507cc0c22adcd392bc55c717,42,0bc943324ae6,25-178927,,no,4740,2020-09-10T07:00,,,,13189.91,4594.51,173.09,562.7,54002.8192,517.7875,54002.8192,194.0,39,1,0,1.0,1.0,REFUSED_ALL_FULL,13163.88,26.04,1,A_current_placement,1.4664,39,25-54,MALE,0,unimpaired,1,0,1,1
Site 111,sim-20260725-224029-seed42,b6bf2af5d105b742507cc0c22adcd392bc55c717,42,0bc943324ae6,25-167686,,no,4740,2020-09-10T07:00,,,,15610.54,6969.62,173.09,562.7,54002.8192,637.7967,54002.8192,194.0,52,0,0,1.0,1.0,REFUSED_ALL_FULL,15538.98,71.55,1,A_current_placement,1.2614,52,25-54,MALE,1,ambulant_impaired_no_aid,0,0,0,1
Site 112,sim-20260725-224029-seed42,b6bf2af5d105b742507cc0c22adcd392bc55c717,42,0bc943324ae6,26-109657,,no,4740,2020-09-10T07:00,,,,21670.74,13078.58,173.09,562.7,54002.8192,746.42,54002.8192,194.0,39,0,0,1.0,1.0,REFUSED_ALL_FULL,21647.94,22.81,1,A_current_placement,1.272,39,25-54,FEMALE,0,unimpaired,0,0,0,0
Site 113,sim-20260725-224029-seed42,b6bf2af5d105b742507cc0c22adcd392bc55c717,42,0bc943324ae6,25-112788,,no,4740,2020-09-10T07:00,,,,15210.71,6640.09,173.09,562.7,54002.8192,536.8083,54002.8192,194.0,30,0,0,1.0,1.0,REFUSED_ALL_FULL,15209.45,1.26,1,A_current_placement,1.4793,30,25-54,FEMALE,0,unimpaired,0,0,0,0
Site 114,sim-20260725-224029-seed42,b6bf2af5d105b742507cc0c22adcd392bc55c717,42,0bc943324ae6,25-134404,,no,4740,2020-09-10T07:00,,,,17587.67,8979.02,173.09,562.7,54002.8192,567.865,54002.8192,194.0,62,1,0,1.0,1.0,REFUSED_ALL_FULL,17548.38,39.29,1,A_current_placement,1.4731,62,55-69,FEMALE,0,unimpaired,1,0,1,1
Site 115,sim-20260725-224029-seed42,b6bf2af5d105b742507cc0c22adcd392bc55c717,42,0bc943324ae6,25-201585,,no,4740,2020-09-10T07:00,,,,22192.16,13582.99,173.09,562.7,54002.8192,678.5608,54002.8192,194.0,45,0,0,1.0,1.0,REFUSED_ALL_FULL,22152.35,39.81,1,A_current_placement,1.4082,45,25-54,MALE,1,ambulant_impaired_no_aid,0,0,0,1
Site 116,sim-20260725-224029-seed42,b6bf2af5d105b742507cc0c22adcd392bc55c717,42,0bc943324ae6,25-201712,,no,4740,2020-09-10T07:00,,,,12457.24,3886.61,173.09,562.7,54002.8192,592.005,54002.8192,194.0,54,0,0,1.0,1.0,REFUSED_ALL_FULL,12455.97,1.28,1,A_current_placement,1.2601,54,25-54,MALE,0,unimpaired,0,0,0,0
Site 117,sim-20260725-224029-seed42,b6bf2af5d105b742507cc0c22adcd392bc55c717,42,0bc943324ae6,26-140268,,no,4740,2020-09-10T07:00,,,,11647.38,3059.2,173.09,562.7,54002.8192,531.055,54002.8192,194.0,28,0,0,1.0,1.0,REFUSED_ALL_FULL,11628.56,18.82,1,A_current_placement,1.3815,28,25-54,FEMALE,0,unimpaired,0,0,0,0
Site 118,sim-20260725-224029-seed42,b6bf2af5d105b742507cc0c22adcd392bc55c717,42,0bc943324ae6,25-102563,,no,4740,2020-09-10T07:00,,,,18754.12,10183.51,173.09,562.7,54002.8192,2166.7942,54002.8192,194.0,58,0,1,1.0,1.0,REFUSED_ALL_FULL,18752.87,1.26,1,A_current_placement,0.4286,58,55-69,MALE,1,ambulant_impaired_no_aid,0,1,1,1
Site 119,sim-20260725-224029-seed42,b6bf2af5d105b742507cc0c22adcd392bc55c717,42,0bc943324ae6,25-167843,,no,4740,2020-09-10T07:00,,,,9993.85,1423.22,173.09,562.7,54002.8192,756.6275,54002.8192,194.0,69,1,0,1.0,1.0,REFUSED_ALL_FULL,9992.58,1.27,1,A_current_placement,0.9263,69,55-69,FEMALE,1,ambulant_impaired_no_aid,1,0,1,1
Site 120,sim-20260725-224029-seed42,b6bf2af5d105b742507cc0c22adcd392bc55c717,42,0bc943324ae6,25-212514,,no,4740,2020-09-10T07:00,,,,18913.52,10233.09,173.09,562.7,54002.8192,656.7008,54002.8192,194.0,41,0,0,1.0,1.0,REFUSED_ALL_FULL,18802.45,111.07,1,A_current_placement,1.3239,41,25-54,MALE,0,unimpaired,0,0,0,0
Site 121,sim-20260725-224029-seed42,b6bf2af5d105b742507cc0c22adcd392bc55c717,42,0bc943324ae6,25-145207,,no,4740,2020-09-10T07:00,,,,17669.17,9098.58,173.09,562.7,54002.8192,1791.5158,54002.8192,194.0,62,0,0,1.0,1.0,REFUSED_ALL_FULL,17667.94,1.23,1,A_current_placement,0.4867,62,55-69,MALE,1,ambulant_impaired_no_aid,0,0,0,1
Site 122,sim-20260725-224029-seed42,b6bf2af5d105b742507cc0c22adcd392bc55c717,42,0bc943324ae6,25-212420,,no,4740,2020-09-10T07:00,,,,13127.23,4516.66,173.09,562.7,54002.8192,460.1033,54002.8192,194.0,54,0,0,1.0,1.0,REFUSED_ALL_FULL,13086.02,41.21,1,A_current_placement,1.6464,54,25-54,MALE,0,unimpaired,0,0,0,0
Site 123,sim-20260725-224029-seed42,b6bf2af5d105b742507cc0c22adcd392bc55c717,42,0bc943324ae6,25-156620,,no,4740,2020-09-10T07:00,,,,11435.13,2837.17,173.09,562.7,54002.8192,563.9608,54002.8192,194.0,25,1,0,1.0,1.0,REFUSED_ALL_FULL,11406.53,28.6,1,A_current_placement,1.2876,25,25-54,MALE,0,unimpaired,1,0,1,1
Site 124,sim-20260725-224029-seed42,b6bf2af5d105b742507cc0c22adcd392bc55c717,42,0bc943324ae6,26-149957,,no,4740,2020-09-10T07:00,,,,15733.51,7133.94,173.09,562.7,54002.8192,717.4725,54002.8192,194.0,21,0,1,1.0,1.0,REFUSED_ALL_FULL,15703.3,30.2,1,A_current_placement,1.1172,21,18-24,MALE,0,unimpaired,0,1,1,1
Site 125,sim-20260725-224029-seed42,b6bf2af5d105b742507cc0c22adcd392bc55c717,42,0bc943324ae6,25-201232,,no,4740,2020-09-10T07:00,,,,20212.14,11639.19,173.09,562.7,54002.8192,557.5508,54002.8192,194.0,33,0,0,1.0,1.0,REFUSED_ALL_FULL,20208.55,3.59,1,A_current_placement,1.6003,33,25-54,MALE,0,unimpaired,0,0,0,0
Site 126,sim-20260725-224029-seed42,b6bf2af5d105b742507cc0c22adcd392bc55c717,42,0bc943324ae6,25-179126,,no,4740,2020-09-10T07:00,,,,18975.41,10344.44,173.09,562.7,54002.8192,683.5792,54002.8192,194.0,56,0,1,1.0,1.0,REFUSED_ALL_FULL,18913.8,61.61,1,A_current_placement,1.2846,56,55-69,FEMALE,0,unimpaired,0,1,1,1
Site 127,sim-20260725-224029-seed42,b6bf2af5d105b742507cc0c22adcd392bc55c717,42,0bc943324ae6,26-129722,,no,4740,2020-09-10T07:00,,,,10413.48,1807.35,173.09,562.7,54002.8192,580.2158,54002.8192,194.0,21,0,0,1.0,1.0,REFUSED_ALL_FULL,10376.71,36.77,1,A_current_placement,1.2253,21,18-24,MALE,0,unimpaired,0,0,0,0
Site 128,sim-20260725-224029-seed42,b6bf2af5d105b742507cc0c22adcd392bc55c717,42,0bc943324ae6,25-156567,,no,4740,2020-09-10T07:00,,,,12839.8,4223.37,173.09,562.7,54002.8192,472.2142,54002.8192,194.0,33,0,0,1.0,1.0,REFUSED_ALL_FULL,12792.73,47.07,1,A_current_placement,1.5936,33,25-54,MALE,0,unimpaired,0,0,0,0
Site 129,sim-20260725-224029-seed42,b6bf2af5d105b742507cc0c22adcd392bc55c717,42,0bc943324ae6,25-201526,,no,4740,2020-09-10T07:00,,,,11684.41,3083.1,173.09,562.7,54002.8192,485.76,54002.8192,194.0,27,0,0,1.0,1.0,REFUSED_ALL_FULL,11652.46,31.95,1,A_current_placement,1.5037,27,25-54,MALE,0,unimpaired,0,0,0,0
Site 130,sim-20260725-224029-seed42,b6bf2af5d105b742507cc0c22adcd392bc55c717,42,0bc943324ae6,25-222039,,no,4740,2020-09-10T07:00,,,,10613.06,2042.47,173.09,562.7,54002.8192,488.9083,54002.8192,194.0,45,0,0,1.0,1.0,REFUSED_ALL_FULL,10611.83,1.23,1,A_current_placement,1.4674,45,25-54,MALE,0,unimpaired,0,0,0,0
Site 131,sim-20260725-224029-seed42,b6bf2af5d105b742507cc0c22adcd392bc55c717,42,0bc943324ae6,25-167789,,no,4740,2020-09-10T07:00,,,,21272.98,12647.44,173.09,562.7,54002.8192,795.2083,54002.8192,194.0,58,0,0,1.0,1.0,REFUSED_ALL_FULL,21216.8,56.18,1,A_current_placement,1.1889,58,55-69,MALE,1,ambulant_impaired_no_aid,0,0,0,1
Site 132,sim-20260725-224029-seed42,b6bf2af5d105b742507cc0c22adcd392bc55c717,42,0bc943324ae6,25-112734,,no,4740,2020-09-10T07:00,,,,12046.53,3406.95,173.09,562.7,54002.8192,500.1408,54002.8192,194.0,46,0,1,1.0,1.0,REFUSED_ALL_FULL,11976.31,70.22,1,A_current_placement,1.4821,46,25-54,OTHER,1,ambulant_impaired_no_aid,0,1,1,1
Site 134,sim-20260725-224029-seed42,b6bf2af5d105b742507cc0c22adcd392bc55c717,42,0bc943324ae6,26-109423,,no,4740,2020-09-10T07:00,,,,14798.07,6203.99,173.09,562.7,54002.8192,669.6725,54002.8192,194.0,26,0,0,1.0,1.0,REFUSED_ALL_FULL,14773.35,24.72,1,A_current_placement,1.1716,26,25-54,FEMALE,0,unimpaired,0,0,0,0
Site 135,sim-20260725-224029-seed42,b6bf2af5d105b742507cc0c22adcd392bc55c717,42,0bc943324ae6,25-212298,,no,4740,2020-09-10T07:00,,,,19492.43,10842.83,173.09,562.7,54002.8192,559.8892,54002.8192,194.0,51,0,0,1.0,1.0,REFUSED_ALL_FULL,19412.19,80.24,1,A_current_placement,1.568,51,25-54,MALE,0,unimpaired,0,0,0,0
Site 136,sim-20260725-224029-seed42,b6bf2af5d105b742507cc0c22adcd392bc55c717,42,0bc943324ae6,25-145108,,no,4740,2020-09-10T07:00,,,,14058.74,5390.54,173.09,562.7,54002.8192,538.71,54002.8192,194.0,47,0,0,1.0,1.0,REFUSED_ALL_FULL,13959.9,98.84,1,A_current_placement,1.4316,47,25-54,MALE,0,unimpaired,0,0,0,0
Site 137,sim-20260725-224029-seed42,b6bf2af5d105b742507cc0c22adcd392bc55c717,42,0bc943324ae6,25-156373,,no,4740,2020-09-10T07:00,,,,21700.09,13124.29,173.09,562.7,54002.8192,975.9217,54002.8192,194.0,42,0,0,1.0,1.0,REFUSED_ALL_FULL,21693.65,6.44,1,A_current_placement,0.9899,42,25-54,MALE,0,unimpaired,0,0,0,0
Site 139,sim-20260725-224029-seed42,b6bf2af5d105b742507cc0c22adcd392bc55c717,42,0bc943324ae6,25-167582,,no,4740,2020-09-10T07:00,,,,16702.17,8106.71,173.09,562.7,54002.8192,590.5242,54002.8192,194.0,54,0,1,1.0,1.0,REFUSED_ALL_FULL,16676.08,26.09,1,A_current_placement,1.3972,54,25-54,MALE,0,unimpaired,0,1,1,1
Site 140,sim-20260725-224029-seed42,b6bf2af5d105b742507cc0c22adcd392bc55c717,42,0bc943324ae6,26-129853,,no,4740,2020-09-10T07:00,,,,15305.6,6655.99,173.09,562.7,54002.8192,604.31,54002.8192,194.0,37,0,0,1.0,1.0,REFUSED_ALL_FULL,15225.35,80.25,1,A_current_placement,1.3216,37,25-54,MALE,0,unimpaired,0,0,0,0
Site 141,sim-20260725-224029-seed42,b6bf2af5d105b742507cc0c22adcd392bc55c717,42,0bc943324ae6,25-123949,,no,4740,2020-09-10T07:00,,,,12368.97,3752.46,173.09,562.7,54002.8192,616.505,54002.8192,194.0,18,0,0,1.0,1.0,REFUSED_ALL_FULL,12321.82,47.14,1,A_current_placement,1.2103,18,18-24,FEMALE,0,unimpaired,0,0,0,0
Site 142,sim-20260725-224029-seed42,b6bf2af5d105b742507cc0c22adcd392bc55c717,42,0bc943324ae6,25-178729,,no,4740,2020-09-10T07:00,,,,10962.19,2358.35,173.09,562.7,54002.8192,527.7892,54002.8192,194.0,48,0,0,1.0,1.0,REFUSED_ALL_FULL,10927.72,34.47,1,A_current_placement,1.3711,48,25-54,MALE,0,unimpaired,0,0,0,0
Site 143,sim-20260725-224029-seed42,b6bf2af5d105b742507cc0c22adcd392bc55c717,42,0bc943324ae6,26-130108,,no,4740,2020-09-10T07:00,,,,22143.68,13558.54,173.09,562.7,54002.8192,670.63,54002.8192,194.0,54,0,0,1.0,1.0,REFUSED_ALL_FULL,22127.9,15.78,1,A_current_placement,1.4193,54,25-54,MALE,0,unimpaired,0,0,0,0
Site 144,sim-20260725-224029-seed42,b6bf2af5d105b742507cc0c22adcd392bc55c717,42,0bc943324ae6,26-119676,,no,4740,2020-09-10T07:00,,,,20063.14,11474.3,173.09,562.7,54002.8192,581.1992,54002.8192,194.0,39,0,0,1.0,1.0,REFUSED_ALL_FULL,20043.66,19.48,1,A_current_placement,1.535,39,25-54,MALE,0,unimpaired,0,0,0,0
Site 145,sim-20260725-224029-seed42,b6bf2af5d105b742507cc0c22adcd392bc55c717,42,0bc943324ae6,25-134340,,no,4740,2020-09-10T07:00,,,,11342.08,2741.89,173.09,562.7,54002.8192,496.875,54002.8192,194.0,38,0,0,1.0,1.0,REFUSED_ALL_FULL,11311.25,30.83,1,A_current_placement,1.4636,38,25-54,MALE,0,unimpaired,0,0,0,0
Site 146,sim-20260725-224029-seed42,b6bf2af5d105b742507cc0c22adcd392bc55c717,42,0bc943324ae6,25-145420,,no,4740,2020-09-10T07:00,,,,15499.58,6928.93,173.09,562.7,54002.8192,865.73,54002.8192,194.0,53,0,0,1.0,1.0,REFUSED_ALL_FULL,15498.29,1.28,1,A_current_placement,0.9243,53,25-54,MALE,1,ambulant_impaired_no_aid,0,0,0,1
Site 147,sim-20260725-224029-seed42,b6bf2af5d105b742507cc0c22adcd392bc55c717,42,0bc943324ae6,25-167537,,no,4740,2020-09-10T07:00,,,,19244.44,10660.11,173.09,562.7,54002.8192,622.0358,54002.8192,194.0,48,0,0,1.0,1.0,REFUSED_ALL_FULL,19229.47,14.97,1,A_current_placement,1.4059,48,25-54,MALE,0,unimpaired,0,0,0,0
Site 148,sim-20260725-224029-seed42,b6bf2af5d105b742507cc0c22adcd392bc55c717,42,0bc943324ae6,25-156334,,no,4740,2020-09-10T07:00,,,,11345.31,2757.27,173.09,562.7,54002.8192,537.4692,54002.8192,194.0,64,1,0,1.0,1.0,REFUSED_ALL_FULL,11326.63,18.68,1,A_current_placement,1.3497,64,55-69,MALE,0,unimpaired,1,0,1,1
Site 149,sim-20260725-224029-seed42,b6bf2af5d105b742507cc0c22adcd392bc55c717,42,0bc943324ae6,26-140609,,no,4740,2020-09-10T07:00,,,,19272.62,10673.33,173.09,562.7,54002.8192,539.1317,54002.8192,194.0,28,0,0,1.0,1.0,REFUSED_ALL_FULL,19242.69,29.93,1,A_current_placement,1.621,28,25-54,OTHER,0,unimpaired,0,0,0,0
Site 150,sim-20260725-224029-seed42,b6bf2af5d105b742507cc0c22adcd392bc55c717,42,0bc943324ae6,26-140165,,no,4740,2020-09-10T07:00,,,,18823.23,10234.23,173.09,562.7,54002.8192,1034.6242,54002.8192,194.0,29,0,1,1.0,1.0,REFUSED_ALL_FULL,18803.59,19.64,1,A_current_placement,0.8656,29,25-54,MALE,1,ambulant_impaired_no_aid,0,1,1,1
Site 151,sim-20260725-224029-seed42,b6bf2af5d105b742507cc0c22adcd392bc55c717,42,0bc943324ae6,25-156538,,no,4740,2020-09-10T07:00,,,,20494.16,11880.14,173.09,562.7,54002.8192,777.4433,54002.8192,194.0,66,0,0,1.0,1.0,REFUSED_ALL_FULL,20449.5,44.66,1,A_current_placement,1.1839,66,55-69,MALE,1,ambulant_impaired_no_aid,0,0,0,1
Site 152,sim-20260725-224029-seed42,b6bf2af5d105b742507cc0c22adcd392bc55c717,42,0bc943324ae6,25-212224,,no,4740,2020-09-10T07:00,,,,17822.87,9177.9,173.09,562.7,54002.8192,863.1492,54002.8192,194.0,49,0,0,1.0,1.0,REFUSED_ALL_FULL,17747.26,75.61,1,A_current_placement,0.9981,49,25-54,MALE,1,ambulant_impaired_no_aid,0,0,0,1
Site 153,sim-20260725-224029-seed42,b6bf2af5d105b742507cc0c22adcd392bc55c717,42,0bc943324ae6,25-201607,,no,4740,2020-09-10T07:00,,,,17135.44,8552.94,173.09,562.7,54002.8192,532.16,54002.8192,194.0,43,0,0,1.0,1.0,REFUSED_ALL_FULL,17122.3,13.14,1,A_current_placement,1.5647,43,25-54,MALE,0,unimpaired,0,0,0,0
Site 155,sim-20260725-224029-seed42,b6bf2af5d105b742507cc0c22adcd392bc55c717,42,0bc943324ae6,25-156610,,no,4740,2020-09-10T07:00,,,,20125.6,11533.2,173.09,562.7,54002.8192,576.4983,54002.8192,194.0,43,0,0,1.0,1.0,REFUSED_ALL_FULL,20102.56,23.03,1,A_current_placement,1.5436,43,25-54,MALE,0,unimpaired,0,0,0,0
Site 157,sim-20260725-224029-seed42,b6bf2af5d105b742507cc0c22adcd392bc55c717,42,0bc943324ae6,26-140556,,no,4740,2020-09-10T07:00,,,,12667.52,4070.81,173.09,562.7,54002.8192,449.4275,54002.8192,194.0,49,0,0,1.0,1.0,REFUSED_ALL_FULL,12640.17,27.35,1,A_current_placement,1.6687,49,25-54,MALE,0,unimpaired,0,0,0,0
Site 158,sim-20260725-224029-seed42,b6bf2af5d105b742507cc0c22adcd392bc55c717,42,0bc943324ae6,26-130031,,no,4740,2020-09-10T07:00,,,,14712.95,6121.56,173.09,562.7,54002.8192,552.2842,54002.8192,194.0,33,0,0,1.0,1.0,REFUSED_ALL_FULL,14690.92,22.03,1,A_current_placement,1.4249,33,25-54,FEMALE,0,unimpaired,0,0,0,0
Site 159,sim-20260725-224029-seed42,b6bf2af5d105b742507cc0c22adcd392bc55c717,42,0bc943324ae6,25-190750,,no,4740,2020-09-10T07:00,,,,10555.32,1937.48,173.09,562.7,54002.8192,552.0108,54002.8192,194.0,36,0,0,1.0,1.0,REFUSED_ALL_FULL,10506.85,48.48,1,A_current_placement,1.2937,36,25-54,MALE,0,unimpaired,0,0,0,0
Site 160,sim-20260725-224029-seed42,b6bf2af5d105b742507cc0c22adcd392bc55c717,42,0bc943324ae6,26-119763,,no,4740,2020-09-10T07:00,,,,10067.78,1457.74,173.09,562.7,54002.8192,487.6342,54002.8192,194.0,24,0,0,1.0,1.0,REFUSED_ALL_FULL,10027.1,40.68,1,A_current_placement,1.4526,24,18-24,FEMALE,0,unimpaired,0,0,0,0
Site 161,sim-20260725-224029-seed42,b6bf2af5d105b742507cc0c22adcd392bc55c717,42,0bc943324ae6,25-145464,,no,4740,2020-09-10T07:00,,,,17602.6,9031.95,173.09,562.7,54002.8192,591.105,54002.8192,194.0,36,0,0,1.0,1.0,REFUSED_ALL_FULL,17601.31,1.29,1,A_current_placement,1.4187,36,25-54,MALE,0,unimpaired,0,0,0,0
Site 162,sim-20260725-224029-seed42,b6bf2af5d105b742507cc0c22adcd392bc55c717,42,0bc943324ae6,26-119591,,no,4740,2020-09-10T07:00,,,,23343.71,14739.87,173.09,562.7,54002.8192,961.395,54002.8192,194.0,40,1,0,1.0,1.0,REFUSED_ALL_FULL,23309.23,34.48,1,A_current_placement,1.0477,40,25-54,MALE,1,ambulant_impaired_no_aid,1,0,1,1
Site 163,sim-20260725-224029-seed42,b6bf2af5d105b742507cc0c22adcd392bc55c717,42,0bc943324ae6,25-201523,,no,4740,2020-09-10T07:00,,,,18859.25,10288.61,173.09,562.7,54002.8192,793.5617,54002.8192,194.0,52,0,0,1.0,1.0,REFUSED_ALL_FULL,18857.97,1.28,1,A_current_placement,1.1086,52,25-54,MALE,1,ambulant_impaired_no_aid,0,0,0,1
Site 164,sim-20260725-224029-seed42,b6bf2af5d105b742507cc0c22adcd392bc55c717,42,0bc943324ae6,25-145109,,no,4740,2020-09-10T07:00,,,,11168.17,2597.57,173.09,562.7,54002.8192,549.58,54002.8192,194.0,66,1,0,1.0,1.0,REFUSED_ALL_FULL,11166.93,1.23,1,A_current_placement,1.3193,66,55-69,MALE,0,unimpaired,1,0,1,1
Site 165,sim-20260725-224029-seed42,b6bf2af5d105b742507cc0c22adcd392bc55c717,42,0bc943324ae6,25-212467,,no,4740,2020-09-10T07:00,,,,11256.44,2658.49,173.09,562.7,54002.8192,510.9775,54002.8192,194.0,20,0,1,1.0,1.0,REFUSED_ALL_FULL,11227.85,28.59,1,A_current_placement,1.4154,20,18-24,MALE,0,unimpaired,0,1,1,1
Site 166,sim-20260725-224029-seed42,b6bf2af5d105b742507cc0c22adcd392bc55c717,42,0bc943324ae6,26-109714,,no,4740,2020-09-10T07:00,,,,14149.5,5517.15,173.09,562.7,54002.8192,658.5808,54002.8192,194.0,18,1,0,1.0,1.0,REFUSED_ALL_FULL,14086.51,62.99,1,A_current_placement,1.1801,18,18-24,FEMALE,0,unimpaired,1,0,1,1
Site 167,sim-20260725-224029-seed42,b6bf2af5d105b742507cc0c22adcd392bc55c717,42,0bc943324ae6,26-129839,,no,4740,2020-09-10T07:00,,,,13113.25,4483.8,173.09,562.7,54002.8192,516.7917,54002.8192,194.0,54,0,0,1.0,1.0,REFUSED_ALL_FULL,13053.16,60.09,1,A_current_placement,1.4596,54,25-54,MALE,0,unimpaired,0,0,0,0
Site 168,sim-20260725-224029-seed42,b6bf2af5d105b742507cc0c22adcd392bc55c717,42,0bc943324ae6,25-145299,,no,4740,2020-09-10T07:00,,,,19135.0,10547.01,173.09,562.7,54002.8192,1372.59,54002.8192,194.0,49,0,0,1.0,1.0,REFUSED_ALL_FULL,19116.37,18.63,1,A_current_placement,0.6619,49,25-54,FEMALE,1,ambulant_impaired_no_aid,0,0,0,1
Site 170,sim-20260725-224029-seed42,b6bf2af5d105b742507cc0c22adcd392bc55c717,42,0bc943324ae6,25-201604,,no,4740,2020-09-10T07:00,,,,10661.82,2072.64,173.09,562.7,54002.8192,523.8058,54002.8192,194.0,34,0,0,1.0,1.0,REFUSED_ALL_FULL,10642.0,19.82,1,A_current_placement,1.3658,34,25-54,MALE,0,unimpaired,0,0,0,0
Site 171,sim-20260725-224029-seed42,b6bf2af5d105b742507cc0c22adcd392bc55c717,42,0bc943324ae6,26-119402,,no,4740,2020-09-10T07:00,,,,15247.78,6638.44,173.09,562.7,54002.8192,560.0483,54002.8192,194.0,48,0,0,1.0,1.0,REFUSED_ALL_FULL,15207.8,39.97,1,A_current_placement,1.4157,48,25-54,MALE,0,unimpaired,0,0,0,0
Site 172,sim-20260725-224029-seed42,b6bf2af5d105b742507cc0c22adcd392bc55c717,42,0bc943324ae6,26-140245,,no,4740,2020-09-10T07:00,,,,20875.2,12304.57,173.09,562.7,54002.8192,666.9675,54002.8192,194.0,39,0,0,1.0,1.0,REFUSED_ALL_FULL,20873.93,1.26,1,A_current_placement,1.3848,39,25-54,MALE,0,unimpaired,0,0,0,0
Site 173,sim-20260725-224029-seed42,b6bf2af5d105b742507cc0c22adcd392bc55c717,42,0bc943324ae6,25-112570,,no,4740,2020-09-10T07:00,,,,14496.51,5850.01,173.09,562.7,54002.8192,554.7667,54002.8192,194.0,28,1,0,1.0,1.0,REFUSED_ALL_FULL,14419.37,77.14,1,A_current_placement,1.4113,28,25-54,MALE,0,unimpaired,1,0,1,1
Site 174,sim-20260725-224029-seed42,b6bf2af5d105b742507cc0c22adcd392bc55c717,42,0bc943324ae6,25-102189,,no,4740,2020-09-10T07:00,,,,10078.21,1469.08,173.09,562.7,54002.8192,541.335,54002.8192,194.0,47,0,0,1.0,1.0,REFUSED_ALL_FULL,10038.44,39.77,1,A_current_placement,1.3084,47,25-54,MALE,0,unimpaired,0,0,0,0
Site 175,sim-20260725-224029-seed42,b6bf2af5d105b742507cc0c22adcd392bc55c717,42,0bc943324ae6,25-201537,,no,4740,2020-09-10T07:00,,,,11542.29,2941.33,173.09,562.7,54002.8192,530.0592,54002.8192,194.0,33,0,0,1.0,1.0,REFUSED_ALL_FULL,11510.69,31.6,1,A_current_placement,1.374,33,25-54,MALE,0,unimpaired,0,0,0,0
Site 176,sim-20260725-224029-seed42,b6bf2af5d105b742507cc0c22adcd392bc55c717,42,0bc943324ae6,26-140216,,no,4740,2020-09-10T07:00,,,,15371.23,6766.84,173.09,562.7,54002.8192,516.8958,54002.8192,194.0,32,0,0,1.0,1.0,REFUSED_ALL_FULL,15336.2,35.03,1,A_current_placement,1.5442,32,25-54,FEMALE,0,unimpaired,0,0,0,0
Site 178,sim-20260725-224029-seed42,b6bf2af5d105b742507cc0c22adcd392bc55c717,42,0bc943324ae6,25-212163,,no,4740,2020-09-10T07:00,,,,9789.13,1203.41,173.09,562.7,54002.8192,1188.1458,54002.8192,194.0,62,1,0,1.0,1.0,REFUSED_ALL_FULL,9772.77,16.36,1,A_current_placement,0.5774,62,55-69,FEMALE,1,ambulant_impaired_no_aid,1,0,1,1
Site 179,sim-20260725-224029-seed42,b6bf2af5d105b742507cc0c22adcd392bc55c717,42,0bc943324ae6,25-179310,,no,4740,2020-09-10T07:00,,,,13608.39,5012.42,173.09,562.7,54002.8192,1009.3725,54002.8192,194.0,52,1,0,1.0,1.0,REFUSED_ALL_FULL,13581.78,26.61,1,A_current_placement,0.7533,52,25-54,FEMALE,1,ambulant_impaired_no_aid,1,0,1,1
Site 180,sim-20260725-224029-seed42,b6bf2af5d105b742507cc0c22adcd392bc55c717,42,0bc943324ae6,26-119335,,no,4740,2020-09-10T07:00,,,,10691.12,2086.64,173.09,562.7,54002.8192,534.2033,54002.8192,194.0,56,0,0,1.0,1.0,REFUSED_ALL_FULL,10656.0,35.12,1,A_current_placement,1.3403,56,55-69,MALE,0,unimpaired,0,0,0,1
Site 181,sim-20260725-224029-seed42,b6bf2af5d105b742507cc0c22adcd392bc55c717,42,0bc943324ae6,25-134680,,no,4740,2020-09-10T07:00,,,,21009.16,12435.2,173.09,562.7,54002.8192,804.4867,54002.8192,194.0,53,0,0,1.0,1.0,REFUSED_ALL_FULL,21004.56,4.59,1,A_current_placement,1.1621,53,25-54,FEMALE,1,ambulant_impaired_no_aid,0,0,0,1
Site 182,sim-20260725-224029-seed42,b6bf2af5d105b742507cc0c22adcd392bc55c717,42,0bc943324ae6,25-102570,,no,4740,2020-09-10T07:00,,,,11546.88,2936.77,173.09,562.7,54002.8192,489.465,54002.8192,194.0,50,0,0,1.0,1.0,REFUSED_ALL_FULL,11506.13,40.75,1,A_current_placement,1.4937,50,25-54,MALE,0,unimpaired,0,0,0,0
Site 183,sim-20260725-224029-seed42,b6bf2af5d105b742507cc0c22adcd392bc55c717,42,0bc943324ae6,26-109508,,no,4740,2020-09-10T07:00,,,,12810.91,4181.46,173.09,562.7,54002.8192,549.6975,54002.8192,194.0,47,0,0,1.0,1.0,REFUSED_ALL_FULL,12750.82,60.09,1,A_current_placement,1.3671,47,25-54,FEMALE,0,unimpaired,0,0,0,0
Site 184,sim-20260725-224029-seed42,b6bf2af5d105b742507cc0c22adcd392bc55c717,42,0bc943324ae6,25-123905,,no,4740,2020-09-10T07:00,,,,11626.03,3043.33,173.09,562.7,54002.8192,661.5608,54002.8192,194.0,52,0,0,1.0,1.0,REFUSED_ALL_FULL,11612.69,13.34,1,A_current_placement,1.1002,52,25-54,FEMALE,0,unimpaired,0,0,0,0
Site 185,sim-20260725-224029-seed42,b6bf2af5d105b742507cc0c22adcd392bc55c717,42,0bc943324ae6,25-201356,,no,4740,2020-09-10T07:00,,,,12391.41,3779.88,173.09,562.7,54002.8192,575.9108,54002.8192,194.0,36,0,0,1.0,1.0,REFUSED_ALL_FULL,12349.24,42.17,1,A_current_placement,1.295,36,25-54,FEMALE,0,unimpaired,0,0,0,0
Site 186,sim-20260725-224029-seed42,b6bf2af5d105b742507cc0c22adcd392bc55c717,42,0bc943324ae6,25-212479,,no,4740,2020-09-10T07:00,,,,0.0,,173.09,562.7,54002.8192,0.0,54002.8192,194.0,21,1,0,1.0,1.0,UNREACHABLE,0.0,0.0,0,A_current_placement,1.1828,21,18-24,FEMALE,0,unimpaired,1,0,1,1
Site 187,sim-20260725-224029-seed42,b6bf2af5d105b742507cc0c22adcd392bc55c717,42,0bc943324ae6,25-112668,,no,4740,2020-09-10T07:00,,,,19986.39,11400.31,173.09,562.7,54002.8192,874.275,54002.8192,194.0,19,0,0,1.0,1.0,REFUSED_ALL_FULL,19969.67,16.72,1,A_current_placement,1.0484,19,18-24,MALE,0,unimpaired,0,0,0,0
Site 188,sim-20260725-224029-seed42,b6bf2af5d105b742507cc0c22adcd392bc55c717,42,0bc943324ae6,25-222127,,no,4740,2020-09-10T07:00,,,,17499.32,8928.66,173.09,562.7,54002.8192,536.5967,54002.8192,194.0,47,0,0,1.0,1.0,REFUSED_ALL_FULL,17498.02,1.3,1,A_current_placement,1.5584,47,25-54,MALE,0,unimpaired,0,0,0,0
Site 189,sim-20260725-224029-seed42,b6bf2af5d105b742507cc0c22adcd392bc55c717,42,0bc943324ae6,26-109395,,no,4740,2020-09-10T07:00,,,,17681.09,9102.34,173.09,562.7,54002.8192,827.0333,54002.8192,194.0,34,0,0,1.0,1.0,REFUSED_ALL_FULL,17671.7,9.39,1,A_current_placement,1.0331,34,25-54,MALE,0,unimpaired,0,0,0,0
Site 191,sim-20260725-224029-seed42,b6bf2af5d105b742507cc0c22adcd392bc55c717,42,0bc943324ae6,25-134223,,no,4740,2020-09-10T07:00,,,,15368.87,6798.26,173.09,562.7,54002.8192,678.5458,54002.8192,194.0,27,0,0,1.0,1.0,REFUSED_ALL_FULL,15367.62,1.25,1,A_current_placement,1.1791,27,25-54,MALE,1,ambulant_impaired_no_aid,0,0,0,1
Site 192,sim-20260725-224029-seed42,b6bf2af5d105b742507cc0c22adcd392bc55c717,42,0bc943324ae6,26-149746,,no,4740,2020-09-10T07:00,,,,17335.49,8738.46,173.09,562.7,54002.8192,611.0175,54002.8192,194.0,51,1,0,1.0,1.0,REFUSED_ALL_FULL,17307.82,27.67,1,A_current_placement,1.3644,51,25-54,MALE,0,unimpaired,1,0,1,1
Site 193,sim-20260725-224029-seed42,b6bf2af5d105b742507cc0c22adcd392bc55c717,42,0bc943324ae6,25-212526,,no,4740,2020-09-10T07:00,,,,17268.3,8656.58,173.09,562.7,54002.8192,602.9892,54002.8192,194.0,39,1,0,1.0,1.0,REFUSED_ALL_FULL,17225.94,42.36,1,A_current_placement,1.3845,39,25-54,FEMALE,0,unimpaired,1,0,1,1
Site 194,sim-20260725-224029-seed42,b6bf2af5d105b742507cc0c22adcd392bc55c717,42,0bc943324ae6,25-167788,,no,4740,2020-09-10T07:00,,,,16196.72,7597.79,173.09,562.7,54002.8192,503.6383,54002.8192,194.0,58,1,0,1.0,1.0,REFUSED_ALL_FULL,16167.15,29.57,1,A_current_placement,1.615,58,55-69,MALE,0,unimpaired,1,0,1,1
Site 195,sim-20260725-224029-seed42,b6bf2af5d105b742507cc0c22adcd392bc55c717,42,0bc943324ae6,25-190502,,no,4740,2020-09-10T07:00,,,,10275.79,1661.96,173.09,562.7,54002.8192,596.9042,54002.8192,194.0,49,0,0,1.0,1.0,REFUSED_ALL_FULL,10231.32,44.47,1,A_current_placement,1.1856,49,25-54,FEMALE,0,unimpaired,0,0,0,0
Site 196,sim-20260725-224029-seed42,b6bf2af5d105b742507cc0c22adcd392bc55c717,42,0bc943324ae6,26-130031,,no,4740,2020-09-10T07:00,,,,14712.95,6121.56,173.09,562.7,54002.8192,608.1658,54002.8192,194.0,38,1,0,1.0,1.0,REFUSED_ALL_FULL,14690.92,22.03,1,A_current_placement,1.2931,38,25-54,MALE,0,unimpaired,1,0,1,1
Site 197,sim-20260725-224029-seed42,b6bf2af5d105b742507cc0c22adcd392bc55c717,42,0bc943324ae6,25-134264,,no,4740,2020-09-10T07:00,,,,14503.69,5919.9,173.09,562.7,54002.8192,478.9725,54002.8192,194.0,30,0,0,1.0,1.0,REFUSED_ALL_FULL,14489.26,14.43,1,A_current_placement,1.6373,30,25-54,MALE,0,unimpaired,0,0,0,0
Site 198,sim-20260725-224029-seed42,b6bf2af5d105b742507cc0c22adcd392bc55c717,42,0bc943324ae6,26-109365,,no,4740,2020-09-10T07:00,,,,23122.33,14367.4,173.09,562.7,54002.8192,636.1092,54002.8192,194.0,55,0,0,1.0,1.0,REFUSED_ALL_FULL,22936.76,185.57,1,A_current_placement,1.5271,55,55-69,FEMALE,0,unimpaired,0,0,0,1
Site 199,sim-20260725-224029-seed42,b6bf2af5d105b742507cc0c22adcd392bc55c717,42,0bc943324ae6,25-123944,,no,4740,2020-09-10T07:00,,,,15696.36,7099.94,173.09,562.7,54002.8192,509.7125,54002.8192,194.0,29,0,0,1.0,1.0,REFUSED_ALL_FULL,15669.3,27.06,1,A_current_placement,1.5761,29,25-54,MALE,0,unimpaired,0,0,0,0
Site 200,sim-20260725-224029-seed42,b6bf2af5d105b742507cc0c22adcd392bc55c717,42,0bc943324ae6,25-167899,,no,4740,2020-09-10T07:00,,,,11933.95,3352.45,173.09,562.7,54002.8192,605.8292,54002.8192,194.0,59,0,0,1.0,1.0,REFUSED_ALL_FULL,11921.81,12.14,1,A_current_placement,1.2146,59,55-69,MALE,0,unimpaired,0,0,0,1
Site 201,sim-20260725-224029-seed42,b6bf2af5d105b742507cc0c22adcd392bc55c717,42,0bc943324ae6,25-212430,,no,4740,2020-09-10T07:00,,,,13818.04,5229.15,173.09,562.7,54002.8192,477.4717,54002.8192,194.0,43,0,0,1.0,1.0,REFUSED_ALL_FULL,13798.51,19.53,1,A_current_placement,1.6154,43,25-54,MALE,0,unimpaired,0,0,0,0
Site 202,sim-20260725-224029-seed42,b6bf2af5d105b742507cc0c22adcd392bc55c717,42,0bc943324ae6,25-145005,,no,4740,2020-09-10T07:00,,,,22690.79,14105.8,173.09,562.7,54002.8192,1608.6367,54002.8192,194.0,68,0,0,1.0,1.0,REFUSED_ALL_FULL,22675.16,15.64,1,A_current_placement,0.6412,68,55-69,MALE,1,ambulant_impaired_no_aid,0,0,0,1
Site 203,sim-20260725-224029-seed42,b6bf2af5d105b742507cc0c22adcd392bc55c717,42,0bc943324ae6,25-201421,,no,4740,2020-09-10T07:00,,,,10206.07,1606.74,173.09,562.7,54002.8192,523.5275,54002.8192,194.0,61,1,0,1.0,1.0,REFUSED_ALL_FULL,10176.1,29.97,1,A_current_placement,1.3562,61,55-69,MALE,0,unimpaired,1,0,1,1
Site 205,sim-20260725-224029-seed42,b6bf2af5d105b742507cc0c22adcd392bc55c717,42,0bc943324ae6,25-102328,,no,4740,2020-09-10T07:00,,,,15332.99,6694.48,173.09,562.7,54002.8192,555.3475,54002.8192,194.0,35,0,0,1.0,1.0,REFUSED_ALL_FULL,15263.84,69.15,1,A_current_placement,1.4301,35,25-54,FEMALE,0,unimpaired,0,0,0,0
Site 206,sim-20260725-224029-seed42,b6bf2af5d105b742507cc0c22adcd392bc55c717,42,0bc943324ae6,25-179022,,no,4740,2020-09-10T07:00,,,,17905.23,9334.59,173.09,562.7,54002.8192,571.1925,54002.8192,194.0,34,0,1,1.0,1.0,REFUSED_ALL_FULL,17903.95,1.29,1,A_current_placement,1.4785,34,25-54,MALE,0,unimpaired,0,1,1,1
Site 207,sim-20260725-224029-seed42,b6bf2af5d105b742507cc0c22adcd392bc55c717,42,0bc943324ae6,26-149977,,no,4740,2020-09-10T07:00,,,,17023.85,8434.94,173.09,562.7,54002.8192,593.8517,54002.8192,194.0,20,0,0,1.0,1.0,REFUSED_ALL_FULL,17004.3,19.55,1,A_current_placement,1.3972,20,18-24,MALE,0,unimpaired,0,0,0,0
Site 208,sim-20260725-224029-seed42,b6bf2af5d105b742507cc0c22adcd392bc55c717,42,0bc943324ae6,25-167705,,no,4740,2020-09-10T07:00,,,,11451.26,2836.58,173.09,562.7,54002.8192,478.0717,54002.8192,194.0,54,0,0,1.0,1.0,REFUSED_ALL_FULL,11405.94,45.32,1,A_current_placement,1.521,54,25-54,MALE,0,unimpaired,0,0,0,0
Site 210,sim-20260725-224029-seed42,b6bf2af5d105b742507cc0c22adcd392bc55c717,42,0bc943324ae6,25-123984,,no,4740,2020-09-10T07:00,,,,16976.32,8353.03,173.09,562.7,54002.8192,541.5617,54002.8192,194.0,67,0,0,1.0,1.0,REFUSED_ALL_FULL,16922.39,53.93,1,A_current_placement,1.5239,67,55-69,MALE,1,ambulant_impaired_no_aid,0,0,0,1
Site 211,sim-20260725-224029-seed42,b6bf2af5d105b742507cc0c22adcd392bc55c717,42,0bc943324ae6,25-123800,,no,4740,2020-09-10T07:00,,,,19369.55,10654.56,173.09,562.7,54002.8192,558.78,54002.8192,194.0,42,0,1,1.0,1.0,REFUSED_ALL_FULL,19223.92,145.63,1,A_current_placement,1.5645,42,25-54,MALE,1,ambulant_impaired_no_aid,0,1,1,1
Site 212,sim-20260725-224029-seed42,b6bf2af5d105b742507cc0c22adcd392bc55c717,42,0bc943324ae6,25-212049,,no,4740,2020-09-10T07:00,,,,16699.12,8125.85,173.09,562.7,54002.8192,577.795,54002.8192,194.0,44,0,0,1.0,1.0,REFUSED_ALL_FULL,16695.21,3.91,1,A_current_placement,1.4275,44,25-54,MALE,0,unimpaired,0,0,0,0
Site 213,sim-20260725-224029-seed42,b6bf2af5d105b742507cc0c22adcd392bc55c717,42,0bc943324ae6,25-145207,,no,4740,2020-09-10T07:00,,,,17669.17,9098.58,173.09,562.7,54002.8192,514.4658,54002.8192,194.0,53,0,0,1.0,1.0,REFUSED_ALL_FULL,17667.94,1.23,1,A_current_placement,1.6394,53,25-54,MALE,0,unimpaired,0,0,0,0
Site 214,sim-20260725-224029-seed42,b6bf2af5d105b742507cc0c22adcd392bc55c717,42,0bc943324ae6,26-119729,,no,4740,2020-09-10T07:00,,,,21672.69,13081.25,173.09,562.7,54002.8192,732.1733,54002.8192,194.0,27,0,0,1.0,1.0,REFUSED_ALL_FULL,21650.61,22.08,1,A_current_placement,1.2962,27,25-54,MALE,1,ambulant_impaired_no_aid,0,0,0,1
Site 215,sim-20260725-224029-seed42,b6bf2af5d105b742507cc0c22adcd392bc55c717,42,0bc943324ae6,26-129876,,no,4740,2020-09-10T07:00,,,,19972.75,11400.31,173.09,562.7,54002.8192,766.1383,54002.8192,194.0,30,0,0,1.0,1.0,REFUSED_ALL_FULL,19969.67,3.08,1,A_current_placement,1.1849,30,25-54,MALE,0,unimpaired,0,0,0,0
Site 216,sim-20260725-224029-seed42,b6bf2af5d105b742507cc0c22adcd392bc55c717,42,0bc943324ae6,25-112669,,no,4740,2020-09-10T07:00,,,,15692.35,7078.61,173.09,562.7,54002.8192,560.8933,54002.8192,194.0,24,0,0,1.0,1.0,REFUSED_ALL_FULL,15647.97,44.39,1,A_current_placement,1.4288,24,18-24,MALE,0,unimpaired,0,0,0,0
Site 217,sim-20260725-224029-seed42,b6bf2af5d105b742507cc0c22adcd392bc55c717,42,0bc943324ae6,25-190321,,no,4740,2020-09-10T07:00,,,,12129.38,3535.75,173.09,562.7,54002.8192,603.12,54002.8192,194.0,35,0,0,1.0,1.0,REFUSED_ALL_FULL,12105.11,24.27,1,A_current_placement,1.2242,35,25-54,MALE,0,unimpaired,0,0,0,0
