Agent ID,Scenario,Seed,Starting location (encampment ID),Shelter reached,Reached shelter?,Travel time (minutes),Travel distance (metres),Average PM2.5 (ug/m3),Peak PM2.5 (ug/m3),Cumulative PM2.5 dose (ug/m3 x hours),Exposure burden index (ug/m3 x hours),Inhaled PM2.5 dose (micrograms),Health risk score,Walking speed (m/s),Age group,Mobility limitation,Asthma,COPD,Final state
Site 1963,A_placement_current,42,25-156603,OCC,yes,3.0,292.0,17.17,112.1,1357.0,1357.0,831.0,831.0,1.299,25-54,no,no,no,Reached shelter
Site 1983,A_placement_current,42,25-156690,OCC,yes,5.0,407.0,17.19,112.1,1359.0,1359.0,834.0,834.0,1.336,55-69,no,no,no,Reached shelter
Site 680,A_placement_current,42,25-102148,OCC,yes,6.0,761.0,17.19,112.1,1360.0,1360.0,836.0,836.0,1.898,25-54,no,no,no,Reached shelter
Site 852,A_placement_current,42,25-112923,OCC,yes,6.0,570.0,17.19,112.1,1360.0,1360.0,836.0,836.0,1.377,25-54,no,no,no,Reached shelter
Site 1125,A_placement_current,42,25-123958,OCC,yes,6.0,703.0,17.19,112.1,1360.0,1360.0,836.0,836.0,1.794,25-54,no,no,no,Reached shelter
Site 1457,A_placement_current,42,25-112923,OCC,yes,6.0,570.0,17.19,112.1,1360.0,1360.0,836.0,836.0,1.443,25-54,no,no,no,Reached shelter
Site 1720,A_placement_current,42,25-123734,OCC,yes,6.0,503.0,17.19,112.1,1360.0,1360.0,836.0,836.0,1.278,25-54,no,no,no,Reached shelter
Site 54,A_placement_current,42,25-123958,OCC,yes,7.0,703.0,17.2,112.1,1361.0,1361.0,837.0,837.0,1.5,25-54,no,no,no,Reached shelter
Site 664,A_placement_current,42,25-123840,OCC,yes,7.0,642.0,17.2,112.1,1361.0,1361.0,837.0,837.0,1.36,25-54,no,no,no,Reached shelter
Site 877,A_placement_current,42,25-134358,OCC,yes,7.0,530.0,17.2,112.1,1361.0,1361.0,837.0,837.0,1.154,55-69,no,no,no,Reached shelter
Site 973,A_placement_current,42,25-221992,OCC,yes,7.0,587.0,17.2,112.1,1361.0,1361.0,837.0,837.0,1.232,25-54,no,no,no,Reached shelter
Site 989,A_placement_current,42,26-119618,OCC,yes,7.0,594.0,17.2,112.1,1361.0,1361.0,837.0,837.0,1.38,25-54,no,no,no,Reached shelter
Site 1382,A_placement_current,42,26-109601,OCC,yes,7.0,595.0,17.2,112.1,1361.0,1361.0,837.0,837.0,1.371,25-54,no,no,no,Reached shelter
Site 1681,A_placement_current,42,25-145000,OCC,yes,7.0,715.0,17.2,112.1,1361.0,1361.0,837.0,837.0,1.539,25-54,yes,no,no,Reached shelter
Site 1752,A_placement_current,42,25-123792,OCC,yes,7.0,593.0,17.2,112.1,1361.0,1361.0,837.0,837.0,1.323,25-54,no,yes,no,Reached shelter
Site 561,A_placement_current,42,25-112905,OCC,yes,8.0,706.0,17.21,112.1,1362.0,1362.0,839.0,839.0,1.389,25-54,no,no,no,Reached shelter
Site 562,A_placement_current,42,25-102148,OCC,yes,8.0,761.0,17.21,112.1,1362.0,1362.0,839.0,839.0,1.535,25-54,no,no,no,Reached shelter
Site 806,A_placement_current,42,25-112600,OCC,yes,8.0,646.0,17.21,112.1,1362.0,1362.0,839.0,839.0,1.259,25-54,no,no,no,Reached shelter
Site 889,A_placement_current,42,25-112673,OCC,yes,8.0,558.0,17.21,112.1,1362.0,1362.0,839.0,839.0,1.152,55-69,no,no,no,Reached shelter
Site 1029,A_placement_current,42,26-130246,OCC,yes,8.0,820.0,17.21,112.1,1362.0,1362.0,839.0,839.0,1.703,25-54,no,no,no,Reached shelter
Site 1500,A_placement_current,42,25-145300,OCC,yes,8.0,623.0,17.21,112.1,1362.0,1362.0,839.0,839.0,1.276,55-69,no,no,no,Reached shelter
Site 1700,A_placement_current,42,25-102519,OCC,yes,8.0,634.0,17.21,112.1,1362.0,1362.0,839.0,839.0,1.203,25-54,no,no,no,Reached shelter
Site 265,A_placement_current,42,25-178762,OCC,yes,9.0,900.0,17.22,112.1,1363.0,1363.0,841.0,841.0,1.666,55-69,no,no,no,Reached shelter
Site 532,A_placement_current,42,25-190510,OCC,yes,9.0,819.0,17.22,112.1,1363.0,1363.0,841.0,841.0,1.491,25-54,no,no,no,Reached shelter
Site 983,A_placement_current,42,26-130246,OCC,yes,9.0,820.0,17.22,112.1,1363.0,1363.0,841.0,841.0,1.398,55-69,no,no,no,Reached shelter
Site 1863,A_placement_current,42,25-221992,OCC,yes,9.0,587.0,17.22,112.1,1363.0,1363.0,841.0,841.0,1.046,25-54,no,no,no,Reached shelter
Site 28,A_placement_current,42,25-112538,OCC,yes,10.0,901.0,17.23,112.1,1364.0,1364.0,842.0,842.0,1.469,55-69,no,no,no,Reached shelter
Site 244,A_placement_current,42,25-178762,OCC,yes,10.0,900.0,17.23,112.1,1364.0,1364.0,842.0,842.0,1.394,25-54,no,no,no,Reached shelter
Site 1732,A_placement_current,42,25-112604,OCC,yes,10.0,637.0,17.23,112.1,1364.0,1364.0,842.0,842.0,0.979,25-54,yes,no,no,Reached shelter
Site 1736,A_placement_current,42,26-109621,OCC,yes,10.0,962.0,17.23,112.1,1364.0,1364.0,842.0,842.0,1.566,25-54,no,no,no,Reached shelter
Site 468,A_placement_current,42,25-201233,OCC,yes,11.0,1030.0,17.24,112.1,1365.0,1365.0,844.0,844.0,1.437,25-54,no,no,no,Reached shelter
Site 472,A_placement_current,42,26-119720,OCC,yes,11.0,906.0,17.24,112.1,1365.0,1365.0,844.0,844.0,1.336,55-69,no,no,no,Reached shelter
Site 676,A_placement_current,42,25-201738,OCC,yes,11.0,953.0,17.24,112.1,1365.0,1365.0,844.0,844.0,1.443,25-54,yes,no,no,Reached shelter
Site 803,A_placement_current,42,26-109574,OCC,yes,11.0,1001.0,17.24,112.1,1365.0,1365.0,844.0,844.0,1.4,25-54,no,no,no,Reached shelter
Site 1261,A_placement_current,42,25-212253,OCC,yes,11.0,953.0,17.24,112.1,1365.0,1365.0,844.0,844.0,1.384,18-24,no,no,no,Reached shelter
Site 1534,A_placement_current,42,25-156057,OCC,yes,11.0,1052.0,17.24,112.1,1365.0,1365.0,844.0,844.0,1.486,25-54,no,no,no,Reached shelter
Site 1599,A_placement_current,42,25-145506,OCC,yes,11.0,1063.0,17.24,112.1,1365.0,1365.0,844.0,844.0,1.51,25-54,no,yes,no,Reached shelter
Site 1626,A_placement_current,42,26-129834,OCC,yes,11.0,962.0,17.24,112.1,1365.0,1365.0,844.0,844.0,1.347,25-54,no,no,no,Reached shelter
Site 1741,A_placement_current,42,25-156642,OCC,yes,11.0,988.0,17.24,112.1,1365.0,1365.0,844.0,844.0,1.437,25-54,no,no,no,Reached shelter
Site 190,A_placement_current,42,25-222022,OCC,yes,12.0,1199.0,17.25,112.1,1366.0,1366.0,845.0,845.0,1.538,25-54,no,yes,no,Reached shelter
Site 303,A_placement_current,42,26-119720,OCC,yes,12.0,906.0,17.25,112.1,1366.0,1366.0,845.0,845.0,1.176,25-54,yes,no,no,Reached shelter
Site 339,A_placement_current,42,25-201336,OCC,yes,12.0,858.0,17.25,112.1,1366.0,1366.0,845.0,845.0,1.149,25-54,no,no,no,Reached shelter
Site 465,A_placement_current,42,25-178839,OCC,yes,12.0,1173.0,17.25,112.1,1366.0,1366.0,845.0,845.0,1.533,25-54,no,no,no,Reached shelter
Site 545,A_placement_current,42,25-201738,OCC,yes,12.0,953.0,17.25,112.1,1366.0,1366.0,845.0,845.0,1.265,18-24,no,no,no,Reached shelter
Site 628,A_placement_current,42,25-145303,OCC,yes,12.0,1523.0,17.25,112.1,1366.0,1366.0,845.0,845.0,2.018,55-69,no,no,no,Reached shelter
Site 991,A_placement_current,42,25-212163,OCC,yes,12.0,1220.0,17.25,112.1,1366.0,1366.0,845.0,845.0,1.68,25-54,no,no,no,Reached shelter
Site 1071,A_placement_current,42,25-123793,OCC,yes,12.0,1277.0,17.25,112.1,1366.0,1366.0,845.0,845.0,1.746,25-54,no,no,no,Reached shelter
Site 1197,A_placement_current,42,25-123959,OCC,yes,12.0,1239.0,17.25,112.1,1366.0,1366.0,845.0,845.0,1.605,55-69,no,no,no,Reached shelter
Site 1297,A_placement_current,42,25-102480,OCC,yes,12.0,1126.0,17.25,112.1,1366.0,1366.0,845.0,845.0,1.55,25-54,no,no,no,Reached shelter
Site 1330,A_placement_current,42,25-102513,OCC,yes,12.0,1125.0,17.25,112.1,1366.0,1366.0,845.0,845.0,1.462,25-54,no,no,no,Reached shelter
Site 1439,A_placement_current,42,25-178717,OCC,yes,12.0,1205.0,17.25,112.1,1366.0,1366.0,845.0,845.0,1.553,25-54,no,no,no,Reached shelter
Site 1885,A_placement_current,42,25-201208,OCC,yes,12.0,1267.0,17.25,112.1,1366.0,1366.0,845.0,845.0,1.704,25-54,no,yes,no,Reached shelter
Site 1901,A_placement_current,42,26-149838,OCC,yes,12.0,1056.0,17.25,112.1,1366.0,1366.0,845.0,845.0,1.365,70+,no,no,no,Reached shelter
Site 138,A_placement_current,42,25-201599,OCC,yes,13.0,1066.0,17.26,112.1,1367.0,1367.0,847.0,847.0,1.364,55-69,no,no,no,Reached shelter
Site 580,A_placement_current,42,25-123869,OCC,yes,13.0,1163.0,17.26,112.1,1367.0,1367.0,847.0,847.0,1.487,25-54,no,no,no,Reached shelter
Site 604,A_placement_current,42,25-221975,OCC,yes,13.0,958.0,17.26,112.1,1367.0,1367.0,847.0,847.0,1.178,25-54,no,yes,no,Reached shelter
Site 643,A_placement_current,42,25-112905,OCC,yes,13.0,706.0,17.26,112.1,1367.0,1367.0,847.0,847.0,0.872,25-54,no,no,yes,Reached shelter
Site 858,A_placement_current,42,25-178839,OCC,yes,13.0,1173.0,17.26,112.1,1367.0,1367.0,847.0,847.0,1.444,25-54,no,no,no,Reached shelter
Site 861,A_placement_current,42,25-123736,OCC,yes,13.0,1204.0,17.26,112.1,1367.0,1367.0,847.0,847.0,1.523,25-54,no,no,no,Reached shelter
Site 870,A_placement_current,42,26-150000,OCC,yes,13.0,944.0,17.26,112.1,1367.0,1367.0,847.0,847.0,1.209,55-69,yes,no,no,Reached shelter
Site 1146,A_placement_current,42,25-201723,OCC,yes,13.0,1171.0,17.26,112.1,1367.0,1367.0,847.0,847.0,1.407,25-54,no,no,no,Reached shelter
Site 1654,A_placement_current,42,25-145506,OCC,yes,13.0,1063.0,17.26,112.1,1367.0,1367.0,847.0,847.0,1.332,25-54,no,no,no,Reached shelter
Site 1811,A_placement_current,42,25-212115,OCC,yes,13.0,1109.0,17.26,112.1,1367.0,1367.0,847.0,847.0,1.321,25-54,no,yes,no,Reached shelter
Site 1948,A_placement_current,42,25-178954,OCC,yes,13.0,1069.0,17.26,112.1,1367.0,1367.0,847.0,847.0,1.273,25-54,no,no,no,Reached shelter
Site 1966,A_placement_current,42,26-109609,OCC,yes,13.0,1029.0,17.26,112.1,1367.0,1367.0,847.0,847.0,1.256,18-24,no,no,no,Reached shelter
Site 31,A_placement_current,42,25-212115,OCC,yes,14.0,1109.0,17.27,112.1,1368.0,1368.0,849.0,849.0,1.318,25-54,no,no,no,Reached shelter
Site 316,A_placement_current,42,25-178753,OCC,yes,14.0,1280.0,17.27,112.1,1368.0,1368.0,849.0,849.0,1.433,25-54,no,no,no,Reached shelter
Site 322,A_placement_current,42,25-179113,OCC,yes,14.0,1059.0,17.27,112.1,1368.0,1368.0,849.0,849.0,1.198,25-54,no,no,no,Reached shelter
Site 358,A_placement_current,42,25-212286,OCC,yes,14.0,1303.0,17.27,112.1,1368.0,1368.0,849.0,849.0,1.534,25-54,no,no,no,Reached shelter
Site 461,A_placement_current,42,25-190613,OCC,yes,14.0,1071.0,17.27,112.1,1368.0,1368.0,849.0,849.0,1.191,25-54,yes,no,no,Reached shelter
Site 540,A_placement_current,42,26-130096,OCC,yes,14.0,1152.0,17.27,112.1,1368.0,1368.0,849.0,849.0,1.323,25-54,no,no,no,Reached shelter
Site 665,A_placement_current,42,26-129941,OCC,yes,14.0,1443.0,17.27,112.1,1368.0,1368.0,849.0,849.0,1.615,25-54,no,no,no,Reached shelter
Site 683,A_placement_current,42,25-221975,OCC,yes,14.0,958.0,17.27,112.1,1368.0,1368.0,849.0,849.0,1.078,25-54,yes,no,no,Reached shelter
Site 797,A_placement_current,42,25-123684,OCC,yes,14.0,1085.0,17.27,112.1,1368.0,1368.0,849.0,849.0,1.277,25-54,no,no,no,Reached shelter
Site 1117,A_placement_current,42,25-221983,OCC,yes,14.0,1055.0,17.27,112.1,1368.0,1368.0,849.0,849.0,1.25,25-54,yes,no,no,Reached shelter
Site 1122,A_placement_current,42,26-109697,OCC,yes,14.0,1409.0,17.27,112.1,1368.0,1368.0,849.0,849.0,1.635,18-24,no,no,no,Reached shelter
Site 1175,A_placement_current,42,25-201641,OCC,yes,14.0,1418.0,17.27,112.1,1368.0,1368.0,849.0,849.0,1.633,25-54,no,no,no,Reached shelter
Site 1299,A_placement_current,42,25-102209,OCC,yes,14.0,1268.0,17.27,112.1,1368.0,1368.0,849.0,849.0,1.508,25-54,no,no,no,Reached shelter
Site 1484,A_placement_current,42,25-167622,OCC,yes,14.0,1276.0,17.27,112.1,1368.0,1368.0,849.0,849.0,1.436,25-54,no,no,no,Reached shelter
Site 1698,A_placement_current,42,26-149639,OCC,yes,14.0,907.0,17.27,112.1,1368.0,1368.0,849.0,849.0,1.07,25-54,no,no,yes,Reached shelter
Site 1747,A_placement_current,42,26-130154,OCC,yes,14.0,1221.0,17.27,112.1,1368.0,1368.0,849.0,849.0,1.387,25-54,no,no,no,Reached shelter
Site 1853,A_placement_current,42,26-129897,OCC,yes,14.0,1471.0,17.27,112.1,1368.0,1368.0,849.0,849.0,1.646,25-54,no,no,no,Reached shelter
Site 2024,A_placement_current,42,25-201614,OCC,yes,14.0,1443.0,17.27,112.1,1368.0,1368.0,849.0,849.0,1.704,18-24,no,no,no,Reached shelter
Site 63,A_placement_current,42,26-140427,OCC,yes,15.0,1295.0,17.27,112.1,1369.0,1369.0,850.0,850.0,1.416,25-54,no,no,no,Reached shelter
Site 107,A_placement_current,42,25-123869,OCC,yes,15.0,1163.0,17.27,112.1,1369.0,1369.0,850.0,850.0,1.216,18-24,no,no,yes,Reached shelter
Site 351,A_placement_current,42,25-123681,OCC,yes,15.0,1160.0,17.27,112.1,1369.0,1369.0,850.0,850.0,1.237,25-54,no,yes,yes,Reached shelter
Site 412,A_placement_current,42,25-167641,OCC,yes,15.0,1306.0,17.27,112.1,1369.0,1369.0,850.0,850.0,1.367,25-54,no,no,no,Reached shelter
Site 637,A_placement_current,42,25-112674,OCC,yes,15.0,1373.0,17.27,112.1,1369.0,1369.0,850.0,850.0,1.434,25-54,no,no,no,Reached shelter
Site 666,A_placement_current,42,25-156639,OCC,yes,15.0,1161.0,17.27,112.1,1369.0,1369.0,850.0,850.0,1.278,25-54,no,no,no,Reached shelter
Site 783,A_placement_current,42,25-201737,OCC,yes,15.0,1030.0,17.27,112.1,1369.0,1369.0,850.0,850.0,1.074,55-69,no,no,yes,Reached shelter
Site 867,A_placement_current,42,25-190504,OCC,yes,15.0,1059.0,17.27,112.1,1369.0,1369.0,850.0,850.0,1.163,25-54,no,no,no,Reached shelter
Site 1256,A_placement_current,42,26-129941,OCC,yes,15.0,1443.0,17.27,112.1,1369.0,1369.0,850.0,850.0,1.566,55-69,no,yes,no,Reached shelter
Site 1389,A_placement_current,42,26-140194,OCC,yes,15.0,1411.0,17.27,112.1,1369.0,1369.0,850.0,850.0,1.544,25-54,no,no,no,Reached shelter
Site 1390,A_placement_current,42,25-190561,OCC,yes,15.0,1300.0,17.27,112.1,1369.0,1369.0,850.0,850.0,1.381,25-54,no,no,no,Reached shelter
Site 1404,A_placement_current,42,26-119634,OCC,yes,15.0,1258.0,17.27,112.1,1369.0,1369.0,850.0,850.0,1.332,25-54,no,no,no,Reached shelter
Site 1592,A_placement_current,42,26-130216,OCC,yes,15.0,1511.0,17.27,112.1,1369.0,1369.0,850.0,850.0,1.593,25-54,yes,no,no,Reached shelter
Site 1755,A_placement_current,42,25-123793,OCC,yes,15.0,1277.0,17.27,112.1,1369.0,1369.0,850.0,850.0,1.357,70+,no,no,no,Reached shelter
Site 1951,A_placement_current,42,25-102480,OCC,yes,15.0,1126.0,17.27,112.1,1369.0,1369.0,850.0,850.0,1.248,25-54,no,no,no,Reached shelter
Site 262,A_placement_current,42,25-123849,OCC,yes,16.0,1305.0,17.28,112.1,1370.0,1370.0,852.0,852.0,1.336,25-54,no,yes,yes,Reached shelter
Site 349,A_placement_current,42,26-109645,OCC,yes,16.0,1427.0,17.28,112.1,1370.0,1370.0,852.0,852.0,1.422,25-54,no,yes,no,Reached shelter
Site 417,A_placement_current,42,25-201222,OCC,yes,16.0,1283.0,17.28,112.1,1370.0,1370.0,852.0,852.0,1.305,25-54,no,no,yes,Reached shelter
Site 586,A_placement_current,42,25-190357,OCC,yes,16.0,1483.0,17.28,112.1,1370.0,1370.0,852.0,852.0,1.494,55-69,no,no,no,Reached shelter
Site 597,A_placement_current,42,26-149630,OCC,yes,16.0,1622.0,17.28,112.1,1370.0,1370.0,852.0,852.0,1.641,25-54,no,no,no,Reached shelter
Site 912,A_placement_current,42,25-156057,OCC,yes,16.0,1052.0,17.28,112.1,1370.0,1370.0,852.0,852.0,1.044,18-24,no,no,no,Reached shelter
Site 977,A_placement_current,42,25-102209,OCC,yes,16.0,1268.0,17.28,112.1,1370.0,1370.0,852.0,852.0,1.292,25-54,no,no,no,Reached shelter
Site 1129,A_placement_current,42,26-129816,OCC,yes,16.0,1591.0,17.28,112.1,1370.0,1370.0,852.0,852.0,1.594,25-54,no,no,no,Reached shelter
Site 1210,A_placement_current,42,25-201737,OCC,yes,16.0,1030.0,17.28,112.1,1370.0,1370.0,852.0,852.0,1.059,25-54,no,yes,no,Reached shelter
Site 1231,A_placement_current,42,25-156639,OCC,yes,16.0,1161.0,17.28,112.1,1370.0,1370.0,852.0,852.0,1.204,25-54,no,no,no,Reached shelter
Site 1268,A_placement_current,42,25-178937,OCC,yes,16.0,1512.0,17.28,112.1,1370.0,1370.0,852.0,852.0,1.552,18-24,no,no,no,Reached shelter
Site 1317,A_placement_current,42,25-167983,OCC,yes,16.0,1139.0,17.28,112.1,1370.0,1370.0,852.0,852.0,1.178,25-54,no,no,no,Reached shelter
Site 1364,A_placement_current,42,25-179288,OCC,yes,16.0,1408.0,17.28,112.1,1370.0,1370.0,852.0,852.0,1.404,25-54,no,no,no,Reached shelter
Site 1585,A_placement_current,42,26-149683,OCC,yes,16.0,1600.0,17.28,112.1,1370.0,1370.0,852.0,852.0,1.623,25-54,no,no,no,Reached shelter
Site 1716,A_placement_current,42,25-112711,OCC,yes,16.0,978.0,17.28,112.1,1370.0,1370.0,852.0,852.0,1.006,55-69,no,no,yes,Reached shelter
Site 1795,A_placement_current,42,25-201209,OCC,yes,16.0,1479.0,17.28,112.1,1370.0,1370.0,852.0,852.0,1.498,55-69,no,no,no,Reached shelter
Site 1878,A_placement_current,42,25-134454,OCC,yes,16.0,1546.0,17.28,112.1,1370.0,1370.0,852.0,852.0,1.61,25-54,no,no,no,Reached shelter
Site 68,A_placement_current,42,26-109349,OCC,yes,17.0,1204.0,17.29,112.1,1371.0,1371.0,853.0,853.0,1.156,25-54,no,no,no,Reached shelter
Site 160,A_placement_current,42,26-119763,OCC,yes,17.0,1498.0,17.29,112.1,1371.0,1371.0,853.0,853.0,1.453,18-24,no,no,no,Reached shelter
Site 266,A_placement_current,42,25-124009,OCC,yes,17.0,1532.0,17.29,112.1,1371.0,1371.0,853.0,853.0,1.455,25-54,no,no,no,Reached shelter
Site 438,A_placement_current,42,26-149630,OCC,yes,17.0,1622.0,17.29,112.1,1371.0,1371.0,853.0,853.0,1.569,25-54,no,no,no,Reached shelter
Site 490,A_placement_current,42,25-201209,OCC,yes,17.0,1479.0,17.29,112.1,1371.0,1371.0,853.0,853.0,1.416,25-54,no,no,no,Reached shelter
Site 708,A_placement_current,42,25-201227,OCC,yes,17.0,1461.0,17.29,112.1,1371.0,1371.0,853.0,853.0,1.357,25-54,no,no,no,Reached shelter
Site 756,A_placement_current,42,26-109654,OCC,yes,17.0,1571.0,17.29,112.1,1371.0,1371.0,853.0,853.0,1.528,25-54,no,no,no,Reached shelter
Site 801,A_placement_current,42,25-156106,OCC,yes,17.0,1316.0,17.29,112.1,1371.0,1371.0,853.0,853.0,1.226,25-54,no,no,no,Reached shelter
Site 893,A_placement_current,42,26-149630,OCC,yes,17.0,1622.0,17.29,112.1,1371.0,1371.0,853.0,853.0,1.571,25-54,no,yes,no,Reached shelter
Site 1318,A_placement_current,42,25-134359,OCC,yes,17.0,1207.0,17.29,112.1,1371.0,1371.0,853.0,853.0,1.143,25-54,no,yes,no,Reached shelter
Site 1566,A_placement_current,42,26-119763,OCC,yes,17.0,1498.0,17.29,112.1,1371.0,1371.0,853.0,853.0,1.462,25-54,no,no,no,Reached shelter
Site 1800,A_placement_current,42,26-130094,OCC,yes,17.0,1650.0,17.29,112.1,1371.0,1371.0,853.0,853.0,1.56,25-54,no,no,no,Reached shelter
Site 1828,A_placement_current,42,25-134247,OCC,yes,17.0,1611.0,17.29,112.1,1371.0,1371.0,853.0,853.0,1.544,25-54,no,no,no,Reached shelter
Site 72,A_placement_current,42,26-140605,OCC,yes,18.0,1500.0,17.3,112.1,1372.0,1372.0,855.0,855.0,1.319,25-54,yes,no,no,Reached shelter
Site 513,A_placement_current,42,25-201701,OCC,yes,18.0,1503.0,17.3,112.1,1372.0,1372.0,855.0,855.0,1.368,18-24,no,no,no,Reached shelter
Site 538,A_placement_current,42,26-140274,OCC,yes,18.0,1990.0,17.3,112.1,1372.0,1372.0,855.0,855.0,1.814,25-54,no,no,no,Reached shelter
Site 685,A_placement_current,42,25-212253,OCC,yes,18.0,953.0,17.3,112.1,1372.0,1372.0,855.0,855.0,0.87,25-54,yes,yes,no,Reached shelter
Site 890,A_placement_current,42,26-109489,OCC,yes,18.0,1699.0,17.3,112.1,1372.0,1372.0,855.0,855.0,1.54,55-69,no,no,no,Reached shelter
Site 1005,A_placement_current,42,25-201727,OCC,yes,18.0,1401.0,17.3,112.1,1372.0,1372.0,855.0,855.0,1.268,25-54,no,no,no,Reached shelter
Site 1010,A_placement_current,42,25-178707,OCC,yes,18.0,1715.0,17.3,112.1,1372.0,1372.0,855.0,855.0,1.519,25-54,no,no,no,Reached shelter
Site 1120,A_placement_current,42,25-201421,OCC,yes,18.0,1637.0,17.3,112.1,1372.0,1372.0,855.0,855.0,1.468,25-54,no,no,no,Reached shelter
Site 1200,A_placement_current,42,25-123868,OCC,yes,18.0,1422.0,17.3,112.1,1372.0,1372.0,855.0,855.0,1.282,25-54,no,no,no,Reached shelter
Site 1217,A_placement_current,42,26-129816,OCC,yes,18.0,1591.0,17.3,112.1,1372.0,1372.0,855.0,855.0,1.459,25-54,no,no,no,Reached shelter
Site 1247,A_placement_current,42,26-150066,OCC,yes,18.0,1362.0,17.3,112.1,1372.0,1372.0,855.0,855.0,1.201,25-54,yes,no,no,Reached shelter
Site 1345,A_placement_current,42,25-190354,OCC,yes,18.0,1304.0,17.3,112.1,1372.0,1372.0,855.0,855.0,1.169,25-54,no,no,yes,Reached shelter
Site 1453,A_placement_current,42,26-140194,OCC,yes,18.0,1411.0,17.3,112.1,1372.0,1372.0,855.0,855.0,1.248,25-54,no,no,no,Reached shelter
Site 1519,A_placement_current,42,25-201691,OCC,yes,18.0,1453.0,17.3,112.1,1372.0,1372.0,855.0,855.0,1.335,55-69,no,no,no,Reached shelter
Site 1611,A_placement_current,42,25-167843,OCC,yes,18.0,1424.0,17.3,112.1,1372.0,1372.0,855.0,855.0,1.286,25-54,no,no,no,Reached shelter
Site 1632,A_placement_current,42,25-190452,OCC,yes,18.0,1304.0,17.3,112.1,1372.0,1372.0,855.0,855.0,1.18,25-54,no,no,no,Reached shelter
Site 1927,A_placement_current,42,26-109490,OCC,yes,18.0,1649.0,17.3,112.1,1372.0,1372.0,855.0,855.0,1.49,25-54,no,no,yes,Reached shelter
Site 1946,A_placement_current,42,25-156486,OCC,yes,18.0,1551.0,17.3,112.1,1372.0,1372.0,855.0,855.0,1.412,25-54,no,no,no,Reached shelter
Site 1982,A_placement_current,42,25-167931,OCC,yes,18.0,1379.0,17.3,112.1,1372.0,1372.0,855.0,855.0,1.271,55-69,no,no,no,Reached shelter
Site 1985,A_placement_current,42,26-119586,OCC,yes,18.0,806.0,17.3,112.1,1372.0,1372.0,855.0,855.0,0.721,25-54,yes,no,no,Reached shelter
Site 2021,A_placement_current,42,25-190339,OCC,yes,18.0,1459.0,17.3,112.1,1372.0,1372.0,855.0,855.0,1.35,25-54,no,no,no,Reached shelter
Site 2033,A_placement_current,42,25-123849,OCC,yes,18.0,1305.0,17.3,112.1,1372.0,1372.0,855.0,855.0,1.181,18-24,no,no,no,Reached shelter
Site 79,A_placement_current,42,25-145014,OCC,yes,19.0,1636.0,17.31,112.1,1373.0,1373.0,857.0,857.0,1.407,55-69,no,no,no,Reached shelter
Site 94,A_placement_current,42,26-150121,OCC,yes,19.0,1885.0,17.31,112.1,1373.0,1373.0,857.0,857.0,1.633,25-54,no,yes,no,Reached shelter
Site 174,A_placement_current,42,25-102189,OCC,yes,19.0,1509.0,17.31,112.1,1373.0,1373.0,857.0,857.0,1.308,25-54,no,no,no,Reached shelter
Site 242,A_placement_current,42,25-102133,OCC,yes,19.0,1544.0,17.31,112.1,1373.0,1373.0,857.0,857.0,1.312,25-54,no,no,no,Reached shelter
Site 371,A_placement_current,42,25-190338,OCC,yes,19.0,1417.0,17.31,112.1,1373.0,1373.0,857.0,857.0,1.224,55-69,no,no,no,Reached shelter
Site 403,A_placement_current,42,26-130083,OCC,yes,19.0,1618.0,17.31,112.1,1373.0,1373.0,857.0,857.0,1.414,25-54,no,no,no,Reached shelter
Site 557,A_placement_current,42,25-112702,OCC,yes,19.0,1702.0,17.31,112.1,1373.0,1373.0,857.0,857.0,1.446,25-54,no,yes,no,Reached shelter
Site 656,A_placement_current,42,25-112989,OCC,yes,19.0,1385.0,17.31,112.1,1373.0,1373.0,857.0,857.0,1.21,25-54,no,no,yes,Reached shelter
Site 876,A_placement_current,42,26-119373,OCC,yes,19.0,989.0,17.31,112.1,1373.0,1373.0,857.0,857.0,0.825,25-54,yes,no,no,Reached shelter
Site 891,A_placement_current,42,25-156218,OCC,yes,19.0,1188.0,17.31,112.1,1373.0,1373.0,857.0,857.0,1.032,25-54,no,yes,yes,Reached shelter
Site 950,A_placement_current,42,25-167556,OCC,yes,19.0,1629.0,17.31,112.1,1373.0,1373.0,857.0,857.0,1.395,55-69,no,no,no,Reached shelter
Site 961,A_placement_current,42,26-130094,OCC,yes,19.0,1650.0,17.31,112.1,1373.0,1373.0,857.0,857.0,1.382,25-54,no,no,no,Reached shelter
Site 1015,A_placement_current,42,25-112606,OCC,yes,19.0,1884.0,17.31,112.1,1373.0,1373.0,857.0,857.0,1.603,25-54,no,no,no,Reached shelter
Site 1139,A_placement_current,42,26-119311,OCC,yes,19.0,1763.0,17.31,112.1,1373.0,1373.0,857.0,857.0,1.514,25-54,no,no,no,Reached shelter
Site 1340,A_placement_current,42,25-145208,OCC,yes,19.0,1725.0,17.31,112.1,1373.0,1373.0,857.0,857.0,1.455,25-54,no,no,no,Reached shelter
Site 1691,A_placement_current,42,25-134394,OCC,yes,19.0,1534.0,17.31,112.1,1373.0,1373.0,857.0,857.0,1.337,25-54,no,no,no,Reached shelter
Site 1727,A_placement_current,42,25-178805,OCC,yes,19.0,1899.0,17.31,112.1,1373.0,1373.0,857.0,857.0,1.638,25-54,no,no,no,Reached shelter
Site 1909,A_placement_current,42,26-149683,OCC,yes,19.0,1600.0,17.31,112.1,1373.0,1373.0,857.0,857.0,1.374,25-54,no,no,no,Reached shelter
Site 1937,A_placement_current,42,25-190620,OCC,yes,19.0,1744.0,17.31,112.1,1373.0,1373.0,857.0,857.0,1.504,25-54,no,no,no,Reached shelter
Site 2026,A_placement_current,42,26-119709,OCC,yes,19.0,1284.0,17.31,112.1,1373.0,1373.0,857.0,857.0,1.11,55-69,no,no,no,Reached shelter
Site 203,A_placement_current,42,25-201421,OCC,yes,20.0,1637.0,17.32,112.1,1374.0,1374.0,858.0,858.0,1.356,55-69,no,yes,no,Reached shelter
Site 243,A_placement_current,42,26-140334,OCC,yes,20.0,1680.0,17.32,112.1,1374.0,1374.0,858.0,858.0,1.345,25-54,no,yes,no,Reached shelter
Site 601,A_placement_current,42,25-102201,OCC,yes,20.0,1567.0,17.32,112.1,1374.0,1374.0,858.0,858.0,1.285,25-54,no,no,no,Reached shelter
Site 750,A_placement_current,42,25-145303,OCC,yes,20.0,1523.0,17.32,112.1,1374.0,1374.0,858.0,858.0,1.262,18-24,no,yes,no,Reached shelter
Site 1066,A_placement_current,42,26-150075,OCC,yes,20.0,1706.0,17.32,112.1,1374.0,1374.0,858.0,858.0,1.384,25-54,no,no,no,Reached shelter
Site 1083,A_placement_current,42,25-102109,OCC,yes,20.0,1654.0,17.32,112.1,1374.0,1374.0,858.0,858.0,1.36,25-54,no,no,no,Reached shelter
Site 1171,A_placement_current,42,25-190541,OCC,yes,20.0,1908.0,17.32,112.1,1374.0,1374.0,858.0,858.0,1.536,25-54,no,no,no,Reached shelter
Site 1198,A_placement_current,42,25-190502,OCC,yes,20.0,1706.0,17.32,112.1,1374.0,1374.0,858.0,858.0,1.37,18-24,no,yes,no,Reached shelter
Site 1237,A_placement_current,42,25-134362,OCC,yes,20.0,1552.0,17.32,112.1,1374.0,1374.0,858.0,858.0,1.252,55-69,no,no,no,Reached shelter
Site 1351,A_placement_current,42,25-102073,OCC,yes,20.0,1948.0,17.32,112.1,1374.0,1374.0,858.0,858.0,1.547,25-54,no,no,no,Reached shelter
Site 1417,A_placement_current,42,26-149630,OCC,yes,20.0,1622.0,17.32,112.1,1374.0,1374.0,858.0,858.0,1.346,25-54,no,no,no,Reached shelter
Site 1572,A_placement_current,42,26-130083,OCC,yes,20.0,1618.0,17.32,112.1,1374.0,1374.0,858.0,858.0,1.327,25-54,no,yes,no,Reached shelter
Site 1682,A_placement_current,42,25-179260,OCC,yes,20.0,1329.0,17.32,112.1,1374.0,1374.0,858.0,858.0,1.077,25-54,yes,no,no,Reached shelter
Site 1685,A_placement_current,42,26-129897,OCC,yes,20.0,1471.0,17.32,112.1,1374.0,1374.0,858.0,858.0,1.198,25-54,no,no,no,Reached shelter
Site 1904,A_placement_current,42,25-201421,OCC,yes,20.0,1637.0,17.32,112.1,1374.0,1374.0,858.0,858.0,1.316,18-24,no,no,no,Reached shelter
Site 2035,A_placement_current,42,26-129722,OCC,yes,20.0,1844.0,17.32,112.1,1374.0,1374.0,858.0,858.0,1.49,25-54,no,no,no,Reached shelter
Site 6,A_placement_current,42,25-123572,OCC,yes,21.0,2014.0,17.33,112.1,1375.0,1375.0,860.0,860.0,1.556,25-54,no,no,no,Reached shelter
Site 264,A_placement_current,42,26-109743,OCC,yes,21.0,1763.0,17.33,112.1,1375.0,1375.0,860.0,860.0,1.342,25-54,no,no,no,Reached shelter
Site 295,A_placement_current,42,26-129883,OCC,yes,21.0,2191.0,17.33,112.1,1375.0,1375.0,860.0,860.0,1.66,25-54,no,no,no,Reached shelter
Site 356,A_placement_current,42,25-190789,OCC,yes,21.0,1811.0,17.33,112.1,1375.0,1375.0,860.0,860.0,1.436,55-69,no,no,no,Reached shelter
Site 394,A_placement_current,42,25-212234,OCC,yes,21.0,1784.0,17.33,112.1,1375.0,1375.0,860.0,860.0,1.409,25-54,no,no,no,Reached shelter
Site 414,A_placement_current,42,25-112897,OCC,yes,21.0,1537.0,17.33,112.1,1375.0,1375.0,860.0,860.0,1.211,25-54,no,no,no,Reached shelter
Site 420,A_placement_current,42,26-149767,OCC,yes,21.0,1525.0,17.33,112.1,1375.0,1375.0,860.0,860.0,1.156,55-69,no,yes,no,Reached shelter
Site 548,A_placement_current,42,25-123897,OCC,yes,21.0,1762.0,17.33,112.1,1375.0,1375.0,860.0,860.0,1.348,25-54,no,no,no,Reached shelter
Site 640,A_placement_current,42,26-140473,OCC,yes,21.0,1746.0,17.33,112.1,1375.0,1375.0,860.0,860.0,1.372,25-54,no,no,no,Reached shelter
Site 672,A_placement_current,42,25-123897,OCC,yes,21.0,1762.0,17.33,112.1,1375.0,1375.0,860.0,860.0,1.387,25-54,no,no,no,Reached shelter
Site 733,A_placement_current,42,25-201364,OCC,yes,21.0,1405.0,17.33,112.1,1375.0,1375.0,860.0,860.0,1.083,25-54,no,no,yes,Reached shelter
Site 759,A_placement_current,42,26-109375,OCC,yes,21.0,1755.0,17.33,112.1,1375.0,1375.0,860.0,860.0,1.363,55-69,yes,no,no,Reached shelter
Site 761,A_placement_current,42,26-119753,OCC,yes,21.0,1567.0,17.33,112.1,1375.0,1375.0,860.0,860.0,1.241,25-54,no,no,no,Reached shelter
Site 779,A_placement_current,42,25-190359,OCC,yes,21.0,1565.0,17.33,112.1,1375.0,1375.0,860.0,860.0,1.227,25-54,no,no,no,Reached shelter
Site 816,A_placement_current,42,25-102201,OCC,yes,21.0,1567.0,17.33,112.1,1375.0,1375.0,860.0,860.0,1.213,55-69,no,no,yes,Reached shelter
Site 873,A_placement_current,42,25-190311,OCC,yes,21.0,2049.0,17.33,112.1,1375.0,1375.0,860.0,860.0,1.568,25-54,yes,no,yes,Reached shelter
Site 932,A_placement_current,42,26-109571,OCC,yes,21.0,1412.0,17.33,112.1,1375.0,1375.0,860.0,860.0,1.097,55-69,yes,no,yes,Reached shelter
Site 937,A_placement_current,42,26-140210,OCC,yes,21.0,1986.0,17.33,112.1,1375.0,1375.0,860.0,860.0,1.518,25-54,no,no,no,Reached shelter
Site 952,A_placement_current,42,25-167734,OCC,yes,21.0,1769.0,17.33,112.1,1375.0,1375.0,860.0,860.0,1.358,25-54,no,no,no,Reached shelter
Site 963,A_placement_current,42,26-109556,OCC,yes,21.0,1407.0,17.33,112.1,1375.0,1375.0,860.0,860.0,1.104,55-69,no,no,no,Reached shelter
Site 1044,A_placement_current,42,25-167606,OCC,yes,21.0,1764.0,17.33,112.1,1375.0,1375.0,860.0,860.0,1.367,25-54,no,no,no,Reached shelter
Site 1255,A_placement_current,42,25-102565,OCC,yes,21.0,1883.0,17.33,112.1,1375.0,1375.0,860.0,860.0,1.488,55-69,yes,yes,no,Reached shelter
Site 1460,A_placement_current,42,25-102461,OCC,yes,21.0,1862.0,17.33,112.1,1375.0,1375.0,860.0,860.0,1.418,55-69,no,no,yes,Reached shelter
Site 1469,A_placement_current,42,26-140473,OCC,yes,21.0,1746.0,17.33,112.1,1375.0,1375.0,860.0,860.0,1.341,25-54,no,no,no,Reached shelter
Site 1680,A_placement_current,42,25-123968,OCC,yes,21.0,1787.0,17.33,112.1,1375.0,1375.0,860.0,860.0,1.393,25-54,no,no,no,Reached shelter
Site 1763,A_placement_current,42,25-222022,OCC,yes,21.0,1199.0,17.33,112.1,1375.0,1375.0,860.0,860.0,0.944,25-54,no,no,yes,Reached shelter
Site 1776,A_placement_current,42,25-134394,OCC,yes,21.0,1534.0,17.33,112.1,1375.0,1375.0,860.0,860.0,1.212,55-69,no,no,no,Reached shelter
Site 1859,A_placement_current,42,25-178899,OCC,yes,21.0,1850.0,17.33,112.1,1375.0,1375.0,860.0,860.0,1.45,25-54,no,no,no,Reached shelter
Site 1986,A_placement_current,42,26-140223,OCC,yes,21.0,1921.0,17.33,112.1,1375.0,1375.0,860.0,860.0,1.479,55-69,no,no,no,Reached shelter
Site 288,A_placement_current,42,25-178707,OCC,yes,22.0,1715.0,17.34,112.1,1376.0,1376.0,861.0,861.0,1.292,25-54,yes,no,no,Reached shelter
Site 381,A_placement_current,42,25-112990,OCC,yes,22.0,1687.0,17.34,112.1,1376.0,1376.0,861.0,861.0,1.246,25-54,no,no,no,Reached shelter
Site 547,A_placement_current,42,26-119754,OCC,yes,22.0,1998.0,17.34,112.1,1376.0,1376.0,861.0,861.0,1.461,25-54,no,no,no,Reached shelter
Site 565,A_placement_current,42,25-178707,OCC,yes,22.0,1715.0,17.34,112.1,1376.0,1376.0,861.0,861.0,1.278,55-69,no,no,no,Reached shelter
Site 612,A_placement_current,42,25-201595,OCC,yes,22.0,1614.0,17.34,112.1,1376.0,1376.0,861.0,861.0,1.199,25-54,no,no,no,Reached shelter
Site 814,A_placement_current,42,25-167611,OCC,yes,22.0,1625.0,17.34,112.1,1376.0,1376.0,861.0,861.0,1.22,25-54,no,no,no,Reached shelter
Site 1104,A_placement_current,42,26-130216,OCC,yes,22.0,1511.0,17.34,112.1,1376.0,1376.0,861.0,861.0,1.136,55-69,no,no,no,Reached shelter
Site 1132,A_placement_current,42,25-212523,OCC,yes,22.0,1638.0,17.34,112.1,1376.0,1376.0,861.0,861.0,1.201,25-54,no,no,no,Reached shelter
Site 1378,A_placement_current,42,26-119754,OCC,yes,22.0,1998.0,17.34,112.1,1376.0,1376.0,861.0,861.0,1.47,25-54,no,yes,no,Reached shelter
Site 1608,A_placement_current,42,25-134233,OCC,yes,22.0,1838.0,17.34,112.1,1376.0,1376.0,861.0,861.0,1.365,25-54,no,no,no,Reached shelter
Site 1618,A_placement_current,42,25-102342,OCC,yes,22.0,1749.0,17.34,112.1,1376.0,1376.0,861.0,861.0,1.278,25-54,no,no,no,Reached shelter
Site 1630,A_placement_current,42,25-102485,OCC,yes,22.0,1996.0,17.34,112.1,1376.0,1376.0,861.0,861.0,1.463,25-54,no,no,no,Reached shelter
Site 1925,A_placement_current,42,26-140544,OCC,yes,22.0,1964.0,17.34,112.1,1376.0,1376.0,861.0,861.0,1.424,25-54,no,no,no,Reached shelter
Site 1941,A_placement_current,42,26-109654,OCC,yes,22.0,1571.0,17.34,112.1,1376.0,1376.0,861.0,861.0,1.19,25-54,yes,no,no,Reached shelter
Site 47,A_placement_current,42,25-212243,OCC,yes,23.0,1782.0,17.35,112.1,1377.0,1377.0,863.0,863.0,1.287,25-54,no,no,no,Reached shelter
Site 58,A_placement_current,42,25-134363,OCC,yes,23.0,2006.0,17.35,112.1,1377.0,1377.0,863.0,863.0,1.404,55-69,no,no,no,Reached shelter
Site 130,A_placement_current,42,25-222039,OCC,yes,23.0,2044.0,17.35,112.1,1377.0,1377.0,863.0,863.0,1.467,25-54,no,no,no,Reached shelter
Site 156,A_placement_current,42,25-190701,OCC,yes,23.0,2451.0,17.35,112.1,1377.0,1377.0,863.0,863.0,1.768,25-54,no,no,no,Reached shelter
Site 195,A_placement_current,42,25-190502,OCC,yes,23.0,1706.0,17.35,112.1,1377.0,1377.0,863.0,863.0,1.186,25-54,no,no,no,Reached shelter
Site 245,A_placement_current,42,26-109344,OCC,yes,23.0,1991.0,17.35,112.1,1377.0,1377.0,863.0,863.0,1.437,25-54,no,no,no,Reached shelter
Site 730,A_placement_current,42,25-167656,OCC,yes,23.0,2200.0,17.35,112.1,1377.0,1377.0,863.0,863.0,1.551,18-24,no,yes,no,Reached shelter
Site 825,A_placement_current,42,25-190565,OCC,yes,23.0,1485.0,17.35,112.1,1377.0,1377.0,863.0,863.0,1.068,55-69,yes,no,no,Reached shelter
Site 927,A_placement_current,42,25-112990,OCC,yes,23.0,1687.0,17.35,112.1,1377.0,1377.0,863.0,863.0,1.201,25-54,no,yes,no,Reached shelter
Site 959,A_placement_current,42,25-156653,OCC,yes,23.0,1850.0,17.35,112.1,1377.0,1377.0,863.0,863.0,1.288,25-54,no,yes,no,Reached shelter
Site 1170,A_placement_current,42,25-178776,OCC,yes,23.0,2451.0,17.35,112.1,1377.0,1377.0,863.0,863.0,1.726,25-54,no,no,no,Reached shelter
Site 1400,A_placement_current,42,25-145010,OCC,yes,23.0,2474.0,17.35,112.1,1377.0,1377.0,863.0,863.0,1.744,25-54,no,no,no,Reached shelter
Site 1797,A_placement_current,42,25-112952,OCC,yes,23.0,1844.0,17.35,112.1,1377.0,1377.0,863.0,863.0,1.32,55-69,no,no,no,Reached shelter
Site 1975,A_placement_current,42,25-222022,OCC,yes,23.0,1199.0,17.35,112.1,1377.0,1377.0,863.0,863.0,0.835,25-54,yes,no,no,Reached shelter
Site 2030,A_placement_current,42,25-156220,OCC,yes,23.0,2090.0,17.35,112.1,1377.0,1377.0,863.0,863.0,1.458,25-54,no,no,no,Reached shelter
Site 27,A_placement_current,42,25-112666,OCC,yes,24.0,2072.0,17.36,112.1,1378.0,1378.0,865.0,865.0,1.436,25-54,no,no,no,Reached shelter
Site 317,A_placement_current,42,25-102370,OCC,yes,24.0,1600.0,17.36,112.1,1378.0,1378.0,865.0,865.0,1.109,55-69,yes,no,no,Reached shelter
Site 479,A_placement_current,42,25-145295,OCC,yes,24.0,2079.0,17.36,112.1,1378.0,1378.0,865.0,865.0,1.414,25-54,yes,no,no,Reached shelter
Site 492,A_placement_current,42,26-119666,OCC,yes,24.0,2066.0,17.36,112.1,1378.0,1378.0,865.0,865.0,1.399,25-54,no,no,no,Reached shelter
Site 519,A_placement_current,42,25-201604,OCC,yes,24.0,2092.0,17.36,112.1,1378.0,1378.0,865.0,865.0,1.43,25-54,no,no,no,Reached shelter
Site 595,A_placement_current,42,26-130128,OCC,yes,24.0,2078.0,17.36,112.1,1378.0,1378.0,865.0,865.0,1.399,25-54,no,no,no,Reached shelter
Site 810,A_placement_current,42,25-190504,OCC,yes,24.0,1059.0,17.36,112.1,1378.0,1378.0,865.0,865.0,0.73,55-69,yes,no,no,Reached shelter
Site 962,A_placement_current,42,25-179249,OCC,yes,24.0,2134.0,17.36,112.1,1378.0,1378.0,865.0,865.0,1.475,25-54,no,no,no,Reached shelter
Site 1101,A_placement_current,42,25-167611,OCC,yes,24.0,1625.0,17.36,112.1,1378.0,1378.0,865.0,865.0,1.084,18-24,no,no,no,Reached shelter
Site 1121,A_placement_current,42,25-221933,OCC,yes,24.0,2441.0,17.36,112.1,1378.0,1378.0,865.0,865.0,1.672,25-54,no,no,no,Reached shelter
Site 1319,A_placement_current,42,25-178774,OCC,yes,24.0,2129.0,17.36,112.1,1378.0,1378.0,865.0,865.0,1.453,25-54,no,yes,no,Reached shelter
Site 1415,A_placement_current,42,25-123683,OCC,yes,24.0,2281.0,17.36,112.1,1378.0,1378.0,865.0,865.0,1.575,25-54,no,no,no,Reached shelter
Site 1545,A_placement_current,42,25-178974,OCC,yes,24.0,1976.0,17.36,112.1,1378.0,1378.0,865.0,865.0,1.339,25-54,no,no,no,Reached shelter
Site 1548,A_placement_current,42,25-134233,OCC,yes,24.0,1838.0,17.36,112.1,1378.0,1378.0,865.0,865.0,1.26,25-54,no,no,no,Reached shelter
Site 1703,A_placement_current,42,26-140499,OCC,yes,24.0,2233.0,17.36,112.1,1378.0,1378.0,865.0,865.0,1.527,55-69,no,yes,no,Reached shelter
Site 1955,A_placement_current,42,25-112730,OCC,yes,24.0,1390.0,17.36,112.1,1378.0,1378.0,865.0,865.0,0.962,18-24,yes,no,no,Reached shelter
Site 108,A_placement_current,42,26-119682,OCC,yes,25.0,1921.0,17.36,112.1,1379.0,1379.0,866.0,866.0,1.255,55-69,yes,no,no,Reached shelter
Site 119,A_placement_current,42,25-167843,OCC,yes,25.0,1424.0,17.36,112.1,1379.0,1379.0,866.0,866.0,0.926,55-69,yes,yes,no,Reached shelter
Site 127,A_placement_current,42,26-129722,OCC,yes,25.0,1844.0,17.36,112.1,1379.0,1379.0,866.0,866.0,1.225,18-24,no,no,no,Reached shelter
Site 159,A_placement_current,42,25-190750,OCC,yes,25.0,1986.0,17.36,112.1,1379.0,1379.0,866.0,866.0,1.294,25-54,no,no,no,Reached shelter
Site 170,A_placement_current,42,25-201604,OCC,yes,25.0,2092.0,17.36,112.1,1379.0,1379.0,866.0,866.0,1.366,25-54,no,no,no,Reached shelter
Site 509,A_placement_current,42,26-140274,OCC,yes,25.0,1990.0,17.36,112.1,1379.0,1379.0,866.0,866.0,1.292,25-54,no,no,no,Reached shelter
Site 523,A_placement_current,42,25-179039,OCC,yes,25.0,1750.0,17.36,112.1,1379.0,1379.0,866.0,866.0,1.142,25-54,no,yes,yes,Reached shelter
Site 615,A_placement_current,42,25-112700,OCC,yes,25.0,1721.0,17.36,112.1,1379.0,1379.0,866.0,866.0,1.129,25-54,no,no,no,Reached shelter
Site 627,A_placement_current,42,25-201711,OCC,yes,25.0,2283.0,17.36,112.1,1379.0,1379.0,866.0,866.0,1.479,25-54,no,no,yes,Reached shelter
Site 705,A_placement_current,42,25-123582,OCC,yes,25.0,1988.0,17.36,112.1,1379.0,1379.0,866.0,866.0,1.288,25-54,no,no,yes,Reached shelter
Site 741,A_placement_current,42,25-190485,OCC,yes,25.0,2120.0,17.36,112.1,1379.0,1379.0,866.0,866.0,1.41,25-54,no,no,no,Reached shelter
Site 818,A_placement_current,42,26-119355,OCC,yes,25.0,2182.0,17.36,112.1,1379.0,1379.0,866.0,866.0,1.408,25-54,no,no,no,Reached shelter
Site 841,A_placement_current,42,25-179139,OCC,yes,25.0,2315.0,17.36,112.1,1379.0,1379.0,866.0,866.0,1.51,25-54,no,no,no,Reached shelter
Site 923,A_placement_current,42,25-190664,OCC,yes,25.0,1994.0,17.36,112.1,1379.0,1379.0,866.0,866.0,1.318,25-54,no,no,no,Reached shelter
Site 976,A_placement_current,42,25-212418,OCC,yes,25.0,2144.0,17.36,112.1,1379.0,1379.0,866.0,866.0,1.406,25-54,no,no,no,Reached shelter
Site 1037,A_placement_current,42,25-190754,OCC,yes,25.0,1737.0,17.36,112.1,1379.0,1379.0,866.0,866.0,1.13,25-54,no,no,yes,Reached shelter
Site 1136,A_placement_current,42,25-156258,OCC,yes,25.0,1919.0,17.36,112.1,1379.0,1379.0,866.0,866.0,1.253,55-69,yes,no,no,Reached shelter
Site 1177,A_placement_current,42,25-167826,OCC,yes,25.0,1764.0,17.36,112.1,1379.0,1379.0,866.0,866.0,1.148,25-54,no,no,yes,Reached shelter
Site 1348,A_placement_current,42,25-134436,OCC,yes,25.0,1731.0,17.36,112.1,1379.0,1379.0,866.0,866.0,1.128,25-54,no,no,no,Reached shelter
Site 1552,A_placement_current,42,25-134690,OCC,yes,25.0,2734.0,17.36,112.1,1379.0,1379.0,866.0,866.0,1.759,25-54,no,no,no,Reached shelter
Site 1699,A_placement_current,42,25-156555,OCC,yes,25.0,2044.0,17.36,112.1,1379.0,1379.0,866.0,866.0,1.319,55-69,no,no,no,Reached shelter
Site 1735,A_placement_current,42,25-222039,OCC,yes,25.0,2044.0,17.36,112.1,1379.0,1379.0,866.0,866.0,1.348,25-54,no,no,no,Reached shelter
Site 2,A_placement_current,42,25-179260,OCC,yes,26.0,1329.0,17.37,112.1,1380.0,1380.0,868.0,868.0,0.826,25-54,yes,no,no,Reached shelter
Site 8,A_placement_current,42,25-167592,OCC,yes,26.0,2167.0,17.37,112.1,1380.0,1380.0,868.0,868.0,1.381,25-54,no,no,no,Reached shelter
Site 180,A_placement_current,42,26-119335,OCC,yes,26.0,2122.0,17.37,112.1,1380.0,1380.0,868.0,868.0,1.34,55-69,no,no,no,Reached shelter
Site 809,A_placement_current,42,26-140224,OCC,yes,26.0,2043.0,17.37,112.1,1380.0,1380.0,868.0,868.0,1.266,25-54,yes,no,no,Reached shelter
Site 1189,A_placement_current,42,25-178918,OCC,yes,26.0,2072.0,17.37,112.1,1380.0,1380.0,868.0,868.0,1.306,25-54,no,no,no,Reached shelter
Site 1402,A_placement_current,42,25-190502,OCC,yes,26.0,1706.0,17.37,112.1,1380.0,1380.0,868.0,868.0,1.082,25-54,yes,yes,no,Reached shelter
Site 1408,A_placement_current,42,25-201426,OCC,yes,26.0,2015.0,17.37,112.1,1380.0,1380.0,868.0,868.0,1.272,18-24,no,no,no,Reached shelter
Site 1433,A_placement_current,42,25-134224,OCC,yes,26.0,2330.0,17.37,112.1,1380.0,1380.0,868.0,868.0,1.486,25-54,no,no,no,Reached shelter
Site 1657,A_placement_current,42,25-201189,OCC,yes,26.0,1794.0,17.37,112.1,1380.0,1380.0,868.0,868.0,1.145,25-54,no,no,no,Reached shelter
Site 1710,A_placement_current,42,25-102168,OCC,yes,26.0,1231.0,17.37,112.1,1380.0,1380.0,868.0,868.0,0.775,25-54,yes,no,no,Reached shelter
Site 1870,A_placement_current,42,25-190750,OCC,yes,26.0,1986.0,17.37,112.1,1380.0,1380.0,868.0,868.0,1.253,25-54,no,no,no,Reached shelter
Site 1895,A_placement_current,42,25-179288,OCC,yes,26.0,1408.0,17.37,112.1,1380.0,1380.0,868.0,868.0,0.874,25-54,yes,no,yes,Reached shelter
Site 1929,A_placement_current,42,26-109426,OCC,yes,26.0,1724.0,17.37,112.1,1380.0,1380.0,868.0,868.0,1.065,25-54,no,no,no,Reached shelter
Site 26,A_placement_current,42,25-156445,OCC,yes,27.0,2211.0,17.38,112.1,1381.0,1381.0,870.0,870.0,1.334,25-54,no,no,yes,Reached shelter
Site 294,A_placement_current,42,25-156313,OCC,yes,27.0,1941.0,17.38,112.1,1381.0,1381.0,870.0,870.0,1.191,25-54,no,no,no,Reached shelter
Site 435,A_placement_current,42,26-129822,OCC,yes,27.0,2314.0,17.38,112.1,1381.0,1381.0,870.0,870.0,1.419,25-54,no,no,no,Reached shelter
Site 476,A_placement_current,42,25-179118,OCC,yes,27.0,2488.0,17.38,112.1,1381.0,1381.0,870.0,870.0,1.528,25-54,no,no,no,Reached shelter
Site 578,A_placement_current,42,25-112606,OCC,yes,27.0,1884.0,17.38,112.1,1381.0,1381.0,870.0,870.0,1.142,55-69,no,no,no,Reached shelter
Site 651,A_placement_current,42,25-179272,OCC,yes,27.0,2466.0,17.38,112.1,1381.0,1381.0,870.0,870.0,1.504,25-54,no,yes,no,Reached shelter
Site 780,A_placement_current,42,25-167942,OCC,yes,27.0,2690.0,17.38,112.1,1381.0,1381.0,870.0,870.0,1.604,25-54,no,no,no,Reached shelter
Site 943,A_placement_current,42,25-134537,OCC,yes,27.0,2872.0,17.38,112.1,1381.0,1381.0,870.0,870.0,1.714,25-54,no,no,no,Reached shelter
Site 1291,A_placement_current,42,25-190485,OCC,yes,27.0,2120.0,17.38,112.1,1381.0,1381.0,870.0,870.0,1.308,25-54,no,no,no,Reached shelter
Site 1337,A_placement_current,42,25-112990,OCC,yes,27.0,1687.0,17.38,112.1,1381.0,1381.0,870.0,870.0,1.041,55-69,no,no,no,Reached shelter
Site 1468,A_placement_current,42,25-102424,OCC,yes,27.0,2043.0,17.38,112.1,1381.0,1381.0,870.0,870.0,1.236,25-54,no,no,no,Reached shelter
Site 1488,A_placement_current,42,25-201650,OCC,yes,27.0,2052.0,17.38,112.1,1381.0,1381.0,870.0,870.0,1.248,70+,no,no,no,Reached shelter
Site 1717,A_placement_current,42,25-123845,OCC,yes,27.0,1847.0,17.38,112.1,1381.0,1381.0,870.0,870.0,1.127,25-54,no,no,no,Reached shelter
Site 1868,A_placement_current,42,25-102367,OCC,yes,27.0,2279.0,17.38,112.1,1381.0,1381.0,870.0,870.0,1.371,55-69,yes,no,no,Reached shelter
Site 1928,A_placement_current,42,25-201733,OCC,yes,27.0,1750.0,17.38,112.1,1381.0,1381.0,870.0,870.0,1.043,25-54,no,no,yes,Reached shelter
Site 1970,A_placement_current,42,25-156657,OCC,yes,27.0,1067.0,17.38,112.1,1381.0,1381.0,870.0,870.0,0.639,55-69,yes,no,no,Reached shelter
Site 2028,A_placement_current,42,25-201718,OCC,yes,27.0,2458.0,17.38,112.1,1381.0,1381.0,870.0,870.0,1.496,25-54,no,no,no,Reached shelter
Site 15,A_placement_current,42,25-178967,OCC,yes,28.0,2825.0,17.39,112.1,1382.0,1382.0,871.0,871.0,1.68,25-54,no,no,no,Reached shelter
Site 110,A_placement_current,42,25-112733,OCC,yes,28.0,3017.0,17.39,112.1,1382.0,1382.0,871.0,871.0,1.737,25-54,no,yes,no,Reached shelter
Site 331,A_placement_current,42,26-140468,OCC,yes,28.0,2355.0,17.39,112.1,1382.0,1382.0,871.0,871.0,1.367,25-54,no,no,no,Reached shelter
Site 574,A_placement_current,42,25-212368,OCC,yes,28.0,2193.0,17.39,112.1,1382.0,1382.0,871.0,871.0,1.288,18-24,no,no,no,Reached shelter
Site 675,A_placement_current,42,26-140528,OCC,yes,28.0,2585.0,17.39,112.1,1382.0,1382.0,871.0,871.0,1.502,25-54,no,no,no,Reached shelter
Site 715,A_placement_current,42,26-129870,OCC,yes,28.0,2599.0,17.39,112.1,1382.0,1382.0,871.0,871.0,1.522,25-54,no,no,no,Reached shelter
Site 924,A_placement_current,42,25-145506,OCC,yes,28.0,1063.0,17.39,112.1,1382.0,1382.0,871.0,871.0,0.631,25-54,yes,no,no,Reached shelter
Site 1225,A_placement_current,42,25-145092,OCC,yes,28.0,975.0,17.39,112.1,1382.0,1382.0,871.0,871.0,0.572,25-54,yes,no,no,Reached shelter
Site 1357,A_placement_current,42,25-212500,OCC,yes,28.0,3013.0,17.39,112.1,1382.0,1382.0,871.0,871.0,1.74,25-54,no,no,no,Reached shelter
Site 1371,A_placement_current,42,25-179279,OCC,yes,28.0,2747.0,17.39,112.1,1382.0,1382.0,871.0,871.0,1.634,25-54,no,yes,no,Reached shelter
Site 1576,A_placement_current,42,25-212338,OCC,yes,28.0,2191.0,17.39,112.1,1382.0,1382.0,871.0,871.0,1.265,25-54,no,no,no,Reached shelter
Site 1578,A_placement_current,42,25-190524,OCC,yes,28.0,2604.0,17.39,112.1,1382.0,1382.0,871.0,871.0,1.518,25-54,no,no,yes,Reached shelter
Site 1622,A_placement_current,42,25-190754,OCC,yes,28.0,1737.0,17.39,112.1,1382.0,1382.0,871.0,871.0,1.02,25-54,no,no,no,Reached shelter
Site 1641,A_placement_current,42,25-212418,OCC,yes,28.0,2144.0,17.39,112.1,1382.0,1382.0,871.0,871.0,1.235,25-54,no,no,no,Reached shelter
Site 1749,A_placement_current,42,25-190445,OCC,yes,28.0,2512.0,17.39,112.1,1382.0,1382.0,871.0,871.0,1.461,25-54,no,yes,no,Reached shelter
Site 1893,A_placement_current,42,25-212453,OCC,yes,28.0,2372.0,17.39,112.1,1382.0,1382.0,871.0,871.0,1.41,55-69,no,no,no,Reached shelter
Site 1971,A_placement_current,42,25-212342,OCC,yes,28.0,2589.0,17.39,112.1,1382.0,1382.0,871.0,871.0,1.508,25-54,no,no,no,Reached shelter
Site 11,A_placement_current,42,25-123721,OCC,yes,29.0,3007.0,17.4,112.1,1383.0,1383.0,873.0,873.0,1.684,25-54,no,no,no,Reached shelter
Site 22,A_placement_current,42,26-129822,OCC,yes,29.0,2314.0,17.4,112.1,1383.0,1383.0,873.0,873.0,1.286,25-54,no,no,yes,Reached shelter
Site 39,A_placement_current,42,26-150087,OCC,yes,29.0,2599.0,17.4,112.1,1383.0,1383.0,873.0,873.0,1.487,18-24,no,no,no,Reached shelter
Site 106,A_placement_current,42,25-179321,OCC,yes,29.0,1976.0,17.4,112.1,1383.0,1383.0,873.0,873.0,1.133,55-69,no,no,no,Reached shelter
Site 142,A_placement_current,42,25-178729,OCC,yes,29.0,2393.0,17.4,112.1,1383.0,1383.0,873.0,873.0,1.371,25-54,no,no,no,Reached shelter
Site 219,A_placement_current,42,25-201711,OCC,yes,29.0,2283.0,17.4,112.1,1383.0,1383.0,873.0,873.0,1.288,25-54,no,no,no,Reached shelter
Site 459,A_placement_current,42,25-222142,OCC,yes,29.0,2423.0,17.4,112.1,1383.0,1383.0,873.0,873.0,1.36,25-54,no,no,no,Reached shelter
Site 503,A_placement_current,42,25-102505,OCC,yes,29.0,2280.0,17.4,112.1,1383.0,1383.0,873.0,873.0,1.297,25-54,no,no,no,Reached shelter
Site 585,A_placement_current,42,25-145104,OCC,yes,29.0,2613.0,17.4,112.1,1383.0,1383.0,873.0,873.0,1.472,25-54,no,no,no,Reached shelter
Site 599,A_placement_current,42,25-112922,OCC,yes,29.0,3040.0,17.4,112.1,1383.0,1383.0,873.0,873.0,1.74,25-54,no,no,no,Reached shelter
Site 607,A_placement_current,42,25-102461,OCC,yes,29.0,1862.0,17.4,112.1,1383.0,1383.0,873.0,873.0,1.049,55-69,yes,no,no,Reached shelter
Site 622,A_placement_current,42,26-129989,OCC,yes,29.0,2003.0,17.4,112.1,1383.0,1383.0,873.0,873.0,1.143,25-54,no,no,no,Reached shelter
Site 1075,A_placement_current,42,25-134362,OCC,yes,29.0,1552.0,17.4,112.1,1383.0,1383.0,873.0,873.0,0.866,25-54,no,no,no,Reached shelter
Site 1118,A_placement_current,42,25-201711,OCC,yes,29.0,2283.0,17.4,112.1,1383.0,1383.0,873.0,873.0,1.308,18-24,no,no,no,Reached shelter
Site 1141,A_placement_current,42,25-201503,OCC,yes,29.0,2704.0,17.4,112.1,1383.0,1383.0,873.0,873.0,1.536,25-54,no,no,no,Reached shelter
Site 1179,A_placement_current,42,25-212233,OCC,yes,29.0,3196.0,17.4,112.1,1383.0,1383.0,873.0,873.0,1.784,55-69,no,no,no,Reached shelter
Site 1275,A_placement_current,42,26-130216,OCC,yes,29.0,1511.0,17.4,112.1,1383.0,1383.0,873.0,873.0,0.851,25-54,yes,no,no,Reached shelter
Site 1359,A_placement_current,42,25-167977,OCC,yes,29.0,2641.0,17.4,112.1,1383.0,1383.0,873.0,873.0,1.484,25-54,no,no,no,Reached shelter
Site 1441,A_placement_current,42,26-130128,OCC,yes,29.0,2078.0,17.4,112.1,1383.0,1383.0,873.0,873.0,1.177,55-69,yes,no,no,Reached shelter
Site 1556,A_placement_current,42,25-190755,OCC,yes,29.0,2207.0,17.4,112.1,1383.0,1383.0,873.0,873.0,1.243,25-54,yes,no,no,Reached shelter
Site 1636,A_placement_current,42,25-212148,OCC,yes,29.0,2557.0,17.4,112.1,1383.0,1383.0,873.0,873.0,1.432,55-69,no,no,no,Reached shelter
Site 1637,A_placement_current,42,25-212172,OCC,yes,29.0,2107.0,17.4,112.1,1383.0,1383.0,873.0,873.0,1.206,25-54,no,yes,no,Reached shelter
Site 1764,A_placement_current,42,26-109553,OCC,yes,29.0,2518.0,17.4,112.1,1383.0,1383.0,873.0,873.0,1.428,25-54,no,no,no,Reached shelter
Site 1783,A_placement_current,42,25-178776,OCC,yes,29.0,2451.0,17.4,112.1,1383.0,1383.0,873.0,873.0,1.366,25-54,no,no,no,Reached shelter
Site 1785,A_placement_current,42,25-212271,OCC,yes,29.0,2758.0,17.4,112.1,1383.0,1383.0,873.0,873.0,1.533,18-24,no,no,no,Reached shelter
Site 1814,A_placement_current,42,26-119367,OCC,yes,29.0,2537.0,17.4,112.1,1383.0,1383.0,873.0,873.0,1.413,18-24,no,no,no,Reached shelter
Site 1950,A_placement_current,42,25-156352,OCC,yes,29.0,2596.0,17.4,112.1,1383.0,1383.0,873.0,873.0,1.487,25-54,no,yes,yes,Reached shelter
Site 60,A_placement_current,42,26-119415,OCC,yes,30.0,3052.0,17.41,112.1,1384.0,1384.0,874.0,874.0,1.668,25-54,no,no,no,Reached shelter
Site 75,A_placement_current,42,25-167915,OCC,yes,30.0,2408.0,17.41,112.1,1384.0,1384.0,874.0,874.0,1.322,25-54,no,no,no,Reached shelter
Site 287,A_placement_current,42,26-109739,OCC,yes,30.0,2734.0,17.41,112.1,1384.0,1384.0,874.0,874.0,1.479,25-54,no,no,no,Reached shelter
Site 418,A_placement_current,42,26-129727,OCC,yes,30.0,1821.0,17.41,112.1,1384.0,1384.0,874.0,874.0,0.983,25-54,no,no,yes,Reached shelter
Site 441,A_placement_current,42,26-129889,OCC,yes,30.0,2589.0,17.41,112.1,1384.0,1384.0,874.0,874.0,1.428,55-69,no,no,no,Reached shelter
Site 647,A_placement_current,42,25-167694,OCC,yes,30.0,2853.0,17.41,112.1,1384.0,1384.0,874.0,874.0,1.569,25-54,no,yes,no,Reached shelter
Site 786,A_placement_current,42,26-119526,OCC,yes,30.0,3119.0,17.41,112.1,1384.0,1384.0,874.0,874.0,1.732,25-54,no,no,no,Reached shelter
Site 788,A_placement_current,42,25-190338,OCC,yes,30.0,1417.0,17.41,112.1,1384.0,1384.0,874.0,874.0,0.773,55-69,yes,no,no,Reached shelter
Site 925,A_placement_current,42,25-212342,OCC,yes,30.0,2589.0,17.41,112.1,1384.0,1384.0,874.0,874.0,1.41,25-54,no,no,no,Reached shelter
Site 981,A_placement_current,42,25-190743,OCC,yes,30.0,1994.0,17.41,112.1,1384.0,1384.0,874.0,874.0,1.091,25-54,no,no,yes,Reached shelter
Site 1001,A_placement_current,42,26-109460,OCC,yes,30.0,2557.0,17.41,112.1,1384.0,1384.0,874.0,874.0,1.389,25-54,no,yes,no,Reached shelter
Site 1065,A_placement_current,42,25-212139,OCC,yes,30.0,2989.0,17.41,112.1,1384.0,1384.0,874.0,874.0,1.653,25-54,no,no,no,Reached shelter
Site 1127,A_placement_current,42,25-201718,OCC,yes,30.0,2458.0,17.41,112.1,1384.0,1384.0,874.0,874.0,1.333,25-54,no,no,no,Reached shelter
Site 1160,A_placement_current,42,25-123815,OCC,yes,30.0,1752.0,17.41,112.1,1384.0,1384.0,874.0,874.0,0.969,25-54,yes,no,no,Reached shelter
Site 1213,A_placement_current,42,25-201650,OCC,yes,30.0,2052.0,17.41,112.1,1384.0,1384.0,874.0,874.0,1.111,25-54,no,no,no,Reached shelter
Site 1287,A_placement_current,42,25-102061,OCC,yes,30.0,1885.0,17.41,112.1,1384.0,1384.0,874.0,874.0,1.027,25-54,yes,no,no,Reached shelter
Site 1309,A_placement_current,42,25-190444,OCC,yes,30.0,2862.0,17.41,112.1,1384.0,1384.0,874.0,874.0,1.583,25-54,no,no,no,Reached shelter
Site 1388,A_placement_current,42,25-221874,OCC,yes,30.0,2110.0,17.41,112.1,1384.0,1384.0,874.0,874.0,1.15,18-24,no,no,yes,Reached shelter
Site 1451,A_placement_current,42,25-156671,OCC,yes,30.0,2394.0,17.41,112.1,1384.0,1384.0,874.0,874.0,1.3,55-69,no,no,no,Reached shelter
Site 1591,A_placement_current,42,25-179118,OCC,yes,30.0,2488.0,17.41,112.1,1384.0,1384.0,874.0,874.0,1.344,55-69,no,no,no,Reached shelter
Site 1661,A_placement_current,42,25-178723,OCC,yes,30.0,2621.0,17.41,112.1,1384.0,1384.0,874.0,874.0,1.455,25-54,no,no,no,Reached shelter
Site 1663,A_placement_current,42,25-112653,OCC,yes,30.0,2468.0,17.41,112.1,1384.0,1384.0,874.0,874.0,1.363,25-54,no,no,no,Reached shelter
Site 1872,A_placement_current,42,25-212453,OCC,yes,30.0,2372.0,17.41,112.1,1384.0,1384.0,874.0,874.0,1.287,55-69,yes,no,no,Reached shelter
Site 1905,A_placement_current,42,26-119619,OCC,yes,30.0,2631.0,17.41,112.1,1384.0,1384.0,874.0,874.0,1.456,25-54,no,no,no,Reached shelter
Site 145,A_placement_current,42,25-134340,OCC,yes,31.0,2773.0,17.42,112.1,1385.0,1385.0,876.0,876.0,1.464,25-54,no,no,no,Reached shelter
Site 208,A_placement_current,42,25-167705,OCC,yes,31.0,2882.0,17.42,112.1,1385.0,1385.0,876.0,876.0,1.521,25-54,no,no,no,Reached shelter
Site 384,A_placement_current,42,26-119257,OCC,yes,31.0,2567.0,17.42,112.1,1385.0,1385.0,876.0,876.0,1.355,25-54,no,no,no,Reached shelter
Site 554,A_placement_current,42,25-134286,OCC,yes,31.0,2892.0,17.42,112.1,1385.0,1385.0,876.0,876.0,1.514,55-69,no,no,no,Reached shelter
Site 696,A_placement_current,42,25-190685,OCC,yes,31.0,2789.0,17.42,112.1,1385.0,1385.0,876.0,876.0,1.497,25-54,no,no,no,Reached shelter
Site 700,A_placement_current,42,25-156345,OCC,yes,31.0,2440.0,17.42,112.1,1385.0,1385.0,876.0,876.0,1.285,25-54,no,no,no,Reached shelter
Site 922,A_placement_current,42,25-134541,OCC,yes,31.0,2947.0,17.42,112.1,1385.0,1385.0,876.0,876.0,1.565,25-54,no,no,no,Reached shelter
Site 1134,A_placement_current,42,26-130048,OCC,yes,31.0,914.0,17.42,112.1,1385.0,1385.0,876.0,876.0,0.48,25-54,yes,no,no,Reached shelter
Site 1347,A_placement_current,42,25-134674,OCC,yes,31.0,2939.0,17.42,112.1,1385.0,1385.0,876.0,876.0,1.534,25-54,no,no,no,Reached shelter
Site 1446,A_placement_current,42,26-109478,OCC,yes,31.0,2725.0,17.42,112.1,1385.0,1385.0,876.0,876.0,1.445,25-54,no,no,no,Reached shelter
Site 164,A_placement_current,42,25-145109,OCC,yes,32.0,2599.0,17.43,112.1,1386.0,1386.0,878.0,878.0,1.319,55-69,no,yes,no,Reached shelter
Site 169,A_placement_current,42,25-145444,OCC,yes,32.0,3310.0,17.43,112.1,1386.0,1386.0,878.0,878.0,1.674,25-54,no,no,no,Reached shelter
Site 251,A_placement_current,42,25-145459,OCC,yes,32.0,2520.0,17.43,112.1,1386.0,1386.0,878.0,878.0,1.304,25-54,no,no,yes,Reached shelter
Site 252,A_placement_current,42,25-112825,OCC,yes,32.0,2860.0,17.43,112.1,1386.0,1386.0,878.0,878.0,1.455,25-54,no,yes,no,Reached shelter
Site 308,A_placement_current,42,25-134564,OCC,yes,32.0,2765.0,17.43,112.1,1386.0,1386.0,878.0,878.0,1.404,25-54,no,no,no,Reached shelter
Site 521,A_placement_current,42,26-140316,OCC,yes,32.0,2619.0,17.43,112.1,1386.0,1386.0,878.0,878.0,1.347,25-54,no,no,no,Reached shelter
Site 661,A_placement_current,42,25-145219,OCC,yes,32.0,3136.0,17.43,112.1,1386.0,1386.0,878.0,878.0,1.59,55-69,yes,no,no,Reached shelter
Site 883,A_placement_current,42,25-156671,OCC,yes,32.0,2394.0,17.43,112.1,1386.0,1386.0,878.0,878.0,1.213,25-54,no,no,no,Reached shelter
Site 945,A_placement_current,42,26-149722,OCC,yes,32.0,2532.0,17.43,112.1,1386.0,1386.0,878.0,878.0,1.309,55-69,yes,yes,no,Reached shelter
Site 1360,A_placement_current,42,25-221933,OCC,yes,32.0,2441.0,17.43,112.1,1386.0,1386.0,878.0,878.0,1.27,55-69,no,yes,no,Reached shelter
Site 1629,A_placement_current,42,25-123900,OCC,yes,32.0,2869.0,17.43,112.1,1386.0,1386.0,878.0,878.0,1.492,25-54,no,no,no,Reached shelter
Site 1676,A_placement_current,42,25-167942,OCC,yes,32.0,2690.0,17.43,112.1,1386.0,1386.0,878.0,878.0,1.387,25-54,no,no,no,Reached shelter
Site 1726,A_placement_current,42,26-129783,OCC,yes,32.0,2902.0,17.43,112.1,1386.0,1386.0,878.0,878.0,1.47,55-69,no,no,no,Reached shelter
Site 1849,A_placement_current,42,25-167956,OCC,yes,32.0,2653.0,17.43,112.1,1386.0,1386.0,878.0,878.0,1.364,25-54,no,no,no,Reached shelter
Site 1923,A_placement_current,42,25-222217,OCC,yes,32.0,2573.0,17.43,112.1,1386.0,1386.0,878.0,878.0,1.338,25-54,no,no,no,Reached shelter
Site 2004,A_placement_current,42,25-145111,OCC,yes,32.0,2756.0,17.43,112.1,1386.0,1386.0,878.0,878.0,1.422,25-54,no,no,no,Reached shelter
Site 2008,A_placement_current,42,25-134251,OCC,yes,32.0,2302.0,17.43,112.1,1386.0,1386.0,878.0,878.0,1.179,55-69,no,no,no,Reached shelter
Site 43,A_placement_current,42,25-190729,OCC,yes,33.0,3265.0,17.44,112.1,1387.0,1387.0,879.0,879.0,1.632,25-54,no,no,no,Reached shelter
Site 133,A_placement_current,42,25-190308,OCC,yes,33.0,3382.0,17.44,112.1,1387.0,1387.0,879.0,879.0,1.707,25-54,no,no,no,Reached shelter
Site 182,A_placement_current,42,25-102570,OCC,yes,33.0,2978.0,17.44,112.1,1387.0,1387.0,879.0,879.0,1.494,25-54,no,no,no,Reached shelter
Site 355,A_placement_current,42,26-109594,OCC,yes,33.0,2778.0,17.44,112.1,1387.0,1387.0,879.0,879.0,1.392,25-54,no,yes,no,Reached shelter
Site 537,A_placement_current,42,26-140485,OCC,yes,33.0,2869.0,17.44,112.1,1387.0,1387.0,879.0,879.0,1.442,55-69,no,no,no,Reached shelter
Site 631,A_placement_current,42,26-119541,OCC,yes,33.0,3016.0,17.44,112.1,1387.0,1387.0,879.0,879.0,1.506,25-54,no,yes,no,Reached shelter
Site 899,A_placement_current,42,25-156352,OCC,yes,33.0,2596.0,17.44,112.1,1387.0,1387.0,879.0,879.0,1.275,25-54,no,no,no,Reached shelter
Site 1047,A_placement_current,42,25-134576,OCC,yes,33.0,3035.0,17.44,112.1,1387.0,1387.0,879.0,879.0,1.518,25-54,no,no,no,Reached shelter
Site 1147,A_placement_current,42,26-140147,OCC,yes,33.0,3679.0,17.44,112.1,1387.0,1387.0,879.0,879.0,1.836,25-54,no,no,no,Reached shelter
Site 1176,A_placement_current,42,25-112890,OCC,yes,33.0,1707.0,17.44,112.1,1387.0,1387.0,879.0,879.0,0.858,25-54,no,no,yes,Reached shelter
Site 1229,A_placement_current,42,26-129942,OCC,yes,33.0,2547.0,17.44,112.1,1387.0,1387.0,879.0,879.0,1.255,25-54,no,yes,yes,Reached shelter
Site 1240,A_placement_current,42,26-140159,OCC,yes,33.0,2153.0,17.44,112.1,1387.0,1387.0,879.0,879.0,1.065,25-54,no,yes,no,Reached shelter
Site 1294,A_placement_current,42,25-178683,OCC,yes,33.0,3077.0,17.44,112.1,1387.0,1387.0,879.0,879.0,1.535,25-54,no,no,no,Reached shelter
Site 1312,A_placement_current,42,25-134224,OCC,yes,33.0,2330.0,17.44,112.1,1387.0,1387.0,879.0,879.0,1.172,55-69,no,no,no,Reached shelter
Site 1332,A_placement_current,42,25-145103,OCC,yes,33.0,2582.0,17.44,112.1,1387.0,1387.0,879.0,879.0,1.278,25-54,no,no,no,Reached shelter
Site 1466,A_placement_current,42,26-129766,OCC,yes,33.0,2241.0,17.44,112.1,1387.0,1387.0,879.0,879.0,1.128,25-54,no,no,no,Reached shelter
Site 1593,A_placement_current,42,25-156535,OCC,yes,33.0,3961.0,17.44,112.1,1387.0,1387.0,879.0,879.0,1.957,25-54,no,no,no,Reached shelter
Site 1605,A_placement_current,42,25-145216,OCC,yes,33.0,2839.0,17.44,112.1,1387.0,1387.0,879.0,879.0,1.419,25-54,no,no,no,Reached shelter
Site 1790,A_placement_current,42,26-129844,OCC,yes,33.0,2917.0,17.44,112.1,1387.0,1387.0,879.0,879.0,1.444,25-54,no,no,no,Reached shelter
Site 1791,A_placement_current,42,25-123721,OCC,yes,33.0,3007.0,17.44,112.1,1387.0,1387.0,879.0,879.0,1.489,25-54,no,no,no,Reached shelter
Site 1837,A_placement_current,42,25-212168,OCC,yes,33.0,2935.0,17.44,112.1,1387.0,1387.0,879.0,879.0,1.463,25-54,no,yes,no,Reached shelter
Site 1865,A_placement_current,42,25-134689,OCC,yes,33.0,1972.0,17.44,112.1,1387.0,1387.0,879.0,879.0,0.981,55-69,yes,no,no,Reached shelter
Site 1897,A_placement_current,42,25-212203,OCC,yes,33.0,2008.0,17.44,112.1,1387.0,1387.0,879.0,879.0,0.998,25-54,yes,yes,no,Reached shelter
Site 1945,A_placement_current,42,26-140198,OCC,yes,33.0,2926.0,17.44,112.1,1387.0,1387.0,879.0,879.0,1.458,25-54,no,no,no,Reached shelter
Site 1960,A_placement_current,42,26-119690,OCC,yes,33.0,3302.0,17.44,112.1,1387.0,1387.0,879.0,879.0,1.632,55-69,no,no,no,Reached shelter
Site 129,A_placement_current,42,25-201526,OCC,yes,34.0,3115.0,17.44,112.1,1388.0,1388.0,881.0,881.0,1.504,25-54,no,no,no,Reached shelter
Site 148,A_placement_current,42,25-156334,OCC,yes,34.0,2776.0,17.44,112.1,1388.0,1388.0,881.0,881.0,1.35,55-69,no,yes,no,Reached shelter
Site 204,A_placement_current,42,25-178674,OCC,yes,34.0,3785.0,17.44,112.1,1388.0,1388.0,881.0,881.0,1.805,25-54,no,no,no,Reached shelter
Site 312,A_placement_current,42,25-134308,OCC,yes,34.0,2837.0,17.44,112.1,1388.0,1388.0,881.0,881.0,1.386,25-54,no,no,yes,Reached shelter
Site 369,A_placement_current,42,25-134335,OCC,yes,34.0,3461.0,17.44,112.1,1388.0,1388.0,881.0,881.0,1.65,25-54,no,no,no,Reached shelter
Site 645,A_placement_current,42,25-134241,OCC,yes,34.0,2592.0,17.44,112.1,1388.0,1388.0,881.0,881.0,1.257,25-54,no,no,no,Reached shelter
Site 903,A_placement_current,42,25-222217,OCC,yes,34.0,2573.0,17.44,112.1,1388.0,1388.0,881.0,881.0,1.226,25-54,no,no,no,Reached shelter
Site 1130,A_placement_current,42,25-212017,OCC,yes,34.0,2476.0,17.44,112.1,1388.0,1388.0,881.0,881.0,1.206,25-54,no,yes,no,Reached shelter
Site 1191,A_placement_current,42,26-129999,OCC,yes,34.0,2771.0,17.44,112.1,1388.0,1388.0,881.0,881.0,1.32,55-69,yes,no,no,Reached shelter
Site 1199,A_placement_current,42,26-149703,OCC,yes,34.0,3295.0,17.44,112.1,1388.0,1388.0,881.0,881.0,1.574,25-54,no,no,no,Reached shelter
Site 1610,A_placement_current,42,25-221932,OCC,yes,34.0,3323.0,17.44,112.1,1388.0,1388.0,881.0,881.0,1.615,25-54,no,no,no,Reached shelter
Site 1625,A_placement_current,42,25-212148,OCC,yes,34.0,2557.0,17.44,112.1,1388.0,1388.0,881.0,881.0,1.238,25-54,no,yes,no,Reached shelter
Site 1644,A_placement_current,42,26-140183,OCC,yes,34.0,3251.0,17.44,112.1,1388.0,1388.0,881.0,881.0,1.558,25-54,yes,no,no,Reached shelter
Site 1804,A_placement_current,42,25-190501,OCC,yes,34.0,2518.0,17.44,112.1,1388.0,1388.0,881.0,881.0,1.234,25-54,no,no,yes,Reached shelter
Site 1813,A_placement_current,42,25-178822,OCC,yes,34.0,3029.0,17.44,112.1,1388.0,1388.0,881.0,881.0,1.477,25-54,no,no,no,Reached shelter
Site 78,A_placement_current,42,25-102456,OCC,yes,35.0,2988.0,17.45,112.1,1389.0,1389.0,882.0,882.0,1.391,25-54,no,no,no,Reached shelter
Site 104,A_placement_current,42,25-134674,OCC,yes,35.0,2939.0,17.45,112.1,1389.0,1389.0,882.0,882.0,1.375,18-24,no,no,no,Reached shelter
Site 178,A_placement_current,42,25-212163,OCC,yes,35.0,1220.0,17.45,112.1,1389.0,1389.0,882.0,882.0,0.577,55-69,yes,yes,no,Reached shelter
Site 338,A_placement_current,42,25-201347,OCC,yes,35.0,2773.0,17.45,112.1,1389.0,1389.0,882.0,882.0,1.308,25-54,yes,yes,no,Reached shelter
Site 935,A_placement_current,42,25-167705,OCC,yes,35.0,2882.0,17.45,112.1,1389.0,1389.0,882.0,882.0,1.349,25-54,no,no,no,Reached shelter
Site 1215,A_placement_current,42,25-190429,OCC,yes,35.0,1845.0,17.45,112.1,1389.0,1389.0,882.0,882.0,0.858,55-69,yes,no,no,Reached shelter
Site 1358,A_placement_current,42,25-156523,OCC,yes,35.0,3229.0,17.45,112.1,1389.0,1389.0,882.0,882.0,1.507,25-54,no,no,no,Reached shelter
Site 1403,A_placement_current,42,25-212152,OCC,yes,35.0,2658.0,17.45,112.1,1389.0,1389.0,882.0,882.0,1.255,25-54,no,no,no,Reached shelter
Site 1447,A_placement_current,42,25-134563,OCC,yes,35.0,3005.0,17.45,112.1,1389.0,1389.0,882.0,882.0,1.407,25-54,no,no,no,Reached shelter
Site 1550,A_placement_current,42,25-134251,OCC,yes,35.0,2302.0,17.45,112.1,1389.0,1389.0,882.0,882.0,1.077,25-54,no,no,no,Reached shelter
Site 1833,A_placement_current,42,25-201358,OCC,yes,35.0,2410.0,17.45,112.1,1389.0,1389.0,882.0,882.0,1.139,55-69,no,no,no,Reached shelter
Site 1844,A_placement_current,42,25-201503,OCC,yes,35.0,2704.0,17.45,112.1,1389.0,1389.0,882.0,882.0,1.262,18-24,yes,yes,no,Reached shelter
Site 1857,A_placement_current,42,25-123969,OCC,yes,35.0,2620.0,17.45,112.1,1389.0,1389.0,882.0,882.0,1.235,25-54,no,yes,yes,Reached shelter
Site 1952,A_placement_current,42,26-119596,OCC,yes,35.0,3072.0,17.45,112.1,1389.0,1389.0,882.0,882.0,1.45,25-54,yes,no,no,Reached shelter
Site 1964,A_placement_current,42,26-149669,OCC,yes,35.0,3746.0,17.45,112.1,1389.0,1389.0,882.0,882.0,1.762,25-54,no,yes,no,Reached shelter
Site 165,A_placement_current,42,25-212467,OCC,yes,36.0,2687.0,17.46,112.1,1390.0,1390.0,884.0,884.0,1.217,18-24,no,no,yes,Reached shelter
Site 175,A_placement_current,42,25-201537,OCC,yes,36.0,2973.0,17.46,112.1,1390.0,1390.0,884.0,884.0,1.374,25-54,no,no,no,Reached shelter
Site 477,A_placement_current,42,26-119390,OCC,yes,36.0,3675.0,17.46,112.1,1390.0,1390.0,884.0,884.0,1.659,25-54,yes,yes,yes,Reached shelter
Site 718,A_placement_current,42,26-140304,OCC,yes,36.0,2765.0,17.46,112.1,1390.0,1390.0,884.0,884.0,1.256,25-54,yes,no,yes,Reached shelter
Site 1002,A_placement_current,42,25-145185,OCC,yes,36.0,3186.0,17.46,112.1,1390.0,1390.0,884.0,884.0,1.452,25-54,no,yes,no,Reached shelter
Site 1087,A_placement_current,42,26-109443,OCC,yes,36.0,3355.0,17.46,112.1,1390.0,1390.0,884.0,884.0,1.537,25-54,no,no,no,Reached shelter
Site 1227,A_placement_current,42,25-134518,OCC,yes,36.0,2728.0,17.46,112.1,1390.0,1390.0,884.0,884.0,1.242,25-54,no,no,no,Reached shelter
Site 1230,A_placement_current,42,25-222023,OCC,yes,36.0,3771.0,17.46,112.1,1390.0,1390.0,884.0,884.0,1.713,25-54,no,yes,no,Reached shelter
Site 1401,A_placement_current,42,25-167856,OCC,yes,36.0,3644.0,17.46,112.1,1390.0,1390.0,884.0,884.0,1.673,25-54,no,no,no,Reached shelter
Site 1678,A_placement_current,42,26-119415,OCC,yes,36.0,3052.0,17.46,112.1,1390.0,1390.0,884.0,884.0,1.407,25-54,no,no,no,Reached shelter
Site 1737,A_placement_current,42,25-112984,OCC,yes,36.0,2820.0,17.46,112.1,1390.0,1390.0,884.0,884.0,1.292,25-54,no,yes,no,Reached shelter
Site 1772,A_placement_current,42,25-134639,OCC,yes,36.0,2038.0,17.46,112.1,1390.0,1390.0,884.0,884.0,0.936,25-54,yes,no,no,Reached shelter
Site 1812,A_placement_current,42,25-145111,OCC,yes,36.0,2756.0,17.46,112.1,1390.0,1390.0,884.0,884.0,1.26,25-54,yes,no,yes,Reached shelter
Site 1860,A_placement_current,42,25-134690,OCC,yes,36.0,2734.0,17.46,112.1,1390.0,1390.0,884.0,884.0,1.248,55-69,no,no,yes,Reached shelter
Site 1896,A_placement_current,42,25-201519,OCC,yes,36.0,2349.0,17.46,112.1,1390.0,1390.0,884.0,884.0,1.071,25-54,no,no,no,Reached shelter
Site 1920,A_placement_current,42,25-123700,OCC,yes,36.0,2650.0,17.46,112.1,1390.0,1390.0,884.0,884.0,1.195,25-54,no,no,no,Reached shelter
Site 1924,A_placement_current,42,25-190664,OCC,yes,36.0,1994.0,17.46,112.1,1390.0,1390.0,884.0,884.0,0.904,25-54,no,no,yes,Reached shelter
Site 57,A_placement_current,42,26-150097,OCC,yes,37.0,2962.0,17.47,112.1,1391.0,1391.0,886.0,886.0,1.314,25-54,no,no,no,Reached shelter
Site 117,A_placement_current,42,26-140268,OCC,yes,37.0,3078.0,17.47,112.1,1391.0,1391.0,886.0,886.0,1.382,25-54,no,no,no,Reached shelter
Site 123,A_placement_current,42,25-156620,OCC,yes,37.0,2866.0,17.47,112.1,1391.0,1391.0,886.0,886.0,1.288,25-54,no,yes,no,Reached shelter
Site 432,A_placement_current,42,26-129883,OCC,yes,37.0,2191.0,17.47,112.1,1391.0,1391.0,886.0,886.0,0.964,25-54,no,no,yes,Reached shelter
Site 626,A_placement_current,42,25-134243,OCC,yes,37.0,2609.0,17.47,112.1,1391.0,1391.0,886.0,886.0,1.149,18-24,no,no,no,Reached shelter
Site 632,A_placement_current,42,25-145221,OCC,yes,37.0,2571.0,17.47,112.1,1391.0,1391.0,886.0,886.0,1.155,25-54,no,no,no,Reached shelter
Site 796,A_placement_current,42,25-112591,OCC,yes,37.0,3081.0,17.47,112.1,1391.0,1391.0,886.0,886.0,1.355,25-54,no,no,no,Reached shelter
Site 1163,A_placement_current,42,25-156243,OCC,yes,37.0,3064.0,17.47,112.1,1391.0,1391.0,886.0,886.0,1.348,18-24,no,no,no,Reached shelter
Site 1236,A_placement_current,42,25-123905,OCC,yes,37.0,3057.0,17.47,112.1,1391.0,1391.0,886.0,886.0,1.356,25-54,no,no,no,Reached shelter
Site 1248,A_placement_current,42,25-190756,OCC,yes,37.0,3046.0,17.47,112.1,1391.0,1391.0,886.0,886.0,1.336,25-54,no,no,no,Reached shelter
Site 1537,A_placement_current,42,26-119583,OCC,yes,37.0,2511.0,17.47,112.1,1391.0,1391.0,886.0,886.0,1.125,55-69,no,no,no,Reached shelter
Site 1687,A_placement_current,42,25-145513,OCC,yes,37.0,2885.0,17.47,112.1,1391.0,1391.0,886.0,886.0,1.294,55-69,no,no,no,Reached shelter
Site 1730,A_placement_current,42,25-123900,OCC,yes,37.0,2869.0,17.47,112.1,1391.0,1391.0,886.0,886.0,1.271,55-69,no,no,no,Reached shelter
Site 1753,A_placement_current,42,25-112992,OCC,yes,37.0,3083.0,17.47,112.1,1391.0,1391.0,886.0,886.0,1.355,25-54,no,no,no,Reached shelter
Site 1874,A_placement_current,42,25-112635,OCC,yes,37.0,3557.0,17.47,112.1,1391.0,1391.0,886.0,886.0,1.583,55-69,yes,no,no,Reached shelter
Site 92,A_placement_current,42,26-140513,OCC,yes,38.0,2596.0,17.48,112.1,1392.0,1392.0,887.0,887.0,1.119,55-69,no,no,no,Reached shelter
Site 268,A_placement_current,42,26-140515,OCC,yes,38.0,3214.0,17.48,112.1,1392.0,1392.0,887.0,887.0,1.404,25-54,no,no,no,Reached shelter
Site 368,A_placement_current,42,25-156198,OCC,yes,38.0,2969.0,17.48,112.1,1392.0,1392.0,887.0,887.0,1.295,25-54,no,no,no,Reached shelter
Site 380,A_placement_current,42,25-212211,OCC,yes,38.0,2622.0,17.48,112.1,1392.0,1392.0,887.0,887.0,1.123,25-54,no,no,yes,Reached shelter
Site 393,A_placement_current,42,26-119401,OCC,yes,38.0,2605.0,17.48,112.1,1392.0,1392.0,887.0,887.0,1.123,55-69,no,no,yes,Reached shelter
Site 410,A_placement_current,42,26-109426,OCC,yes,38.0,1724.0,17.48,112.1,1392.0,1392.0,887.0,887.0,0.744,55-69,yes,no,yes,Reached shelter
Site 663,A_placement_current,42,25-190308,OCC,yes,38.0,3382.0,17.48,112.1,1392.0,1392.0,887.0,887.0,1.48,25-54,no,no,no,Reached shelter
Site 717,A_placement_current,42,25-178987,OCC,yes,38.0,3325.0,17.48,112.1,1392.0,1392.0,887.0,887.0,1.425,18-24,no,no,no,Reached shelter
Site 914,A_placement_current,42,25-145071,OCC,yes,38.0,3042.0,17.48,112.1,1392.0,1392.0,887.0,887.0,1.308,55-69,yes,no,yes,Reached shelter
Site 1483,A_placement_current,42,25-145459,OCC,yes,38.0,2520.0,17.48,112.1,1392.0,1392.0,887.0,887.0,1.083,25-54,no,no,yes,Reached shelter
Site 1851,A_placement_current,42,25-123671,OCC,yes,38.0,2729.0,17.48,112.1,1392.0,1392.0,887.0,887.0,1.177,25-54,no,no,no,Reached shelter
Site 42,A_placement_current,42,25-145308,OCC,yes,39.0,2967.0,17.49,112.1,1393.0,1393.0,889.0,889.0,1.238,55-69,yes,yes,no,Reached shelter
Site 132,A_placement_current,42,25-112734,OCC,yes,39.0,3477.0,17.49,112.1,1393.0,1393.0,889.0,889.0,1.482,25-54,yes,no,yes,Reached shelter
Site 306,A_placement_current,42,25-112910,OCC,yes,39.0,3210.0,17.49,112.1,1393.0,1393.0,889.0,889.0,1.369,25-54,no,no,no,Reached shelter
Site 307,A_placement_current,42,25-201231,OCC,yes,39.0,3005.0,17.49,112.1,1393.0,1393.0,889.0,889.0,1.266,25-54,yes,no,no,Reached shelter
Site 534,A_placement_current,42,25-167538,OCC,yes,39.0,2886.0,17.49,112.1,1393.0,1393.0,889.0,889.0,1.228,55-69,yes,no,no,Reached shelter
Site 579,A_placement_current,42,26-140201,OCC,yes,39.0,3745.0,17.49,112.1,1393.0,1393.0,889.0,889.0,1.569,25-54,no,no,no,Reached shelter
Site 832,A_placement_current,42,25-212092,OCC,yes,39.0,3203.0,17.49,112.1,1393.0,1393.0,889.0,889.0,1.337,18-24,no,no,no,Reached shelter
Site 871,A_placement_current,42,25-212205,OCC,yes,39.0,3611.0,17.49,112.1,1393.0,1393.0,889.0,889.0,1.526,25-54,no,no,no,Reached shelter
Site 1043,A_placement_current,42,25-102309,OCC,yes,39.0,3130.0,17.49,112.1,1393.0,1393.0,889.0,889.0,1.322,25-54,no,yes,no,Reached shelter
Site 1154,A_placement_current,42,25-102073,OCC,yes,39.0,1948.0,17.49,112.1,1393.0,1393.0,889.0,889.0,0.824,25-54,yes,no,no,Reached shelter
Site 1286,A_placement_current,42,25-178723,OCC,yes,39.0,2621.0,17.49,112.1,1393.0,1393.0,889.0,889.0,1.098,55-69,no,no,no,Reached shelter
Site 1305,A_placement_current,42,26-150046,OCC,yes,39.0,2775.0,17.49,112.1,1393.0,1393.0,889.0,889.0,1.159,55-69,yes,no,no,Reached shelter
Site 1391,A_placement_current,42,26-149671,OCC,yes,39.0,3187.0,17.49,112.1,1393.0,1393.0,889.0,889.0,1.329,25-54,no,no,no,Reached shelter
Site 1503,A_placement_current,42,25-123671,OCC,yes,39.0,2729.0,17.49,112.1,1393.0,1393.0,889.0,889.0,1.154,25-54,yes,no,no,Reached shelter
Site 1514,A_placement_current,42,25-221933,OCC,yes,39.0,2441.0,17.49,112.1,1393.0,1393.0,889.0,889.0,1.04,25-54,no,no,no,Reached shelter
Site 1517,A_placement_current,42,26-140198,OCC,yes,39.0,2926.0,17.49,112.1,1393.0,1393.0,889.0,889.0,1.246,55-69,no,no,no,Reached shelter
Site 1518,A_placement_current,42,25-123886,OCC,yes,39.0,3076.0,17.49,112.1,1393.0,1393.0,889.0,889.0,1.297,55-69,no,no,no,Reached shelter
Site 1520,A_placement_current,42,25-201465,OCC,yes,39.0,3882.0,17.49,112.1,1393.0,1393.0,889.0,889.0,1.649,55-69,no,yes,no,Reached shelter
Site 1807,A_placement_current,42,26-109443,OCC,yes,39.0,3355.0,17.49,112.1,1393.0,1393.0,889.0,889.0,1.428,25-54,no,no,no,Reached shelter
Site 1974,A_placement_current,42,25-112571,OCC,yes,39.0,3013.0,17.49,112.1,1393.0,1393.0,889.0,889.0,1.257,25-54,no,no,no,Reached shelter
Site 88,A_placement_current,42,25-156167,OCC,yes,40.0,3590.0,17.5,112.1,1394.0,1394.0,891.0,891.0,1.492,25-54,no,no,no,Reached shelter
Site 157,A_placement_current,42,26-140556,OCC,yes,40.0,4098.0,17.5,112.1,1394.0,1394.0,891.0,891.0,1.669,25-54,no,no,no,Reached shelter
Site 323,A_placement_current,42,25-178863,OCC,yes,40.0,3541.0,17.5,112.1,1394.0,1394.0,891.0,891.0,1.456,25-54,no,no,no,Reached shelter
Site 470,A_placement_current,42,25-134308,OCC,yes,40.0,2837.0,17.5,112.1,1394.0,1394.0,891.0,891.0,1.165,25-54,no,no,no,Reached shelter
Site 625,A_placement_current,42,26-150097,OCC,yes,40.0,2962.0,17.5,112.1,1394.0,1394.0,891.0,891.0,1.222,25-54,no,no,yes,Reached shelter
Site 639,A_placement_current,42,25-212205,OCC,yes,40.0,3611.0,17.5,112.1,1394.0,1394.0,891.0,891.0,1.484,25-54,no,no,no,Reached shelter
Site 860,A_placement_current,42,26-150133,OCC,yes,40.0,3159.0,17.5,112.1,1394.0,1394.0,891.0,891.0,1.31,25-54,no,no,yes,Reached shelter
Site 960,A_placement_current,42,25-190755,OCC,yes,40.0,2207.0,17.5,112.1,1394.0,1394.0,891.0,891.0,0.907,25-54,no,yes,no,Reached shelter
Site 1164,A_placement_current,42,26-119310,OCC,yes,40.0,2938.0,17.5,112.1,1394.0,1394.0,891.0,891.0,1.21,18-24,no,no,no,Reached shelter
Site 1279,A_placement_current,42,25-156223,OCC,yes,40.0,3353.0,17.5,112.1,1394.0,1394.0,891.0,891.0,1.373,25-54,no,no,no,Reached shelter
Site 1304,A_placement_current,42,25-124007,OCC,yes,40.0,3671.0,17.5,112.1,1394.0,1394.0,891.0,891.0,1.522,25-54,yes,yes,yes,Reached shelter
Site 1367,A_placement_current,42,26-150092,OCC,yes,40.0,2508.0,17.5,112.1,1394.0,1394.0,891.0,891.0,1.024,25-54,no,no,yes,Reached shelter
Site 1369,A_placement_current,42,26-109443,OCC,yes,40.0,3355.0,17.5,112.1,1394.0,1394.0,891.0,891.0,1.368,25-54,no,no,no,Reached shelter
Site 1474,A_placement_current,42,25-123744,OCC,yes,40.0,4161.0,17.5,112.1,1394.0,1394.0,891.0,891.0,1.694,25-54,no,no,no,Reached shelter
Site 1715,A_placement_current,42,26-140472,OCC,yes,40.0,3394.0,17.5,112.1,1394.0,1394.0,891.0,891.0,1.398,18-24,no,no,no,Reached shelter
Site 1954,A_placement_current,42,25-134221,OCC,yes,40.0,4056.0,17.5,112.1,1394.0,1394.0,891.0,891.0,1.664,25-54,no,yes,no,Reached shelter
Site 67,A_placement_current,42,25-222209,OCC,yes,41.0,3957.0,17.51,112.1,1395.0,1395.0,892.0,892.0,1.608,25-54,no,yes,no,Reached shelter
Site 313,A_placement_current,42,25-112591,OCC,yes,41.0,3081.0,17.51,112.1,1395.0,1395.0,892.0,892.0,1.251,25-54,no,no,no,Reached shelter
Site 332,A_placement_current,42,25-145513,OCC,yes,41.0,2885.0,17.51,112.1,1395.0,1395.0,892.0,892.0,1.172,25-54,no,no,no,Reached shelter
Site 378,A_placement_current,42,25-145186,OCC,yes,41.0,3032.0,17.51,112.1,1395.0,1395.0,892.0,892.0,1.214,25-54,no,no,no,Reached shelter
Site 489,A_placement_current,42,26-109744,OCC,yes,41.0,2559.0,17.51,112.1,1395.0,1395.0,892.0,892.0,1.019,25-54,no,no,yes,Reached shelter
Site 820,A_placement_current,42,25-156087,OCC,yes,41.0,2883.0,17.51,112.1,1395.0,1395.0,892.0,892.0,1.17,25-54,no,no,yes,Reached shelter
Site 990,A_placement_current,42,25-179032,OCC,yes,41.0,2822.0,17.51,112.1,1395.0,1395.0,892.0,892.0,1.142,25-54,no,no,no,Reached shelter
Site 1180,A_placement_current,42,26-119593,OCC,yes,41.0,3735.0,17.51,112.1,1395.0,1395.0,892.0,892.0,1.488,25-54,no,no,no,Reached shelter
Site 1639,A_placement_current,42,25-201718,OCC,yes,41.0,2458.0,17.51,112.1,1395.0,1395.0,892.0,892.0,0.983,25-54,yes,no,no,Reached shelter
Site 1957,A_placement_current,42,25-178986,OCC,yes,41.0,3304.0,17.51,112.1,1395.0,1395.0,892.0,892.0,1.329,25-54,no,no,no,Reached shelter
Site 301,A_placement_current,42,25-102367,OCC,yes,42.0,2279.0,17.51,112.1,1396.0,1396.0,894.0,894.0,0.89,25-54,yes,no,no,Reached shelter
Site 456,A_placement_current,42,25-134248,OCC,yes,42.0,4317.0,17.51,112.1,1396.0,1396.0,894.0,894.0,1.702,25-54,no,no,no,Reached shelter
Site 485,A_placement_current,42,25-102058,OCC,yes,42.0,4306.0,17.51,112.1,1396.0,1396.0,894.0,894.0,1.68,25-54,no,no,no,Reached shelter
Site 486,A_placement_current,42,25-179307,OCC,yes,42.0,3331.0,17.51,112.1,1396.0,1396.0,894.0,894.0,1.317,25-54,no,no,yes,Reached shelter
Site 535,A_placement_current,42,25-190799,OCC,yes,42.0,1753.0,17.51,112.1,1396.0,1396.0,894.0,894.0,0.69,25-54,yes,no,yes,Reached shelter
Site 854,A_placement_current,42,25-178719,OCC,yes,42.0,3756.0,17.51,112.1,1396.0,1396.0,894.0,894.0,1.46,55-69,no,no,no,Reached shelter
Site 1077,A_placement_current,42,25-190762,OCC,yes,42.0,3645.0,17.51,112.1,1396.0,1396.0,894.0,894.0,1.442,25-54,no,yes,no,Reached shelter
Site 1443,A_placement_current,42,26-140376,OCC,yes,42.0,3480.0,17.51,112.1,1396.0,1396.0,894.0,894.0,1.352,25-54,no,no,no,Reached shelter
Site 1495,A_placement_current,42,25-145054,OCC,yes,42.0,3006.0,17.51,112.1,1396.0,1396.0,894.0,894.0,1.169,25-54,no,no,yes,Reached shelter
Site 1841,A_placement_current,42,25-112774,OCC,yes,42.0,3584.0,17.51,112.1,1396.0,1396.0,894.0,894.0,1.394,25-54,no,no,no,Reached shelter
Site 14,A_placement_current,42,26-150129,OCC,yes,43.0,2655.0,17.52,112.1,1397.0,1397.0,895.0,895.0,1.023,55-69,no,no,yes,Reached shelter
Site 53,A_placement_current,42,25-212205,OCC,yes,43.0,3611.0,17.52,112.1,1397.0,1397.0,895.0,895.0,1.397,25-54,no,no,no,Reached shelter
Site 487,A_placement_current,42,25-178683,OCC,yes,43.0,3077.0,17.52,112.1,1397.0,1397.0,895.0,895.0,1.17,25-54,no,yes,no,Reached shelter
Site 499,A_placement_current,42,26-109491,OCC,yes,43.0,3902.0,17.52,112.1,1397.0,1397.0,895.0,895.0,1.506,25-54,no,no,no,Reached shelter
Site 754,A_placement_current,42,25-134658,OCC,yes,43.0,3383.0,17.52,112.1,1397.0,1397.0,895.0,895.0,1.292,25-54,no,no,no,Reached shelter
Site 837,A_placement_current,42,25-212205,OCC,yes,43.0,3611.0,17.52,112.1,1397.0,1397.0,895.0,895.0,1.388,25-54,no,no,no,Reached shelter
Site 1182,A_placement_current,42,25-123949,OCC,yes,43.0,3800.0,17.52,112.1,1397.0,1397.0,895.0,895.0,1.457,55-69,no,no,no,Reached shelter
Site 1228,A_placement_current,42,25-178857,OCC,yes,43.0,3806.0,17.52,112.1,1397.0,1397.0,895.0,895.0,1.443,25-54,no,yes,no,Reached shelter
Site 1253,A_placement_current,42,25-124007,OCC,yes,43.0,3671.0,17.52,112.1,1397.0,1397.0,895.0,895.0,1.411,55-69,yes,no,no,Reached shelter
Site 1655,A_placement_current,42,26-150147,OCC,yes,43.0,3216.0,17.52,112.1,1397.0,1397.0,895.0,895.0,1.222,55-69,no,no,no,Reached shelter
Site 1977,A_placement_current,42,25-201420,OCC,yes,43.0,3528.0,17.52,112.1,1397.0,1397.0,895.0,895.0,1.345,18-24,no,no,no,Reached shelter
Site 1994,A_placement_current,42,25-156472,OCC,yes,43.0,4071.0,17.52,112.1,1397.0,1397.0,895.0,895.0,1.56,25-54,no,no,no,Reached shelter
Site 18,A_placement_current,42,25-112734,OCC,yes,44.0,3477.0,17.53,112.1,1398.0,1398.0,897.0,897.0,1.314,18-24,no,no,no,Reached shelter
Site 37,A_placement_current,42,25-123905,OCC,yes,44.0,3057.0,17.53,112.1,1398.0,1398.0,897.0,897.0,1.133,25-54,no,no,yes,Reached shelter
Site 128,A_placement_current,42,25-156567,OCC,yes,44.0,4270.0,17.53,112.1,1398.0,1398.0,897.0,897.0,1.594,25-54,no,no,no,Reached shelter
Site 447,A_placement_current,42,26-109491,OCC,yes,44.0,3902.0,17.53,112.1,1398.0,1398.0,897.0,897.0,1.458,25-54,no,no,no,Reached shelter
Site 1085,A_placement_current,42,26-109459,OCC,yes,44.0,2978.0,17.53,112.1,1398.0,1398.0,897.0,897.0,1.11,25-54,no,no,no,Reached shelter
Site 1126,A_placement_current,42,25-201465,OCC,yes,44.0,3882.0,17.53,112.1,1398.0,1398.0,897.0,897.0,1.463,25-54,no,no,no,Reached shelter
Site 1493,A_placement_current,42,25-167694,OCC,yes,44.0,2853.0,17.53,112.1,1398.0,1398.0,897.0,897.0,1.071,25-54,no,no,no,Reached shelter
Site 1508,A_placement_current,42,25-201588,OCC,yes,44.0,3490.0,17.53,112.1,1398.0,1398.0,897.0,897.0,1.302,25-54,no,no,no,Reached shelter
Site 1562,A_placement_current,42,25-221905,OCC,yes,44.0,4218.0,17.53,112.1,1398.0,1398.0,897.0,897.0,1.587,25-54,no,no,no,Reached shelter
Site 1567,A_placement_current,42,25-156223,OCC,yes,44.0,3353.0,17.53,112.1,1398.0,1398.0,897.0,897.0,1.246,25-54,no,no,no,Reached shelter
Site 1980,A_placement_current,42,25-134660,OCC,yes,44.0,3281.0,17.53,112.1,1398.0,1398.0,897.0,897.0,1.219,25-54,no,no,no,Reached shelter
Site 391,A_placement_current,42,26-109430,OCC,yes,45.0,2891.0,17.54,112.1,1399.0,1399.0,899.0,899.0,1.057,55-69,no,no,no,Reached shelter
Site 430,A_placement_current,42,26-140257,OCC,yes,45.0,3940.0,17.54,112.1,1399.0,1399.0,899.0,899.0,1.45,25-54,no,no,no,Reached shelter
Site 686,A_placement_current,42,25-212438,OCC,yes,45.0,4220.0,17.54,112.1,1399.0,1399.0,899.0,899.0,1.537,25-54,no,no,no,Reached shelter
Site 728,A_placement_current,42,26-130236,OCC,yes,45.0,3922.0,17.54,112.1,1399.0,1399.0,899.0,899.0,1.452,25-54,no,no,no,Reached shelter
Site 942,A_placement_current,42,26-130234,OCC,yes,45.0,3013.0,17.54,112.1,1399.0,1399.0,899.0,899.0,1.104,25-54,no,no,no,Reached shelter
Site 967,A_placement_current,42,25-167942,OCC,yes,45.0,2690.0,17.54,112.1,1399.0,1399.0,899.0,899.0,0.977,25-54,no,yes,yes,Reached shelter
Site 1105,A_placement_current,42,25-123856,OCC,yes,45.0,3099.0,17.54,112.1,1399.0,1399.0,899.0,899.0,1.13,55-69,no,no,no,Reached shelter
Site 1490,A_placement_current,42,26-150013,OCC,yes,45.0,3417.0,17.54,112.1,1399.0,1399.0,899.0,899.0,1.248,25-54,no,no,no,Reached shelter
Site 1586,A_placement_current,42,25-102476,OCC,yes,45.0,4168.0,17.54,112.1,1399.0,1399.0,899.0,899.0,1.525,18-24,no,no,no,Reached shelter
Site 1649,A_placement_current,42,25-201647,OCC,yes,45.0,4160.0,17.54,112.1,1399.0,1399.0,899.0,899.0,1.531,55-69,no,no,no,Reached shelter
Site 122,A_placement_current,42,25-212420,OCC,yes,46.0,4558.0,17.55,112.1,1400.0,1400.0,900.0,900.0,1.646,25-54,no,no,no,Reached shelter
Site 177,A_placement_current,42,25-134416,OCC,yes,46.0,4435.0,17.55,112.1,1400.0,1400.0,900.0,900.0,1.598,25-54,no,no,yes,Reached shelter
Site 184,A_placement_current,42,25-123905,OCC,yes,46.0,3057.0,17.55,112.1,1400.0,1400.0,900.0,900.0,1.1,25-54,no,no,no,Reached shelter
Site 200,A_placement_current,42,25-167899,OCC,yes,46.0,3365.0,17.55,112.1,1400.0,1400.0,900.0,900.0,1.215,55-69,no,no,no,Reached shelter
Site 241,A_placement_current,42,25-201432,OCC,yes,46.0,3264.0,17.55,112.1,1400.0,1400.0,900.0,900.0,1.172,25-54,no,no,no,Reached shelter
Site 290,A_placement_current,42,25-123896,OCC,yes,46.0,3530.0,17.55,112.1,1400.0,1400.0,900.0,900.0,1.271,25-54,no,no,no,Reached shelter
Site 374,A_placement_current,42,25-190789,OCC,yes,46.0,1811.0,17.55,112.1,1400.0,1400.0,900.0,900.0,0.642,55-69,yes,no,no,Reached shelter
Site 679,A_placement_current,42,25-145185,OCC,yes,46.0,3186.0,17.55,112.1,1400.0,1400.0,900.0,900.0,1.137,25-54,yes,no,no,Reached shelter
Site 693,A_placement_current,42,25-190801,OCC,yes,46.0,4471.0,17.55,112.1,1400.0,1400.0,900.0,900.0,1.586,25-54,no,no,no,Reached shelter
Site 1414,A_placement_current,42,25-201197,OCC,yes,46.0,3533.0,17.55,112.1,1400.0,1400.0,900.0,900.0,1.273,55-69,no,no,no,Reached shelter
Site 1423,A_placement_current,42,26-140485,OCC,yes,46.0,2869.0,17.55,112.1,1400.0,1400.0,900.0,900.0,1.036,25-54,yes,no,no,Reached shelter
Site 1452,A_placement_current,42,26-130141,OCC,yes,46.0,3008.0,17.55,112.1,1400.0,1400.0,900.0,900.0,1.074,25-54,no,no,yes,Reached shelter
Site 1458,A_placement_current,42,25-201352,OCC,yes,46.0,4569.0,17.55,112.1,1400.0,1400.0,900.0,900.0,1.626,25-54,no,no,no,Reached shelter
Site 1525,A_placement_current,42,25-134416,OCC,yes,46.0,4435.0,17.55,112.1,1400.0,1400.0,900.0,900.0,1.599,25-54,no,no,no,Reached shelter
Site 1540,A_placement_current,42,25-134248,OCC,yes,46.0,4317.0,17.55,112.1,1400.0,1400.0,900.0,900.0,1.556,25-54,no,no,no,Reached shelter
Site 1675,A_placement_current,42,25-123667,OCC,yes,46.0,3082.0,17.55,112.1,1400.0,1400.0,900.0,900.0,1.103,55-69,yes,yes,yes,Reached shelter
Site 1855,A_placement_current,42,25-145495,OCC,yes,46.0,3389.0,17.55,112.1,1400.0,1400.0,900.0,900.0,1.214,25-54,no,yes,no,Reached shelter
Site 1873,A_placement_current,42,25-212092,OCC,yes,46.0,3203.0,17.55,112.1,1400.0,1400.0,900.0,900.0,1.16,18-24,no,no,no,Reached shelter
Site 1910,A_placement_current,42,25-134235,OCC,yes,46.0,3853.0,17.55,112.1,1400.0,1400.0,900.0,900.0,1.393,25-54,no,no,no,Reached shelter
Site 305,A_placement_current,42,26-130189,OCC,yes,47.0,3704.0,17.56,112.1,1401.0,1401.0,902.0,902.0,1.286,25-54,no,no,no,Reached shelter
Site 321,A_placement_current,42,25-201575,OCC,yes,47.0,3823.0,17.56,112.1,1401.0,1401.0,902.0,902.0,1.351,25-54,no,no,no,Reached shelter
Site 425,A_placement_current,42,25-156216,OCC,yes,47.0,4548.0,17.56,112.1,1401.0,1401.0,902.0,902.0,1.6,25-54,no,no,no,Reached shelter
Site 591,A_placement_current,42,25-134416,OCC,yes,47.0,4435.0,17.56,112.1,1401.0,1401.0,902.0,902.0,1.565,55-69,no,no,no,Reached shelter
Site 629,A_placement_current,42,25-190729,OCC,yes,47.0,3265.0,17.56,112.1,1401.0,1401.0,902.0,902.0,1.152,25-54,no,no,no,Reached shelter
Site 747,A_placement_current,42,25-102153,OCC,yes,47.0,2050.0,17.56,112.1,1401.0,1401.0,902.0,902.0,0.725,25-54,yes,no,no,Reached shelter
Site 904,A_placement_current,42,25-123782,OCC,yes,47.0,4876.0,17.56,112.1,1401.0,1401.0,902.0,902.0,1.722,25-54,no,no,no,Reached shelter
Site 1019,A_placement_current,42,25-190321,OCC,yes,47.0,3560.0,17.56,112.1,1401.0,1401.0,902.0,902.0,1.238,25-54,no,yes,no,Reached shelter
Site 1714,A_placement_current,42,25-167812,OCC,yes,47.0,3869.0,17.56,112.1,1401.0,1401.0,902.0,902.0,1.354,25-54,no,no,no,Reached shelter
Site 217,A_placement_current,42,25-190321,OCC,yes,48.0,3560.0,17.57,112.1,1402.0,1402.0,903.0,903.0,1.224,25-54,no,no,no,Reached shelter
Site 292,A_placement_current,42,26-129843,OCC,yes,48.0,3330.0,17.57,112.1,1402.0,1402.0,903.0,903.0,1.135,25-54,no,no,no,Reached shelter
Site 336,A_placement_current,42,25-145131,OCC,yes,48.0,4211.0,17.57,112.1,1402.0,1402.0,903.0,903.0,1.456,25-54,no,no,no,Reached shelter
Site 807,A_placement_current,42,25-123856,OCC,yes,48.0,3099.0,17.57,112.1,1402.0,1402.0,903.0,903.0,1.059,25-54,no,no,yes,Reached shelter
Site 941,A_placement_current,42,26-119547,OCC,yes,48.0,4129.0,17.57,112.1,1402.0,1402.0,903.0,903.0,1.415,25-54,no,no,no,Reached shelter
Site 1242,A_placement_current,42,26-140109,OCC,yes,48.0,2642.0,17.57,112.1,1402.0,1402.0,903.0,903.0,0.916,55-69,no,no,yes,Reached shelter
Site 1293,A_placement_current,42,25-112595,OCC,yes,48.0,2740.0,17.57,112.1,1402.0,1402.0,903.0,903.0,0.945,25-54,no,no,yes,Reached shelter
Site 1480,A_placement_current,42,25-221964,OCC,yes,48.0,3592.0,17.57,112.1,1402.0,1402.0,903.0,903.0,1.231,25-54,yes,no,no,Reached shelter
Site 1482,A_placement_current,42,25-190729,OCC,yes,48.0,3265.0,17.57,112.1,1402.0,1402.0,903.0,903.0,1.128,25-54,no,no,yes,Reached shelter
Site 1504,A_placement_current,42,26-140249,OCC,yes,48.0,4382.0,17.57,112.1,1402.0,1402.0,903.0,903.0,1.518,25-54,no,no,no,Reached shelter
Site 185,A_placement_current,42,25-201356,OCC,yes,49.0,3822.0,17.58,112.1,1403.0,1403.0,905.0,905.0,1.295,25-54,no,no,no,Reached shelter
Site 236,A_placement_current,42,25-222180,OCC,yes,49.0,5819.0,17.58,112.1,1403.0,1403.0,905.0,905.0,1.962,25-54,no,no,no,Reached shelter
Site 590,A_placement_current,42,26-149694,OCC,yes,49.0,3463.0,17.58,112.1,1403.0,1403.0,905.0,905.0,1.155,25-54,no,no,no,Reached shelter
Site 673,A_placement_current,42,25-134674,OCC,yes,49.0,2939.0,17.58,112.1,1403.0,1403.0,905.0,905.0,0.982,25-54,no,no,yes,Reached shelter
Site 800,A_placement_current,42,25-134689,OCC,yes,49.0,1972.0,17.58,112.1,1403.0,1403.0,905.0,905.0,0.67,25-54,yes,yes,no,Reached shelter
Site 845,A_placement_current,42,25-212485,OCC,yes,49.0,4435.0,17.58,112.1,1403.0,1403.0,905.0,905.0,1.479,25-54,no,no,no,Reached shelter
Site 1018,A_placement_current,42,25-212173,OCC,yes,49.0,2928.0,17.58,112.1,1403.0,1403.0,905.0,905.0,0.983,25-54,no,no,no,Reached shelter
Site 1033,A_placement_current,42,25-145147,OCC,yes,49.0,4595.0,17.58,112.1,1403.0,1403.0,905.0,905.0,1.533,25-54,no,no,no,Reached shelter
Site 1376,A_placement_current,42,25-167891,OCC,yes,49.0,3533.0,17.58,112.1,1403.0,1403.0,905.0,905.0,1.187,25-54,yes,no,yes,Reached shelter
Site 1539,A_placement_current,42,25-134604,OCC,yes,49.0,3407.0,17.58,112.1,1403.0,1403.0,905.0,905.0,1.149,70+,no,no,no,Reached shelter
Site 1740,A_placement_current,42,25-167562,OCC,yes,49.0,4169.0,17.58,112.1,1403.0,1403.0,905.0,905.0,1.408,18-24,no,no,no,Reached shelter
Site 1770,A_placement_current,42,25-201669,OCC,yes,49.0,4496.0,17.58,112.1,1403.0,1403.0,905.0,905.0,1.507,25-54,no,no,no,Reached shelter
Site 1815,A_placement_current,42,25-167630,OCC,yes,49.0,3662.0,17.58,112.1,1403.0,1403.0,905.0,905.0,1.223,25-54,no,yes,no,Reached shelter
Site 1822,A_placement_current,42,25-112927,OCC,yes,49.0,3765.0,17.58,112.1,1403.0,1403.0,905.0,905.0,1.265,25-54,no,no,no,Reached shelter
Site 70,A_placement_current,42,25-145213,OCC,yes,50.0,4206.0,17.59,112.1,1404.0,1404.0,907.0,907.0,1.401,25-54,no,no,no,Reached shelter
Site 235,A_placement_current,42,26-129796,OCC,yes,50.0,3013.0,17.59,112.1,1404.0,1404.0,907.0,907.0,0.996,25-54,yes,no,no,Reached shelter
Site 413,A_placement_current,42,25-102476,OCC,yes,50.0,4168.0,17.59,112.1,1404.0,1404.0,907.0,907.0,1.385,25-54,no,no,no,Reached shelter
Site 869,A_placement_current,42,25-167819,OCC,yes,50.0,4267.0,17.59,112.1,1404.0,1404.0,907.0,907.0,1.413,25-54,no,no,yes,Reached shelter
Site 946,A_placement_current,42,25-221881,OCC,yes,50.0,3481.0,17.59,112.1,1404.0,1404.0,907.0,907.0,1.154,55-69,no,no,yes,Reached shelter
Site 978,A_placement_current,42,25-178990,OCC,yes,50.0,3485.0,17.59,112.1,1404.0,1404.0,907.0,907.0,1.152,25-54,no,no,no,Reached shelter
Site 1088,A_placement_current,42,25-212453,OCC,yes,50.0,2372.0,17.59,112.1,1404.0,1404.0,907.0,907.0,0.786,55-69,yes,no,no,Reached shelter
Site 1109,A_placement_current,42,25-134237,OCC,yes,50.0,3814.0,17.59,112.1,1404.0,1404.0,907.0,907.0,1.253,25-54,no,no,no,Reached shelter
Site 1185,A_placement_current,42,25-178859,OCC,yes,50.0,3946.0,17.59,112.1,1404.0,1404.0,907.0,907.0,1.299,25-54,no,yes,no,Reached shelter
Site 1244,A_placement_current,42,25-102046,OCC,yes,50.0,4734.0,17.59,112.1,1404.0,1404.0,907.0,907.0,1.548,25-54,no,no,no,Reached shelter
Site 1344,A_placement_current,42,25-222049,OCC,yes,50.0,3627.0,17.59,112.1,1404.0,1404.0,907.0,907.0,1.195,55-69,no,no,yes,Reached shelter
Site 1538,A_placement_current,42,26-109714,OCC,yes,50.0,5580.0,17.59,112.1,1404.0,1404.0,907.0,907.0,1.836,25-54,no,no,no,Reached shelter
Site 1596,A_placement_current,42,25-212351,OCC,yes,50.0,3588.0,17.59,112.1,1404.0,1404.0,907.0,907.0,1.191,55-69,no,no,no,Reached shelter
Site 1702,A_placement_current,42,26-130161,OCC,yes,50.0,5007.0,17.59,112.1,1404.0,1404.0,907.0,907.0,1.662,18-24,no,no,no,Reached shelter
Site 1708,A_placement_current,42,25-179310,OCC,yes,50.0,5039.0,17.59,112.1,1404.0,1404.0,907.0,907.0,1.65,25-54,no,no,no,Reached shelter
Site 1761,A_placement_current,42,25-212379,OCC,yes,50.0,4453.0,17.59,112.1,1404.0,1404.0,907.0,907.0,1.467,25-54,no,no,no,Reached shelter
Site 1973,A_placement_current,42,25-201236,OCC,yes,50.0,4240.0,17.59,112.1,1404.0,1404.0,907.0,907.0,1.402,25-54,no,no,no,Reached shelter
Site 32,A_placement_current,42,25-102540,OCC,yes,51.0,3633.0,17.59,112.1,1405.0,1405.0,908.0,908.0,1.166,18-24,no,no,no,Reached shelter
Site 50,A_placement_current,42,25-167812,OCC,yes,51.0,3869.0,17.59,112.1,1405.0,1405.0,908.0,908.0,1.245,25-54,no,no,yes,Reached shelter
Site 85,A_placement_current,42,25-178990,OCC,yes,51.0,3485.0,17.59,112.1,1405.0,1405.0,908.0,908.0,1.13,25-54,no,no,no,Reached shelter
Site 116,A_placement_current,42,25-201712,OCC,yes,51.0,3888.0,17.59,112.1,1405.0,1405.0,908.0,908.0,1.26,25-54,no,no,no,Reached shelter
Site 167,A_placement_current,42,26-129839,OCC,yes,51.0,4544.0,17.59,112.1,1405.0,1405.0,908.0,908.0,1.46,25-54,no,no,no,Reached shelter
Site 183,A_placement_current,42,26-109508,OCC,yes,51.0,4242.0,17.59,112.1,1405.0,1405.0,908.0,908.0,1.367,25-54,no,no,no,Reached shelter
Site 443,A_placement_current,42,26-140416,OCC,yes,51.0,3562.0,17.59,112.1,1405.0,1405.0,908.0,908.0,1.157,25-54,no,no,no,Reached shelter
Site 746,A_placement_current,42,25-212430,OCC,yes,51.0,5249.0,17.59,112.1,1405.0,1405.0,908.0,908.0,1.706,25-54,no,no,no,Reached shelter
Site 1045,A_placement_current,42,25-112937,OCC,yes,51.0,4410.0,17.59,112.1,1405.0,1405.0,908.0,908.0,1.425,25-54,no,no,no,Reached shelter
Site 1335,A_placement_current,42,25-145160,OCC,yes,51.0,4868.0,17.59,112.1,1405.0,1405.0,908.0,908.0,1.588,25-54,no,no,no,Reached shelter
Site 1392,A_placement_current,42,25-222012,OCC,yes,51.0,4167.0,17.59,112.1,1405.0,1405.0,908.0,908.0,1.339,25-54,no,no,no,Reached shelter
Site 1394,A_placement_current,42,25-123837,OCC,yes,51.0,4896.0,17.59,112.1,1405.0,1405.0,908.0,908.0,1.59,25-54,no,no,no,Reached shelter
Site 1725,A_placement_current,42,25-221881,OCC,yes,51.0,3481.0,17.59,112.1,1405.0,1405.0,908.0,908.0,1.125,25-54,no,no,no,Reached shelter
Site 1871,A_placement_current,42,25-102388,OCC,yes,51.0,3574.0,17.59,112.1,1405.0,1405.0,908.0,908.0,1.157,25-54,yes,no,no,Reached shelter
Site 2032,A_placement_current,42,25-145147,OCC,yes,51.0,4595.0,17.59,112.1,1405.0,1405.0,908.0,908.0,1.486,70+,yes,no,no,Reached shelter
Site 109,A_placement_current,42,25-178927,OCC,yes,52.0,4621.0,17.6,112.1,1406.0,1406.0,910.0,910.0,1.466,25-54,no,yes,no,Reached shelter
Site 141,A_placement_current,42,25-123949,OCC,yes,52.0,3800.0,17.6,112.1,1406.0,1406.0,910.0,910.0,1.21,18-24,no,no,no,Reached shelter
Site 289,A_placement_current,42,25-112836,OCC,yes,52.0,4403.0,17.6,112.1,1406.0,1406.0,910.0,910.0,1.401,55-69,no,no,yes,Reached shelter
Site 350,A_placement_current,42,25-167630,OCC,yes,52.0,3662.0,17.6,112.1,1406.0,1406.0,910.0,910.0,1.153,55-69,yes,yes,no,Reached shelter
Site 385,A_placement_current,42,25-201679,OCC,yes,52.0,3514.0,17.6,112.1,1406.0,1406.0,910.0,910.0,1.123,25-54,no,no,no,Reached shelter
Site 462,A_placement_current,42,25-134348,OCC,yes,52.0,3766.0,17.6,112.1,1406.0,1406.0,910.0,910.0,1.202,55-69,no,no,no,Reached shelter
Site 478,A_placement_current,42,26-149669,OCC,yes,52.0,3746.0,17.6,112.1,1406.0,1406.0,910.0,910.0,1.188,25-54,no,no,no,Reached shelter
Site 552,A_placement_current,42,25-212324,OCC,yes,52.0,4786.0,17.6,112.1,1406.0,1406.0,910.0,910.0,1.509,25-54,no,no,no,Reached shelter
Site 617,A_placement_current,42,25-167668,OCC,yes,52.0,5117.0,17.6,112.1,1406.0,1406.0,910.0,910.0,1.637,25-54,no,no,no,Reached shelter
Site 911,A_placement_current,42,26-140381,OCC,yes,52.0,4077.0,17.6,112.1,1406.0,1406.0,910.0,910.0,1.287,25-54,no,no,no,Reached shelter
Site 1264,A_placement_current,42,25-212166,OCC,yes,52.0,3182.0,17.6,112.1,1406.0,1406.0,910.0,910.0,1.002,25-54,no,no,no,Reached shelter
Site 1835,A_placement_current,42,25-145298,OCC,yes,52.0,3776.0,17.6,112.1,1406.0,1406.0,910.0,910.0,1.21,25-54,yes,no,yes,Reached shelter
Site 319,A_placement_current,42,25-123841,OCC,yes,53.0,4738.0,17.61,112.1,1407.0,1407.0,912.0,912.0,1.477,25-54,no,no,no,Reached shelter
Site 600,A_placement_current,42,26-130052,OCC,yes,53.0,4515.0,17.61,112.1,1407.0,1407.0,912.0,912.0,1.397,55-69,no,no,no,Reached shelter
Site 743,A_placement_current,42,25-222081,OCC,yes,53.0,3590.0,17.61,112.1,1407.0,1407.0,912.0,912.0,1.113,25-54,yes,no,no,Reached shelter
Site 794,A_placement_current,42,26-109309,OCC,yes,53.0,4688.0,17.61,112.1,1407.0,1407.0,912.0,912.0,1.448,25-54,no,no,no,Reached shelter
Site 868,A_placement_current,42,25-167672,OCC,yes,53.0,3343.0,17.61,112.1,1407.0,1407.0,912.0,912.0,1.032,55-69,no,no,no,Reached shelter
Site 1003,A_placement_current,42,25-190464,OCC,yes,53.0,4432.0,17.61,112.1,1407.0,1407.0,912.0,912.0,1.386,25-54,no,no,yes,Reached shelter
Site 1035,A_placement_current,42,25-222247,OCC,yes,53.0,4875.0,17.61,112.1,1407.0,1407.0,912.0,912.0,1.53,55-69,no,no,no,Reached shelter
Site 1124,A_placement_current,42,25-156523,OCC,yes,53.0,3229.0,17.61,112.1,1407.0,1407.0,912.0,912.0,1.006,25-54,no,no,no,Reached shelter
Site 1350,A_placement_current,42,25-190809,OCC,yes,53.0,3434.0,17.61,112.1,1407.0,1407.0,912.0,912.0,1.063,25-54,yes,no,no,Reached shelter
Site 1473,A_placement_current,42,26-109594,OCC,yes,53.0,2778.0,17.61,112.1,1407.0,1407.0,912.0,912.0,0.86,25-54,yes,no,no,Reached shelter
Site 1527,A_placement_current,42,26-119282,OCC,yes,53.0,2864.0,17.61,112.1,1407.0,1407.0,912.0,912.0,0.898,25-54,yes,no,no,Reached shelter
Site 1564,A_placement_current,42,25-178967,OCC,yes,53.0,2825.0,17.61,112.1,1407.0,1407.0,912.0,912.0,0.883,25-54,yes,yes,no,Reached shelter
Site 201,A_placement_current,42,25-212430,OCC,yes,54.0,5249.0,17.62,112.1,1408.0,1408.0,913.0,913.0,1.615,25-54,no,no,no,Reached shelter
Site 221,A_placement_current,42,25-134269,OCC,yes,54.0,3807.0,17.62,112.1,1408.0,1408.0,913.0,913.0,1.17,55-69,no,yes,no,Reached shelter
Site 222,A_placement_current,42,25-156686,OCC,yes,54.0,5786.0,17.62,112.1,1408.0,1408.0,913.0,913.0,1.774,25-54,no,no,no,Reached shelter
Site 397,A_placement_current,42,26-130085,OCC,yes,54.0,4483.0,17.62,112.1,1408.0,1408.0,913.0,913.0,1.382,25-54,no,no,no,Reached shelter
Site 757,A_placement_current,42,25-212015,OCC,yes,54.0,2634.0,17.62,112.1,1408.0,1408.0,913.0,913.0,0.804,25-54,yes,no,no,Reached shelter
Site 1055,A_placement_current,42,25-134619,OCC,yes,54.0,4382.0,17.62,112.1,1408.0,1408.0,913.0,913.0,1.339,25-54,no,no,no,Reached shelter
Site 1081,A_placement_current,42,26-130052,OCC,yes,54.0,4515.0,17.62,112.1,1408.0,1408.0,913.0,913.0,1.37,25-54,no,no,no,Reached shelter
Site 1302,A_placement_current,42,26-119330,OCC,yes,54.0,4918.0,17.62,112.1,1408.0,1408.0,913.0,913.0,1.512,18-24,yes,no,yes,Reached shelter
Site 1533,A_placement_current,42,25-145316,OCC,yes,54.0,3954.0,17.62,112.1,1408.0,1408.0,913.0,913.0,1.218,55-69,no,no,no,Reached shelter
Site 1588,A_placement_current,42,25-221944,OCC,yes,54.0,2919.0,17.62,112.1,1408.0,1408.0,913.0,913.0,0.898,25-54,no,yes,yes,Reached shelter
Site 2007,A_placement_current,42,25-212467,OCC,yes,54.0,2687.0,17.62,112.1,1408.0,1408.0,913.0,913.0,0.824,25-54,no,no,yes,Reached shelter
Site 0,A_placement_current,42,25-167975,OCC,yes,55.0,3984.0,17.63,112.1,1409.0,1409.0,915.0,915.0,1.203,25-54,no,yes,yes,Reached shelter
Site 36,A_placement_current,42,25-145015,OCC,yes,55.0,3477.0,17.63,112.1,1409.0,1409.0,915.0,915.0,1.045,18-24,no,no,no,Reached shelter
Site 775,A_placement_current,42,25-123745,OCC,yes,55.0,5586.0,17.63,112.1,1409.0,1409.0,915.0,915.0,1.663,25-54,no,no,no,Reached shelter
Site 815,A_placement_current,42,25-145015,OCC,yes,55.0,3477.0,17.63,112.1,1409.0,1409.0,915.0,915.0,1.044,55-69,no,no,no,Reached shelter
Site 1150,A_placement_current,42,25-179011,OCC,yes,55.0,4223.0,17.63,112.1,1409.0,1409.0,915.0,915.0,1.268,25-54,no,no,no,Reached shelter
Site 1313,A_placement_current,42,26-119337,OCC,yes,55.0,5372.0,17.63,112.1,1409.0,1409.0,915.0,915.0,1.622,70+,yes,no,yes,Reached shelter
Site 1413,A_placement_current,42,25-167860,OCC,yes,55.0,3808.0,17.63,112.1,1409.0,1409.0,915.0,915.0,1.14,55-69,no,no,no,Reached shelter
Site 1553,A_placement_current,42,25-112964,OCC,yes,55.0,4609.0,17.63,112.1,1409.0,1409.0,915.0,915.0,1.378,25-54,no,no,no,Reached shelter
Site 502,A_placement_current,42,26-119376,OCC,yes,56.0,4681.0,17.64,112.1,1410.0,1410.0,916.0,916.0,1.383,25-54,no,no,no,Reached shelter
Site 742,A_placement_current,42,26-129966,OCC,yes,56.0,4331.0,17.64,112.1,1410.0,1410.0,916.0,916.0,1.274,55-69,no,no,no,Reached shelter
Site 1110,A_placement_current,42,25-190308,OCC,yes,56.0,3382.0,17.64,112.1,1410.0,1410.0,916.0,916.0,1.002,55-69,yes,no,yes,Reached shelter
Site 1324,A_placement_current,42,26-130085,OCC,yes,56.0,4483.0,17.64,112.1,1410.0,1410.0,916.0,916.0,1.327,55-69,no,no,no,Reached shelter
Site 1668,A_placement_current,42,25-112799,OCC,yes,56.0,4476.0,17.64,112.1,1410.0,1410.0,916.0,916.0,1.325,25-54,no,no,no,Reached shelter
Site 101,A_placement_current,42,25-179174,OCC,yes,57.0,3075.0,17.65,112.1,1411.0,1411.0,918.0,918.0,0.886,18-24,no,no,no,Reached shelter
Site 363,A_placement_current,42,25-167539,OCC,yes,57.0,4516.0,17.65,112.1,1411.0,1411.0,918.0,918.0,1.306,25-54,no,no,yes,Reached shelter
Site 399,A_placement_current,42,25-156709,OCC,yes,57.0,5285.0,17.65,112.1,1411.0,1411.0,918.0,918.0,1.545,55-69,no,no,no,Reached shelter
Site 510,A_placement_current,42,25-212192,OCC,yes,57.0,5151.0,17.65,112.1,1411.0,1411.0,918.0,918.0,1.489,25-54,no,no,no,Reached shelter
Site 917,A_placement_current,42,25-167805,OCC,yes,57.0,4183.0,17.65,112.1,1411.0,1411.0,918.0,918.0,1.204,18-24,no,no,no,Reached shelter
Site 1173,A_placement_current,42,26-129843,OCC,yes,57.0,3330.0,17.65,112.1,1411.0,1411.0,918.0,918.0,0.966,55-69,yes,no,no,Reached shelter
Site 1435,A_placement_current,42,25-124034,OCC,yes,57.0,4913.0,17.65,112.1,1411.0,1411.0,918.0,918.0,1.418,25-54,no,no,no,Reached shelter
Site 1448,A_placement_current,42,25-190490,OCC,yes,57.0,4785.0,17.65,112.1,1411.0,1411.0,918.0,918.0,1.392,55-69,no,no,no,Reached shelter
Site 1647,A_placement_current,42,25-179174,OCC,yes,57.0,3075.0,17.65,112.1,1411.0,1411.0,918.0,918.0,0.896,25-54,no,no,yes,Reached shelter
Site 1696,A_placement_current,42,25-201647,OCC,yes,57.0,4160.0,17.65,112.1,1411.0,1411.0,918.0,918.0,1.2,55-69,no,no,no,Reached shelter
Site 1774,A_placement_current,42,26-140416,OCC,yes,57.0,3562.0,17.65,112.1,1411.0,1411.0,918.0,918.0,1.031,25-54,no,no,no,Reached shelter
Site 3,A_placement_current,42,26-149715,OCC,yes,58.0,3876.0,17.66,112.1,1412.0,1412.0,920.0,920.0,1.111,25-54,yes,no,no,Reached shelter
Site 74,A_placement_current,42,25-134324,OCC,yes,58.0,4262.0,17.66,112.1,1412.0,1412.0,920.0,920.0,1.221,55-69,no,no,no,Reached shelter
Site 310,A_placement_current,42,26-129839,OCC,yes,58.0,4544.0,17.66,112.1,1412.0,1412.0,920.0,920.0,1.304,25-54,no,no,no,Reached shelter
Site 792,A_placement_current,42,25-123864,OCC,yes,58.0,4993.0,17.66,112.1,1412.0,1412.0,920.0,920.0,1.413,25-54,no,yes,no,Reached shelter
Site 1079,A_placement_current,42,26-130034,OCC,yes,58.0,4624.0,17.66,112.1,1412.0,1412.0,920.0,920.0,1.322,25-54,no,no,no,Reached shelter
Site 1278,A_placement_current,42,25-134244,OCC,yes,58.0,2522.0,17.66,112.1,1412.0,1412.0,920.0,920.0,0.714,25-54,yes,no,no,Reached shelter
Site 1316,A_placement_current,42,25-178791,OCC,yes,58.0,5533.0,17.66,112.1,1412.0,1412.0,920.0,920.0,1.588,25-54,no,no,no,Reached shelter
Site 1380,A_placement_current,42,25-134248,OCC,yes,58.0,4317.0,17.66,112.1,1412.0,1412.0,920.0,920.0,1.236,25-54,no,no,yes,Reached shelter
Site 1470,A_placement_current,42,25-102162,OCC,yes,58.0,5940.0,17.66,112.1,1412.0,1412.0,920.0,920.0,1.687,25-54,no,yes,no,Reached shelter
Site 1486,A_placement_current,42,26-140290,OCC,yes,58.0,5559.0,17.66,112.1,1412.0,1412.0,920.0,920.0,1.596,25-54,no,yes,no,Reached shelter
Site 1825,A_placement_current,42,26-129938,OCC,yes,58.0,5185.0,17.66,112.1,1412.0,1412.0,920.0,920.0,1.487,55-69,no,no,no,Reached shelter
Site 1867,A_placement_current,42,25-156196,OCC,yes,58.0,4756.0,17.66,112.1,1412.0,1412.0,920.0,920.0,1.346,55-69,no,no,no,Reached shelter
Site 2002,A_placement_current,42,25-123824,OCC,yes,58.0,5461.0,17.66,112.1,1412.0,1412.0,920.0,920.0,1.554,25-54,no,yes,no,Reached shelter
Site 25,A_placement_current,42,25-221911,OCC,yes,59.0,3164.0,17.66,112.1,1413.0,1413.0,921.0,921.0,0.892,55-69,yes,no,yes,Reached shelter
Site 398,A_placement_current,42,26-109729,OCC,yes,59.0,5967.0,17.66,112.1,1413.0,1413.0,921.0,921.0,1.667,25-54,no,no,no,Reached shelter
Site 1296,A_placement_current,42,26-149810,OCC,yes,59.0,5631.0,17.66,112.1,1413.0,1413.0,921.0,921.0,1.587,55-69,no,no,no,Reached shelter
Site 1529,A_placement_current,42,25-201385,OCC,yes,59.0,3885.0,17.66,112.1,1413.0,1413.0,921.0,921.0,1.082,55-69,yes,no,yes,Reached shelter
Site 1840,A_placement_current,42,25-102162,OCC,yes,59.0,5940.0,17.66,112.1,1413.0,1413.0,921.0,921.0,1.653,25-54,no,no,no,Reached shelter
Site 1864,A_placement_current,42,26-140160,OCC,yes,59.0,4534.0,17.66,112.1,1413.0,1413.0,921.0,921.0,1.263,25-54,no,no,no,Reached shelter
Site 197,A_placement_current,42,25-134264,OCC,yes,60.0,5934.0,17.67,112.1,1414.0,1414.0,923.0,923.0,1.637,25-54,no,no,no,Reached shelter
Site 335,A_placement_current,42,25-212485,OCC,yes,60.0,4435.0,17.67,112.1,1414.0,1414.0,923.0,923.0,1.218,25-54,no,no,no,Reached shelter
Site 827,A_placement_current,42,26-119253,OCC,yes,60.0,5069.0,17.67,112.1,1414.0,1414.0,923.0,923.0,1.399,25-54,no,no,no,Reached shelter
Site 1049,A_placement_current,42,25-212229,OCC,yes,61.0,4834.0,17.68,112.1,1415.0,1415.0,925.0,925.0,1.316,18-24,no,no,no,Reached shelter
Site 1092,A_placement_current,42,25-178994,OCC,yes,61.0,5728.0,17.68,112.1,1415.0,1415.0,925.0,925.0,1.549,18-24,no,no,no,Reached shelter
Site 1646,A_placement_current,42,25-134509,OCC,yes,61.0,3995.0,17.68,112.1,1415.0,1415.0,925.0,925.0,1.086,25-54,no,no,no,Reached shelter
Site 1751,A_placement_current,42,26-109545,OCC,yes,61.0,2685.0,17.68,112.1,1415.0,1415.0,925.0,925.0,0.722,55-69,yes,no,yes,Reached shelter
Site 1836,A_placement_current,42,25-168017,OCC,yes,61.0,2153.0,17.68,112.1,1415.0,1415.0,925.0,925.0,0.583,70+,yes,no,no,Reached shelter
Site 1854,A_placement_current,42,26-140443,OCC,yes,61.0,5237.0,17.68,112.1,1415.0,1415.0,925.0,925.0,1.428,55-69,no,no,no,Reached shelter
Site 402,A_placement_current,42,25-145258,OCC,yes,62.0,4282.0,17.69,112.1,1416.0,1416.0,927.0,927.0,1.14,25-54,no,no,no,Reached shelter
Site 515,A_placement_current,42,25-102250,OCC,yes,62.0,5657.0,17.69,112.1,1416.0,1416.0,927.0,927.0,1.502,25-54,no,no,no,Reached shelter
Site 533,A_placement_current,42,25-212520,OCC,yes,62.0,6931.0,17.69,112.1,1416.0,1416.0,927.0,927.0,1.84,25-54,no,yes,no,Reached shelter
Site 670,A_placement_current,42,25-156062,OCC,yes,62.0,3498.0,17.69,112.1,1416.0,1416.0,927.0,927.0,0.927,25-54,yes,no,yes,Reached shelter
Site 681,A_placement_current,42,25-212362,OCC,yes,62.0,5516.0,17.69,112.1,1416.0,1416.0,927.0,927.0,1.473,25-54,no,no,no,Reached shelter
Site 682,A_placement_current,42,26-149804,OCC,yes,62.0,5496.0,17.69,112.1,1416.0,1416.0,927.0,927.0,1.474,25-54,no,no,yes,Reached shelter
Site 1890,A_placement_current,42,25-145070,OCC,yes,62.0,5025.0,17.69,112.1,1416.0,1416.0,927.0,927.0,1.345,25-54,no,no,no,Reached shelter
Site 136,A_placement_current,42,25-145108,OCC,yes,63.0,5489.0,17.71,112.1,1417.0,1417.0,928.0,928.0,1.432,25-54,no,no,no,Reached shelter
Site 506,A_placement_current,42,25-178709,OCC,yes,63.0,5261.0,17.71,112.1,1417.0,1417.0,928.0,928.0,1.379,18-24,no,no,no,Reached shelter
Site 1059,A_placement_current,42,25-102451,OCC,yes,63.0,6540.0,17.71,112.1,1417.0,1417.0,928.0,928.0,1.706,25-54,no,no,no,Reached shelter
Site 1368,A_placement_current,42,26-119766,OCC,yes,63.0,5086.0,17.71,112.1,1417.0,1417.0,928.0,928.0,1.339,25-54,yes,yes,no,Reached shelter
Site 1506,A_placement_current,42,25-178709,OCC,yes,63.0,5261.0,17.71,112.1,1417.0,1417.0,928.0,928.0,1.376,25-54,no,no,no,Reached shelter
Site 1956,A_placement_current,42,25-145037,OCC,yes,63.0,5899.0,17.71,112.1,1417.0,1417.0,928.0,928.0,1.554,25-54,no,no,no,Reached shelter
Site 483,A_placement_current,42,25-156585,OCC,yes,64.0,5909.0,17.72,112.1,1418.0,1418.0,930.0,930.0,1.519,55-69,no,no,no,Reached shelter
Site 582,A_placement_current,42,25-212440,OCC,yes,64.0,4127.0,17.72,112.1,1418.0,1418.0,930.0,930.0,1.059,25-54,no,no,no,Reached shelter
Site 833,A_placement_current,42,25-212192,OCC,yes,64.0,5151.0,17.72,112.1,1418.0,1418.0,930.0,930.0,1.322,25-54,no,no,no,Reached shelter
Site 1014,A_placement_current,42,26-140604,OCC,yes,64.0,4684.0,17.72,112.1,1418.0,1418.0,930.0,930.0,1.22,55-69,no,no,no,Reached shelter
Site 1442,A_placement_current,42,25-167567,OCC,yes,64.0,5642.0,17.72,112.1,1418.0,1418.0,930.0,930.0,1.45,25-54,no,no,no,Reached shelter
Site 1796,A_placement_current,42,26-130077,OCC,yes,64.0,4459.0,17.72,112.1,1418.0,1418.0,930.0,930.0,1.149,25-54,yes,no,no,Reached shelter
Site 1839,A_placement_current,42,25-123634,OCC,yes,64.0,4749.0,17.72,112.1,1418.0,1418.0,930.0,930.0,1.231,55-69,no,no,no,Reached shelter
Site 283,A_placement_current,42,26-140238,OCC,yes,65.0,4564.0,17.73,112.1,1420.0,1420.0,932.0,932.0,1.161,25-54,no,no,no,Reached shelter
Site 834,A_placement_current,42,26-149973,OCC,yes,65.0,5759.0,17.73,112.1,1420.0,1420.0,932.0,932.0,1.455,25-54,no,no,no,Reached shelter
Site 848,A_placement_current,42,25-102073,OCC,yes,65.0,1948.0,17.73,112.1,1420.0,1420.0,932.0,932.0,0.497,25-54,yes,no,no,Reached shelter
Site 1327,A_placement_current,42,25-112991,OCC,yes,65.0,3287.0,17.73,112.1,1420.0,1420.0,932.0,932.0,0.838,25-54,yes,no,no,Reached shelter
Site 1386,A_placement_current,42,26-140238,OCC,yes,65.0,4564.0,17.73,112.1,1420.0,1420.0,932.0,932.0,1.164,25-54,no,no,no,Reached shelter
Site 1688,A_placement_current,42,26-140587,OCC,yes,65.0,5702.0,17.73,112.1,1420.0,1420.0,932.0,932.0,1.446,55-69,no,no,no,Reached shelter
Site 1738,A_placement_current,42,26-140311,OCC,yes,65.0,5762.0,17.73,112.1,1420.0,1420.0,932.0,932.0,1.456,18-24,no,no,no,Reached shelter
Site 1900,A_placement_current,42,25-190737,OCC,yes,65.0,6990.0,17.73,112.1,1420.0,1420.0,932.0,932.0,1.782,25-54,no,yes,no,Reached shelter
Site 606,A_placement_current,42,25-145307,OCC,yes,66.0,6976.0,17.74,112.1,1421.0,1421.0,934.0,934.0,1.738,55-69,no,yes,no,Reached shelter
Site 734,A_placement_current,42,26-140290,OCC,yes,66.0,5559.0,17.74,112.1,1421.0,1421.0,934.0,934.0,1.401,18-24,no,yes,no,Reached shelter
Site 1006,A_placement_current,42,26-130077,OCC,yes,66.0,4459.0,17.74,112.1,1421.0,1421.0,934.0,934.0,1.122,70+,yes,no,no,Reached shelter
Site 1617,A_placement_current,42,25-212092,OCC,yes,66.0,3203.0,17.74,112.1,1421.0,1421.0,934.0,934.0,0.806,55-69,yes,no,no,Reached shelter
Site 1842,A_placement_current,42,25-134512,OCC,yes,66.0,4849.0,17.74,112.1,1421.0,1421.0,934.0,934.0,1.213,25-54,no,no,no,Reached shelter
Site 1921,A_placement_current,42,25-212520,OCC,yes,66.0,6931.0,17.74,112.1,1421.0,1421.0,934.0,934.0,1.725,25-54,no,no,no,Reached shelter
Site 491,A_placement_current,42,25-178720,OCC,yes,67.0,6136.0,17.75,112.1,1422.0,1422.0,936.0,936.0,1.525,25-54,no,no,no,Reached shelter
Site 1013,A_placement_current,42,25-102250,OCC,yes,67.0,5657.0,17.75,112.1,1422.0,1422.0,936.0,936.0,1.388,25-54,no,no,no,Reached shelter
Site 1289,A_placement_current,42,25-145037,OCC,yes,67.0,5899.0,17.75,112.1,1422.0,1422.0,936.0,936.0,1.456,25-54,no,no,no,Reached shelter
Site 1560,A_placement_current,42,25-178994,OCC,yes,67.0,5728.0,17.75,112.1,1422.0,1422.0,936.0,936.0,1.407,25-54,no,no,no,Reached shelter
Site 2012,A_placement_current,42,25-134429,OCC,yes,67.0,3752.0,17.75,112.1,1422.0,1422.0,936.0,936.0,0.922,55-69,no,no,no,Reached shelter
Site 2016,A_placement_current,42,26-119338,OCC,yes,67.0,4900.0,17.75,112.1,1422.0,1422.0,936.0,936.0,1.203,25-54,no,no,no,Reached shelter
Site 431,A_placement_current,42,25-156100,OCC,yes,68.0,3726.0,17.76,112.1,1423.0,1423.0,937.0,937.0,0.908,18-24,yes,no,no,Reached shelter
Site 546,A_placement_current,42,25-201245,OCC,yes,68.0,6687.0,17.76,112.1,1423.0,1423.0,937.0,937.0,1.631,25-54,no,no,no,Reached shelter
Site 619,A_placement_current,42,25-156243,OCC,yes,68.0,3064.0,17.76,112.1,1423.0,1423.0,937.0,937.0,0.745,25-54,yes,no,no,Reached shelter
Site 1203,A_placement_current,42,25-178709,OCC,yes,68.0,5261.0,17.76,112.1,1423.0,1423.0,937.0,937.0,1.285,25-54,no,yes,no,Reached shelter
Site 1652,A_placement_current,42,25-201236,OCC,yes,68.0,4240.0,17.76,112.1,1423.0,1423.0,937.0,937.0,1.032,25-54,no,no,yes,Reached shelter
Site 1718,A_placement_current,42,25-156567,OCC,yes,68.0,4270.0,17.76,112.1,1423.0,1423.0,937.0,937.0,1.044,25-54,no,no,yes,Reached shelter
Site 1886,A_placement_current,42,25-145108,OCC,yes,68.0,5489.0,17.76,112.1,1423.0,1423.0,937.0,937.0,1.333,25-54,no,no,no,Reached shelter
Site 1988,A_placement_current,42,25-134381,OCC,yes,68.0,4794.0,17.76,112.1,1423.0,1423.0,937.0,937.0,1.167,25-54,no,no,no,Reached shelter
Site 35,A_placement_current,42,25-201644,OCC,yes,69.0,4885.0,17.77,112.1,1424.0,1424.0,939.0,939.0,1.173,25-54,no,no,no,Reached shelter
Site 173,A_placement_current,42,25-112570,OCC,yes,69.0,5927.0,17.77,112.1,1424.0,1424.0,939.0,939.0,1.411,25-54,no,yes,no,Reached shelter
Site 329,A_placement_current,42,25-112658,OCC,yes,69.0,5916.0,17.77,112.1,1424.0,1424.0,939.0,939.0,1.427,25-54,no,no,yes,Reached shelter
Site 588,A_placement_current,42,25-221894,OCC,yes,69.0,6984.0,17.77,112.1,1424.0,1424.0,939.0,939.0,1.672,25-54,no,no,no,Reached shelter
Site 589,A_placement_current,42,25-190737,OCC,yes,69.0,6990.0,17.77,112.1,1424.0,1424.0,939.0,939.0,1.672,25-54,no,no,no,Reached shelter
Site 766,A_placement_current,42,25-102281,OCC,yes,69.0,4796.0,17.77,112.1,1424.0,1424.0,939.0,939.0,1.156,25-54,no,no,no,Reached shelter
Site 849,A_placement_current,42,26-150072,OCC,yes,69.0,6122.0,17.77,112.1,1424.0,1424.0,939.0,939.0,1.474,25-54,no,no,no,Reached shelter
Site 920,A_placement_current,42,25-102293,OCC,yes,69.0,5388.0,17.77,112.1,1424.0,1424.0,939.0,939.0,1.295,25-54,no,no,no,Reached shelter
Site 1882,A_placement_current,42,25-179105,OCC,yes,69.0,5016.0,17.77,112.1,1424.0,1424.0,939.0,939.0,1.207,25-54,no,no,no,Reached shelter
Site 100,A_placement_current,42,26-119337,OCC,yes,70.0,5372.0,17.78,112.1,1425.0,1425.0,941.0,941.0,1.262,25-54,no,no,no,Reached shelter
Site 302,A_placement_current,42,25-190464,OCC,yes,70.0,4432.0,17.78,112.1,1425.0,1425.0,941.0,941.0,1.054,25-54,no,no,yes,Reached shelter
Site 642,A_placement_current,42,25-123986,OCC,yes,70.0,6650.0,17.78,112.1,1425.0,1425.0,941.0,941.0,1.563,25-54,no,yes,no,Reached shelter
Site 678,A_placement_current,42,25-222171,OCC,yes,70.0,6939.0,17.78,112.1,1425.0,1425.0,941.0,941.0,1.65,25-54,no,no,no,Reached shelter
Site 698,A_placement_current,42,25-168028,OCC,yes,70.0,6505.0,17.78,112.1,1425.0,1425.0,941.0,941.0,1.547,25-54,no,no,no,Reached shelter
Site 969,A_placement_current,42,26-119345,OCC,yes,70.0,5178.0,17.78,112.1,1425.0,1425.0,941.0,941.0,1.233,25-54,yes,yes,no,Reached shelter
Site 158,A_placement_current,42,26-130031,OCC,yes,71.0,6144.0,17.79,112.1,1426.0,1426.0,943.0,943.0,1.425,25-54,no,no,no,Reached shelter
Site 613,A_placement_current,42,25-167845,OCC,yes,71.0,2312.0,17.79,112.1,1426.0,1426.0,943.0,943.0,0.542,55-69,yes,no,no,Reached shelter
Site 703,A_placement_current,42,25-145168,OCC,yes,71.0,4074.0,17.79,112.1,1426.0,1426.0,943.0,943.0,0.948,25-54,yes,no,no,Reached shelter
Site 753,A_placement_current,42,25-167720,OCC,yes,71.0,4458.0,17.79,112.1,1426.0,1426.0,943.0,943.0,1.035,25-54,no,yes,yes,Reached shelter
Site 853,A_placement_current,42,25-102308,OCC,yes,71.0,5520.0,17.79,112.1,1426.0,1426.0,943.0,943.0,1.291,25-54,no,no,yes,Reached shelter
Site 1103,A_placement_current,42,25-134485,OCC,yes,71.0,6986.0,17.79,112.1,1426.0,1426.0,943.0,943.0,1.631,18-24,no,yes,no,Reached shelter
Site 1138,A_placement_current,42,25-156335,OCC,yes,71.0,7211.0,17.79,112.1,1426.0,1426.0,943.0,943.0,1.677,18-24,no,no,no,Reached shelter
Site 41,A_placement_current,42,25-178808,OCC,yes,72.0,5116.0,17.8,112.1,1427.0,1427.0,945.0,945.0,1.181,55-69,no,yes,no,Reached shelter
Site 434,A_placement_current,42,26-109634,OCC,yes,72.0,6681.0,17.8,112.1,1427.0,1427.0,945.0,945.0,1.541,25-54,no,no,no,Reached shelter
Site 1187,A_placement_current,42,25-190332,OCC,yes,72.0,5992.0,17.8,112.1,1427.0,1427.0,945.0,945.0,1.382,25-54,no,no,no,Reached shelter
Site 1272,A_placement_current,42,25-134334,OCC,yes,72.0,5586.0,17.8,112.1,1427.0,1427.0,945.0,945.0,1.277,25-54,no,no,no,Reached shelter
Site 1355,A_placement_current,42,25-167658,OCC,yes,72.0,5145.0,17.8,112.1,1427.0,1427.0,945.0,945.0,1.188,55-69,no,no,yes,Reached shelter
Site 1356,A_placement_current,42,25-112605,OCC,yes,72.0,6768.0,17.8,112.1,1427.0,1427.0,945.0,945.0,1.56,55-69,yes,no,no,Reached shelter
Site 1651,A_placement_current,42,25-123846,OCC,yes,72.0,6373.0,17.8,112.1,1427.0,1427.0,945.0,945.0,1.468,25-54,no,no,no,Reached shelter
Site 176,A_placement_current,42,26-140216,OCC,yes,73.0,6802.0,17.81,112.1,1428.0,1428.0,946.0,946.0,1.544,25-54,no,no,no,Reached shelter
Site 439,A_placement_current,42,25-156153,OCC,yes,73.0,6984.0,17.81,112.1,1428.0,1428.0,946.0,946.0,1.58,25-54,no,no,no,Reached shelter
Site 790,A_placement_current,42,25-212532,OCC,yes,73.0,5518.0,17.81,112.1,1428.0,1428.0,946.0,946.0,1.244,25-54,no,no,yes,Reached shelter
Site 1303,A_placement_current,42,26-140305,OCC,yes,73.0,6829.0,17.81,112.1,1428.0,1428.0,946.0,946.0,1.543,55-69,no,no,no,Reached shelter
Site 1387,A_placement_current,42,25-156709,OCC,yes,73.0,5285.0,17.81,112.1,1428.0,1428.0,946.0,946.0,1.206,25-54,no,no,no,Reached shelter
Site 1485,A_placement_current,42,25-178798,OCC,yes,73.0,7114.0,17.81,112.1,1428.0,1428.0,946.0,946.0,1.62,25-54,no,no,no,Reached shelter
Site 1829,A_placement_current,42,25-179027,OCC,yes,73.0,6518.0,17.81,112.1,1428.0,1428.0,946.0,946.0,1.469,25-54,no,no,no,Reached shelter
Site 1852,A_placement_current,42,26-149750,OCC,yes,73.0,5434.0,17.81,112.1,1428.0,1428.0,946.0,946.0,1.233,25-54,no,no,no,Reached shelter
Site 113,A_placement_current,42,25-112788,OCC,yes,74.0,6641.0,17.82,112.1,1429.0,1429.0,948.0,948.0,1.479,25-54,no,no,no,Reached shelter
Site 722,A_placement_current,42,26-109373,OCC,yes,74.0,7280.0,17.82,112.1,1429.0,1429.0,948.0,948.0,1.632,25-54,no,no,no,Reached shelter
Site 835,A_placement_current,42,25-167639,OCC,yes,74.0,6233.0,17.82,112.1,1429.0,1429.0,948.0,948.0,1.387,55-69,no,no,no,Reached shelter
Site 1026,A_placement_current,42,25-102089,OCC,yes,74.0,7469.0,17.82,112.1,1429.0,1429.0,948.0,948.0,1.677,25-54,no,no,no,Reached shelter
Site 1269,A_placement_current,42,25-212263,OCC,yes,74.0,6086.0,17.82,112.1,1429.0,1429.0,948.0,948.0,1.355,25-54,no,yes,no,Reached shelter
Site 1362,A_placement_current,42,26-140443,OCC,yes,74.0,5237.0,17.82,112.1,1429.0,1429.0,948.0,948.0,1.168,55-69,no,no,no,Reached shelter
Site 1524,A_placement_current,42,26-130087,OCC,yes,74.0,6562.0,17.82,112.1,1429.0,1429.0,948.0,948.0,1.471,25-54,no,no,no,Reached shelter
Site 1640,A_placement_current,42,25-134485,OCC,yes,74.0,6986.0,17.82,112.1,1429.0,1429.0,948.0,948.0,1.572,25-54,no,no,no,Reached shelter
Site 199,A_placement_current,42,25-123944,OCC,yes,75.0,7127.0,17.83,112.1,1431.0,1431.0,950.0,950.0,1.576,25-54,no,no,no,Reached shelter
Site 453,A_placement_current,42,25-112605,OCC,yes,75.0,6768.0,17.83,112.1,1431.0,1431.0,950.0,950.0,1.485,25-54,no,no,no,Reached shelter
Site 484,A_placement_current,42,26-140430,OCC,yes,75.0,6858.0,17.83,112.1,1431.0,1431.0,950.0,950.0,1.508,25-54,no,no,no,Reached shelter
Site 731,A_placement_current,42,25-212362,OCC,yes,75.0,5516.0,17.83,112.1,1431.0,1431.0,950.0,950.0,1.216,18-24,yes,no,no,Reached shelter
Site 872,A_placement_current,42,25-179075,OCC,yes,75.0,3079.0,17.83,112.1,1431.0,1431.0,950.0,950.0,0.684,55-69,yes,yes,no,Reached shelter
Site 1205,A_placement_current,42,26-150072,OCC,yes,75.0,6122.0,17.83,112.1,1431.0,1431.0,950.0,950.0,1.36,25-54,no,yes,no,Reached shelter
Site 1252,A_placement_current,42,25-112783,OCC,yes,75.0,5474.0,17.83,112.1,1431.0,1431.0,950.0,950.0,1.204,25-54,no,no,no,Reached shelter
Site 1598,A_placement_current,42,25-201283,OCC,yes,75.0,5441.0,17.83,112.1,1431.0,1431.0,950.0,950.0,1.2,25-54,no,no,no,Reached shelter
Site 1628,A_placement_current,42,25-167944,OCC,yes,75.0,7269.0,17.83,112.1,1431.0,1431.0,950.0,950.0,1.612,25-54,no,no,no,Reached shelter
Site 1830,A_placement_current,42,25-201283,OCC,yes,75.0,5441.0,17.83,112.1,1431.0,1431.0,950.0,950.0,1.199,25-54,no,no,no,Reached shelter
Site 1914,A_placement_current,42,25-190456,OCC,yes,75.0,7653.0,17.83,112.1,1431.0,1431.0,950.0,950.0,1.684,25-54,no,no,no,Reached shelter
Site 38,A_placement_current,42,26-149709,OCC,yes,76.0,7530.0,17.84,112.1,1432.0,1432.0,952.0,952.0,1.634,25-54,no,no,no,Reached shelter
Site 567,A_placement_current,42,25-190487,OCC,yes,76.0,5643.0,17.84,112.1,1432.0,1432.0,952.0,952.0,1.234,25-54,no,no,no,Reached shelter
Site 702,A_placement_current,42,25-156196,OCC,yes,76.0,4756.0,17.84,112.1,1432.0,1432.0,952.0,952.0,1.039,55-69,yes,yes,no,Reached shelter
Site 727,A_placement_current,42,25-134294,OCC,yes,76.0,8199.0,17.84,112.1,1432.0,1432.0,952.0,952.0,1.779,25-54,no,yes,no,Reached shelter
Site 857,A_placement_current,42,26-119518,OCC,yes,76.0,6504.0,17.84,112.1,1432.0,1432.0,952.0,952.0,1.416,25-54,no,no,no,Reached shelter
Site 1062,A_placement_current,42,25-112812,OCC,yes,76.0,5819.0,17.84,112.1,1432.0,1432.0,952.0,952.0,1.263,55-69,no,no,no,Reached shelter
Site 1094,A_placement_current,42,25-112669,OCC,yes,76.0,7123.0,17.84,112.1,1432.0,1432.0,952.0,952.0,1.552,25-54,no,no,no,Reached shelter
Site 91,A_placement_current,42,25-190727,OCC,yes,77.0,7572.0,17.85,112.1,1433.0,1433.0,954.0,954.0,1.637,25-54,no,no,no,Reached shelter
Site 223,A_placement_current,42,25-212195,OCC,yes,77.0,7342.0,17.85,112.1,1433.0,1433.0,954.0,954.0,1.581,18-24,no,no,no,Reached shelter
Site 847,A_placement_current,42,25-102217,OCC,yes,77.0,7947.0,17.85,112.1,1433.0,1433.0,954.0,954.0,1.713,25-54,no,no,no,Reached shelter
Site 1009,A_placement_current,42,26-149870,OCC,yes,77.0,7673.0,17.85,112.1,1433.0,1433.0,954.0,954.0,1.653,25-54,no,no,no,Reached shelter
Site 1216,A_placement_current,42,25-167788,OCC,yes,77.0,7627.0,17.85,112.1,1433.0,1433.0,954.0,954.0,1.649,25-54,no,no,no,Reached shelter
Site 1660,A_placement_current,42,26-130233,OCC,yes,77.0,7454.0,17.85,112.1,1433.0,1433.0,954.0,954.0,1.607,25-54,no,no,no,Reached shelter
Site 1746,A_placement_current,42,25-102217,OCC,yes,77.0,7947.0,17.85,112.1,1433.0,1433.0,954.0,954.0,1.717,25-54,no,no,no,Reached shelter
Site 166,A_placement_current,42,26-109714,OCC,yes,78.0,5580.0,17.86,112.1,1434.0,1434.0,955.0,955.0,1.18,18-24,no,yes,no,Reached shelter
Site 171,A_placement_current,42,26-119402,OCC,yes,78.0,6678.0,17.86,112.1,1434.0,1434.0,955.0,955.0,1.416,25-54,no,no,no,Reached shelter
Site 194,A_placement_current,42,25-167788,OCC,yes,78.0,7627.0,17.86,112.1,1434.0,1434.0,955.0,955.0,1.615,55-69,no,yes,no,Reached shelter
Site 205,A_placement_current,42,25-102328,OCC,yes,78.0,6764.0,17.86,112.1,1434.0,1434.0,955.0,955.0,1.43,25-54,no,no,no,Reached shelter
Site 495,A_placement_current,42,25-134402,OCC,yes,78.0,6554.0,17.86,112.1,1434.0,1434.0,955.0,955.0,1.396,18-24,no,yes,no,Reached shelter
Site 525,A_placement_current,42,26-149998,OCC,yes,78.0,5699.0,17.86,112.1,1434.0,1434.0,955.0,955.0,1.207,25-54,no,no,no,Reached shelter
Site 1281,A_placement_current,42,26-130259,OCC,yes,78.0,7335.0,17.86,112.1,1434.0,1434.0,955.0,955.0,1.554,25-54,no,no,no,Reached shelter
Site 1742,A_placement_current,42,25-178747,OCC,yes,78.0,5632.0,17.86,112.1,1434.0,1434.0,955.0,955.0,1.202,25-54,no,no,no,Reached shelter
Site 196,A_placement_current,42,26-130031,OCC,yes,79.0,6144.0,17.87,112.1,1435.0,1435.0,957.0,957.0,1.293,25-54,no,yes,no,Reached shelter
Site 282,A_placement_current,42,25-145307,OCC,yes,79.0,6976.0,17.87,112.1,1435.0,1435.0,957.0,957.0,1.471,25-54,no,no,no,Reached shelter
Site 296,A_placement_current,42,25-145012,OCC,yes,79.0,6748.0,17.87,112.1,1435.0,1435.0,957.0,957.0,1.418,25-54,no,no,no,Reached shelter
Site 416,A_placement_current,42,25-190740,OCC,yes,79.0,8461.0,17.87,112.1,1435.0,1435.0,957.0,957.0,1.764,25-54,yes,no,no,Reached shelter
Site 442,A_placement_current,42,26-130249,OCC,yes,79.0,4133.0,17.87,112.1,1435.0,1435.0,957.0,957.0,0.866,55-69,yes,yes,no,Reached shelter
Site 505,A_placement_current,42,25-212265,OCC,yes,79.0,5554.0,17.87,112.1,1435.0,1435.0,957.0,957.0,1.159,25-54,no,yes,no,Reached shelter
Site 667,A_placement_current,42,26-130087,OCC,yes,79.0,6562.0,17.87,112.1,1435.0,1435.0,957.0,957.0,1.371,25-54,no,no,no,Reached shelter
Site 1073,A_placement_current,42,25-167720,OCC,yes,79.0,4458.0,17.87,112.1,1435.0,1435.0,957.0,957.0,0.931,55-69,yes,no,no,Reached shelter
Site 1095,A_placement_current,42,25-190433,OCC,yes,79.0,7555.0,17.87,112.1,1435.0,1435.0,957.0,957.0,1.593,25-54,no,yes,no,Reached shelter
Site 1111,A_placement_current,42,25-123827,OCC,yes,79.0,5480.0,17.87,112.1,1435.0,1435.0,957.0,957.0,1.148,25-54,no,no,no,Reached shelter
Site 1613,A_placement_current,42,25-222018,OCC,yes,79.0,7091.0,17.87,112.1,1435.0,1435.0,957.0,957.0,1.487,25-54,no,no,no,Reached shelter
Site 1782,A_placement_current,42,25-123579,OCC,yes,79.0,4588.0,17.87,112.1,1435.0,1435.0,957.0,957.0,0.96,25-54,yes,no,yes,Reached shelter
Site 1926,A_placement_current,42,25-167567,OCC,yes,79.0,5642.0,17.87,112.1,1435.0,1435.0,957.0,957.0,1.19,25-54,no,no,no,Reached shelter
Site 102,A_placement_current,42,25-102146,OCC,yes,80.0,6071.0,17.88,112.1,1436.0,1436.0,959.0,959.0,1.256,25-54,no,no,no,Reached shelter
Site 748,A_placement_current,42,26-149784,OCC,yes,80.0,3556.0,17.88,112.1,1436.0,1436.0,959.0,959.0,0.74,55-69,yes,no,no,Reached shelter
Site 785,A_placement_current,42,25-201736,OCC,yes,80.0,6376.0,17.88,112.1,1436.0,1436.0,959.0,959.0,1.313,25-54,no,no,no,Reached shelter
Site 898,A_placement_current,42,25-212321,OCC,yes,80.0,6096.0,17.88,112.1,1436.0,1436.0,959.0,959.0,1.268,25-54,no,no,no,Reached shelter
Site 1057,A_placement_current,42,25-201245,OCC,yes,80.0,6687.0,17.88,112.1,1436.0,1436.0,959.0,959.0,1.381,18-24,no,no,no,Reached shelter
Site 1429,A_placement_current,42,25-167630,OCC,yes,80.0,3662.0,17.88,112.1,1436.0,1436.0,959.0,959.0,0.759,25-54,yes,no,no,Reached shelter
Site 1507,A_placement_current,42,25-201443,OCC,yes,80.0,4312.0,17.88,112.1,1436.0,1436.0,959.0,959.0,0.889,55-69,yes,no,no,Reached shelter
Site 1880,A_placement_current,42,25-201669,OCC,yes,80.0,4496.0,17.88,112.1,1436.0,1436.0,959.0,959.0,0.93,25-54,no,no,no,Reached shelter
Site 1922,A_placement_current,42,26-149799,OCC,yes,80.0,7270.0,17.88,112.1,1436.0,1436.0,959.0,959.0,1.5,55-69,no,no,no,Reached shelter
Site 248,A_placement_current,42,25-201326,OCC,yes,81.0,8350.0,17.89,112.1,1437.0,1437.0,961.0,961.0,1.698,55-69,no,no,no,Reached shelter
Site 362,A_placement_current,42,25-201707,OCC,yes,81.0,7790.0,17.89,112.1,1437.0,1437.0,961.0,961.0,1.602,25-54,no,no,no,Reached shelter
Site 452,A_placement_current,42,25-134632,OCC,yes,81.0,7393.0,17.89,112.1,1437.0,1437.0,961.0,961.0,1.518,25-54,no,no,no,Reached shelter
Site 555,A_placement_current,42,26-150103,OCC,yes,81.0,7811.0,17.89,112.1,1437.0,1437.0,961.0,961.0,1.601,25-54,no,no,no,Reached shelter
Site 669,A_placement_current,42,25-201736,OCC,yes,81.0,6376.0,17.89,112.1,1437.0,1437.0,961.0,961.0,1.297,25-54,no,yes,no,Reached shelter
Site 824,A_placement_current,42,25-112967,OCC,yes,81.0,8470.0,17.89,112.1,1437.0,1437.0,961.0,961.0,1.723,25-54,no,no,no,Reached shelter
Site 1008,A_placement_current,42,26-109731,OCC,yes,81.0,7247.0,17.89,112.1,1437.0,1437.0,961.0,961.0,1.474,25-54,no,no,no,Reached shelter
Site 1070,A_placement_current,42,25-145307,OCC,yes,81.0,6976.0,17.89,112.1,1437.0,1437.0,961.0,961.0,1.42,25-54,no,no,no,Reached shelter
Site 1589,A_placement_current,42,25-168028,OCC,yes,81.0,6505.0,17.89,112.1,1437.0,1437.0,961.0,961.0,1.338,25-54,no,no,no,Reached shelter
Site 1701,A_placement_current,42,26-119740,OCC,yes,81.0,9455.0,17.89,112.1,1437.0,1437.0,961.0,961.0,1.935,25-54,no,no,no,Reached shelter
Site 725,A_placement_current,42,26-140238,OCC,yes,82.0,4564.0,17.9,112.1,1438.0,1438.0,963.0,963.0,0.917,55-69,yes,no,yes,Reached shelter
Site 805,A_placement_current,42,25-167778,OCC,yes,82.0,8526.0,17.9,112.1,1438.0,1438.0,963.0,963.0,1.725,25-54,no,no,no,Reached shelter
Site 910,A_placement_current,42,25-179088,OCC,yes,82.0,6577.0,17.9,112.1,1438.0,1438.0,963.0,963.0,1.325,25-54,no,no,no,Reached shelter
Site 1532,A_placement_current,42,26-119253,OCC,yes,82.0,5069.0,17.9,112.1,1438.0,1438.0,963.0,963.0,1.03,25-54,no,no,no,Reached shelter
Site 1733,A_placement_current,42,26-140201,OCC,yes,82.0,3745.0,17.9,112.1,1438.0,1438.0,963.0,963.0,0.755,55-69,yes,no,no,Reached shelter
Site 1769,A_placement_current,42,25-156537,OCC,yes,82.0,7308.0,17.9,112.1,1438.0,1438.0,963.0,963.0,1.478,25-54,no,no,no,Reached shelter
Site 1990,A_placement_current,42,25-212069,OCC,yes,82.0,5724.0,17.9,112.1,1438.0,1438.0,963.0,963.0,1.158,25-54,no,no,yes,Reached shelter
Site 55,A_placement_current,42,26-119671,OCC,yes,83.0,7865.0,17.91,112.1,1439.0,1439.0,964.0,964.0,1.564,25-54,no,no,yes,Reached shelter
Site 216,A_placement_current,42,25-112669,OCC,yes,83.0,7123.0,17.91,112.1,1439.0,1439.0,964.0,964.0,1.429,18-24,no,no,no,Reached shelter
Site 330,A_placement_current,42,25-123772,OCC,yes,83.0,5520.0,17.91,112.1,1439.0,1439.0,964.0,964.0,1.104,55-69,no,no,no,Reached shelter
Site 454,A_placement_current,42,25-145422,OCC,yes,83.0,5380.0,17.91,112.1,1439.0,1439.0,964.0,964.0,1.079,25-54,yes,no,no,Reached shelter
Site 527,A_placement_current,42,26-130233,OCC,yes,83.0,7454.0,17.91,112.1,1439.0,1439.0,964.0,964.0,1.489,25-54,no,no,no,Reached shelter
Site 633,A_placement_current,42,25-156537,OCC,yes,83.0,7308.0,17.91,112.1,1439.0,1439.0,964.0,964.0,1.46,25-54,no,no,no,Reached shelter
Site 657,A_placement_current,42,25-190582,OCC,yes,83.0,7068.0,17.91,112.1,1439.0,1439.0,964.0,964.0,1.408,18-24,no,no,no,Reached shelter
Site 906,A_placement_current,42,25-112975,OCC,yes,83.0,6612.0,17.91,112.1,1439.0,1439.0,964.0,964.0,1.322,25-54,no,no,no,Reached shelter
Site 1590,A_placement_current,42,25-123986,OCC,yes,83.0,6650.0,17.91,112.1,1439.0,1439.0,964.0,964.0,1.326,25-54,no,no,no,Reached shelter
Site 1690,A_placement_current,42,26-129819,OCC,yes,83.0,7797.0,17.91,112.1,1439.0,1439.0,964.0,964.0,1.563,55-69,no,no,no,Reached shelter
Site 1723,A_placement_current,42,25-190662,OCC,yes,83.0,6748.0,17.91,112.1,1439.0,1439.0,964.0,964.0,1.34,25-54,no,no,no,Reached shelter
Site 1748,A_placement_current,42,26-119518,OCC,yes,83.0,6504.0,17.91,112.1,1439.0,1439.0,964.0,964.0,1.303,25-54,no,no,no,Reached shelter
Site 140,A_placement_current,42,26-129853,OCC,yes,84.0,6736.0,17.92,112.1,1441.0,1441.0,966.0,966.0,1.322,25-54,no,no,no,Reached shelter
Site 422,A_placement_current,42,25-134419,OCC,yes,84.0,7948.0,17.92,112.1,1441.0,1441.0,966.0,966.0,1.561,25-54,no,no,no,Reached shelter
Site 480,A_placement_current,42,25-123862,OCC,yes,84.0,6879.0,17.92,112.1,1441.0,1441.0,966.0,966.0,1.355,55-69,no,no,no,Reached shelter
Site 812,A_placement_current,42,25-201704,OCC,yes,84.0,7931.0,17.92,112.1,1441.0,1441.0,966.0,966.0,1.572,25-54,no,no,no,Reached shelter
Site 856,A_placement_current,42,25-112669,OCC,yes,84.0,7123.0,17.92,112.1,1441.0,1441.0,966.0,966.0,1.401,25-54,yes,no,no,Reached shelter
Site 908,A_placement_current,42,26-109541,OCC,yes,84.0,7787.0,17.92,112.1,1441.0,1441.0,966.0,966.0,1.535,25-54,no,no,no,Reached shelter
Site 956,A_placement_current,42,26-130144,OCC,yes,84.0,4375.0,17.92,112.1,1441.0,1441.0,966.0,966.0,0.864,55-69,yes,no,yes,Reached shelter
Site 1034,A_placement_current,42,25-134573,OCC,yes,84.0,7790.0,17.92,112.1,1441.0,1441.0,966.0,966.0,1.537,25-54,no,no,no,Reached shelter
Site 1396,A_placement_current,42,25-167634,OCC,yes,84.0,9071.0,17.92,112.1,1441.0,1441.0,966.0,966.0,1.794,55-69,no,no,no,Reached shelter
Site 1765,A_placement_current,42,26-149824,OCC,yes,84.0,6515.0,17.92,112.1,1441.0,1441.0,966.0,966.0,1.29,25-54,no,yes,no,Reached shelter
Site 855,A_placement_current,42,25-212229,OCC,yes,85.0,4834.0,17.93,112.1,1442.0,1442.0,968.0,968.0,0.946,18-24,yes,no,no,Reached shelter
Site 1076,A_placement_current,42,25-145004,OCC,yes,85.0,5198.0,17.93,112.1,1442.0,1442.0,968.0,968.0,1.011,25-54,yes,no,no,Reached shelter
Site 1280,A_placement_current,42,26-149977,OCC,yes,85.0,8454.0,17.93,112.1,1442.0,1442.0,968.0,968.0,1.654,25-54,no,no,no,Reached shelter
Site 1341,A_placement_current,42,26-129764,OCC,yes,85.0,7759.0,17.93,112.1,1442.0,1442.0,968.0,968.0,1.52,25-54,no,no,no,Reached shelter
Site 1505,A_placement_current,42,25-190389,OCC,yes,85.0,6806.0,17.93,112.1,1442.0,1442.0,968.0,968.0,1.332,55-69,no,no,no,Reached shelter
Site 1573,A_placement_current,42,25-179283,OCC,yes,85.0,7057.0,17.93,112.1,1442.0,1442.0,968.0,968.0,1.38,18-24,no,no,no,Reached shelter
Site 1918,A_placement_current,42,25-201367,OCC,yes,85.0,8184.0,17.93,112.1,1442.0,1442.0,968.0,968.0,1.598,25-54,no,no,no,Reached shelter
Site 419,A_placement_current,42,25-190498,OCC,yes,86.0,5434.0,17.94,112.1,1443.0,1443.0,970.0,970.0,1.047,25-54,yes,no,no,Reached shelter
Site 423,A_placement_current,42,26-149730,OCC,yes,86.0,6638.0,17.94,112.1,1443.0,1443.0,970.0,970.0,1.279,55-69,no,no,no,Reached shelter
Site 518,A_placement_current,42,26-119447,OCC,yes,86.0,7522.0,17.94,112.1,1443.0,1443.0,970.0,970.0,1.447,55-69,no,no,no,Reached shelter
Site 781,A_placement_current,42,25-167588,OCC,yes,86.0,8210.0,17.94,112.1,1443.0,1443.0,970.0,970.0,1.586,25-54,no,no,no,Reached shelter
Site 907,A_placement_current,42,26-130259,OCC,yes,86.0,7335.0,17.94,112.1,1443.0,1443.0,970.0,970.0,1.417,25-54,no,no,no,Reached shelter
Site 1208,A_placement_current,42,25-123628,OCC,yes,86.0,8470.0,17.94,112.1,1443.0,1443.0,970.0,970.0,1.625,25-54,no,no,no,Reached shelter
Site 1497,A_placement_current,42,26-140313,OCC,yes,86.0,7138.0,17.94,112.1,1443.0,1443.0,970.0,970.0,1.371,25-54,no,no,no,Reached shelter
Site 1686,A_placement_current,42,25-167770,OCC,yes,86.0,7643.0,17.94,112.1,1443.0,1443.0,970.0,970.0,1.479,25-54,no,no,no,Reached shelter
Site 1745,A_placement_current,42,25-144986,OCC,yes,86.0,7494.0,17.94,112.1,1443.0,1443.0,970.0,970.0,1.437,25-54,no,no,no,Reached shelter
Site 2011,A_placement_current,42,26-119540,OCC,yes,86.0,7022.0,17.94,112.1,1443.0,1443.0,970.0,970.0,1.35,25-54,no,no,no,Reached shelter
Site 59,A_placement_current,42,25-222205,OCC,yes,87.0,7223.0,17.95,112.1,1444.0,1444.0,971.0,971.0,1.38,25-54,no,no,no,Reached shelter
Site 352,A_placement_current,42,25-201704,OCC,yes,87.0,7931.0,17.95,112.1,1444.0,1444.0,971.0,971.0,1.504,25-54,no,no,no,Reached shelter
Site 1021,A_placement_current,42,26-140216,OCC,yes,87.0,6802.0,17.95,112.1,1444.0,1444.0,971.0,971.0,1.302,25-54,no,no,no,Reached shelter
Site 1158,A_placement_current,42,26-119761,OCC,yes,87.0,8912.0,17.95,112.1,1444.0,1444.0,971.0,971.0,1.706,25-54,no,no,no,Reached shelter
Site 1250,A_placement_current,42,25-190740,OCC,yes,87.0,8461.0,17.95,112.1,1444.0,1444.0,971.0,971.0,1.613,25-54,no,no,no,Reached shelter
Site 1481,A_placement_current,42,25-123844,OCC,yes,87.0,8571.0,17.95,112.1,1444.0,1444.0,971.0,971.0,1.635,25-54,no,no,no,Reached shelter
Site 1515,A_placement_current,42,25-167849,OCC,yes,87.0,8698.0,17.95,112.1,1444.0,1444.0,971.0,971.0,1.655,25-54,no,no,no,Reached shelter
Site 1729,A_placement_current,42,26-149803,OCC,yes,87.0,6904.0,17.95,112.1,1444.0,1444.0,971.0,971.0,1.31,25-54,no,no,no,Reached shelter
Site 1884,A_placement_current,42,25-134402,OCC,yes,87.0,6554.0,17.95,112.1,1444.0,1444.0,971.0,971.0,1.25,25-54,no,yes,no,Reached shelter
Site 134,A_placement_current,42,26-109423,OCC,yes,88.0,6229.0,17.96,112.1,1445.0,1445.0,973.0,973.0,1.172,25-54,no,no,no,Reached shelter
Site 905,A_placement_current,42,26-150099,OCC,yes,88.0,6488.0,17.96,112.1,1445.0,1445.0,973.0,973.0,1.225,25-54,no,no,no,Reached shelter
Site 1016,A_placement_current,42,26-140313,OCC,yes,88.0,7138.0,17.96,112.1,1445.0,1445.0,973.0,973.0,1.339,25-54,no,no,no,Reached shelter
Site 1251,A_placement_current,42,25-221865,OCC,yes,88.0,7929.0,17.96,112.1,1445.0,1445.0,973.0,973.0,1.492,18-24,no,no,no,Reached shelter
Site 1472,A_placement_current,42,25-134466,OCC,yes,88.0,6543.0,17.96,112.1,1445.0,1445.0,973.0,973.0,1.237,55-69,no,no,no,Reached shelter
Site 1543,A_placement_current,42,25-212352,OCC,yes,88.0,5848.0,17.96,112.1,1445.0,1445.0,973.0,973.0,1.106,55-69,no,no,no,Reached shelter
Site 1580,A_placement_current,42,26-140290,OCC,yes,88.0,5559.0,17.96,112.1,1445.0,1445.0,973.0,973.0,1.045,55-69,no,no,no,Reached shelter
Site 1666,A_placement_current,42,26-109509,OCC,yes,88.0,7881.0,17.96,112.1,1445.0,1445.0,973.0,973.0,1.488,25-54,no,no,no,Reached shelter
Site 1876,A_placement_current,42,25-190647,OCC,yes,88.0,8614.0,17.96,112.1,1445.0,1445.0,973.0,973.0,1.623,25-54,no,no,no,Reached shelter
Site 1999,A_placement_current,42,25-112658,OCC,yes,88.0,5916.0,17.96,112.1,1445.0,1445.0,973.0,973.0,1.118,25-54,yes,no,no,Reached shelter
Site 69,A_placement_current,42,25-112938,OCC,yes,89.0,7295.0,17.97,112.1,1446.0,1446.0,975.0,975.0,1.36,25-54,no,yes,no,Reached shelter
Site 451,A_placement_current,42,26-140539,OCC,yes,89.0,7192.0,17.97,112.1,1446.0,1446.0,975.0,975.0,1.336,25-54,no,no,no,Reached shelter
Site 829,A_placement_current,42,25-156381,OCC,yes,89.0,7271.0,17.97,112.1,1446.0,1446.0,975.0,975.0,1.348,25-54,no,no,no,Reached shelter
Site 916,A_placement_current,42,25-134294,OCC,yes,89.0,8199.0,17.97,112.1,1446.0,1446.0,975.0,975.0,1.526,25-54,no,no,no,Reached shelter
Site 1067,A_placement_current,42,25-124000,OCC,yes,89.0,8049.0,17.97,112.1,1446.0,1446.0,975.0,975.0,1.499,25-54,no,yes,no,Reached shelter
Site 1207,A_placement_current,42,25-179088,OCC,yes,89.0,6577.0,17.97,112.1,1446.0,1446.0,975.0,975.0,1.229,25-54,no,no,yes,Reached shelter
Site 1445,A_placement_current,42,25-201324,OCC,yes,89.0,8408.0,17.97,112.1,1446.0,1446.0,975.0,975.0,1.568,25-54,no,no,no,Reached shelter
Site 1689,A_placement_current,42,25-212265,OCC,yes,89.0,5554.0,17.97,112.1,1446.0,1446.0,975.0,975.0,1.032,70+,no,no,no,Reached shelter
Site 789,A_placement_current,42,25-212287,OCC,yes,90.0,7353.0,17.98,112.1,1447.0,1447.0,977.0,977.0,1.349,55-69,no,no,no,Reached shelter
Site 879,A_placement_current,42,25-112772,OCC,yes,90.0,6801.0,17.98,112.1,1447.0,1447.0,977.0,977.0,1.255,25-54,no,no,no,Reached shelter
Site 993,A_placement_current,42,25-145352,OCC,yes,90.0,7324.0,17.98,112.1,1447.0,1447.0,977.0,977.0,1.352,25-54,no,no,no,Reached shelter
Site 1012,A_placement_current,42,25-201690,OCC,yes,90.0,8605.0,17.98,112.1,1447.0,1447.0,977.0,977.0,1.59,25-54,no,no,no,Reached shelter
Site 1063,A_placement_current,42,26-119425,OCC,yes,90.0,8102.0,17.98,112.1,1447.0,1447.0,977.0,977.0,1.499,25-54,no,no,no,Reached shelter
Site 1295,A_placement_current,42,25-123590,OCC,yes,90.0,7270.0,17.98,112.1,1447.0,1447.0,977.0,977.0,1.337,25-54,no,no,no,Reached shelter
Site 1645,A_placement_current,42,25-145099,OCC,yes,90.0,9194.0,17.98,112.1,1447.0,1447.0,977.0,977.0,1.695,25-54,no,no,no,Reached shelter
Site 1993,A_placement_current,42,26-129784,OCC,yes,90.0,8337.0,17.98,112.1,1447.0,1447.0,977.0,977.0,1.533,25-54,no,no,no,Reached shelter
Site 153,A_placement_current,42,25-201607,OCC,yes,91.0,8566.0,17.99,112.1,1448.0,1448.0,979.0,979.0,1.565,25-54,no,no,no,Reached shelter
Site 210,A_placement_current,42,25-123984,OCC,yes,91.0,8407.0,17.99,112.1,1448.0,1448.0,979.0,979.0,1.524,55-69,yes,no,no,Reached shelter
Site 231,A_placement_current,42,26-140398,OCC,yes,91.0,8821.0,17.99,112.1,1448.0,1448.0,979.0,979.0,1.601,25-54,no,no,no,Reached shelter
Site 327,A_placement_current,42,25-222132,OCC,yes,91.0,8188.0,17.99,112.1,1448.0,1448.0,979.0,979.0,1.484,25-54,no,no,no,Reached shelter
Site 541,A_placement_current,42,26-150027,OCC,yes,91.0,7546.0,17.99,112.1,1448.0,1448.0,979.0,979.0,1.38,25-54,yes,no,no,Reached shelter
Site 635,A_placement_current,42,25-145375,OCC,yes,91.0,8051.0,17.99,112.1,1448.0,1448.0,979.0,979.0,1.465,25-54,no,no,no,Reached shelter
Site 660,A_placement_current,42,25-190369,OCC,yes,91.0,8894.0,17.99,112.1,1448.0,1448.0,979.0,979.0,1.628,25-54,no,no,no,Reached shelter
Site 691,A_placement_current,42,26-149824,OCC,yes,91.0,6515.0,17.99,112.1,1448.0,1448.0,979.0,979.0,1.181,25-54,no,yes,yes,Reached shelter
Site 865,A_placement_current,42,25-112587,OCC,yes,91.0,8261.0,17.99,112.1,1448.0,1448.0,979.0,979.0,1.499,25-54,no,no,yes,Reached shelter
Site 874,A_placement_current,42,25-134421,OCC,yes,91.0,8114.0,17.99,112.1,1448.0,1448.0,979.0,979.0,1.478,25-54,no,yes,no,Reached shelter
Site 1224,A_placement_current,42,25-190584,OCC,yes,91.0,6835.0,17.99,112.1,1448.0,1448.0,979.0,979.0,1.246,25-54,no,no,no,Reached shelter
Site 1365,A_placement_current,42,25-134687,OCC,yes,91.0,7744.0,17.99,112.1,1448.0,1448.0,979.0,979.0,1.405,25-54,yes,yes,no,Reached shelter
Site 1535,A_placement_current,42,25-102493,OCC,yes,91.0,7145.0,17.99,112.1,1448.0,1448.0,979.0,979.0,1.299,25-54,no,no,no,Reached shelter
Site 1810,A_placement_current,42,26-130182,OCC,yes,91.0,5198.0,17.99,112.1,1448.0,1448.0,979.0,979.0,0.949,25-54,yes,no,yes,Reached shelter
Site 1965,A_placement_current,42,26-140479,OCC,yes,91.0,7097.0,17.99,112.1,1448.0,1448.0,979.0,979.0,1.298,25-54,no,yes,no,Reached shelter
Site 1232,A_placement_current,42,25-222259,CJ,yes,1090.0,19886.0,53.13,299.55,5163.0,5163.0,3585.0,3585.0,2.018,25-54,no,no,no,Reached shelter
Site 1775,A_placement_current,42,25-145250,CJ,yes,1096.0,23757.0,53.37,299.55,5191.0,5191.0,3686.0,3686.0,1.873,25-54,no,yes,no,Reached shelter
Site 209,A_placement_current,42,25-134671,CJ,yes,1097.0,20901.0,53.41,299.55,5196.0,5196.0,3658.0,3658.0,1.848,25-54,no,no,no,Reached shelter
Site 1106,A_placement_current,42,25-178896,CJ,yes,1098.0,19258.0,53.45,299.55,5201.0,5201.0,3651.0,3651.0,1.816,25-54,no,no,no,Reached shelter
Site 1938,A_placement_current,42,25-156128,CJ,yes,1098.0,19479.0,53.45,299.55,5201.0,5201.0,3653.0,3653.0,1.809,55-69,no,yes,no,Reached shelter
Site 2029,A_placement_current,42,26-119616,CJ,yes,1098.0,21006.0,53.45,299.55,5201.0,5201.0,3668.0,3668.0,1.823,55-69,yes,yes,no,Reached shelter
Site 966,A_placement_current,42,25-190513,CJ,yes,1099.0,18581.0,53.49,299.55,5205.0,5205.0,3652.0,3652.0,1.803,25-54,no,no,no,Reached shelter
Site 154,A_placement_current,42,25-156051,CJ,yes,1100.0,20947.0,53.53,299.55,5210.0,5210.0,3685.0,3685.0,1.781,25-54,no,no,no,Reached shelter
Site 404,A_placement_current,42,25-145179,CJ,yes,1100.0,18792.0,53.53,299.55,5210.0,5210.0,3663.0,3663.0,1.785,25-54,no,yes,no,Reached shelter
Site 690,A_placement_current,42,25-167640,CJ,yes,1100.0,19936.0,53.53,299.55,5210.0,5210.0,3675.0,3675.0,1.774,25-54,no,yes,no,Reached shelter
Site 774,A_placement_current,42,25-212300,CJ,yes,1100.0,19202.0,53.53,299.55,5210.0,5210.0,3668.0,3668.0,1.781,25-54,no,no,no,Reached shelter
Site 1112,A_placement_current,42,25-212515,CJ,yes,1100.0,19734.0,53.53,299.55,5210.0,5210.0,3674.0,3674.0,1.764,25-54,no,yes,no,Reached shelter
Site 1418,A_placement_current,42,25-167777,CJ,yes,1100.0,21288.0,53.53,299.55,5210.0,5210.0,3690.0,3690.0,1.777,55-69,no,yes,no,Reached shelter
Site 1997,A_placement_current,42,26-109338,CJ,yes,1100.0,23468.0,53.53,299.55,5210.0,5210.0,3723.0,3723.0,1.774,25-54,no,no,no,Reached shelter
Site 560,A_placement_current,42,25-212144,CJ,yes,1101.0,20113.0,53.57,299.55,5215.0,5215.0,3686.0,3686.0,1.751,25-54,no,yes,no,Reached shelter
Site 842,A_placement_current,42,25-221931,CJ,yes,1101.0,21444.0,53.57,299.55,5215.0,5215.0,3703.0,3703.0,1.748,55-69,yes,no,no,Reached shelter
Site 1102,A_placement_current,42,25-167636,CJ,yes,1101.0,20218.0,53.57,299.55,5215.0,5215.0,3689.0,3689.0,1.742,25-54,no,no,no,Reached shelter
Site 1476,A_placement_current,42,25-102070,CJ,yes,1101.0,20834.0,53.57,299.55,5215.0,5215.0,3695.0,3695.0,1.742,25-54,no,no,no,Reached shelter
Site 1707,A_placement_current,42,25-112786,CJ,yes,1101.0,21503.0,53.57,299.55,5215.0,5215.0,3705.0,3705.0,1.747,25-54,no,no,no,Reached shelter
Site 80,A_placement_current,42,25-123650,CJ,yes,1102.0,21240.0,53.6,299.55,5219.0,5219.0,3711.0,3711.0,1.726,55-69,no,no,no,Reached shelter
Site 543,A_placement_current,42,25-201278,CJ,yes,1102.0,18147.0,53.6,299.55,5219.0,5219.0,3675.0,3675.0,1.734,25-54,no,no,no,Reached shelter
Site 1947,A_placement_current,42,25-212301,CJ,yes,1102.0,19007.0,53.6,299.55,5219.0,5219.0,3684.0,3684.0,1.73,25-54,no,yes,no,Reached shelter
Site 493,A_placement_current,42,25-190637,CJ,yes,1103.0,18701.0,53.64,299.55,5224.0,5224.0,3689.0,3689.0,1.72,25-54,no,no,no,Reached shelter
Site 881,A_placement_current,42,25-212364,CJ,yes,1103.0,21834.0,53.64,299.55,5224.0,5224.0,3730.0,3730.0,1.705,25-54,no,no,no,Reached shelter
Site 1375,A_placement_current,42,25-201658,CJ,yes,1103.0,18295.0,53.64,299.55,5224.0,5224.0,3685.0,3685.0,1.717,25-54,no,yes,no,Reached shelter
Site 267,A_placement_current,42,26-119569,CJ,yes,1104.0,18268.0,53.68,299.55,5229.0,5229.0,3694.0,3694.0,1.694,25-54,no,yes,no,Reached shelter
Site 1133,A_placement_current,42,25-167728,CJ,yes,1104.0,20318.0,53.68,299.55,5229.0,5229.0,3716.0,3716.0,1.697,25-54,no,no,no,Reached shelter
Site 1694,A_placement_current,42,25-112636,CJ,yes,1104.0,19936.0,53.68,299.55,5229.0,5229.0,3711.0,3711.0,1.698,25-54,no,no,no,Reached shelter
Site 1972,A_placement_current,42,25-222224,CJ,yes,1104.0,22764.0,53.68,299.55,5229.0,5229.0,3755.0,3755.0,1.684,25-54,no,no,no,Reached shelter
Site 526,A_placement_current,42,26-109338,CJ,yes,1105.0,23468.0,53.72,299.55,5233.0,5233.0,3777.0,3777.0,1.665,25-54,no,no,no,Reached shelter
Site 593,A_placement_current,42,26-140480,CJ,yes,1105.0,22181.0,53.72,299.55,5233.0,5233.0,3756.0,3756.0,1.668,25-54,no,no,no,Reached shelter
Site 844,A_placement_current,42,25-212330,CJ,yes,1105.0,23863.0,53.72,299.55,5233.0,5233.0,3782.0,3782.0,1.676,25-54,no,no,no,Reached shelter
Site 1153,A_placement_current,42,25-212454,CJ,yes,1105.0,17806.0,53.72,299.55,5233.0,5233.0,3697.0,3697.0,1.677,55-69,no,no,no,Reached shelter
Site 1190,A_placement_current,42,25-123995,CJ,yes,1105.0,20486.0,53.72,299.55,5233.0,5233.0,3727.0,3727.0,1.679,25-54,no,no,no,Reached shelter
Site 1192,A_placement_current,42,25-222107,CJ,yes,1105.0,18710.0,53.72,299.55,5233.0,5233.0,3707.0,3707.0,1.677,55-69,no,no,no,Reached shelter
Site 2017,A_placement_current,42,26-129948,CJ,yes,1105.0,18265.0,53.72,299.55,5233.0,5233.0,3702.0,3702.0,1.677,25-54,no,no,no,Reached shelter
Site 549,A_placement_current,42,25-222241,CJ,yes,1106.0,24804.0,53.76,299.55,5238.0,5238.0,3808.0,3808.0,1.659,25-54,no,no,no,Reached shelter
Site 596,A_placement_current,42,25-190543,CJ,yes,1106.0,22356.0,53.76,299.55,5238.0,5238.0,3769.0,3769.0,1.645,25-54,no,no,yes,Reached shelter
Site 605,A_placement_current,42,25-179106,CJ,yes,1106.0,19541.0,53.76,299.55,5238.0,5238.0,3727.0,3727.0,1.643,25-54,no,no,no,Reached shelter
Site 784,A_placement_current,42,26-149863,CJ,yes,1106.0,20602.0,53.76,299.55,5238.0,5238.0,3739.0,3739.0,1.651,25-54,no,no,no,Reached shelter
Site 826,A_placement_current,42,26-130204,CJ,yes,1106.0,18479.0,53.76,299.55,5238.0,5238.0,3713.0,3713.0,1.656,55-69,no,yes,no,Reached shelter
Site 958,A_placement_current,42,25-112892,CJ,yes,1106.0,17928.0,53.76,299.55,5238.0,5238.0,3708.0,3708.0,1.648,25-54,no,no,no,Reached shelter
Site 985,A_placement_current,42,26-140325,CJ,yes,1106.0,17979.0,53.76,299.55,5238.0,5238.0,3709.0,3709.0,1.642,25-54,no,no,no,Reached shelter
Site 1056,A_placement_current,42,25-222172,CJ,yes,1106.0,21489.0,53.76,299.55,5238.0,5238.0,3754.0,3754.0,1.644,25-54,no,no,no,Reached shelter
Site 1271,A_placement_current,42,26-149771,CJ,yes,1106.0,18670.0,53.76,299.55,5238.0,5238.0,3715.0,3715.0,1.659,25-54,no,no,no,Reached shelter
Site 1794,A_placement_current,42,25-190413,CJ,yes,1106.0,17911.0,53.76,299.55,5238.0,5238.0,3708.0,3708.0,1.646,25-54,no,no,no,Reached shelter
Site 45,A_placement_current,42,26-149980,CJ,yes,1107.0,17739.0,53.8,299.55,5243.0,5243.0,3714.0,3714.0,1.634,55-69,no,no,no,Reached shelter
Site 213,A_placement_current,42,25-145207,CJ,yes,1107.0,17669.0,53.8,299.55,5243.0,5243.0,3713.0,3713.0,1.639,25-54,no,no,no,Reached shelter
Site 652,A_placement_current,42,25-134680,CJ,yes,1107.0,21009.0,53.8,299.55,5243.0,5243.0,3755.0,3755.0,1.637,25-54,no,no,no,Reached shelter
Site 884,A_placement_current,42,25-178779,CJ,yes,1107.0,20957.0,53.8,299.55,5243.0,5243.0,3755.0,3755.0,1.632,25-54,no,no,no,Reached shelter
Site 1042,A_placement_current,42,25-190309,CJ,yes,1107.0,20893.0,53.8,299.55,5243.0,5243.0,3755.0,3755.0,1.63,25-54,no,yes,no,Reached shelter
Site 1584,A_placement_current,42,26-119269,CJ,yes,1107.0,17913.0,53.8,299.55,5243.0,5243.0,3716.0,3716.0,1.624,25-54,no,yes,no,Reached shelter
Site 1601,A_placement_current,42,25-145415,CJ,yes,1107.0,18966.0,53.8,299.55,5243.0,5243.0,3729.0,3729.0,1.629,25-54,no,no,no,Reached shelter
Site 149,A_placement_current,42,26-140609,CJ,yes,1108.0,19273.0,53.84,299.55,5248.0,5248.0,3741.0,3741.0,1.621,25-54,no,no,no,Reached shelter
Site 309,A_placement_current,42,26-119320,CJ,yes,1108.0,25001.0,53.84,299.55,5248.0,5248.0,3835.0,3835.0,1.608,25-54,no,no,no,Reached shelter
Site 361,A_placement_current,42,25-145334,CJ,yes,1108.0,19326.0,53.84,299.55,5248.0,5248.0,3741.0,3741.0,1.617,25-54,no,no,no,Reached shelter
Site 367,A_placement_current,42,25-212460,CJ,yes,1108.0,17986.0,53.84,299.55,5248.0,5248.0,3725.0,3725.0,1.62,55-69,no,no,no,Reached shelter
Site 444,A_placement_current,42,26-150015,CJ,yes,1108.0,20596.0,53.84,299.55,5248.0,5248.0,3760.0,3760.0,1.613,25-54,no,yes,no,Reached shelter
Site 514,A_placement_current,42,25-212492,CJ,yes,1108.0,20859.0,53.84,299.55,5248.0,5248.0,3764.0,3764.0,1.61,25-54,no,yes,no,Reached shelter
Site 563,A_placement_current,42,25-178841,CJ,yes,1108.0,22148.0,53.84,299.55,5248.0,5248.0,3786.0,3786.0,1.606,25-54,no,no,no,Reached shelter
Site 897,A_placement_current,42,25-178947,CJ,yes,1108.0,17999.0,53.84,299.55,5248.0,5248.0,3725.0,3725.0,1.621,25-54,no,no,no,Reached shelter
Site 1407,A_placement_current,42,26-109735,CJ,yes,1108.0,18089.0,53.84,299.55,5248.0,5248.0,3727.0,3727.0,1.616,25-54,no,no,no,Reached shelter
Site 1478,A_placement_current,42,25-190698,CJ,yes,1108.0,18059.0,53.84,299.55,5248.0,5248.0,3726.0,3726.0,1.618,25-54,no,no,no,Reached shelter
Site 1616,A_placement_current,42,25-112779,CJ,yes,1108.0,19496.0,53.84,299.55,5248.0,5248.0,3744.0,3744.0,1.609,25-54,no,yes,no,Reached shelter
Site 1619,A_placement_current,42,25-190457,CJ,yes,1108.0,17663.0,53.84,299.55,5248.0,5248.0,3722.0,3722.0,1.622,25-54,no,yes,no,Reached shelter
Site 1806,A_placement_current,42,25-201576,CJ,yes,1108.0,18276.0,53.84,299.55,5248.0,5248.0,3730.0,3730.0,1.611,55-69,no,no,no,Reached shelter
Site 1847,A_placement_current,42,26-140172,CJ,yes,1108.0,17781.0,53.84,299.55,5248.0,5248.0,3723.0,3723.0,1.62,25-54,no,no,no,Reached shelter
Site 1879,A_placement_current,42,25-112930,CJ,yes,1108.0,19440.0,53.84,299.55,5248.0,5248.0,3742.0,3742.0,1.622,18-24,no,no,no,Reached shelter
Site 125,A_placement_current,42,25-201232,CJ,yes,1109.0,20212.0,53.88,299.55,5252.0,5252.0,3762.0,3762.0,1.6,25-54,no,no,no,Reached shelter
Site 556,A_placement_current,42,25-123693,CJ,yes,1109.0,20812.0,53.88,299.55,5252.0,5252.0,3774.0,3774.0,1.594,25-54,no,no,no,Reached shelter
Site 577,A_placement_current,42,25-156303,CJ,yes,1109.0,19220.0,53.88,299.55,5252.0,5252.0,3750.0,3750.0,1.588,25-54,no,no,no,Reached shelter
Site 763,A_placement_current,42,26-109352,CJ,yes,1109.0,18108.0,53.88,299.55,5252.0,5252.0,3736.0,3736.0,1.605,25-54,no,no,no,Reached shelter
Site 936,A_placement_current,42,25-156574,CJ,yes,1109.0,19744.0,53.88,299.55,5252.0,5252.0,3755.0,3755.0,1.592,25-54,no,no,no,Reached shelter
Site 1449,A_placement_current,42,25-222107,CJ,yes,1109.0,18710.0,53.88,299.55,5252.0,5252.0,3743.0,3743.0,1.598,25-54,no,no,no,Reached shelter
Site 1888,A_placement_current,42,25-178745,CJ,yes,1109.0,23964.0,53.88,299.55,5252.0,5252.0,3826.0,3826.0,1.599,55-69,no,no,no,Reached shelter
Site 1949,A_placement_current,42,25-123675,CJ,yes,1109.0,20154.0,53.88,299.55,5252.0,5252.0,3761.0,3761.0,1.603,25-54,no,yes,no,Reached shelter
Site 341,A_placement_current,42,26-129964,CJ,yes,1110.0,20177.0,53.92,299.55,5257.0,5257.0,3771.0,3771.0,1.579,25-54,no,no,no,Reached shelter
Site 372,A_placement_current,42,25-102156,CJ,yes,1110.0,17602.0,53.92,299.55,5257.0,5257.0,3739.0,3739.0,1.575,25-54,no,no,no,Reached shelter
Site 1053,A_placement_current,42,26-150005,CJ,yes,1110.0,23489.0,53.92,299.55,5257.0,5257.0,3830.0,3830.0,1.572,25-54,no,no,no,Reached shelter
Site 1311,A_placement_current,42,26-109338,CJ,yes,1110.0,23468.0,53.92,299.55,5257.0,5257.0,3829.0,3829.0,1.574,25-54,no,yes,no,Reached shelter
Site 1426,A_placement_current,42,25-112687,CJ,yes,1110.0,21166.0,53.92,299.55,5257.0,5257.0,3789.0,3789.0,1.577,25-54,no,no,no,Reached shelter
Site 1491,A_placement_current,42,26-109693,CJ,yes,1110.0,20150.0,53.92,299.55,5257.0,5257.0,3771.0,3771.0,1.574,25-54,no,no,no,Reached shelter
Site 1544,A_placement_current,42,25-112554,CJ,yes,1110.0,20818.0,53.92,299.55,5257.0,5257.0,3783.0,3783.0,1.579,18-24,no,no,no,Reached shelter
Site 1648,A_placement_current,42,25-167596,CJ,yes,1110.0,19006.0,53.92,299.55,5257.0,5257.0,3756.0,3756.0,1.57,25-54,no,no,no,Reached shelter
Site 1801,A_placement_current,42,25-145107,CJ,yes,1110.0,19554.0,53.92,299.55,5257.0,5257.0,3763.0,3763.0,1.571,55-69,no,no,no,Reached shelter
Site 135,A_placement_current,42,25-212298,CJ,yes,1111.0,19492.0,53.96,299.55,5262.0,5262.0,3770.0,3770.0,1.568,25-54,no,no,no,Reached shelter
Site 188,A_placement_current,42,25-222127,CJ,yes,1111.0,17499.0,53.96,299.55,5262.0,5262.0,3747.0,3747.0,1.558,25-54,no,no,no,Reached shelter
Site 211,A_placement_current,42,25-123800,CJ,yes,1111.0,19370.0,53.96,299.55,5262.0,5262.0,3769.0,3769.0,1.564,25-54,yes,no,yes,Reached shelter
Site 253,A_placement_current,42,26-149687,CJ,yes,1111.0,17385.0,53.96,299.55,5262.0,5262.0,3745.0,3745.0,1.565,25-54,no,no,no,Reached shelter
Site 496,A_placement_current,42,25-123832,CJ,yes,1111.0,18930.0,53.96,299.55,5262.0,5262.0,3764.0,3764.0,1.566,25-54,no,no,no,Reached shelter
Site 568,A_placement_current,42,26-149903,CJ,yes,1111.0,22447.0,53.96,299.55,5262.0,5262.0,3822.0,3822.0,1.558,18-24,no,no,no,Reached shelter
Site 710,A_placement_current,42,26-119602,CJ,yes,1111.0,24719.0,53.96,299.55,5262.0,5262.0,3862.0,3862.0,1.553,25-54,no,no,no,Reached shelter
Site 919,A_placement_current,42,25-167593,CJ,yes,1111.0,20402.0,53.96,299.55,5262.0,5262.0,3786.0,3786.0,1.554,25-54,no,no,no,Reached shelter
Site 933,A_placement_current,42,26-119718,CJ,yes,1111.0,18902.0,53.96,299.55,5262.0,5262.0,3764.0,3764.0,1.555,25-54,no,no,no,Reached shelter
Site 1245,A_placement_current,42,25-167619,CJ,yes,1111.0,19257.0,53.96,299.55,5262.0,5262.0,3767.0,3767.0,1.563,55-69,no,no,no,Reached shelter
Site 1266,A_placement_current,42,25-190528,CJ,yes,1111.0,20953.0,53.96,299.55,5262.0,5262.0,3794.0,3794.0,1.564,55-69,yes,no,no,Reached shelter
Site 1425,A_placement_current,42,26-129946,CJ,yes,1111.0,22919.0,53.96,299.55,5262.0,5262.0,3828.0,3828.0,1.569,25-54,no,no,no,Reached shelter
Site 1526,A_placement_current,42,26-129876,CJ,yes,1111.0,19973.0,53.96,299.55,5262.0,5262.0,3777.0,3777.0,1.559,25-54,no,no,no,Reached shelter
Site 1695,A_placement_current,42,25-178998,CJ,yes,1111.0,17521.0,53.96,299.55,5262.0,5262.0,3747.0,3747.0,1.562,25-54,yes,no,no,Reached shelter
Site 1819,A_placement_current,42,25-123843,CJ,yes,1111.0,19170.0,53.96,299.55,5262.0,5262.0,3767.0,3767.0,1.553,25-54,no,yes,no,Reached shelter
Site 1894,A_placement_current,42,25-179137,CJ,yes,1111.0,17463.0,53.96,299.55,5262.0,5262.0,3747.0,3747.0,1.555,25-54,no,no,no,Reached shelter
Site 16,A_placement_current,42,26-109302,CJ,yes,1112.0,21623.0,54.0,299.55,5266.0,5266.0,3816.0,3816.0,1.547,25-54,no,no,no,Reached shelter
Site 155,A_placement_current,42,25-156610,CJ,yes,1112.0,20126.0,54.0,299.55,5266.0,5266.0,3790.0,3790.0,1.544,25-54,no,no,no,Reached shelter
Site 224,A_placement_current,42,26-109318,CJ,yes,1112.0,18059.0,54.0,299.55,5266.0,5266.0,3761.0,3761.0,1.552,25-54,no,no,no,Reached shelter
Site 237,A_placement_current,42,26-130200,CJ,yes,1112.0,18423.0,54.0,299.55,5266.0,5266.0,3767.0,3767.0,1.54,25-54,no,yes,no,Reached shelter
Site 713,A_placement_current,42,25-221976,CJ,yes,1112.0,21970.0,54.0,299.55,5266.0,5266.0,3823.0,3823.0,1.541,25-54,no,yes,no,Reached shelter
Site 740,A_placement_current,42,25-178828,CJ,yes,1112.0,24069.0,54.0,299.55,5266.0,5266.0,3860.0,3860.0,1.54,55-69,no,no,no,Reached shelter
Site 984,A_placement_current,42,25-145153,CJ,yes,1112.0,18586.0,54.0,299.55,5266.0,5266.0,3769.0,3769.0,1.538,25-54,no,no,no,Reached shelter
Site 1374,A_placement_current,42,25-145023,CJ,yes,1112.0,20844.0,54.0,299.55,5266.0,5266.0,3805.0,3805.0,1.536,25-54,yes,no,no,Reached shelter
Site 1405,A_placement_current,42,25-222227,CJ,yes,1112.0,19791.0,54.0,299.55,5266.0,5266.0,3783.0,3783.0,1.548,25-54,no,no,no,Reached shelter
Site 1487,A_placement_current,42,25-212522,CJ,yes,1112.0,19558.0,54.0,299.55,5266.0,5266.0,3780.0,3780.0,1.544,25-54,no,no,no,Reached shelter
Site 1502,A_placement_current,42,25-167609,CJ,yes,1112.0,20357.0,54.0,299.55,5266.0,5266.0,3793.0,3793.0,1.551,25-54,no,no,no,Reached shelter
Site 1563,A_placement_current,42,26-130260,CJ,yes,1112.0,19216.0,54.0,299.55,5266.0,5266.0,3777.0,3777.0,1.542,25-54,no,no,no,Reached shelter
Site 1662,A_placement_current,42,26-140451,CJ,yes,1112.0,18415.0,54.0,299.55,5266.0,5266.0,3766.0,3766.0,1.55,25-54,no,no,no,Reached shelter
Site 1758,A_placement_current,42,25-221875,CJ,yes,1112.0,19470.0,54.0,299.55,5266.0,5266.0,3779.0,3779.0,1.545,25-54,no,no,no,Reached shelter
Site 2023,A_placement_current,42,26-130217,CJ,yes,1112.0,18522.0,54.0,299.55,5266.0,5266.0,3768.0,3768.0,1.545,25-54,no,no,no,Reached shelter
Site 89,A_placement_current,42,26-149743,CJ,yes,1113.0,18882.0,54.03,299.55,5271.0,5271.0,3781.0,3781.0,1.534,55-69,no,no,no,Reached shelter
Site 93,A_placement_current,42,25-113010,CJ,yes,1113.0,18095.0,54.03,299.55,5271.0,5271.0,3771.0,3771.0,1.532,25-54,no,yes,no,Reached shelter
Site 144,A_placement_current,42,26-119676,CJ,yes,1113.0,20063.0,54.03,299.55,5271.0,5271.0,3798.0,3798.0,1.535,25-54,no,no,no,Reached shelter
Site 198,A_placement_current,42,26-109365,CJ,yes,1113.0,23122.0,54.03,299.55,5271.0,5271.0,3853.0,3853.0,1.527,55-69,no,no,no,Reached shelter
Site 272,A_placement_current,42,25-145148,CJ,yes,1113.0,19657.0,54.03,299.55,5271.0,5271.0,3791.0,3791.0,1.534,25-54,no,no,no,Reached shelter
Site 357,A_placement_current,42,26-149688,CJ,yes,1113.0,17318.0,54.03,299.55,5271.0,5271.0,3762.0,3762.0,1.524,25-54,no,no,no,Reached shelter
Site 500,A_placement_current,42,25-123879,CJ,yes,1113.0,20065.0,54.03,299.55,5271.0,5271.0,3801.0,3801.0,1.519,55-69,no,no,no,Reached shelter
Site 530,A_placement_current,42,25-123926,CJ,yes,1113.0,17208.0,54.03,299.55,5271.0,5271.0,3761.0,3761.0,1.53,18-24,no,no,no,Reached shelter
Site 587,A_placement_current,42,25-201619,CJ,yes,1113.0,19489.0,54.03,299.55,5271.0,5271.0,3788.0,3788.0,1.531,25-54,no,no,no,Reached shelter
Site 802,A_placement_current,42,26-149696,CJ,yes,1113.0,24090.0,54.03,299.55,5271.0,5271.0,3869.0,3869.0,1.532,25-54,yes,no,no,Reached shelter
Site 975,A_placement_current,42,25-145210,CJ,yes,1113.0,17260.0,54.03,299.55,5271.0,5271.0,3761.0,3761.0,1.531,55-69,no,no,no,Reached shelter
Site 986,A_placement_current,42,25-145035,CJ,yes,1113.0,18462.0,54.03,299.55,5271.0,5271.0,3775.0,3775.0,1.53,55-69,no,yes,no,Reached shelter
Site 1050,A_placement_current,42,26-140527,CJ,yes,1113.0,19691.0,54.03,299.55,5271.0,5271.0,3791.0,3791.0,1.534,25-54,no,no,no,Reached shelter
Site 1052,A_placement_current,42,25-102526,CJ,yes,1113.0,22454.0,54.03,299.55,5271.0,5271.0,3843.0,3843.0,1.522,25-54,no,no,no,Reached shelter
Site 1234,A_placement_current,42,25-190397,CJ,yes,1113.0,18524.0,54.03,299.55,5271.0,5271.0,3778.0,3778.0,1.521,25-54,no,no,no,Reached shelter
Site 1328,A_placement_current,42,25-212252,CJ,yes,1113.0,20653.0,54.03,299.55,5271.0,5271.0,3811.0,3811.0,1.519,25-54,no,no,no,Reached shelter
Site 1427,A_placement_current,42,25-201571,CJ,yes,1113.0,17742.0,54.03,299.55,5271.0,5271.0,3768.0,3768.0,1.522,25-54,no,yes,no,Reached shelter
Site 1456,A_placement_current,42,25-221916,CJ,yes,1113.0,17435.0,54.03,299.55,5271.0,5271.0,3764.0,3764.0,1.52,25-54,no,no,no,Reached shelter
Site 1496,A_placement_current,42,25-156646,CJ,yes,1113.0,17046.0,54.03,299.55,5271.0,5271.0,3759.0,3759.0,1.521,25-54,no,yes,no,Reached shelter
Site 1719,A_placement_current,42,26-149790,CJ,yes,1113.0,17427.0,54.03,299.55,5271.0,5271.0,3763.0,3763.0,1.527,25-54,no,yes,no,Reached shelter
Site 1805,A_placement_current,42,25-221902,CJ,yes,1113.0,23556.0,54.03,299.55,5271.0,5271.0,3860.0,3860.0,1.533,25-54,no,no,no,Reached shelter
Site 1820,A_placement_current,42,25-112998,CJ,yes,1113.0,18896.0,54.03,299.55,5271.0,5271.0,3782.0,3782.0,1.523,25-54,no,no,no,Reached shelter
Site 84,A_placement_current,42,25-212180,CJ,yes,1114.0,17441.0,54.07,299.55,5276.0,5276.0,3772.0,3772.0,1.517,25-54,no,no,no,Reached shelter
Site 249,A_placement_current,42,25-145118,CJ,yes,1114.0,18746.0,54.07,299.55,5276.0,5276.0,3789.0,3789.0,1.513,18-24,no,no,no,Reached shelter
Site 297,A_placement_current,42,25-134510,CJ,yes,1114.0,19199.0,54.07,299.55,5276.0,5276.0,3794.0,3794.0,1.513,25-54,no,no,no,Reached shelter
Site 388,A_placement_current,42,25-190726,CJ,yes,1114.0,20850.0,54.07,299.55,5276.0,5276.0,3825.0,3825.0,1.504,55-69,no,no,no,Reached shelter
Site 482,A_placement_current,42,25-190314,CJ,yes,1114.0,17386.0,54.07,299.55,5276.0,5276.0,3772.0,3772.0,1.506,25-54,no,yes,no,Reached shelter
Site 720,A_placement_current,42,25-179240,CJ,yes,1114.0,17435.0,54.07,299.55,5276.0,5276.0,3772.0,3772.0,1.515,25-54,no,no,no,Reached shelter
Site 771,A_placement_current,42,25-201288,CJ,yes,1114.0,21141.0,54.07,299.55,5276.0,5276.0,3828.0,3828.0,1.513,25-54,no,no,no,Reached shelter
Site 777,A_placement_current,42,25-112930,CJ,yes,1114.0,19440.0,54.07,299.55,5276.0,5276.0,3799.0,3799.0,1.504,55-69,no,no,no,Reached shelter
Site 836,A_placement_current,42,25-179141,CJ,yes,1114.0,19573.0,54.07,299.55,5276.0,5276.0,3799.0,3799.0,1.517,70+,yes,no,no,Reached shelter
Site 957,A_placement_current,42,25-134672,CJ,yes,1114.0,20725.0,54.07,299.55,5276.0,5276.0,3822.0,3822.0,1.51,25-54,no,no,no,Reached shelter
Site 1162,A_placement_current,42,26-109693,CJ,yes,1114.0,20150.0,54.07,299.55,5276.0,5276.0,3810.0,3810.0,1.509,25-54,no,no,no,Reached shelter
Site 1273,A_placement_current,42,26-129935,CJ,yes,1114.0,25312.0,54.07,299.55,5276.0,5276.0,3903.0,3903.0,1.513,55-69,no,no,no,Reached shelter
Site 1325,A_placement_current,42,25-221914,CJ,yes,1114.0,16883.0,54.07,299.55,5276.0,5276.0,3766.0,3766.0,1.505,25-54,no,no,no,Reached shelter
Site 1475,A_placement_current,42,25-212450,CJ,yes,1114.0,23505.0,54.07,299.55,5276.0,5276.0,3872.0,3872.0,1.507,18-24,no,no,no,Reached shelter
Site 1615,A_placement_current,42,25-123809,CJ,yes,1114.0,20227.0,54.07,299.55,5276.0,5276.0,3810.0,3810.0,1.519,25-54,no,no,no,Reached shelter
Site 1780,A_placement_current,42,25-102171,CJ,yes,1114.0,22159.0,54.07,299.55,5276.0,5276.0,3846.0,3846.0,1.515,25-54,no,no,no,Reached shelter
Site 1942,A_placement_current,42,25-212082,CJ,yes,1114.0,18854.0,54.07,299.55,5276.0,5276.0,3790.0,3790.0,1.51,25-54,no,no,no,Reached shelter
Site 2019,A_placement_current,42,25-134676,CJ,yes,1114.0,22205.0,54.07,299.55,5276.0,5276.0,3848.0,3848.0,1.507,25-54,no,no,no,Reached shelter
Site 33,A_placement_current,42,25-145224,CJ,yes,1115.0,19469.0,54.11,299.55,5280.0,5280.0,3808.0,3808.0,1.495,25-54,no,no,no,Reached shelter
Site 83,A_placement_current,42,25-123576,CJ,yes,1115.0,18290.0,54.11,299.55,5280.0,5280.0,3792.0,3792.0,1.496,55-69,no,no,no,Reached shelter
Site 239,A_placement_current,42,25-201563,CJ,yes,1115.0,20004.0,54.11,299.55,5280.0,5280.0,3818.0,3818.0,1.49,25-54,no,yes,no,Reached shelter
Site 516,A_placement_current,42,26-109352,CJ,yes,1115.0,18108.0,54.11,299.55,5280.0,5280.0,3790.0,3790.0,1.495,55-69,yes,no,no,Reached shelter
Site 520,A_placement_current,42,25-156369,CJ,yes,1115.0,17491.0,54.11,299.55,5280.0,5280.0,3782.0,3782.0,1.489,55-69,no,no,no,Reached shelter
Site 572,A_placement_current,42,25-145493,CJ,yes,1115.0,20777.0,54.11,299.55,5280.0,5280.0,3831.0,3831.0,1.497,25-54,no,yes,no,Reached shelter
Site 610,A_placement_current,42,25-145507,CJ,yes,1115.0,21518.0,54.11,299.55,5280.0,5280.0,3844.0,3844.0,1.503,25-54,no,no,no,Reached shelter
Site 692,A_placement_current,42,26-129955,CJ,yes,1115.0,18229.0,54.11,299.55,5280.0,5280.0,3791.0,3791.0,1.492,25-54,yes,no,no,Reached shelter
Site 830,A_placement_current,42,25-112701,CJ,yes,1115.0,18191.0,54.11,299.55,5280.0,5280.0,3791.0,3791.0,1.49,25-54,no,no,no,Reached shelter
Site 934,A_placement_current,42,26-140287,CJ,yes,1115.0,19421.0,54.11,299.55,5280.0,5280.0,3808.0,3808.0,1.488,25-54,no,no,no,Reached shelter
Site 964,A_placement_current,42,26-149635,CJ,yes,1115.0,17063.0,54.11,299.55,5280.0,5280.0,3776.0,3776.0,1.497,25-54,no,no,no,Reached shelter
Site 1201,A_placement_current,42,25-112749,CJ,yes,1115.0,16960.0,54.11,299.55,5280.0,5280.0,3775.0,3775.0,1.492,25-54,no,no,no,Reached shelter
Site 1314,A_placement_current,42,25-112695,CJ,yes,1115.0,17397.0,54.11,299.55,5280.0,5280.0,3781.0,3781.0,1.496,25-54,no,no,no,Reached shelter
Site 1338,A_placement_current,42,26-130204,CJ,yes,1115.0,18479.0,54.11,299.55,5280.0,5280.0,3793.0,3793.0,1.503,25-54,no,no,no,Reached shelter
Site 1513,A_placement_current,42,26-109543,CJ,yes,1115.0,19869.0,54.11,299.55,5280.0,5280.0,3814.0,3814.0,1.498,25-54,no,no,no,Reached shelter
Site 1620,A_placement_current,42,26-150015,CJ,yes,1115.0,20596.0,54.11,299.55,5280.0,5280.0,3829.0,3829.0,1.489,25-54,no,no,no,Reached shelter
Site 1798,A_placement_current,42,26-109516,CJ,yes,1115.0,20824.0,54.11,299.55,5280.0,5280.0,3832.0,3832.0,1.502,25-54,no,no,yes,Reached shelter
Site 1898,A_placement_current,42,25-123641,CJ,yes,1115.0,19586.0,54.11,299.55,5280.0,5280.0,3810.0,3810.0,1.496,25-54,no,no,no,Reached shelter
Site 1943,A_placement_current,42,25-112978,CJ,yes,1115.0,18054.0,54.11,299.55,5280.0,5280.0,3788.0,3788.0,1.501,18-24,no,no,no,Reached shelter
Site 90,A_placement_current,42,25-134702,CJ,yes,1116.0,22571.0,54.15,299.55,5285.0,5285.0,3874.0,3874.0,1.48,25-54,no,yes,no,Reached shelter
Site 114,A_placement_current,42,25-134404,CJ,yes,1116.0,17588.0,54.15,299.55,5285.0,5285.0,3793.0,3793.0,1.473,55-69,no,yes,no,Reached shelter
Site 255,A_placement_current,42,26-129893,CJ,yes,1116.0,18207.0,54.15,299.55,5285.0,5285.0,3799.0,3799.0,1.479,18-24,no,no,no,Reached shelter
Site 285,A_placement_current,42,25-167609,CJ,yes,1116.0,20357.0,54.15,299.55,5285.0,5285.0,3833.0,3833.0,1.478,25-54,no,no,no,Reached shelter
Site 311,A_placement_current,42,25-190367,CJ,yes,1116.0,17386.0,54.15,299.55,5285.0,5285.0,3789.0,3789.0,1.476,55-69,no,yes,no,Reached shelter
Site 315,A_placement_current,42,25-123576,CJ,yes,1116.0,18290.0,54.15,299.55,5285.0,5285.0,3801.0,3801.0,1.475,25-54,no,no,no,Reached shelter
Site 333,A_placement_current,42,25-134430,CJ,yes,1116.0,23414.0,54.15,299.55,5285.0,5285.0,3889.0,3889.0,1.485,25-54,no,no,no,Reached shelter
Site 346,A_placement_current,42,25-134510,CJ,yes,1116.0,19199.0,54.15,299.55,5285.0,5285.0,3812.0,3812.0,1.481,18-24,no,no,no,Reached shelter
Site 405,A_placement_current,42,26-119652,CJ,yes,1116.0,19361.0,54.15,299.55,5285.0,5285.0,3814.0,3814.0,1.488,25-54,no,no,no,Reached shelter
Site 426,A_placement_current,42,25-123583,CJ,yes,1116.0,19866.0,54.15,299.55,5285.0,5285.0,3825.0,3825.0,1.479,25-54,no,no,no,Reached shelter
Site 474,A_placement_current,42,26-119640,CJ,yes,1116.0,17531.0,54.15,299.55,5285.0,5285.0,3790.0,3790.0,1.484,55-69,no,no,no,Reached shelter
Site 787,A_placement_current,42,25-156458,CJ,yes,1116.0,20401.0,54.15,299.55,5285.0,5285.0,3833.0,3833.0,1.483,25-54,no,no,no,Reached shelter
Site 878,A_placement_current,42,26-129784,CJ,yes,1116.0,16907.0,54.15,299.55,5285.0,5285.0,3783.0,3783.0,1.482,55-69,no,no,no,Reached shelter
Site 926,A_placement_current,42,25-145387,CJ,yes,1116.0,18074.0,54.15,299.55,5285.0,5285.0,3797.0,3797.0,1.486,25-54,no,no,no,Reached shelter
Site 929,A_placement_current,42,25-102254,CJ,yes,1116.0,19582.0,54.15,299.55,5285.0,5285.0,3820.0,3820.0,1.474,25-54,no,no,no,Reached shelter
Site 940,A_placement_current,42,26-149766,CJ,yes,1116.0,16810.0,54.15,299.55,5285.0,5285.0,3782.0,3782.0,1.478,25-54,no,no,no,Reached shelter
Site 1007,A_placement_current,42,25-222105,CJ,yes,1116.0,22063.0,54.15,299.55,5285.0,5285.0,3864.0,3864.0,1.484,25-54,no,no,no,Reached shelter
Site 1032,A_placement_current,42,25-112996,CJ,yes,1116.0,19916.0,54.15,299.55,5285.0,5285.0,3825.0,3825.0,1.482,18-24,no,no,no,Reached shelter
Site 1061,A_placement_current,42,25-201702,CJ,yes,1116.0,18002.0,54.15,299.55,5285.0,5285.0,3797.0,3797.0,1.482,18-24,no,yes,no,Reached shelter
Site 1086,A_placement_current,42,25-112876,CJ,yes,1116.0,19047.0,54.15,299.55,5285.0,5285.0,3810.0,3810.0,1.487,25-54,no,yes,no,Reached shelter
Site 1249,A_placement_current,42,25-212489,CJ,yes,1116.0,19113.0,54.15,299.55,5285.0,5285.0,3812.0,3812.0,1.476,25-54,no,no,no,Reached shelter
Site 1277,A_placement_current,42,25-190430,CJ,yes,1116.0,18473.0,54.15,299.55,5285.0,5285.0,3803.0,3803.0,1.476,25-54,no,yes,no,Reached shelter
Site 1322,A_placement_current,42,25-201206,CJ,yes,1116.0,19722.0,54.15,299.55,5285.0,5285.0,3822.0,3822.0,1.485,25-54,no,yes,no,Reached shelter
Site 1334,A_placement_current,42,25-179015,CJ,yes,1116.0,19227.0,54.15,299.55,5285.0,5285.0,3814.0,3814.0,1.479,25-54,no,no,no,Reached shelter
Site 1349,A_placement_current,42,25-134404,CJ,yes,1116.0,17588.0,54.15,299.55,5285.0,5285.0,3792.0,3792.0,1.482,25-54,no,yes,no,Reached shelter
Site 1756,A_placement_current,42,26-119477,CJ,yes,1116.0,19695.0,54.15,299.55,5285.0,5285.0,3822.0,3822.0,1.476,25-54,no,no,no,Reached shelter
Site 1843,A_placement_current,42,25-179003,CJ,yes,1116.0,17888.0,54.15,299.55,5285.0,5285.0,3796.0,3796.0,1.475,25-54,no,no,no,Reached shelter
Site 1889,A_placement_current,42,25-190505,CJ,yes,1116.0,20740.0,54.15,299.55,5285.0,5285.0,3840.0,3840.0,1.484,25-54,no,no,no,Reached shelter
Site 2009,A_placement_current,42,25-123890,CJ,yes,1116.0,20411.0,54.15,299.55,5285.0,5285.0,3835.0,3835.0,1.475,25-54,no,no,no,Reached shelter
Site 23,A_placement_current,42,25-221916,CJ,yes,1117.0,17435.0,54.19,299.55,5290.0,5290.0,3798.0,3798.0,1.467,25-54,no,yes,no,Reached shelter
Site 30,A_placement_current,42,25-156604,CJ,yes,1117.0,18107.0,54.19,299.55,5290.0,5290.0,3807.0,3807.0,1.468,25-54,no,no,no,Reached shelter
Site 256,A_placement_current,42,26-129982,CJ,yes,1117.0,21621.0,54.19,299.55,5290.0,5290.0,3867.0,3867.0,1.466,25-54,no,yes,yes,Reached shelter
Site 407,A_placement_current,42,25-123941,CJ,yes,1117.0,21070.0,54.19,299.55,5290.0,5290.0,3857.0,3857.0,1.46,25-54,no,yes,no,Reached shelter
Site 558,A_placement_current,42,25-190513,CJ,yes,1117.0,18581.0,54.19,299.55,5290.0,5290.0,3813.0,3813.0,1.465,25-54,no,no,no,Reached shelter
Site 931,A_placement_current,42,26-109429,CJ,yes,1117.0,16967.0,54.19,299.55,5290.0,5290.0,3793.0,3793.0,1.46,25-54,no,no,no,Reached shelter
Site 939,A_placement_current,42,26-130243,CJ,yes,1117.0,18371.0,54.19,299.55,5290.0,5290.0,3810.0,3810.0,1.461,25-54,no,no,no,Reached shelter
Site 988,A_placement_current,42,25-134430,CJ,yes,1117.0,23414.0,54.19,299.55,5290.0,5290.0,3900.0,3900.0,1.47,25-54,no,no,no,Reached shelter
Site 1091,A_placement_current,42,25-212414,CJ,yes,1117.0,19941.0,54.19,299.55,5290.0,5290.0,3836.0,3836.0,1.467,55-69,no,yes,no,Reached shelter
Site 1108,A_placement_current,42,25-134657,CJ,yes,1117.0,18808.0,54.19,299.55,5290.0,5290.0,3816.0,3816.0,1.462,25-54,no,no,no,Reached shelter
Site 1184,A_placement_current,42,26-130240,CJ,yes,1117.0,17586.0,54.19,299.55,5290.0,5290.0,3800.0,3800.0,1.471,25-54,no,no,no,Reached shelter
Site 1343,A_placement_current,42,25-112554,CJ,yes,1117.0,20818.0,54.19,299.55,5290.0,5290.0,3851.0,3851.0,1.469,55-69,no,no,no,Reached shelter
Site 1373,A_placement_current,42,25-222259,CJ,yes,1117.0,19886.0,54.19,299.55,5290.0,5290.0,3835.0,3835.0,1.465,25-54,no,no,no,Reached shelter
Site 1377,A_placement_current,42,25-201329,CJ,yes,1117.0,18606.0,54.19,299.55,5290.0,5290.0,3813.0,3813.0,1.469,25-54,no,no,no,Reached shelter
Site 1432,A_placement_current,42,25-201702,CJ,yes,1117.0,18002.0,54.19,299.55,5290.0,5290.0,3806.0,3806.0,1.462,25-54,no,no,no,Reached shelter
Site 1437,A_placement_current,42,26-119604,CJ,yes,1117.0,20960.0,54.19,299.55,5290.0,5290.0,3854.0,3854.0,1.467,25-54,no,no,no,Reached shelter
Site 1440,A_placement_current,42,25-123893,CJ,yes,1117.0,19613.0,54.19,299.55,5290.0,5290.0,3830.0,3830.0,1.471,55-69,no,no,no,Reached shelter
Site 1463,A_placement_current,42,25-178970,CJ,yes,1117.0,21318.0,54.19,299.55,5290.0,5290.0,3862.0,3862.0,1.464,25-54,no,no,no,Reached shelter
Site 1583,A_placement_current,42,25-102202,CJ,yes,1117.0,21337.0,54.19,299.55,5290.0,5290.0,3862.0,3862.0,1.463,25-54,no,no,no,Reached shelter
Site 1679,A_placement_current,42,26-109404,CJ,yes,1117.0,22583.0,54.19,299.55,5290.0,5290.0,3887.0,3887.0,1.458,25-54,no,no,no,Reached shelter
Site 1684,A_placement_current,42,25-179022,CJ,yes,1117.0,17905.0,54.19,299.55,5290.0,5290.0,3804.0,3804.0,1.47,25-54,no,yes,no,Reached shelter
Site 1721,A_placement_current,42,25-102504,CJ,yes,1117.0,19919.0,54.19,299.55,5290.0,5290.0,3836.0,3836.0,1.461,25-54,no,no,no,Reached shelter
Site 1766,A_placement_current,42,26-149628,CJ,yes,1117.0,18259.0,54.19,299.55,5290.0,5290.0,3809.0,3809.0,1.459,55-69,no,no,no,Reached shelter
Site 1786,A_placement_current,42,26-109733,CJ,yes,1117.0,18887.0,54.19,299.55,5290.0,5290.0,3817.0,3817.0,1.462,25-54,no,no,no,Reached shelter
Site 1802,A_placement_current,42,26-119732,CJ,yes,1117.0,18449.0,54.19,299.55,5290.0,5290.0,3812.0,3812.0,1.463,18-24,no,no,no,Reached shelter
Site 1881,A_placement_current,42,26-119743,CJ,yes,1117.0,20358.0,54.19,299.55,5290.0,5290.0,3844.0,3844.0,1.459,25-54,no,no,no,Reached shelter
Site 1916,A_placement_current,42,25-145263,CJ,yes,1117.0,18162.0,54.19,299.55,5290.0,5290.0,3808.0,3808.0,1.463,55-69,yes,no,no,Reached shelter
Site 1995,A_placement_current,42,25-212111,CJ,yes,1117.0,20213.0,54.19,299.55,5290.0,5290.0,3841.0,3841.0,1.461,25-54,no,no,yes,Reached shelter
Site 238,A_placement_current,42,26-130260,CJ,yes,1118.0,19216.0,54.23,299.55,5295.0,5295.0,3832.0,3832.0,1.453,25-54,no,no,no,Reached shelter
Site 291,A_placement_current,42,25-112764,CJ,yes,1118.0,22560.0,54.23,299.55,5295.0,5295.0,3896.0,3896.0,1.447,25-54,no,no,no,Reached shelter
Site 395,A_placement_current,42,26-119603,CJ,yes,1118.0,21036.0,54.23,299.55,5295.0,5295.0,3865.0,3865.0,1.456,25-54,no,yes,no,Reached shelter
Site 550,A_placement_current,42,25-167813,CJ,yes,1118.0,18694.0,54.23,299.55,5295.0,5295.0,3824.0,3824.0,1.452,18-24,no,no,no,Reached shelter
Site 620,A_placement_current,42,25-201244,CJ,yes,1118.0,25263.0,54.23,299.55,5295.0,5295.0,3945.0,3945.0,1.454,18-24,no,no,no,Reached shelter
Site 729,A_placement_current,42,26-119515,CJ,yes,1118.0,19510.0,54.23,299.55,5295.0,5295.0,3837.0,3837.0,1.449,25-54,no,no,no,Reached shelter
Site 850,A_placement_current,42,26-140279,CJ,yes,1118.0,20088.0,54.23,299.55,5295.0,5295.0,3847.0,3847.0,1.456,25-54,no,no,yes,Reached shelter
Site 928,A_placement_current,42,25-156462,CJ,yes,1118.0,18700.0,54.23,299.55,5295.0,5295.0,3824.0,3824.0,1.45,25-54,no,no,no,Reached shelter
Site 970,A_placement_current,42,25-123789,CJ,yes,1118.0,16670.0,54.23,299.55,5295.0,5295.0,3798.0,3798.0,1.447,25-54,no,no,no,Reached shelter
Site 994,A_placement_current,42,25-190703,CJ,yes,1118.0,20048.0,54.23,299.55,5295.0,5295.0,3849.0,3849.0,1.448,25-54,no,no,no,Reached shelter
Site 997,A_placement_current,42,25-201223,CJ,yes,1118.0,16786.0,54.23,299.55,5295.0,5295.0,3799.0,3799.0,1.448,25-54,no,no,no,Reached shelter
Site 1058,A_placement_current,42,26-119403,CJ,yes,1118.0,21350.0,54.23,299.55,5295.0,5295.0,3872.0,3872.0,1.449,55-69,no,no,yes,Reached shelter
Site 1206,A_placement_current,42,25-222003,CJ,yes,1118.0,17757.0,54.23,299.55,5295.0,5295.0,3811.0,3811.0,1.456,25-54,yes,no,no,Reached shelter
Site 1462,A_placement_current,42,26-149946,CJ,yes,1118.0,20405.0,54.23,299.55,5295.0,5295.0,3855.0,3855.0,1.45,25-54,no,no,no,Reached shelter
Site 1712,A_placement_current,42,26-109297,CJ,yes,1118.0,18980.0,54.23,299.55,5295.0,5295.0,3828.0,3828.0,1.451,25-54,no,no,no,Reached shelter
Site 1781,A_placement_current,42,26-129918,CJ,yes,1118.0,19394.0,54.23,299.55,5295.0,5295.0,3836.0,3836.0,1.451,25-54,no,no,no,Reached shelter
Site 1912,A_placement_current,42,25-134351,CJ,yes,1118.0,20947.0,54.23,299.55,5295.0,5295.0,3863.0,3863.0,1.454,25-54,no,no,no,Reached shelter
Site 1931,A_placement_current,42,25-123722,CJ,yes,1118.0,17320.0,54.23,299.55,5295.0,5295.0,3806.0,3806.0,1.444,18-24,yes,no,no,Reached shelter
Site 2031,A_placement_current,42,25-123859,CJ,yes,1118.0,24201.0,54.23,299.55,5295.0,5295.0,3927.0,3927.0,1.447,25-54,no,no,no,Reached shelter
Site 5,A_placement_current,42,26-140306,CJ,yes,1119.0,19322.0,54.27,299.55,5299.0,5299.0,3843.0,3843.0,1.442,25-54,no,no,no,Reached shelter
Site 240,A_placement_current,42,25-112996,CJ,yes,1119.0,19916.0,54.27,299.55,5299.0,5299.0,3855.0,3855.0,1.438,25-54,no,no,no,Reached shelter
Site 326,A_placement_current,42,25-179187,CJ,yes,1119.0,18767.0,54.27,299.55,5299.0,5299.0,3834.0,3834.0,1.432,25-54,no,no,no,Reached shelter
Site 353,A_placement_current,42,26-119225,CJ,yes,1119.0,23497.0,54.27,299.55,5299.0,5299.0,3923.0,3923.0,1.433,25-54,no,yes,no,Reached shelter
Site 531,A_placement_current,42,26-119732,CJ,yes,1119.0,18449.0,54.27,299.55,5299.0,5299.0,3829.0,3829.0,1.436,25-54,no,no,no,Reached shelter
Site 536,A_placement_current,42,25-156350,CJ,yes,1119.0,16707.0,54.27,299.55,5299.0,5299.0,3807.0,3807.0,1.434,55-69,no,yes,yes,Reached shelter
Site 581,A_placement_current,42,25-145451,CJ,yes,1119.0,19266.0,54.27,299.55,5299.0,5299.0,3842.0,3842.0,1.442,18-24,no,no,no,Reached shelter
Site 646,A_placement_current,42,25-190371,CJ,yes,1119.0,16733.0,54.27,299.55,5299.0,5299.0,3807.0,3807.0,1.437,25-54,no,no,no,Reached shelter
Site 697,A_placement_current,42,25-179064,CJ,yes,1119.0,25967.0,54.27,299.55,5299.0,5299.0,3969.0,3969.0,1.437,55-69,no,yes,no,Reached shelter
Site 887,A_placement_current,42,25-145244,CJ,yes,1119.0,20500.0,54.27,299.55,5299.0,5299.0,3868.0,3868.0,1.43,25-54,yes,no,no,Reached shelter
Site 918,A_placement_current,42,25-167962,CJ,yes,1119.0,17891.0,54.27,299.55,5299.0,5299.0,3822.0,3822.0,1.43,25-54,no,no,no,Reached shelter
Site 1011,A_placement_current,42,25-102112,CJ,yes,1119.0,20969.0,54.27,299.55,5299.0,5299.0,3874.0,3874.0,1.44,25-54,no,yes,no,Reached shelter
Site 1212,A_placement_current,42,25-112797,CJ,yes,1119.0,17011.0,54.27,299.55,5299.0,5299.0,3810.0,3810.0,1.44,25-54,no,no,no,Reached shelter
Site 1226,A_placement_current,42,25-190376,CJ,yes,1119.0,20914.0,54.27,299.55,5299.0,5299.0,3874.0,3874.0,1.438,25-54,no,no,no,Reached shelter
Site 1397,A_placement_current,42,25-123995,CJ,yes,1119.0,20486.0,54.27,299.55,5299.0,5299.0,3866.0,3866.0,1.432,18-24,no,yes,no,Reached shelter
Site 1498,A_placement_current,42,25-123583,CJ,yes,1119.0,19866.0,54.27,299.55,5299.0,5299.0,3855.0,3855.0,1.433,25-54,no,yes,yes,Reached shelter
Site 1509,A_placement_current,42,26-119265,CJ,yes,1119.0,18285.0,54.27,299.55,5299.0,5299.0,3827.0,3827.0,1.433,25-54,no,no,no,Reached shelter
Site 1581,A_placement_current,42,25-167576,CJ,yes,1119.0,19011.0,54.27,299.55,5299.0,5299.0,3837.0,3837.0,1.441,25-54,no,no,no,Reached shelter
Site 1665,A_placement_current,42,26-119729,CJ,yes,1119.0,21673.0,54.27,299.55,5299.0,5299.0,3889.0,3889.0,1.43,25-54,no,yes,no,Reached shelter
Site 1672,A_placement_current,42,25-221974,CJ,yes,1119.0,16693.0,54.27,299.55,5299.0,5299.0,3807.0,3807.0,1.429,25-54,no,no,no,Reached shelter
Site 1722,A_placement_current,42,26-140451,CJ,yes,1119.0,18415.0,54.27,299.55,5299.0,5299.0,3829.0,3829.0,1.431,25-54,no,no,no,Reached shelter
Site 1793,A_placement_current,42,25-167839,CJ,yes,1119.0,19921.0,54.27,299.55,5299.0,5299.0,3856.0,3856.0,1.429,25-54,no,yes,no,Reached shelter
Site 1962,A_placement_current,42,25-145247,CJ,yes,1119.0,16907.0,54.27,299.55,5299.0,5299.0,3810.0,3810.0,1.431,25-54,no,no,no,Reached shelter
Site 34,A_placement_current,42,25-156610,CJ,yes,1120.0,20126.0,54.31,299.55,5304.0,5304.0,3869.0,3869.0,1.419,25-54,no,yes,no,Reached shelter
Site 143,A_placement_current,42,26-130108,CJ,yes,1120.0,22144.0,54.31,299.55,5304.0,5304.0,3908.0,3908.0,1.419,25-54,no,no,no,Reached shelter
Site 161,A_placement_current,42,25-145464,CJ,yes,1120.0,17603.0,54.31,299.55,5304.0,5304.0,3828.0,3828.0,1.419,25-54,no,no,no,Reached shelter
Site 212,A_placement_current,42,25-212049,CJ,yes,1120.0,16699.0,54.31,299.55,5304.0,5304.0,3814.0,3814.0,1.428,25-54,no,no,no,Reached shelter
Site 246,A_placement_current,42,25-134506,CJ,yes,1120.0,22096.0,54.31,299.55,5304.0,5304.0,3908.0,3908.0,1.416,25-54,no,yes,no,Reached shelter
Site 427,A_placement_current,42,26-129901,CJ,yes,1120.0,17352.0,54.31,299.55,5304.0,5304.0,3824.0,3824.0,1.417,25-54,no,no,no,Reached shelter
Site 569,A_placement_current,42,25-179106,CJ,yes,1120.0,19541.0,54.31,299.55,5304.0,5304.0,3859.0,3859.0,1.416,25-54,no,no,no,Reached shelter
Site 644,A_placement_current,42,25-134524,CJ,yes,1120.0,25017.0,54.31,299.55,5304.0,5304.0,3963.0,3963.0,1.42,25-54,no,no,no,Reached shelter
Site 654,A_placement_current,42,25-190775,CJ,yes,1120.0,18513.0,54.31,299.55,5304.0,5304.0,3839.0,3839.0,1.427,25-54,no,no,no,Reached shelter
Site 677,A_placement_current,42,25-112970,CJ,yes,1120.0,17653.0,54.31,299.55,5304.0,5304.0,3828.0,3828.0,1.422,25-54,no,no,no,Reached shelter
Site 773,A_placement_current,42,25-178870,CJ,yes,1120.0,17005.0,54.31,299.55,5304.0,5304.0,3820.0,3820.0,1.42,25-54,no,no,no,Reached shelter
Site 902,A_placement_current,42,26-109318,CJ,yes,1120.0,18059.0,54.31,299.55,5304.0,5304.0,3833.0,3833.0,1.425,18-24,no,no,no,Reached shelter
Site 913,A_placement_current,42,25-222158,CJ,yes,1120.0,17085.0,54.31,299.55,5304.0,5304.0,3820.0,3820.0,1.427,25-54,no,no,no,Reached shelter
Site 1298,A_placement_current,42,25-156301,CJ,yes,1120.0,23414.0,54.31,299.55,5304.0,5304.0,3932.0,3932.0,1.419,25-54,no,no,no,Reached shelter
Site 1342,A_placement_current,42,25-145117,CJ,yes,1120.0,25399.0,54.31,299.55,5304.0,5304.0,3970.0,3970.0,1.423,25-54,no,no,yes,Reached shelter
Site 1410,A_placement_current,42,26-119569,CJ,yes,1120.0,18268.0,54.31,299.55,5304.0,5304.0,3837.0,3837.0,1.416,25-54,yes,no,yes,Reached shelter
Site 1450,A_placement_current,42,25-212414,CJ,yes,1120.0,19941.0,54.31,299.55,5304.0,5304.0,3866.0,3866.0,1.419,18-24,no,no,no,Reached shelter
Site 1568,A_placement_current,42,26-109317,CJ,yes,1120.0,19105.0,54.31,299.55,5304.0,5304.0,3849.0,3849.0,1.427,55-69,no,no,no,Reached shelter
Site 1587,A_placement_current,42,25-144963,CJ,yes,1120.0,16810.0,54.31,299.55,5304.0,5304.0,3816.0,3816.0,1.426,55-69,no,no,no,Reached shelter
Site 1614,A_placement_current,42,26-109318,CJ,yes,1120.0,18059.0,54.31,299.55,5304.0,5304.0,3833.0,3833.0,1.418,25-54,no,no,no,Reached shelter
Site 1669,A_placement_current,42,25-134698,CJ,yes,1120.0,21696.0,54.31,299.55,5304.0,5304.0,3900.0,3900.0,1.42,55-69,no,no,no,Reached shelter
Site 1671,A_placement_current,42,25-167713,CJ,yes,1120.0,17394.0,54.31,299.55,5304.0,5304.0,3824.0,3824.0,1.414,25-54,no,no,no,Reached shelter
Site 1826,A_placement_current,42,25-190793,CJ,yes,1120.0,21087.0,54.31,299.55,5304.0,5304.0,3887.0,3887.0,1.42,55-69,no,yes,no,Reached shelter
Site 2003,A_placement_current,42,25-156457,CJ,yes,1120.0,21828.0,54.31,299.55,5304.0,5304.0,3900.0,3900.0,1.428,25-54,no,no,no,Reached shelter
Site 2020,A_placement_current,42,25-145288,CJ,yes,1120.0,17111.0,54.31,299.55,5304.0,5304.0,3820.0,3820.0,1.428,25-54,no,no,no,Reached shelter
Site 71,A_placement_current,42,25-212515,CJ,yes,1121.0,19734.0,54.35,299.55,5309.0,5309.0,3870.0,3870.0,1.41,25-54,no,yes,no,Reached shelter
Site 103,A_placement_current,42,26-119286,CJ,yes,1121.0,24768.0,54.35,299.55,5309.0,5309.0,3969.0,3969.0,1.401,25-54,no,no,no,Reached shelter
Site 115,A_placement_current,42,25-201585,CJ,yes,1121.0,22192.0,54.35,299.55,5309.0,5309.0,3919.0,3919.0,1.408,25-54,yes,no,no,Reached shelter
Site 147,A_placement_current,42,25-167537,CJ,yes,1121.0,19244.0,54.35,299.55,5309.0,5309.0,3862.0,3862.0,1.406,25-54,no,no,no,Reached shelter
Site 230,A_placement_current,42,25-102226,CJ,yes,1121.0,18037.0,54.35,299.55,5309.0,5309.0,3842.0,3842.0,1.408,25-54,no,no,no,Reached shelter
Site 233,A_placement_current,42,26-150042,CJ,yes,1121.0,20768.0,54.35,299.55,5309.0,5309.0,3891.0,3891.0,1.41,55-69,no,no,no,Reached shelter
Site 269,A_placement_current,42,26-109567,CJ,yes,1121.0,21294.0,54.35,299.55,5309.0,5309.0,3901.0,3901.0,1.412,25-54,no,no,no,Reached shelter
Site 409,A_placement_current,42,25-123945,CJ,yes,1121.0,17670.0,54.35,299.55,5309.0,5309.0,3836.0,3836.0,1.412,25-54,no,no,no,Reached shelter
Site 446,A_placement_current,42,25-102206,CJ,yes,1121.0,19079.0,54.35,299.55,5309.0,5309.0,3859.0,3859.0,1.405,25-54,no,yes,no,Reached shelter
Site 882,A_placement_current,42,25-145451,CJ,yes,1121.0,19266.0,54.35,299.55,5309.0,5309.0,3862.0,3862.0,1.404,25-54,no,no,no,Reached shelter
Site 886,A_placement_current,42,25-212134,CJ,yes,1121.0,19865.0,54.35,299.55,5309.0,5309.0,3875.0,3875.0,1.4,18-24,no,no,no,Reached shelter
Site 947,A_placement_current,42,26-140460,CJ,yes,1121.0,19229.0,54.35,299.55,5309.0,5309.0,3862.0,3862.0,1.408,25-54,no,no,no,Reached shelter
Site 1168,A_placement_current,42,25-102504,CJ,yes,1121.0,19919.0,54.35,299.55,5309.0,5309.0,3876.0,3876.0,1.401,55-69,no,no,no,Reached shelter
Site 1353,A_placement_current,42,25-178955,CJ,yes,1121.0,23122.0,54.35,299.55,5309.0,5309.0,3938.0,3938.0,1.402,25-54,no,no,no,Reached shelter
Site 1577,A_placement_current,42,25-123942,CJ,yes,1121.0,21382.0,54.35,299.55,5309.0,5309.0,3904.0,3904.0,1.401,25-54,no,no,no,Reached shelter
Site 1594,A_placement_current,42,26-109537,CJ,yes,1121.0,20396.0,54.35,299.55,5309.0,5309.0,3885.0,3885.0,1.407,25-54,no,no,no,Reached shelter
Site 1627,A_placement_current,42,25-156166,CJ,yes,1121.0,22616.0,54.35,299.55,5309.0,5309.0,3925.0,3925.0,1.412,25-54,no,no,no,Reached shelter
Site 1674,A_placement_current,42,25-212320,CJ,yes,1121.0,18889.0,54.35,299.55,5309.0,5309.0,3855.0,3855.0,1.408,55-69,yes,no,no,Reached shelter
Site 1743,A_placement_current,42,25-178711,CJ,yes,1121.0,21547.0,54.35,299.55,5309.0,5309.0,3906.0,3906.0,1.409,25-54,no,yes,no,Reached shelter
Site 1773,A_placement_current,42,26-140451,CJ,yes,1121.0,18415.0,54.35,299.55,5309.0,5309.0,3846.0,3846.0,1.414,25-54,no,no,no,Reached shelter
Site 1862,A_placement_current,42,25-178961,CJ,yes,1121.0,21172.0,54.35,299.55,5309.0,5309.0,3898.0,3898.0,1.41,25-54,no,yes,yes,Reached shelter
Site 207,A_placement_current,42,26-149977,CJ,yes,1122.0,17024.0,54.38,299.55,5313.0,5313.0,3836.0,3836.0,1.397,18-24,no,no,no,Reached shelter
Site 284,A_placement_current,42,25-156494,CJ,yes,1122.0,17519.0,54.38,299.55,5313.0,5313.0,3844.0,3844.0,1.391,55-69,no,no,no,Reached shelter
Site 366,A_placement_current,42,26-129777,CJ,yes,1122.0,20899.0,54.38,299.55,5313.0,5313.0,3902.0,3902.0,1.398,25-54,no,no,no,Reached shelter
Site 448,A_placement_current,42,26-140398,CJ,yes,1122.0,17391.0,54.38,299.55,5313.0,5313.0,3842.0,3842.0,1.389,25-54,no,no,no,Reached shelter
Site 636,A_placement_current,42,25-102110,CJ,yes,1122.0,20040.0,54.38,299.55,5313.0,5313.0,3887.0,3887.0,1.388,25-54,no,no,no,Reached shelter
Site 694,A_placement_current,42,25-212476,CJ,yes,1122.0,16722.0,54.38,299.55,5313.0,5313.0,3833.0,3833.0,1.398,25-54,no,no,no,Reached shelter
Site 724,A_placement_current,42,26-140584,CJ,yes,1122.0,23070.0,54.38,299.55,5313.0,5313.0,3946.0,3946.0,1.392,25-54,no,no,yes,Reached shelter
Site 819,A_placement_current,42,25-156157,CJ,yes,1122.0,18738.0,54.38,299.55,5313.0,5313.0,3861.0,3861.0,1.39,18-24,no,no,no,Reached shelter
Site 864,A_placement_current,42,25-212251,CJ,yes,1122.0,22472.0,54.38,299.55,5313.0,5313.0,3935.0,3935.0,1.388,25-54,yes,no,no,Reached shelter
Site 972,A_placement_current,42,26-140454,CJ,yes,1122.0,22343.0,54.38,299.55,5313.0,5313.0,3933.0,3933.0,1.387,25-54,no,no,no,Reached shelter
Site 1283,A_placement_current,42,25-201278,CJ,yes,1122.0,18147.0,54.38,299.55,5313.0,5313.0,3852.0,3852.0,1.391,25-54,no,no,no,Reached shelter
Site 1331,A_placement_current,42,25-167780,CJ,yes,1122.0,17942.0,54.38,299.55,5313.0,5313.0,3849.0,3849.0,1.4,25-54,no,no,no,Reached shelter
Site 1409,A_placement_current,42,25-179187,CJ,yes,1122.0,18767.0,54.38,299.55,5313.0,5313.0,3861.0,3861.0,1.398,55-69,no,no,no,Reached shelter
Site 1459,A_placement_current,42,25-222227,CJ,yes,1122.0,19791.0,54.38,299.55,5313.0,5313.0,3881.0,3881.0,1.396,25-54,no,no,yes,Reached shelter
Site 1911,A_placement_current,42,26-130243,CJ,yes,1122.0,18371.0,54.38,299.55,5313.0,5313.0,3854.0,3854.0,1.399,25-54,no,no,no,Reached shelter
Site 1915,A_placement_current,42,25-156631,CJ,yes,1122.0,18723.0,54.38,299.55,5313.0,5313.0,3861.0,3861.0,1.393,25-54,no,no,no,Reached shelter
Site 1961,A_placement_current,42,25-190421,CJ,yes,1122.0,16452.0,54.38,299.55,5313.0,5313.0,3829.0,3829.0,1.394,25-54,no,no,no,Reached shelter
Site 1967,A_placement_current,42,25-112835,CJ,yes,1122.0,17109.0,54.38,299.55,5313.0,5313.0,3837.0,3837.0,1.397,25-54,no,no,no,Reached shelter
Site 1978,A_placement_current,42,25-167728,CJ,yes,1122.0,20318.0,54.38,299.55,5313.0,5313.0,3894.0,3894.0,1.387,25-54,no,no,no,Reached shelter
Site 2005,A_placement_current,42,25-201184,CJ,yes,1122.0,19565.0,54.38,299.55,5313.0,5313.0,3878.0,3878.0,1.395,25-54,no,yes,yes,Reached shelter
Site 48,A_placement_current,42,25-102026,CJ,yes,1123.0,18677.0,54.42,299.55,5318.0,5318.0,3870.0,3870.0,1.38,25-54,no,no,no,Reached shelter
Site 172,A_placement_current,42,26-140245,CJ,yes,1123.0,20875.0,54.42,299.55,5318.0,5318.0,3913.0,3913.0,1.385,25-54,no,no,no,Reached shelter
Site 193,A_placement_current,42,25-212526,CJ,yes,1123.0,17268.0,54.42,299.55,5318.0,5318.0,3848.0,3848.0,1.384,25-54,no,yes,no,Reached shelter
Site 229,A_placement_current,42,25-190698,CJ,yes,1123.0,18059.0,54.42,299.55,5318.0,5318.0,3859.0,3859.0,1.378,55-69,yes,no,no,Reached shelter
Site 273,A_placement_current,42,25-201232,CJ,yes,1123.0,20212.0,54.42,299.55,5318.0,5318.0,3900.0,3900.0,1.384,25-54,no,yes,no,Reached shelter
Site 320,A_placement_current,42,26-149747,CJ,yes,1123.0,22201.0,54.42,299.55,5318.0,5318.0,3941.0,3941.0,1.377,25-54,no,no,no,Reached shelter
Site 325,A_placement_current,42,26-109438,CJ,yes,1123.0,16371.0,54.42,299.55,5318.0,5318.0,3837.0,3837.0,1.379,25-54,no,yes,no,Reached shelter
Site 529,A_placement_current,42,25-156618,CJ,yes,1123.0,20740.0,54.42,299.55,5318.0,5318.0,3911.0,3911.0,1.377,25-54,no,yes,yes,Reached shelter
Site 571,A_placement_current,42,25-145110,CJ,yes,1123.0,16917.0,54.42,299.55,5318.0,5318.0,3845.0,3845.0,1.377,70+,no,no,no,Reached shelter
Site 573,A_placement_current,42,25-134513,CJ,yes,1123.0,19831.0,54.42,299.55,5318.0,5318.0,3892.0,3892.0,1.386,25-54,no,no,no,Reached shelter
Site 659,A_placement_current,42,25-124016,CJ,yes,1123.0,18276.0,54.42,299.55,5318.0,5318.0,3862.0,3862.0,1.386,25-54,no,no,no,Reached shelter
Site 776,A_placement_current,42,25-179008,CJ,yes,1123.0,18106.0,54.42,299.55,5318.0,5318.0,3861.0,3861.0,1.375,25-54,no,no,no,Reached shelter
Site 866,A_placement_current,42,25-201544,CJ,yes,1123.0,17487.0,54.42,299.55,5318.0,5318.0,3853.0,3853.0,1.374,25-54,no,yes,no,Reached shelter
Site 894,A_placement_current,42,26-140324,CJ,yes,1123.0,20056.0,54.42,299.55,5318.0,5318.0,3898.0,3898.0,1.376,25-54,no,no,no,Reached shelter
Site 1239,A_placement_current,42,25-222244,CJ,yes,1123.0,22271.0,54.42,299.55,5318.0,5318.0,3942.0,3942.0,1.375,25-54,no,no,no,Reached shelter
Site 1258,A_placement_current,42,25-201748,CJ,yes,1123.0,18505.0,54.42,299.55,5318.0,5318.0,3866.0,3866.0,1.386,25-54,no,no,yes,Reached shelter
Site 1320,A_placement_current,42,25-222172,CJ,yes,1123.0,21489.0,54.42,299.55,5318.0,5318.0,3924.0,3924.0,1.381,25-54,no,no,no,Reached shelter
Site 1570,A_placement_current,42,25-145009,CJ,yes,1123.0,19202.0,54.42,299.55,5318.0,5318.0,3880.0,3880.0,1.376,55-69,no,no,no,Reached shelter
Site 1597,A_placement_current,42,25-134373,CJ,yes,1123.0,20080.0,54.42,299.55,5318.0,5318.0,3897.0,3897.0,1.383,25-54,no,no,no,Reached shelter
Site 1633,A_placement_current,42,25-178955,CJ,yes,1123.0,23122.0,54.42,299.55,5318.0,5318.0,3957.0,3957.0,1.383,25-54,no,no,no,Reached shelter
Site 1739,A_placement_current,42,26-109719,CJ,yes,1123.0,20071.0,54.42,299.55,5318.0,5318.0,3898.0,3898.0,1.376,18-24,no,no,no,Reached shelter
Site 1845,A_placement_current,42,25-112755,CJ,yes,1123.0,17103.0,54.42,299.55,5318.0,5318.0,3846.0,3846.0,1.382,25-54,no,yes,yes,Reached shelter
Site 1861,A_placement_current,42,25-201278,CJ,yes,1123.0,18147.0,54.42,299.55,5318.0,5318.0,3861.0,3861.0,1.386,25-54,no,yes,no,Reached shelter
Site 1869,A_placement_current,42,25-112525,CJ,yes,1123.0,20199.0,54.42,299.55,5318.0,5318.0,3900.0,3900.0,1.379,25-54,no,no,no,Reached shelter
Site 1919,A_placement_current,42,25-145138,CJ,yes,1123.0,18442.0,54.42,299.55,5318.0,5318.0,3866.0,3866.0,1.373,25-54,no,no,no,Reached shelter
Site 2013,A_placement_current,42,25-190770,CJ,yes,1123.0,17078.0,54.42,299.55,5318.0,5318.0,3846.0,3846.0,1.386,25-54,no,no,no,Reached shelter
Site 2036,A_placement_current,42,25-134545,CJ,yes,1123.0,21371.0,54.42,299.55,5318.0,5318.0,3923.0,3923.0,1.377,25-54,no,yes,yes,Reached shelter
Site 52,A_placement_current,42,25-201619,CJ,yes,1124.0,19489.0,54.46,299.55,5323.0,5323.0,3894.0,3894.0,1.369,25-54,yes,no,yes,Reached shelter
Site 192,A_placement_current,42,26-149746,CJ,yes,1124.0,17335.0,54.46,299.55,5323.0,5323.0,3859.0,3859.0,1.364,25-54,no,yes,no,Reached shelter
Site 471,A_placement_current,42,26-130218,CJ,yes,1124.0,16496.0,54.46,299.55,5323.0,5323.0,3847.0,3847.0,1.364,25-54,no,no,no,Reached shelter
Site 649,A_placement_current,42,25-190594,CJ,yes,1124.0,21293.0,54.46,299.55,5323.0,5323.0,3930.0,3930.0,1.368,18-24,no,no,no,Reached shelter
Site 859,A_placement_current,42,25-178739,CJ,yes,1124.0,21892.0,54.46,299.55,5323.0,5323.0,3943.0,3943.0,1.364,25-54,no,no,no,Reached shelter
Site 1161,A_placement_current,42,25-123716,CJ,yes,1124.0,21325.0,54.46,299.55,5323.0,5323.0,3932.0,3932.0,1.365,25-54,no,no,no,Reached shelter
Site 1167,A_placement_current,42,25-145505,CJ,yes,1124.0,21871.0,54.46,299.55,5323.0,5323.0,3942.0,3942.0,1.369,25-54,no,no,no,Reached shelter
Site 1270,A_placement_current,42,25-156301,CJ,yes,1124.0,23414.0,54.46,299.55,5323.0,5323.0,3973.0,3973.0,1.368,25-54,no,no,no,Reached shelter
Site 1315,A_placement_current,42,25-156066,CJ,yes,1124.0,20989.0,54.46,299.55,5323.0,5323.0,3925.0,3925.0,1.369,55-69,no,yes,no,Reached shelter
Site 1352,A_placement_current,42,25-145009,CJ,yes,1124.0,19202.0,54.46,299.55,5323.0,5323.0,3890.0,3890.0,1.366,25-54,no,no,no,Reached shelter
Site 1354,A_placement_current,42,26-140226,CJ,yes,1124.0,16708.0,54.46,299.55,5323.0,5323.0,3850.0,3850.0,1.364,25-54,no,no,yes,Reached shelter
Site 1361,A_placement_current,42,26-109543,CJ,yes,1124.0,19869.0,54.46,299.55,5323.0,5323.0,3903.0,3903.0,1.366,25-54,no,no,no,Reached shelter
Site 1422,A_placement_current,42,25-190660,CJ,yes,1124.0,17109.0,54.46,299.55,5323.0,5323.0,3856.0,3856.0,1.36,25-54,no,no,no,Reached shelter
Site 1477,A_placement_current,42,25-190597,CJ,yes,1124.0,20707.0,54.46,299.55,5323.0,5323.0,3921.0,3921.0,1.362,25-54,no,yes,no,Reached shelter
Site 1511,A_placement_current,42,25-156369,CJ,yes,1124.0,17491.0,54.46,299.55,5323.0,5323.0,3860.0,3860.0,1.366,25-54,no,no,no,Reached shelter
Site 1522,A_placement_current,42,25-190742,CJ,yes,1124.0,17191.0,54.46,299.55,5323.0,5323.0,3857.0,3857.0,1.367,18-24,no,yes,no,Reached shelter
Site 1554,A_placement_current,42,26-129904,CJ,yes,1124.0,17920.0,54.46,299.55,5323.0,5323.0,3866.0,3866.0,1.371,25-54,no,yes,no,Reached shelter
Site 1634,A_placement_current,42,25-156329,CJ,yes,1124.0,21379.0,54.46,299.55,5323.0,5323.0,3934.0,3934.0,1.364,55-69,no,no,no,Reached shelter
Site 1731,A_placement_current,42,25-112869,CJ,yes,1124.0,17868.0,54.46,299.55,5323.0,5323.0,3866.0,3866.0,1.362,25-54,no,no,no,Reached shelter
Site 1832,A_placement_current,42,26-119425,CJ,yes,1124.0,16671.0,54.46,299.55,5323.0,5323.0,3850.0,3850.0,1.364,55-69,no,no,yes,Reached shelter
Site 1939,A_placement_current,42,25-156405,CJ,yes,1124.0,19736.0,54.46,299.55,5323.0,5323.0,3899.0,3899.0,1.37,25-54,no,no,no,Reached shelter
Site 1987,A_placement_current,42,25-167652,CJ,yes,1124.0,22399.0,54.46,299.55,5323.0,5323.0,3953.0,3953.0,1.368,25-54,no,no,no,Reached shelter
Site 49,A_placement_current,42,25-134257,CJ,yes,1125.0,18419.0,54.5,299.55,5327.0,5327.0,3884.0,3884.0,1.354,25-54,no,no,no,Reached shelter
Site 314,A_placement_current,42,25-179016,CJ,yes,1125.0,17058.0,54.5,299.55,5327.0,5327.0,3864.0,3864.0,1.348,25-54,no,no,no,Reached shelter
Site 512,A_placement_current,42,25-102110,CJ,yes,1125.0,20040.0,54.5,299.55,5327.0,5327.0,3917.0,3917.0,1.348,25-54,no,no,no,Reached shelter
Site 623,A_placement_current,42,26-140241,CJ,yes,1125.0,19316.0,54.5,299.55,5327.0,5327.0,3902.0,3902.0,1.354,25-54,no,no,no,Reached shelter
Site 767,A_placement_current,42,25-222003,CJ,yes,1125.0,17757.0,54.5,299.55,5327.0,5327.0,3872.0,3872.0,1.356,25-54,no,no,no,Reached shelter
Site 811,A_placement_current,42,25-212024,CJ,yes,1125.0,20618.0,54.5,299.55,5327.0,5327.0,3928.0,3928.0,1.353,25-54,no,no,no,Reached shelter
Site 823,A_placement_current,42,25-112755,CJ,yes,1125.0,17103.0,54.5,299.55,5327.0,5327.0,3865.0,3865.0,1.348,55-69,no,no,no,Reached shelter
Site 862,A_placement_current,42,26-130135,CJ,yes,1125.0,16438.0,54.5,299.55,5327.0,5327.0,3855.0,3855.0,1.356,55-69,no,no,no,Reached shelter
Site 949,A_placement_current,42,25-145244,CJ,yes,1125.0,20500.0,54.5,299.55,5327.0,5327.0,3926.0,3926.0,1.352,18-24,no,no,no,Reached shelter
Site 1038,A_placement_current,42,25-156207,CJ,yes,1125.0,18258.0,54.5,299.55,5327.0,5327.0,3881.0,3881.0,1.352,25-54,no,no,yes,Reached shelter
Site 1090,A_placement_current,42,25-201229,CJ,yes,1125.0,16279.0,54.5,299.55,5327.0,5327.0,3852.0,3852.0,1.353,70+,no,yes,no,Reached shelter
Site 1148,A_placement_current,42,25-123993,CJ,yes,1125.0,18475.0,54.5,299.55,5327.0,5327.0,3884.0,3884.0,1.357,25-54,no,no,no,Reached shelter
Site 1196,A_placement_current,42,25-201326,CJ,yes,1125.0,16919.0,54.5,299.55,5327.0,5327.0,3861.0,3861.0,1.356,25-54,no,no,no,Reached shelter
Site 1276,A_placement_current,42,25-222060,CJ,yes,1125.0,17781.0,54.5,299.55,5327.0,5327.0,3874.0,3874.0,1.354,25-54,no,no,no,Reached shelter
Site 1438,A_placement_current,42,26-130022,CJ,yes,1125.0,19492.0,54.5,299.55,5327.0,5327.0,3905.0,3905.0,1.356,18-24,no,no,no,Reached shelter
Site 1779,A_placement_current,42,25-167873,CJ,yes,1125.0,17909.0,54.5,299.55,5327.0,5327.0,3876.0,3876.0,1.349,25-54,no,no,no,Reached shelter
Site 1969,A_placement_current,42,25-145117,CJ,yes,1125.0,25399.0,54.5,299.55,5327.0,5327.0,4024.0,4024.0,1.353,18-24,no,no,no,Reached shelter
Site 286,A_placement_current,42,26-140437,CJ,yes,1126.0,21636.0,54.54,299.55,5332.0,5332.0,3959.0,3959.0,1.338,25-54,no,no,yes,Reached shelter
Site 460,A_placement_current,42,25-134627,CJ,yes,1126.0,20241.0,54.54,299.55,5332.0,5332.0,3929.0,3929.0,1.344,25-54,no,no,no,Reached shelter
Site 463,A_placement_current,42,25-190723,CJ,yes,1126.0,21881.0,54.54,299.55,5332.0,5332.0,3965.0,3965.0,1.335,55-69,no,no,no,Reached shelter
Site 508,A_placement_current,42,25-212116,CJ,yes,1126.0,16923.0,54.54,299.55,5332.0,5332.0,3870.0,3870.0,1.339,25-54,no,no,no,Reached shelter
Site 575,A_placement_current,42,26-129827,CJ,yes,1126.0,17083.0,54.54,299.55,5332.0,5332.0,3872.0,3872.0,1.347,25-54,no,no,no,Reached shelter
Site 745,A_placement_current,42,25-145496,CJ,yes,1126.0,22119.0,54.54,299.55,5332.0,5332.0,3968.0,3968.0,1.338,25-54,no,no,no,Reached shelter
Site 765,A_placement_current,42,26-150103,CJ,yes,1126.0,16380.0,54.54,299.55,5332.0,5332.0,3863.0,3863.0,1.339,25-54,no,no,no,Reached shelter
Site 965,A_placement_current,42,26-130103,CJ,yes,1126.0,20072.0,54.54,299.55,5332.0,5332.0,3928.0,3928.0,1.337,55-69,no,no,no,Reached shelter
Site 971,A_placement_current,42,25-134374,CJ,yes,1126.0,20588.0,54.54,299.55,5332.0,5332.0,3937.0,3937.0,1.344,25-54,no,no,no,Reached shelter
Site 1023,A_placement_current,42,25-201690,CJ,yes,1126.0,17174.0,54.54,299.55,5332.0,5332.0,3873.0,3873.0,1.344,25-54,no,no,yes,Reached shelter
Site 1028,A_placement_current,42,25-190769,CJ,yes,1126.0,17481.0,54.54,299.55,5332.0,5332.0,3878.0,3878.0,1.34,25-54,no,no,no,Reached shelter
Site 1040,A_placement_current,42,25-212376,CJ,yes,1126.0,16341.0,54.54,299.55,5332.0,5332.0,3862.0,3862.0,1.338,25-54,no,no,no,Reached shelter
Site 1156,A_placement_current,42,25-201306,CJ,yes,1126.0,20787.0,54.54,299.55,5332.0,5332.0,3941.0,3941.0,1.346,25-54,no,no,yes,Reached shelter
Site 1209,A_placement_current,42,26-119320,CJ,yes,1126.0,25001.0,54.54,299.55,5332.0,5332.0,4025.0,4025.0,1.346,25-54,no,no,no,Reached shelter
Site 1307,A_placement_current,42,26-109338,CJ,yes,1126.0,23468.0,54.54,299.55,5332.0,5332.0,3996.0,3996.0,1.339,25-54,no,no,yes,Reached shelter
Site 1455,A_placement_current,42,26-149676,CJ,yes,1126.0,17134.0,54.54,299.55,5332.0,5332.0,3873.0,3873.0,1.341,25-54,no,no,no,Reached shelter
Site 1542,A_placement_current,42,25-221864,CJ,yes,1126.0,18814.0,54.54,299.55,5332.0,5332.0,3901.0,3901.0,1.343,25-54,no,no,yes,Reached shelter
Site 1621,A_placement_current,42,26-129882,CJ,yes,1126.0,19736.0,54.54,299.55,5332.0,5332.0,3919.0,3919.0,1.343,25-54,no,no,no,Reached shelter
Site 1760,A_placement_current,42,25-112561,CJ,yes,1126.0,23493.0,54.54,299.55,5332.0,5332.0,3996.0,3996.0,1.341,25-54,no,no,no,Reached shelter
Site 1903,A_placement_current,42,25-102290,CJ,yes,1126.0,19913.0,54.54,299.55,5332.0,5332.0,3923.0,3923.0,1.344,25-54,no,yes,no,Reached shelter
Site 1936,A_placement_current,42,25-212522,CJ,yes,1126.0,19558.0,54.54,299.55,5332.0,5332.0,3916.0,3916.0,1.341,25-54,no,no,no,Reached shelter
Site 1944,A_placement_current,42,26-119597,CJ,yes,1126.0,18889.0,54.54,299.55,5332.0,5332.0,3901.0,3901.0,1.346,25-54,no,no,no,Reached shelter
Site 2018,A_placement_current,42,25-134496,CJ,yes,1126.0,17183.0,54.54,299.55,5332.0,5332.0,3873.0,3873.0,1.345,25-54,no,no,no,Reached shelter
Site 65,A_placement_current,42,25-156482,CJ,yes,1127.0,16748.0,54.58,299.55,5337.0,5337.0,3876.0,3876.0,1.326,25-54,no,no,no,Reached shelter
Site 82,A_placement_current,42,25-134628,CJ,yes,1127.0,17424.0,54.58,299.55,5337.0,5337.0,3885.0,3885.0,1.332,25-54,no,no,no,Reached shelter
Site 95,A_placement_current,42,26-119530,CJ,yes,1127.0,26067.0,54.58,299.55,5337.0,5337.0,4059.0,4059.0,1.327,18-24,no,no,no,Reached shelter
Site 120,A_placement_current,42,25-212514,CJ,yes,1127.0,18914.0,54.58,299.55,5337.0,5337.0,3914.0,3914.0,1.324,25-54,no,no,no,Reached shelter
Site 343,A_placement_current,42,25-212526,CJ,yes,1127.0,17268.0,54.58,299.55,5337.0,5337.0,3883.0,3883.0,1.334,25-54,no,no,no,Reached shelter
Site 383,A_placement_current,42,26-129886,CJ,yes,1127.0,16700.0,54.58,299.55,5337.0,5337.0,3876.0,3876.0,1.323,55-69,no,no,no,Reached shelter
Site 386,A_placement_current,42,26-130107,CJ,yes,1127.0,20697.0,54.58,299.55,5337.0,5337.0,3948.0,3948.0,1.334,25-54,no,no,no,Reached shelter
Site 524,A_placement_current,42,25-123991,CJ,yes,1127.0,20037.0,54.58,299.55,5337.0,5337.0,3937.0,3937.0,1.323,25-54,no,no,no,Reached shelter
Site 653,A_placement_current,42,25-112645,CJ,yes,1127.0,20492.0,54.58,299.55,5337.0,5337.0,3945.0,3945.0,1.325,25-54,no,no,no,Reached shelter
Site 828,A_placement_current,42,25-201619,CJ,yes,1127.0,19489.0,54.58,299.55,5337.0,5337.0,3925.0,3925.0,1.327,55-69,no,no,yes,Reached shelter
Site 1326,A_placement_current,42,25-221876,CJ,yes,1127.0,19535.0,54.58,299.55,5337.0,5337.0,3925.0,3925.0,1.329,25-54,no,no,no,Reached shelter
Site 1428,A_placement_current,42,26-130001,CJ,yes,1127.0,16504.0,54.58,299.55,5337.0,5337.0,3873.0,3873.0,1.323,25-54,no,no,no,Reached shelter
Site 1612,A_placement_current,42,26-140177,CJ,yes,1127.0,20489.0,54.58,299.55,5337.0,5337.0,3945.0,3945.0,1.328,25-54,no,no,no,Reached shelter
Site 1631,A_placement_current,42,25-134299,CJ,yes,1127.0,17451.0,54.58,299.55,5337.0,5337.0,3887.0,3887.0,1.333,25-54,no,no,no,Reached shelter
Site 1827,A_placement_current,42,25-145005,CJ,yes,1127.0,22691.0,54.58,299.55,5337.0,5337.0,3991.0,3991.0,1.324,25-54,yes,no,no,Reached shelter
Site 1902,A_placement_current,42,26-119328,CJ,yes,1127.0,23131.0,54.58,299.55,5337.0,5337.0,3999.0,3999.0,1.332,25-54,no,yes,no,Reached shelter
Site 1933,A_placement_current,42,25-167798,CJ,yes,1127.0,19798.0,54.58,299.55,5337.0,5337.0,3930.0,3930.0,1.335,25-54,no,yes,no,Reached shelter
Site 1981,A_placement_current,42,25-167777,CJ,yes,1127.0,21288.0,54.58,299.55,5337.0,5337.0,3963.0,3963.0,1.322,25-54,no,no,no,Reached shelter
Site 99,A_placement_current,42,25-179008,CJ,yes,1128.0,18106.0,54.62,299.55,5342.0,5342.0,3905.0,3905.0,1.318,25-54,no,no,no,Reached shelter
Site 228,A_placement_current,42,25-190698,CJ,yes,1128.0,18059.0,54.62,299.55,5342.0,5342.0,3905.0,3905.0,1.318,25-54,no,no,no,Reached shelter
Site 261,A_placement_current,42,25-201289,CJ,yes,1128.0,21053.0,54.62,299.55,5342.0,5342.0,3966.0,3966.0,1.32,25-54,no,no,no,Reached shelter
Site 280,A_placement_current,42,26-140578,CJ,yes,1128.0,21193.0,54.62,299.55,5342.0,5342.0,3969.0,3969.0,1.319,18-24,no,no,yes,Reached shelter
Site 340,A_placement_current,42,25-145126,CJ,yes,1128.0,23604.0,54.62,299.55,5342.0,5342.0,4019.0,4019.0,1.319,25-54,no,no,no,Reached shelter
Site 376,A_placement_current,42,26-140115,CJ,yes,1128.0,17347.0,54.62,299.55,5342.0,5342.0,3893.0,3893.0,1.319,55-69,yes,no,no,Reached shelter
Site 377,A_placement_current,42,25-212228,CJ,yes,1128.0,22800.0,54.62,299.55,5342.0,5342.0,4003.0,4003.0,1.314,25-54,no,no,no,Reached shelter
Site 406,A_placement_current,42,26-109586,CJ,yes,1128.0,23209.0,54.62,299.55,5342.0,5342.0,4010.0,4010.0,1.321,25-54,no,no,no,Reached shelter
Site 594,A_placement_current,42,25-222069,CJ,yes,1128.0,17032.0,54.62,299.55,5342.0,5342.0,3889.0,3889.0,1.32,25-54,no,no,no,Reached shelter
Site 621,A_placement_current,42,26-119691,CJ,yes,1128.0,20104.0,54.62,299.55,5342.0,5342.0,3948.0,3948.0,1.311,25-54,no,no,no,Reached shelter
Site 762,A_placement_current,42,25-221981,CJ,yes,1128.0,18366.0,54.62,299.55,5342.0,5342.0,3912.0,3912.0,1.312,25-54,no,no,no,Reached shelter
Site 1039,A_placement_current,42,26-140205,CJ,yes,1128.0,17047.0,54.62,299.55,5342.0,5342.0,3890.0,3890.0,1.318,25-54,no,no,yes,Reached shelter
Site 1048,A_placement_current,42,26-119377,CJ,yes,1128.0,18759.0,54.62,299.55,5342.0,5342.0,3918.0,3918.0,1.319,25-54,no,no,no,Reached shelter
Site 1254,A_placement_current,42,25-212399,CJ,yes,1128.0,26722.0,54.62,299.55,5342.0,5342.0,4085.0,4085.0,1.314,25-54,no,no,no,Reached shelter
Site 1336,A_placement_current,42,25-167652,CJ,yes,1128.0,22399.0,54.62,299.55,5342.0,5342.0,3993.0,3993.0,1.319,25-54,no,no,no,Reached shelter
Site 1705,A_placement_current,42,25-190597,CJ,yes,1128.0,20707.0,54.62,299.55,5342.0,5342.0,3959.0,3959.0,1.314,25-54,yes,no,no,Reached shelter
Site 1979,A_placement_current,42,26-150029,CJ,yes,1128.0,17843.0,54.62,299.55,5342.0,5342.0,3900.0,3900.0,1.322,55-69,no,no,no,Reached shelter
Site 1992,A_placement_current,42,25-112654,CJ,yes,1128.0,20185.0,54.62,299.55,5342.0,5342.0,3949.0,3949.0,1.314,55-69,no,yes,no,Reached shelter
Site 2014,A_placement_current,42,26-140172,CJ,yes,1128.0,17781.0,54.62,299.55,5342.0,5342.0,3900.0,3900.0,1.312,55-69,no,yes,no,Reached shelter
Site 373,A_placement_current,42,25-102165,CJ,yes,1129.0,17948.0,54.66,299.55,5346.0,5346.0,3913.0,3913.0,1.299,25-54,no,no,no,Reached shelter
Site 466,A_placement_current,42,25-156455,CJ,yes,1129.0,18459.0,54.66,299.55,5346.0,5346.0,3923.0,3923.0,1.306,25-54,no,no,no,Reached shelter
Site 799,A_placement_current,42,26-109429,CJ,yes,1129.0,16967.0,54.66,299.55,5346.0,5346.0,3896.0,3896.0,1.31,25-54,no,no,no,Reached shelter
Site 821,A_placement_current,42,26-140564,CJ,yes,1129.0,21148.0,54.66,299.55,5346.0,5346.0,3978.0,3978.0,1.307,55-69,no,yes,no,Reached shelter
Site 840,A_placement_current,42,26-140555,CJ,yes,1129.0,20913.0,54.66,299.55,5346.0,5346.0,3973.0,3973.0,1.305,25-54,no,yes,yes,Reached shelter
Site 995,A_placement_current,42,25-222080,CJ,yes,1129.0,19236.0,54.66,299.55,5346.0,5346.0,3939.0,3939.0,1.301,55-69,no,yes,no,Reached shelter
Site 1430,A_placement_current,42,25-145175,CJ,yes,1129.0,17166.0,54.66,299.55,5346.0,5346.0,3900.0,3900.0,1.307,25-54,no,no,no,Reached shelter
Site 1516,A_placement_current,42,26-149977,CJ,yes,1129.0,17024.0,54.66,299.55,5346.0,5346.0,3897.0,3897.0,1.305,25-54,no,yes,no,Reached shelter
Site 1792,A_placement_current,42,25-145267,CJ,yes,1129.0,17103.0,54.66,299.55,5346.0,5346.0,3898.0,3898.0,1.309,18-24,no,no,no,Reached shelter
Site 214,A_placement_current,42,26-119729,CJ,yes,1130.0,21673.0,54.69,299.55,5351.0,5351.0,3999.0,3999.0,1.296,25-54,yes,no,no,Reached shelter
Site 247,A_placement_current,42,25-134311,CJ,yes,1130.0,20974.0,54.69,299.55,5351.0,5351.0,3984.0,3984.0,1.298,25-54,yes,no,no,Reached shelter
Site 382,A_placement_current,42,25-102327,CJ,yes,1130.0,19257.0,54.69,299.55,5351.0,5351.0,3948.0,3948.0,1.295,18-24,no,no,no,Reached shelter
Site 469,A_placement_current,42,25-102178,CJ,yes,1130.0,19218.0,54.69,299.55,5351.0,5351.0,3947.0,3947.0,1.296,25-54,no,no,no,Reached shelter
Site 687,A_placement_current,42,25-201651,CJ,yes,1130.0,18755.0,54.69,299.55,5351.0,5351.0,3938.0,3938.0,1.293,25-54,no,no,no,Reached shelter
Site 1098,A_placement_current,42,26-109352,CJ,yes,1130.0,18108.0,54.69,299.55,5351.0,5351.0,3925.0,3925.0,1.289,25-54,no,no,no,Reached shelter
Site 1195,A_placement_current,42,26-150117,CJ,yes,1130.0,21824.0,54.69,299.55,5351.0,5351.0,4002.0,4002.0,1.297,55-69,no,no,no,Reached shelter
Site 1260,A_placement_current,42,25-156605,CJ,yes,1130.0,20230.0,54.69,299.55,5351.0,5351.0,3968.0,3968.0,1.296,25-54,no,no,no,Reached shelter
Site 1321,A_placement_current,42,25-134517,CJ,yes,1130.0,17290.0,54.69,299.55,5351.0,5351.0,3911.0,3911.0,1.296,25-54,no,no,no,Reached shelter
Site 1501,A_placement_current,42,25-134672,CJ,yes,1130.0,20725.0,54.69,299.55,5351.0,5351.0,3979.0,3979.0,1.295,55-69,no,no,no,Reached shelter
Site 1635,A_placement_current,42,25-222139,CJ,yes,1130.0,19057.0,54.69,299.55,5351.0,5351.0,3943.0,3943.0,1.298,25-54,no,no,no,Reached shelter
Site 1757,A_placement_current,42,25-212432,CJ,yes,1130.0,22026.0,54.69,299.55,5351.0,5351.0,4007.0,4007.0,1.296,55-69,no,yes,no,Reached shelter
Site 1767,A_placement_current,42,26-140324,CJ,yes,1130.0,20056.0,54.69,299.55,5351.0,5351.0,3965.0,3965.0,1.294,25-54,no,no,no,Reached shelter
Site 1808,A_placement_current,42,25-178977,CJ,yes,1130.0,18537.0,54.69,299.55,5351.0,5351.0,3934.0,3934.0,1.288,25-54,no,no,no,Reached shelter
Site 206,A_placement_current,42,25-179022,CJ,yes,1131.0,17905.0,54.73,299.55,5356.0,5356.0,3930.0,3930.0,1.282,25-54,no,no,yes,Reached shelter
Site 234,A_placement_current,42,25-123832,CJ,yes,1131.0,18930.0,54.73,299.55,5356.0,5356.0,3951.0,3951.0,1.282,25-54,no,yes,yes,Reached shelter
Site 275,A_placement_current,42,25-212290,CJ,yes,1131.0,17586.0,54.73,299.55,5356.0,5356.0,3924.0,3924.0,1.278,25-54,no,no,no,Reached shelter
Site 281,A_placement_current,42,25-222265,CJ,yes,1131.0,20722.0,54.73,299.55,5356.0,5356.0,3988.0,3988.0,1.284,55-69,yes,no,no,Reached shelter
Site 401,A_placement_current,42,26-129744,CJ,yes,1131.0,20310.0,54.73,299.55,5356.0,5356.0,3980.0,3980.0,1.285,55-69,no,no,no,Reached shelter
Site 716,A_placement_current,42,26-149616,CJ,yes,1131.0,18238.0,54.73,299.55,5356.0,5356.0,3936.0,3936.0,1.282,25-54,no,no,no,Reached shelter
Site 738,A_placement_current,42,25-178697,CJ,yes,1131.0,20201.0,54.73,299.55,5356.0,5356.0,3977.0,3977.0,1.287,25-54,yes,no,no,Reached shelter
Site 839,A_placement_current,42,26-119268,CJ,yes,1131.0,19886.0,54.73,299.55,5356.0,5356.0,3972.0,3972.0,1.279,25-54,no,no,yes,Reached shelter
Site 1024,A_placement_current,42,25-178779,CJ,yes,1131.0,20957.0,54.73,299.55,5356.0,5356.0,3995.0,3995.0,1.278,55-69,yes,no,no,Reached shelter
Site 1183,A_placement_current,42,25-190581,CJ,yes,1131.0,20525.0,54.73,299.55,5356.0,5356.0,3985.0,3985.0,1.284,18-24,no,no,no,Reached shelter
Site 1202,A_placement_current,42,25-179064,CJ,yes,1131.0,25967.0,54.73,299.55,5356.0,5356.0,4103.0,4103.0,1.276,55-69,no,no,no,Reached shelter
Site 1214,A_placement_current,42,26-129876,CJ,yes,1131.0,19973.0,54.73,299.55,5356.0,5356.0,3974.0,3974.0,1.283,25-54,no,no,no,Reached shelter
Site 1222,A_placement_current,42,25-190589,CJ,yes,1131.0,21554.0,54.73,299.55,5356.0,5356.0,4006.0,4006.0,1.283,25-54,no,yes,no,Reached shelter
Site 1288,A_placement_current,42,25-222050,CJ,yes,1131.0,17926.0,54.73,299.55,5356.0,5356.0,3931.0,3931.0,1.276,25-54,no,no,no,Reached shelter
Site 1398,A_placement_current,42,25-145284,CJ,yes,1131.0,18479.0,54.73,299.55,5356.0,5356.0,3943.0,3943.0,1.278,25-54,no,no,no,Reached shelter
Site 1549,A_placement_current,42,25-190815,CJ,yes,1131.0,22037.0,54.73,299.55,5356.0,5356.0,4016.0,4016.0,1.284,25-54,no,no,no,Reached shelter
Site 1809,A_placement_current,42,26-149790,CJ,yes,1131.0,17427.0,54.73,299.55,5356.0,5356.0,3920.0,3920.0,1.286,25-54,no,no,no,Reached shelter
Site 1907,A_placement_current,42,26-119743,CJ,yes,1131.0,20358.0,54.73,299.55,5356.0,5356.0,3982.0,3982.0,1.28,55-69,no,no,no,Reached shelter
Site 61,A_placement_current,42,25-112533,CJ,yes,1132.0,19299.0,54.77,299.55,5360.0,5360.0,3970.0,3970.0,1.267,25-54,no,no,no,Reached shelter
Site 112,A_placement_current,42,26-109657,CJ,yes,1132.0,21671.0,54.77,299.55,5360.0,5360.0,4019.0,4019.0,1.272,25-54,no,no,no,Reached shelter
Site 227,A_placement_current,42,26-140241,CJ,yes,1132.0,19316.0,54.77,299.55,5360.0,5360.0,3968.0,3968.0,1.271,25-54,no,no,no,Reached shelter
Site 342,A_placement_current,42,26-149863,CJ,yes,1132.0,20602.0,54.77,299.55,5360.0,5360.0,3996.0,3996.0,1.275,55-69,no,no,no,Reached shelter
Site 428,A_placement_current,42,26-129810,CJ,yes,1132.0,21187.0,54.77,299.55,5360.0,5360.0,4009.0,4009.0,1.27,55-69,no,yes,yes,Reached shelter
Site 450,A_placement_current,42,26-140518,CJ,yes,1132.0,17083.0,54.77,299.55,5360.0,5360.0,3926.0,3926.0,1.265,25-54,no,no,no,Reached shelter
Site 497,A_placement_current,42,25-102023,CJ,yes,1132.0,17656.0,54.77,299.55,5360.0,5360.0,3934.0,3934.0,1.268,25-54,no,no,no,Reached shelter
Site 504,A_placement_current,42,25-102190,CJ,yes,1132.0,19152.0,54.77,299.55,5360.0,5360.0,3965.0,3965.0,1.272,18-24,yes,no,no,Reached shelter
Site 576,A_placement_current,42,25-156604,CJ,yes,1132.0,18107.0,54.77,299.55,5360.0,5360.0,3944.0,3944.0,1.264,25-54,no,no,no,Reached shelter
Site 744,A_placement_current,42,25-190376,CJ,yes,1132.0,20914.0,54.77,299.55,5360.0,5360.0,4003.0,4003.0,1.27,25-54,no,no,no,Reached shelter
Site 755,A_placement_current,42,25-123877,CJ,yes,1132.0,20161.0,54.77,299.55,5360.0,5360.0,3986.0,3986.0,1.274,25-54,no,no,yes,Reached shelter
Site 793,A_placement_current,42,25-156190,CJ,yes,1132.0,20429.0,54.77,299.55,5360.0,5360.0,3994.0,3994.0,1.267,25-54,no,no,no,Reached shelter
Site 846,A_placement_current,42,25-102503,CJ,yes,1132.0,19404.0,54.77,299.55,5360.0,5360.0,3972.0,3972.0,1.264,18-24,no,yes,yes,Reached shelter
Site 955,A_placement_current,42,25-134311,CJ,yes,1132.0,20974.0,54.77,299.55,5360.0,5360.0,4006.0,4006.0,1.268,25-54,no,no,no,Reached shelter
Site 999,A_placement_current,42,25-112985,CJ,yes,1132.0,16464.0,54.77,299.55,5360.0,5360.0,3916.0,3916.0,1.272,25-54,no,no,no,Reached shelter
Site 1116,A_placement_current,42,26-119601,CJ,yes,1132.0,16574.0,54.77,299.55,5360.0,5360.0,3917.0,3917.0,1.273,25-54,no,no,no,Reached shelter
Site 1119,A_placement_current,42,25-156157,CJ,yes,1132.0,18738.0,54.77,299.55,5360.0,5360.0,3957.0,3957.0,1.273,25-54,no,no,yes,Reached shelter
Site 1489,A_placement_current,42,26-149765,CJ,yes,1132.0,18191.0,54.77,299.55,5360.0,5360.0,3944.0,3944.0,1.273,55-69,no,no,yes,Reached shelter
Site 1512,A_placement_current,42,25-212287,CJ,yes,1132.0,15922.0,54.77,299.55,5360.0,5360.0,3908.0,3908.0,1.265,18-24,no,no,no,Reached shelter
Site 1624,A_placement_current,42,25-190815,CJ,yes,1132.0,22037.0,54.77,299.55,5360.0,5360.0,4029.0,4029.0,1.268,25-54,no,no,no,Reached shelter
Site 1664,A_placement_current,42,25-178943,CJ,yes,1132.0,20255.0,54.77,299.55,5360.0,5360.0,3990.0,3990.0,1.269,55-69,no,no,no,Reached shelter
Site 1799,A_placement_current,42,25-123839,CJ,yes,1132.0,15669.0,54.77,299.55,5360.0,5360.0,3904.0,3904.0,1.265,55-69,no,no,no,Reached shelter
Site 1824,A_placement_current,42,26-119374,CJ,yes,1132.0,16597.0,54.77,299.55,5360.0,5360.0,3918.0,3918.0,1.27,25-54,no,no,no,Reached shelter
Site 1934,A_placement_current,42,25-222278,CJ,yes,1132.0,17554.0,54.77,299.55,5360.0,5360.0,3931.0,3931.0,1.271,25-54,no,no,no,Reached shelter
Site 111,A_placement_current,42,25-167686,CJ,yes,1133.0,15611.0,54.81,299.55,5365.0,5365.0,3912.0,3912.0,1.261,25-54,yes,no,no,Reached shelter
Site 411,A_placement_current,42,25-145117,CJ,yes,1133.0,25399.0,54.81,299.55,5365.0,5365.0,4111.0,4111.0,1.255,25-54,no,yes,no,Reached shelter
Site 437,A_placement_current,42,25-167637,CJ,yes,1133.0,16573.0,54.81,299.55,5365.0,5365.0,3927.0,3927.0,1.253,25-54,yes,yes,yes,Reached shelter
Site 592,A_placement_current,42,26-129967,CJ,yes,1133.0,24106.0,54.81,299.55,5365.0,5365.0,4082.0,4082.0,1.262,25-54,no,yes,no,Reached shelter
Site 608,A_placement_current,42,25-112561,CJ,yes,1133.0,23493.0,54.81,299.55,5365.0,5365.0,4069.0,4069.0,1.261,25-54,no,no,no,Reached shelter
Site 684,A_placement_current,42,25-156702,CJ,yes,1133.0,18699.0,54.81,299.55,5365.0,5365.0,3965.0,3965.0,1.262,55-69,yes,no,no,Reached shelter
Site 701,A_placement_current,42,25-156580,CJ,yes,1133.0,16213.0,54.81,299.55,5365.0,5365.0,3920.0,3920.0,1.263,25-54,no,no,no,Reached shelter
Site 892,A_placement_current,42,25-112946,CJ,yes,1133.0,18383.0,54.81,299.55,5365.0,5365.0,3960.0,3960.0,1.255,55-69,no,no,no,Reached shelter
Site 1060,A_placement_current,42,25-167778,CJ,yes,1133.0,17096.0,54.81,299.55,5365.0,5365.0,3933.0,3933.0,1.258,25-54,no,no,no,Reached shelter
Site 1178,A_placement_current,42,25-190521,CJ,yes,1133.0,17353.0,54.81,299.55,5365.0,5365.0,3938.0,3938.0,1.256,18-24,no,no,no,Reached shelter
Site 1194,A_placement_current,42,25-102503,CJ,yes,1133.0,19404.0,54.81,299.55,5365.0,5365.0,3983.0,3983.0,1.254,25-54,no,no,no,Reached shelter
Site 1329,A_placement_current,42,25-102500,CJ,yes,1133.0,18419.0,54.81,299.55,5365.0,5365.0,3958.0,3958.0,1.263,25-54,no,no,no,Reached shelter
Site 1339,A_placement_current,42,26-150109,CJ,yes,1133.0,20378.0,54.81,299.55,5365.0,5365.0,4004.0,4004.0,1.253,25-54,no,no,no,Reached shelter
Site 1395,A_placement_current,42,25-134622,CJ,yes,1133.0,18603.0,54.81,299.55,5365.0,5365.0,3963.0,3963.0,1.259,55-69,no,no,no,Reached shelter
Site 1559,A_placement_current,42,26-140225,CJ,yes,1133.0,20279.0,54.81,299.55,5365.0,5365.0,4000.0,4000.0,1.259,25-54,no,no,no,Reached shelter
Site 1609,A_placement_current,42,26-119333,CJ,yes,1133.0,20499.0,54.81,299.55,5365.0,5365.0,4004.0,4004.0,1.263,25-54,yes,no,yes,Reached shelter
Site 1656,A_placement_current,42,25-134420,CJ,yes,1133.0,16562.0,54.81,299.55,5365.0,5365.0,3926.0,3926.0,1.26,18-24,no,no,no,Reached shelter
Site 1778,A_placement_current,42,25-212323,CJ,yes,1133.0,19632.0,54.81,299.55,5365.0,5365.0,3986.0,3986.0,1.259,55-69,no,no,no,Reached shelter
Site 1930,A_placement_current,42,25-156373,CJ,yes,1133.0,21700.0,54.81,299.55,5365.0,5365.0,4031.0,4031.0,1.256,55-69,no,no,yes,Reached shelter
Site 1932,A_placement_current,42,26-140382,CJ,yes,1133.0,16824.0,54.81,299.55,5365.0,5365.0,3930.0,3930.0,1.262,25-54,no,no,no,Reached shelter
Site 1940,A_placement_current,42,25-212431,CJ,yes,1133.0,21369.0,54.81,299.55,5365.0,5365.0,4023.0,4023.0,1.259,25-54,no,no,no,Reached shelter
Site 13,A_placement_current,42,25-112763,CJ,yes,1134.0,25110.0,54.85,299.55,5370.0,5370.0,4114.0,4114.0,1.248,25-54,yes,no,yes,Reached shelter
Site 40,A_placement_current,42,25-102045,CJ,yes,1134.0,20425.0,54.85,299.55,5370.0,5370.0,4013.0,4013.0,1.246,55-69,no,no,yes,Reached shelter
Site 300,A_placement_current,42,25-222100,CJ,yes,1134.0,21804.0,54.85,299.55,5370.0,5370.0,4042.0,4042.0,1.251,55-69,no,no,no,Reached shelter
Site 400,A_placement_current,42,26-119366,CJ,yes,1134.0,21078.0,54.85,299.55,5370.0,5370.0,4026.0,4026.0,1.252,25-54,no,no,yes,Reached shelter
Site 433,A_placement_current,42,25-201658,CJ,yes,1134.0,18295.0,54.85,299.55,5370.0,5370.0,3967.0,3967.0,1.244,25-54,no,no,no,Reached shelter
Site 440,A_placement_current,42,25-112548,CJ,yes,1134.0,15722.0,54.85,299.55,5370.0,5370.0,3922.0,3922.0,1.249,25-54,no,no,no,Reached shelter
Site 457,A_placement_current,42,25-156589,CJ,yes,1134.0,17494.0,54.85,299.55,5370.0,5370.0,3949.0,3949.0,1.25,25-54,no,no,no,Reached shelter
Site 475,A_placement_current,42,25-134552,CJ,yes,1134.0,17059.0,54.85,299.55,5370.0,5370.0,3941.0,3941.0,1.252,25-54,no,no,no,Reached shelter
Site 494,A_placement_current,42,25-134420,CJ,yes,1134.0,16562.0,54.85,299.55,5370.0,5370.0,3934.0,3934.0,1.25,55-69,no,no,no,Reached shelter
Site 498,A_placement_current,42,25-124022,CJ,yes,1134.0,22729.0,54.85,299.55,5370.0,5370.0,4064.0,4064.0,1.245,25-54,no,no,yes,Reached shelter
Site 553,A_placement_current,42,25-145486,CJ,yes,1134.0,20792.0,54.85,299.55,5370.0,5370.0,4023.0,4023.0,1.242,18-24,no,no,no,Reached shelter
Site 662,A_placement_current,42,25-112756,CJ,yes,1134.0,18449.0,54.85,299.55,5370.0,5370.0,3969.0,3969.0,1.25,25-54,no,no,no,Reached shelter
Site 689,A_placement_current,42,25-190582,CJ,yes,1134.0,15638.0,54.85,299.55,5370.0,5370.0,3921.0,3921.0,1.246,25-54,no,no,no,Reached shelter
Site 704,A_placement_current,42,25-123597,CJ,yes,1134.0,18347.0,54.85,299.55,5370.0,5370.0,3967.0,3967.0,1.246,55-69,no,no,no,Reached shelter
Site 951,A_placement_current,42,26-150021,CJ,yes,1134.0,22220.0,54.85,299.55,5370.0,5370.0,4050.0,4050.0,1.251,25-54,no,no,no,Reached shelter
Site 1027,A_placement_current,42,26-149655,CJ,yes,1134.0,20636.0,54.85,299.55,5370.0,5370.0,4016.0,4016.0,1.25,25-54,no,no,no,Reached shelter
Site 1143,A_placement_current,42,26-140335,CJ,yes,1134.0,21291.0,54.85,299.55,5370.0,5370.0,4033.0,4033.0,1.244,25-54,no,no,no,Reached shelter
Site 1151,A_placement_current,42,26-149747,CJ,yes,1134.0,22201.0,54.85,299.55,5370.0,5370.0,4052.0,4052.0,1.243,25-54,no,yes,no,Reached shelter
Site 1223,A_placement_current,42,26-149651,CJ,yes,1134.0,18929.0,54.85,299.55,5370.0,5370.0,3980.0,3980.0,1.251,25-54,no,no,no,Reached shelter
Site 1659,A_placement_current,42,25-178959,CJ,yes,1134.0,19707.0,54.85,299.55,5370.0,5370.0,3998.0,3998.0,1.243,25-54,yes,no,no,Reached shelter
Site 1670,A_placement_current,42,26-119395,CJ,yes,1134.0,16094.0,54.85,299.55,5370.0,5370.0,3928.0,3928.0,1.25,55-69,no,no,no,Reached shelter
Site 1831,A_placement_current,42,26-119452,CJ,yes,1134.0,20292.0,54.85,299.55,5370.0,5370.0,4010.0,4010.0,1.245,25-54,no,no,no,Reached shelter
Site 1998,A_placement_current,42,25-123843,CJ,yes,1134.0,19170.0,54.85,299.55,5370.0,5370.0,3985.0,3985.0,1.244,25-54,no,no,no,Reached shelter
Site 2000,A_placement_current,42,25-167978,CJ,yes,1134.0,20118.0,54.85,299.55,5370.0,5370.0,4006.0,4006.0,1.244,25-54,no,no,no,Reached shelter
Site 276,A_placement_current,42,26-109372,CJ,yes,1135.0,21062.0,54.89,299.55,5374.0,5374.0,4035.0,4035.0,1.24,18-24,no,no,no,Reached shelter
Site 501,A_placement_current,42,25-190766,CJ,yes,1135.0,21436.0,54.89,299.55,5374.0,5374.0,4045.0,4045.0,1.238,25-54,no,no,no,Reached shelter
Site 551,A_placement_current,42,25-102327,CJ,yes,1135.0,19257.0,54.89,299.55,5374.0,5374.0,3996.0,3996.0,1.241,25-54,no,no,no,Reached shelter
Site 609,A_placement_current,42,25-201574,CJ,yes,1135.0,15384.0,54.89,299.55,5374.0,5374.0,3926.0,3926.0,1.233,25-54,no,no,no,Reached shelter
Site 674,A_placement_current,42,25-112930,CJ,yes,1135.0,19440.0,54.89,299.55,5374.0,5374.0,4001.0,4001.0,1.238,25-54,no,no,no,Reached shelter
Site 726,A_placement_current,42,26-119591,CJ,yes,1135.0,23344.0,54.89,299.55,5374.0,5374.0,4087.0,4087.0,1.232,25-54,no,no,no,Reached shelter
Site 739,A_placement_current,42,25-102251,CJ,yes,1135.0,15813.0,54.89,299.55,5374.0,5374.0,3933.0,3933.0,1.232,25-54,no,no,no,Reached shelter
Site 752,A_placement_current,42,25-134258,CJ,yes,1135.0,20120.0,54.89,299.55,5374.0,5374.0,4017.0,4017.0,1.233,25-54,no,no,yes,Reached shelter
Site 760,A_placement_current,42,25-134641,CJ,yes,1135.0,20245.0,54.89,299.55,5374.0,5374.0,4019.0,4019.0,1.235,25-54,no,no,yes,Reached shelter
Site 778,A_placement_current,42,26-119225,CJ,yes,1135.0,23497.0,54.89,299.55,5374.0,5374.0,4089.0,4089.0,1.242,25-54,no,no,no,Reached shelter
Site 822,A_placement_current,42,25-190686,CJ,yes,1135.0,16598.0,54.89,299.55,5374.0,5374.0,3943.0,3943.0,1.24,25-54,no,no,no,Reached shelter
Site 885,A_placement_current,42,25-123692,CJ,yes,1135.0,20413.0,54.89,299.55,5374.0,5374.0,4024.0,4024.0,1.233,55-69,yes,no,no,Reached shelter
Site 895,A_placement_current,42,25-178852,CJ,yes,1135.0,20612.0,54.89,299.55,5374.0,5374.0,4027.0,4027.0,1.232,25-54,no,no,no,Reached shelter
Site 1046,A_placement_current,42,25-145378,CJ,yes,1135.0,18788.0,54.89,299.55,5374.0,5374.0,3988.0,3988.0,1.231,18-24,no,yes,no,Reached shelter
Site 1399,A_placement_current,42,25-222224,CJ,yes,1135.0,22764.0,54.89,299.55,5374.0,5374.0,4074.0,4074.0,1.235,55-69,no,no,no,Reached shelter
Site 1555,A_placement_current,42,25-145288,CJ,yes,1135.0,17111.0,54.89,299.55,5374.0,5374.0,3951.0,3951.0,1.242,25-54,no,yes,no,Reached shelter
Site 1653,A_placement_current,42,26-149983,CJ,yes,1135.0,20266.0,54.89,299.55,5374.0,5374.0,4019.0,4019.0,1.239,25-54,no,no,yes,Reached shelter
Site 1887,A_placement_current,42,25-190786,CJ,yes,1135.0,16791.0,54.89,299.55,5374.0,5374.0,3946.0,3946.0,1.24,25-54,no,no,no,Reached shelter
Site 76,A_placement_current,42,25-134313,CJ,yes,1136.0,20754.0,54.93,299.55,5379.0,5379.0,4040.0,4040.0,1.23,25-54,no,no,no,Reached shelter
Site 360,A_placement_current,42,26-119279,CJ,yes,1136.0,17671.0,54.93,299.55,5379.0,5379.0,3971.0,3971.0,1.223,25-54,no,yes,no,Reached shelter
Site 648,A_placement_current,42,25-212146,CJ,yes,1136.0,18203.0,54.93,299.55,5379.0,5379.0,3983.0,3983.0,1.227,25-54,no,no,no,Reached shelter
Site 707,A_placement_current,42,26-129775,CJ,yes,1136.0,20643.0,54.93,299.55,5379.0,5379.0,4038.0,4038.0,1.226,25-54,yes,no,no,Reached shelter
Site 1084,A_placement_current,42,26-109310,CJ,yes,1136.0,18428.0,54.93,299.55,5379.0,5379.0,3987.0,3987.0,1.228,25-54,no,no,no,Reached shelter
Site 1292,A_placement_current,42,25-112539,CJ,yes,1136.0,15989.0,54.93,299.55,5379.0,5379.0,3944.0,3944.0,1.224,18-24,no,no,no,Reached shelter
Site 1724,A_placement_current,42,25-145210,CJ,yes,1136.0,17260.0,54.93,299.55,5379.0,5379.0,3963.0,3963.0,1.222,25-54,no,no,no,Reached shelter
Site 1891,A_placement_current,42,26-119218,CJ,yes,1136.0,20605.0,54.93,299.55,5379.0,5379.0,4036.0,4036.0,1.227,25-54,no,no,no,Reached shelter
Site 1976,A_placement_current,42,25-201546,CJ,yes,1136.0,17307.0,54.93,299.55,5379.0,5379.0,3963.0,3963.0,1.231,25-54,no,no,no,Reached shelter
Site 139,A_placement_current,42,25-167582,CJ,yes,1137.0,16702.0,54.97,299.55,5384.0,5384.0,3963.0,3963.0,1.212,25-54,no,no,yes,Reached shelter
Site 254,A_placement_current,42,26-149709,CJ,yes,1137.0,16100.0,54.97,299.55,5384.0,5384.0,3954.0,3954.0,1.218,25-54,no,no,no,Reached shelter
Site 370,A_placement_current,42,25-123942,CJ,yes,1137.0,21382.0,54.97,299.55,5384.0,5384.0,4065.0,4065.0,1.211,25-54,no,yes,no,Reached shelter
Site 458,A_placement_current,42,25-145133,CJ,yes,1137.0,18635.0,54.97,299.55,5384.0,5384.0,4003.0,4003.0,1.212,25-54,no,no,no,Reached shelter
Site 464,A_placement_current,42,25-179008,CJ,yes,1137.0,18106.0,54.97,299.55,5384.0,5384.0,3990.0,3990.0,1.219,55-69,yes,no,yes,Reached shelter
Site 473,A_placement_current,42,25-134270,CJ,yes,1137.0,15293.0,54.97,299.55,5384.0,5384.0,3940.0,3940.0,1.221,25-54,no,no,no,Reached shelter
Site 517,A_placement_current,42,25-156338,CJ,yes,1137.0,16782.0,54.97,299.55,5384.0,5384.0,3964.0,3964.0,1.212,18-24,no,no,no,Reached shelter
Site 714,A_placement_current,42,25-123668,CJ,yes,1137.0,18868.0,54.97,299.55,5384.0,5384.0,4008.0,4008.0,1.211,25-54,no,yes,no,Reached shelter
Site 737,A_placement_current,42,26-149733,CJ,yes,1137.0,18334.0,54.97,299.55,5384.0,5384.0,3995.0,3995.0,1.221,25-54,no,no,no,Reached shelter
Site 808,A_placement_current,42,26-130110,CJ,yes,1137.0,21663.0,54.97,299.55,5384.0,5384.0,4070.0,4070.0,1.216,18-24,no,no,no,Reached shelter
Site 909,A_placement_current,42,25-102581,CJ,yes,1137.0,15718.0,54.97,299.55,5384.0,5384.0,3948.0,3948.0,1.213,25-54,no,no,no,Reached shelter
Site 948,A_placement_current,42,25-112542,CJ,yes,1137.0,17299.0,54.97,299.55,5384.0,5384.0,3972.0,3972.0,1.22,25-54,no,yes,no,Reached shelter
Site 1030,A_placement_current,42,26-129965,CJ,yes,1137.0,19487.0,54.97,299.55,5384.0,5384.0,4021.0,4021.0,1.216,25-54,no,no,no,Reached shelter
Site 1241,A_placement_current,42,25-123832,CJ,yes,1137.0,18930.0,54.97,299.55,5384.0,5384.0,4010.0,4010.0,1.214,55-69,yes,no,no,Reached shelter
Site 1363,A_placement_current,42,25-134597,CJ,yes,1137.0,22508.0,54.97,299.55,5384.0,5384.0,4090.0,4090.0,1.214,25-54,no,no,no,Reached shelter
Site 1370,A_placement_current,42,26-149676,CJ,yes,1137.0,17134.0,54.97,299.55,5384.0,5384.0,3969.0,3969.0,1.212,25-54,no,no,no,Reached shelter
Site 1379,A_placement_current,42,25-179302,CJ,yes,1137.0,20877.0,54.97,299.55,5384.0,5384.0,4054.0,4054.0,1.211,25-54,no,no,no,Reached shelter
Site 1492,A_placement_current,42,26-130107,CJ,yes,1137.0,20697.0,54.97,299.55,5384.0,5384.0,4049.0,4049.0,1.214,55-69,no,no,no,Reached shelter
Site 1523,A_placement_current,42,26-130162,CJ,yes,1137.0,22282.0,54.97,299.55,5384.0,5384.0,4083.0,4083.0,1.218,25-54,no,no,yes,Reached shelter
Site 1602,A_placement_current,42,25-212454,CJ,yes,1137.0,17806.0,54.97,299.55,5384.0,5384.0,3984.0,3984.0,1.217,25-54,no,yes,no,Reached shelter
Site 1818,A_placement_current,42,25-123983,CJ,yes,1137.0,15974.0,54.97,299.55,5384.0,5384.0,3952.0,3952.0,1.212,25-54,no,yes,no,Reached shelter
Site 344,A_placement_current,42,25-102024,CJ,yes,1138.0,15836.0,55.0,299.55,5389.0,5389.0,3958.0,3958.0,1.206,55-69,no,no,no,Reached shelter
Site 449,A_placement_current,42,26-140406,CJ,yes,1138.0,24008.0,55.0,299.55,5389.0,5389.0,4133.0,4133.0,1.206,25-54,no,no,no,Reached shelter
Site 528,A_placement_current,42,25-212364,CJ,yes,1138.0,21834.0,55.0,299.55,5389.0,5389.0,4084.0,4084.0,1.202,25-54,no,yes,no,Reached shelter
Site 566,A_placement_current,42,26-109477,CJ,yes,1138.0,19971.0,55.0,299.55,5389.0,5389.0,4043.0,4043.0,1.201,25-54,yes,no,no,Reached shelter
Site 658,A_placement_current,42,26-129827,CJ,yes,1138.0,17083.0,55.0,299.55,5389.0,5389.0,3977.0,3977.0,1.21,25-54,no,no,no,Reached shelter
Site 735,A_placement_current,42,26-140352,CJ,yes,1138.0,21945.0,55.0,299.55,5389.0,5389.0,4086.0,4086.0,1.207,25-54,no,no,no,Reached shelter
Site 954,A_placement_current,42,26-109719,CJ,yes,1138.0,20071.0,55.0,299.55,5389.0,5389.0,4043.0,4043.0,1.21,18-24,no,yes,yes,Reached shelter
Site 1089,A_placement_current,42,26-109365,CJ,yes,1138.0,23122.0,55.0,299.55,5389.0,5389.0,4114.0,4114.0,1.206,18-24,no,no,no,Reached shelter
Site 1144,A_placement_current,42,25-112616,CJ,yes,1138.0,18346.0,55.0,299.55,5389.0,5389.0,4004.0,4004.0,1.208,25-54,no,no,no,Reached shelter
Site 1155,A_placement_current,42,25-222133,CJ,yes,1138.0,20459.0,55.0,299.55,5389.0,5389.0,4053.0,4053.0,1.201,55-69,no,yes,no,Reached shelter
Site 1218,A_placement_current,42,25-134374,CJ,yes,1138.0,20588.0,55.0,299.55,5389.0,5389.0,4056.0,4056.0,1.201,25-54,no,yes,no,Reached shelter
Site 1366,A_placement_current,42,25-145123,CJ,yes,1138.0,26100.0,55.0,299.55,5389.0,5389.0,4179.0,4179.0,1.208,55-69,no,no,no,Reached shelter
Site 1558,A_placement_current,42,25-112637,CJ,yes,1138.0,20740.0,55.0,299.55,5389.0,5389.0,4060.0,4060.0,1.204,25-54,no,no,no,Reached shelter
Site 1565,A_placement_current,42,25-222270,CJ,yes,1138.0,18870.0,55.0,299.55,5389.0,5389.0,4016.0,4016.0,1.209,25-54,no,no,no,Reached shelter
Site 1574,A_placement_current,42,25-156178,CJ,yes,1138.0,17648.0,55.0,299.55,5389.0,5389.0,3990.0,3990.0,1.206,25-54,no,no,no,Reached shelter
Site 1667,A_placement_current,42,26-130203,CJ,yes,1138.0,19680.0,55.0,299.55,5389.0,5389.0,4035.0,4035.0,1.203,25-54,no,no,no,Reached shelter
Site 1784,A_placement_current,42,25-156631,CJ,yes,1138.0,18723.0,55.0,299.55,5389.0,5389.0,4014.0,4014.0,1.204,55-69,yes,no,no,Reached shelter
Site 1788,A_placement_current,42,26-109741,CJ,yes,1138.0,21305.0,55.0,299.55,5389.0,5389.0,4073.0,4073.0,1.205,25-54,yes,no,no,Reached shelter
Site 1803,A_placement_current,42,26-140480,CJ,yes,1138.0,22181.0,55.0,299.55,5389.0,5389.0,4092.0,4092.0,1.201,25-54,no,no,no,Reached shelter
Site 1935,A_placement_current,42,26-130218,CJ,yes,1138.0,16496.0,55.0,299.55,5389.0,5389.0,3968.0,3968.0,1.21,25-54,no,yes,no,Reached shelter
Site 17,A_placement_current,42,25-167738,CJ,yes,1139.0,15939.0,55.04,299.55,5393.0,5393.0,3968.0,3968.0,1.198,25-54,no,no,no,Reached shelter
Site 87,A_placement_current,42,26-140323,CJ,yes,1139.0,22435.0,55.04,299.55,5393.0,5393.0,4108.0,4108.0,1.192,55-69,no,yes,no,Reached shelter
Site 257,A_placement_current,42,25-156667,CJ,yes,1139.0,21308.0,55.04,299.55,5393.0,5393.0,4082.0,4082.0,1.195,25-54,no,no,no,Reached shelter
Site 298,A_placement_current,42,26-149983,CJ,yes,1139.0,20266.0,55.04,299.55,5393.0,5393.0,4058.0,4058.0,1.199,55-69,no,no,no,Reached shelter
Site 630,A_placement_current,42,25-145374,CJ,yes,1139.0,17335.0,55.04,299.55,5393.0,5393.0,3991.0,3991.0,1.2,25-54,no,yes,yes,Reached shelter
Site 706,A_placement_current,42,26-119333,CJ,yes,1139.0,20499.0,55.04,299.55,5393.0,5393.0,4064.0,4064.0,1.195,25-54,no,no,no,Reached shelter
Site 749,A_placement_current,42,25-144968,CJ,yes,1139.0,18254.0,55.04,299.55,5393.0,5393.0,4014.0,4014.0,1.192,25-54,yes,no,no,Reached shelter
Site 813,A_placement_current,42,25-179293,CJ,yes,1139.0,20376.0,55.04,299.55,5393.0,5393.0,4062.0,4062.0,1.19,55-69,no,no,no,Reached shelter
Site 1140,A_placement_current,42,25-145133,CJ,yes,1139.0,18635.0,55.04,299.55,5393.0,5393.0,4022.0,4022.0,1.192,25-54,yes,no,no,Reached shelter
Site 1172,A_placement_current,42,25-102165,CJ,yes,1139.0,17948.0,55.04,299.55,5393.0,5393.0,4005.0,4005.0,1.194,25-54,no,no,yes,Reached shelter
Site 1310,A_placement_current,42,26-149725,CJ,yes,1139.0,21766.0,55.04,299.55,5393.0,5393.0,4092.0,4092.0,1.197,55-69,no,no,yes,Reached shelter
Site 1372,A_placement_current,42,25-201688,CJ,yes,1139.0,22719.0,55.04,299.55,5393.0,5393.0,4116.0,4116.0,1.19,25-54,no,no,no,Reached shelter
Site 1406,A_placement_current,42,25-167962,CJ,yes,1139.0,17891.0,55.04,299.55,5393.0,5393.0,4005.0,4005.0,1.191,25-54,no,no,no,Reached shelter
Site 1531,A_placement_current,42,26-140218,CJ,yes,1139.0,20413.0,55.04,299.55,5393.0,5393.0,4062.0,4062.0,1.193,25-54,no,no,yes,Reached shelter
Site 1557,A_placement_current,42,25-201686,CJ,yes,1139.0,21453.0,55.04,299.55,5393.0,5393.0,4087.0,4087.0,1.193,55-69,yes,no,no,Reached shelter
Site 1638,A_placement_current,42,26-149803,CJ,yes,1139.0,15474.0,55.04,299.55,5393.0,5393.0,3961.0,3961.0,1.196,25-54,yes,no,no,Reached shelter
Site 1816,A_placement_current,42,26-140213,CJ,yes,1139.0,20067.0,55.04,299.55,5393.0,5393.0,4054.0,4054.0,1.196,25-54,no,no,no,Reached shelter
Site 2015,A_placement_current,42,26-109389,CJ,yes,1139.0,22283.0,55.04,299.55,5393.0,5393.0,4105.0,4105.0,1.195,25-54,no,no,yes,Reached shelter
Site 131,A_placement_current,42,25-167789,CJ,yes,1140.0,21273.0,55.08,299.55,5398.0,5398.0,4091.0,4091.0,1.189,55-69,yes,no,no,Reached shelter
Site 151,A_placement_current,42,25-156538,CJ,yes,1140.0,20494.0,55.08,299.55,5398.0,5398.0,4073.0,4073.0,1.184,55-69,yes,no,no,Reached shelter
Site 215,A_placement_current,42,26-129876,CJ,yes,1140.0,19973.0,55.08,299.55,5398.0,5398.0,4062.0,4062.0,1.185,25-54,no,no,no,Reached shelter
Site 263,A_placement_current,42,26-140164,CJ,yes,1140.0,17868.0,55.08,299.55,5398.0,5398.0,4013.0,4013.0,1.184,25-54,no,yes,no,Reached shelter
Site 415,A_placement_current,42,25-222165,CJ,yes,1140.0,16790.0,55.08,299.55,5398.0,5398.0,3990.0,3990.0,1.185,55-69,no,no,no,Reached shelter
Site 455,A_placement_current,42,26-119691,CJ,yes,1140.0,20104.0,55.08,299.55,5398.0,5398.0,4063.0,4063.0,1.189,25-54,no,no,yes,Reached shelter
Site 598,A_placement_current,42,26-119377,CJ,yes,1140.0,18759.0,55.08,299.55,5398.0,5398.0,4034.0,4034.0,1.183,25-54,no,no,no,Reached shelter
Site 602,A_placement_current,42,25-222243,CJ,yes,1140.0,18245.0,55.08,299.55,5398.0,5398.0,4021.0,4021.0,1.189,25-54,no,no,no,Reached shelter
Site 603,A_placement_current,42,25-190589,CJ,yes,1140.0,21554.0,55.08,299.55,5398.0,5398.0,4098.0,4098.0,1.185,55-69,no,no,yes,Reached shelter
Site 712,A_placement_current,42,25-112842,CJ,yes,1140.0,21399.0,55.08,299.55,5398.0,5398.0,4094.0,4094.0,1.182,25-54,no,no,no,Reached shelter
Site 721,A_placement_current,42,25-201728,CJ,yes,1140.0,18903.0,55.08,299.55,5398.0,5398.0,4037.0,4037.0,1.185,25-54,no,no,no,Reached shelter
Site 769,A_placement_current,42,25-156303,CJ,yes,1140.0,19220.0,55.08,299.55,5398.0,5398.0,4044.0,4044.0,1.188,55-69,yes,no,no,Reached shelter
Site 1051,A_placement_current,42,26-150035,CJ,yes,1140.0,16839.0,55.08,299.55,5398.0,5398.0,3991.0,3991.0,1.184,25-54,no,no,no,Reached shelter
Site 1582,A_placement_current,42,25-123693,CJ,yes,1140.0,20812.0,55.08,299.55,5398.0,5398.0,4081.0,4081.0,1.183,25-54,no,no,no,Reached shelter
Site 1677,A_placement_current,42,25-156136,CJ,yes,1140.0,18895.0,55.08,299.55,5398.0,5398.0,4037.0,4037.0,1.186,25-54,no,no,yes,Reached shelter
Site 1850,A_placement_current,42,25-201287,CJ,yes,1140.0,17654.0,55.08,299.55,5398.0,5398.0,4008.0,4008.0,1.189,25-54,no,no,yes,Reached shelter
Site 73,A_placement_current,42,26-140282,CJ,yes,1141.0,21267.0,55.12,299.55,5403.0,5403.0,4102.0,4102.0,1.171,25-54,no,no,yes,Reached shelter
Site 191,A_placement_current,42,25-134223,CJ,yes,1141.0,15369.0,55.12,299.55,5403.0,5403.0,3976.0,3976.0,1.179,25-54,yes,no,no,Reached shelter
Site 624,A_placement_current,42,25-190605,CJ,yes,1141.0,19297.0,55.12,299.55,5403.0,5403.0,4055.0,4055.0,1.177,55-69,yes,no,no,Reached shelter
Site 1041,A_placement_current,42,26-130159,CJ,yes,1141.0,19052.0,55.12,299.55,5403.0,5403.0,4050.0,4050.0,1.179,25-54,no,no,yes,Reached shelter
Site 1744,A_placement_current,42,26-140133,CJ,yes,1141.0,16358.0,55.12,299.55,5403.0,5403.0,3992.0,3992.0,1.174,25-54,no,no,no,Reached shelter
Site 1913,A_placement_current,42,26-129986,CJ,yes,1141.0,19777.0,55.12,299.55,5403.0,5403.0,4068.0,4068.0,1.172,25-54,no,no,no,Reached shelter
Site 1996,A_placement_current,42,25-212399,CJ,yes,1141.0,26722.0,55.12,299.55,5403.0,5403.0,4227.0,4227.0,1.176,25-54,no,no,no,Reached shelter
Site 181,A_placement_current,42,25-134680,CJ,yes,1142.0,21009.0,55.16,299.55,5407.0,5407.0,4106.0,4106.0,1.162,25-54,yes,no,no,Reached shelter
Site 232,A_placement_current,42,25-179320,CJ,yes,1142.0,15312.0,55.16,299.55,5407.0,5407.0,3984.0,3984.0,1.163,25-54,no,yes,no,Reached shelter
Site 258,A_placement_current,42,25-190505,CJ,yes,1142.0,20740.0,55.16,299.55,5407.0,5407.0,4100.0,4100.0,1.164,25-54,no,no,yes,Reached shelter
Site 758,A_placement_current,42,26-140236,CJ,yes,1142.0,16219.0,55.16,299.55,5407.0,5407.0,3998.0,3998.0,1.165,25-54,yes,no,no,Reached shelter
Site 770,A_placement_current,42,26-130055,CJ,yes,1142.0,22023.0,55.16,299.55,5407.0,5407.0,4127.0,4127.0,1.17,18-24,no,yes,yes,Reached shelter
Site 798,A_placement_current,42,25-201491,CJ,yes,1142.0,16519.0,55.16,299.55,5407.0,5407.0,4003.0,4003.0,1.17,55-69,no,no,no,Reached shelter
Site 817,A_placement_current,42,26-149803,CJ,yes,1142.0,15474.0,55.16,299.55,5407.0,5407.0,3986.0,3986.0,1.163,25-54,no,no,no,Reached shelter
Site 851,A_placement_current,42,25-190737,CJ,yes,1142.0,15559.0,55.16,299.55,5407.0,5407.0,3987.0,3987.0,1.168,55-69,no,no,yes,Reached shelter
Site 863,A_placement_current,42,25-190663,CJ,yes,1142.0,17924.0,55.16,299.55,5407.0,5407.0,4033.0,4033.0,1.17,25-54,no,no,no,Reached shelter
Site 1036,A_placement_current,42,25-190434,CJ,yes,1142.0,16875.0,55.16,299.55,5407.0,5407.0,4010.0,4010.0,1.162,25-54,yes,no,no,Reached shelter
Site 1080,A_placement_current,42,25-145117,CJ,yes,1142.0,25399.0,55.16,299.55,5407.0,5407.0,4207.0,4207.0,1.164,55-69,no,no,no,Reached shelter
Site 1149,A_placement_current,42,25-134628,CJ,yes,1142.0,17424.0,55.16,299.55,5407.0,5407.0,4021.0,4021.0,1.17,55-69,no,no,no,Reached shelter
Site 1464,A_placement_current,42,25-222008,CJ,yes,1142.0,18061.0,55.16,299.55,5407.0,5407.0,4036.0,4036.0,1.168,25-54,yes,no,no,Reached shelter
Site 1541,A_placement_current,42,26-129716,CJ,yes,1142.0,15036.0,55.16,299.55,5407.0,5407.0,3979.0,3979.0,1.169,25-54,yes,no,yes,Reached shelter
Site 1650,A_placement_current,42,25-102077,CJ,yes,1142.0,23824.0,55.16,299.55,5407.0,5407.0,4171.0,4171.0,1.163,25-54,no,no,yes,Reached shelter
Site 1991,A_placement_current,42,25-156121,CJ,yes,1142.0,20233.0,55.16,299.55,5407.0,5407.0,4087.0,4087.0,1.17,25-54,no,no,no,Reached shelter
Site 2010,A_placement_current,42,25-113007,CJ,yes,1142.0,16575.0,55.16,299.55,5407.0,5407.0,4004.0,4004.0,1.166,25-54,yes,no,no,Reached shelter
Site 2027,A_placement_current,42,26-129853,CJ,yes,1142.0,15306.0,55.16,299.55,5407.0,5407.0,3983.0,3983.0,1.17,25-54,no,no,no,Reached shelter
Site 274,A_placement_current,42,25-221931,CJ,yes,1143.0,21444.0,55.19,299.55,5412.0,5412.0,4124.0,4124.0,1.16,25-54,no,yes,no,Reached shelter
Site 671,A_placement_current,42,25-178825,CJ,yes,1143.0,24368.0,55.19,299.55,5412.0,5412.0,4194.0,4194.0,1.159,25-54,no,no,no,Reached shelter
Site 709,A_placement_current,42,26-140592,CJ,yes,1143.0,17081.0,55.19,299.55,5412.0,5412.0,4022.0,4022.0,1.159,55-69,no,no,no,Reached shelter
Site 896,A_placement_current,42,26-140252,CJ,yes,1143.0,20281.0,55.19,299.55,5412.0,5412.0,4099.0,4099.0,1.155,55-69,no,no,no,Reached shelter
Site 1454,A_placement_current,42,26-119603,CJ,yes,1143.0,21036.0,55.19,299.55,5412.0,5412.0,4117.0,4117.0,1.154,25-54,no,no,no,Reached shelter
Site 1528,A_placement_current,42,25-179185,CJ,yes,1143.0,16074.0,55.19,299.55,5412.0,5412.0,4004.0,4004.0,1.159,55-69,yes,no,no,Reached shelter
Site 1906,A_placement_current,42,26-119540,CJ,yes,1143.0,15592.0,55.19,299.55,5412.0,5412.0,3997.0,3997.0,1.156,25-54,no,no,no,Reached shelter
Site 86,A_placement_current,42,26-129854,CJ,yes,1144.0,16774.0,55.23,299.55,5416.0,5416.0,4023.0,4023.0,1.151,55-69,yes,no,no,Reached shelter
Site 507,A_placement_current,42,25-123650,CJ,yes,1144.0,21240.0,55.23,299.55,5416.0,5416.0,4131.0,4131.0,1.144,25-54,no,no,no,Reached shelter
Site 655,A_placement_current,42,25-212525,CJ,yes,1144.0,14958.0,55.23,299.55,5416.0,5416.0,3995.0,3995.0,1.144,25-54,yes,no,no,Reached shelter
Site 764,A_placement_current,42,25-201470,CJ,yes,1144.0,20243.0,55.23,299.55,5416.0,5416.0,4108.0,4108.0,1.144,25-54,no,yes,no,Reached shelter
Site 804,A_placement_current,42,25-112787,CJ,yes,1144.0,22696.0,55.23,299.55,5416.0,5416.0,4165.0,4165.0,1.146,25-54,no,no,no,Reached shelter
Site 930,A_placement_current,42,25-221918,CJ,yes,1144.0,17923.0,55.23,299.55,5416.0,5416.0,4051.0,4051.0,1.149,25-54,no,no,no,Reached shelter
Site 1004,A_placement_current,42,26-109440,CJ,yes,1144.0,20235.0,55.23,299.55,5416.0,5416.0,4107.0,4107.0,1.148,25-54,yes,no,yes,Reached shelter
Site 1074,A_placement_current,42,25-167818,CJ,yes,1144.0,15722.0,55.23,299.55,5416.0,5416.0,4007.0,4007.0,1.148,55-69,no,yes,no,Reached shelter
Site 1096,A_placement_current,42,25-190804,CJ,yes,1144.0,20193.0,55.23,299.55,5416.0,5416.0,4105.0,4105.0,1.149,18-24,no,no,no,Reached shelter
Site 1521,A_placement_current,42,25-134299,CJ,yes,1144.0,17451.0,55.23,299.55,5416.0,5416.0,4041.0,4041.0,1.145,55-69,no,yes,no,Reached shelter
Site 1697,A_placement_current,42,25-190576,CJ,yes,1144.0,15577.0,55.23,299.55,5416.0,5416.0,4005.0,4005.0,1.144,25-54,no,no,no,Reached shelter
Site 1817,A_placement_current,42,25-156497,CJ,yes,1144.0,19936.0,55.23,299.55,5416.0,5416.0,4100.0,4100.0,1.144,55-69,no,no,no,Reached shelter
Site 1883,A_placement_current,42,25-134517,CJ,yes,1144.0,17290.0,55.23,299.55,5416.0,5416.0,4036.0,4036.0,1.151,25-54,no,no,no,Reached shelter
Site 2034,A_placement_current,42,25-179173,CJ,yes,1144.0,18217.0,55.23,299.55,5416.0,5416.0,4059.0,4059.0,1.144,25-54,no,yes,no,Reached shelter
Site 4,A_placement_current,42,25-167871,CJ,yes,1145.0,21034.0,55.27,299.55,5421.0,5421.0,4135.0,4135.0,1.14,55-69,yes,yes,yes,Reached shelter
Site 328,A_placement_current,42,25-112963,CJ,yes,1145.0,18138.0,55.27,299.55,5421.0,5421.0,4067.0,4067.0,1.136,55-69,no,no,yes,Reached shelter
Site 408,A_placement_current,42,26-130108,CJ,yes,1145.0,22144.0,55.27,299.55,5421.0,5421.0,4161.0,4161.0,1.139,70+,no,no,yes,Reached shelter
Site 736,A_placement_current,42,25-222246,CJ,yes,1145.0,24913.0,55.27,299.55,5421.0,5421.0,4230.0,4230.0,1.134,25-54,no,no,no,Reached shelter
Site 1017,A_placement_current,42,25-123942,CJ,yes,1145.0,21382.0,55.27,299.55,5421.0,5421.0,4145.0,4145.0,1.134,25-54,yes,no,no,Reached shelter
Site 1221,A_placement_current,42,25-113010,CJ,yes,1145.0,18095.0,55.27,299.55,5421.0,5421.0,4065.0,4065.0,1.134,25-54,no,no,yes,Reached shelter
Site 1233,A_placement_current,42,25-134320,CJ,yes,1145.0,15817.0,55.27,299.55,5421.0,5421.0,4017.0,4017.0,1.136,25-54,yes,no,no,Reached shelter
Site 1479,A_placement_current,42,25-190554,CJ,yes,1145.0,20056.0,55.27,299.55,5421.0,5421.0,4112.0,4112.0,1.136,55-69,no,yes,no,Reached shelter
Site 1875,A_placement_current,42,26-119425,CJ,yes,1145.0,16671.0,55.27,299.55,5421.0,5421.0,4031.0,4031.0,1.135,25-54,no,no,yes,Reached shelter
Site 1908,A_placement_current,42,25-178902,CJ,yes,1145.0,23607.0,55.27,299.55,5421.0,5421.0,4196.0,4196.0,1.14,55-69,no,no,no,Reached shelter
Site 21,A_placement_current,42,25-112757,CJ,yes,1146.0,18164.0,55.31,299.55,5426.0,5426.0,4076.0,4076.0,1.132,55-69,no,no,no,Reached shelter
Site 66,A_placement_current,42,25-123718,CJ,yes,1146.0,21421.0,55.31,299.55,5426.0,5426.0,4154.0,4154.0,1.128,25-54,no,yes,no,Reached shelter
Site 226,A_placement_current,42,25-167850,CJ,yes,1146.0,19955.0,55.31,299.55,5426.0,5426.0,4118.0,4118.0,1.13,25-54,no,no,no,Reached shelter
Site 271,A_placement_current,42,25-112861,CJ,yes,1146.0,18407.0,55.31,299.55,5426.0,5426.0,4081.0,4081.0,1.133,25-54,no,no,no,Reached shelter
Site 293,A_placement_current,42,26-129806,CJ,yes,1146.0,17714.0,55.31,299.55,5426.0,5426.0,4065.0,4065.0,1.132,18-24,no,yes,no,Reached shelter
Site 723,A_placement_current,42,26-109468,CJ,yes,1146.0,21370.0,55.31,299.55,5426.0,5426.0,4154.0,4154.0,1.129,55-69,no,no,no,Reached shelter
Site 1093,A_placement_current,42,25-190313,CJ,yes,1146.0,17984.0,55.31,299.55,5426.0,5426.0,4073.0,4073.0,1.126,25-54,yes,no,no,Reached shelter
Site 1159,A_placement_current,42,25-134463,CJ,yes,1146.0,18591.0,55.31,299.55,5426.0,5426.0,4087.0,4087.0,1.127,25-54,no,no,yes,Reached shelter
Site 1243,A_placement_current,42,26-149788,CJ,yes,1146.0,22890.0,55.31,299.55,5426.0,5426.0,4192.0,4192.0,1.126,55-69,no,no,no,Reached shelter
Site 1546,A_placement_current,42,26-149725,CJ,yes,1146.0,21766.0,55.31,299.55,5426.0,5426.0,4162.0,4162.0,1.129,55-69,no,no,no,Reached shelter
Site 1600,A_placement_current,42,26-109701,CJ,yes,1146.0,20080.0,55.31,299.55,5426.0,5426.0,4123.0,4123.0,1.127,25-54,no,yes,yes,Reached shelter
Site 1606,A_placement_current,42,25-201688,CJ,yes,1146.0,22719.0,55.31,299.55,5426.0,5426.0,4187.0,4187.0,1.127,25-54,no,no,yes,Reached shelter
Site 1789,A_placement_current,42,26-109741,CJ,yes,1146.0,21305.0,55.31,299.55,5426.0,5426.0,4151.0,4151.0,1.131,18-24,no,no,yes,Reached shelter
Site 1838,A_placement_current,42,25-123941,CJ,yes,1146.0,21070.0,55.31,299.55,5426.0,5426.0,4146.0,4146.0,1.132,25-54,no,yes,no,Reached shelter
Site 29,A_placement_current,42,26-119671,CJ,yes,1147.0,16434.0,55.35,299.55,5430.0,5430.0,4044.0,4044.0,1.12,25-54,no,no,no,Reached shelter
Site 304,A_placement_current,42,25-102062,CJ,yes,1147.0,15530.0,55.35,299.55,5430.0,5430.0,4029.0,4029.0,1.124,25-54,yes,no,no,Reached shelter
Site 584,A_placement_current,42,25-212022,CJ,yes,1147.0,17840.0,55.35,299.55,5430.0,5430.0,4079.0,4079.0,1.117,25-54,no,no,no,Reached shelter
Site 711,A_placement_current,42,25-112611,CJ,yes,1147.0,17831.0,55.35,299.55,5430.0,5430.0,4077.0,4077.0,1.124,25-54,no,no,yes,Reached shelter
Site 795,A_placement_current,42,25-222069,CJ,yes,1147.0,17032.0,55.35,299.55,5430.0,5430.0,4057.0,4057.0,1.123,25-54,no,no,yes,Reached shelter
Site 843,A_placement_current,42,26-119679,CJ,yes,1147.0,20064.0,55.35,299.55,5430.0,5430.0,4131.0,4131.0,1.122,25-54,yes,no,no,Reached shelter
Site 900,A_placement_current,42,25-212244,CJ,yes,1147.0,22719.0,55.35,299.55,5430.0,5430.0,4194.0,4194.0,1.124,25-54,no,yes,no,Reached shelter
Site 1383,A_placement_current,42,25-156665,CJ,yes,1147.0,18398.0,55.35,299.55,5430.0,5430.0,4090.0,4090.0,1.124,55-69,no,yes,no,Reached shelter
Site 1385,A_placement_current,42,25-212475,CJ,yes,1147.0,17011.0,55.35,299.55,5430.0,5430.0,4057.0,4057.0,1.119,25-54,no,no,no,Reached shelter
Site 1412,A_placement_current,42,26-119597,CJ,yes,1147.0,18889.0,55.35,299.55,5430.0,5430.0,4103.0,4103.0,1.121,25-54,yes,no,no,Reached shelter
Site 1420,A_placement_current,42,25-212382,CJ,yes,1147.0,23361.0,55.35,299.55,5430.0,5430.0,4212.0,4212.0,1.117,25-54,no,no,yes,Reached shelter
Site 1421,A_placement_current,42,25-156415,CJ,yes,1147.0,16660.0,55.35,299.55,5430.0,5430.0,4049.0,4049.0,1.121,25-54,no,no,no,Reached shelter
Site 1575,A_placement_current,42,25-190557,CJ,yes,1147.0,16334.0,55.35,299.55,5430.0,5430.0,4043.0,4043.0,1.124,25-54,no,no,yes,Reached shelter
Site 1713,A_placement_current,42,25-221864,CJ,yes,1147.0,18814.0,55.35,299.55,5430.0,5430.0,4100.0,4100.0,1.124,25-54,no,no,no,Reached shelter
Site 2022,A_placement_current,42,25-145414,CJ,yes,1147.0,18775.0,55.35,299.55,5430.0,5430.0,4100.0,4100.0,1.124,25-54,no,no,no,Reached shelter
Site 81,A_placement_current,42,25-167871,CJ,yes,1148.0,21034.0,55.38,299.55,5435.0,5435.0,4164.0,4164.0,1.114,25-54,no,no,no,Reached shelter
Site 163,A_placement_current,42,25-201523,CJ,yes,1148.0,18859.0,55.38,299.55,5435.0,5435.0,4112.0,4112.0,1.109,25-54,yes,no,no,Reached shelter
Site 260,A_placement_current,42,25-156456,CJ,yes,1148.0,15792.0,55.38,299.55,5435.0,5435.0,4042.0,4042.0,1.113,25-54,no,no,yes,Reached shelter
Site 365,A_placement_current,42,25-167646,CJ,yes,1148.0,20513.0,55.38,299.55,5435.0,5435.0,4153.0,4153.0,1.107,25-54,no,no,no,Reached shelter
Site 1022,A_placement_current,42,26-109381,CJ,yes,1148.0,20404.0,55.38,299.55,5435.0,5435.0,4150.0,4150.0,1.113,25-54,no,no,yes,Reached shelter
Site 1031,A_placement_current,42,25-222121,CJ,yes,1148.0,18325.0,55.38,299.55,5435.0,5435.0,4099.0,4099.0,1.113,25-54,no,no,yes,Reached shelter
Site 1064,A_placement_current,42,26-129901,CJ,yes,1148.0,17352.0,55.38,299.55,5435.0,5435.0,4075.0,4075.0,1.114,55-69,no,no,no,Reached shelter
Site 1072,A_placement_current,42,25-190714,CJ,yes,1148.0,19037.0,55.38,299.55,5435.0,5435.0,4115.0,4115.0,1.112,55-69,no,no,no,Reached shelter
Site 1115,A_placement_current,42,26-109465,CJ,yes,1148.0,21247.0,55.38,299.55,5435.0,5435.0,4169.0,4169.0,1.115,55-69,no,no,yes,Reached shelter
Site 1416,A_placement_current,42,25-123716,CJ,yes,1148.0,21325.0,55.38,299.55,5435.0,5435.0,4172.0,4172.0,1.108,55-69,yes,no,no,Reached shelter
Site 1959,A_placement_current,42,25-190434,CJ,yes,1148.0,16875.0,55.38,299.55,5435.0,5435.0,4063.0,4063.0,1.114,55-69,no,no,no,Reached shelter
Site 1984,A_placement_current,42,25-102187,CJ,yes,1148.0,16908.0,55.38,299.55,5435.0,5435.0,4063.0,4063.0,1.114,25-54,no,yes,no,Reached shelter
Site 126,A_placement_current,42,25-179126,CJ,yes,1149.0,18975.0,55.42,299.55,5440.0,5440.0,4125.0,4125.0,1.099,55-69,no,no,yes,Reached shelter
Site 278,A_placement_current,42,26-119703,CJ,yes,1149.0,19450.0,55.42,299.55,5440.0,5440.0,4136.0,4136.0,1.104,55-69,no,no,no,Reached shelter
Site 347,A_placement_current,42,25-156177,CJ,yes,1149.0,16698.0,55.42,299.55,5440.0,5440.0,4067.0,4067.0,1.104,25-54,yes,no,no,Reached shelter
Site 375,A_placement_current,42,26-150042,CJ,yes,1149.0,20768.0,55.42,299.55,5440.0,5440.0,4169.0,4169.0,1.104,18-24,no,no,no,Reached shelter
Site 782,A_placement_current,42,25-212263,CJ,yes,1149.0,14655.0,55.42,299.55,5440.0,5440.0,4032.0,4032.0,1.102,25-54,no,no,no,Reached shelter
Site 979,A_placement_current,42,26-140592,CJ,yes,1149.0,17081.0,55.42,299.55,5440.0,5440.0,4079.0,4079.0,1.099,25-54,no,yes,no,Reached shelter
Site 1137,A_placement_current,42,26-109325,CJ,yes,1149.0,23189.0,55.42,299.55,5440.0,5440.0,4227.0,4227.0,1.106,25-54,no,no,no,Reached shelter
Site 1333,A_placement_current,42,26-129932,CJ,yes,1149.0,15004.0,55.42,299.55,5440.0,5440.0,4037.0,4037.0,1.1,55-69,yes,no,no,Reached shelter
Site 1411,A_placement_current,42,26-129767,CJ,yes,1149.0,18920.0,55.42,299.55,5440.0,5440.0,4123.0,4123.0,1.101,25-54,yes,yes,yes,Reached shelter
Site 1734,A_placement_current,42,25-222129,CJ,yes,1149.0,16189.0,55.42,299.55,5440.0,5440.0,4056.0,4056.0,1.106,18-24,no,no,yes,Reached shelter
Site 359,A_placement_current,42,26-140252,CJ,yes,1150.0,20281.0,55.46,299.55,5444.0,5444.0,4166.0,4166.0,1.091,25-54,no,no,yes,Reached shelter
Site 1135,A_placement_current,42,25-145247,CJ,yes,1150.0,16907.0,55.46,299.55,5444.0,5444.0,4082.0,4082.0,1.097,25-54,no,no,no,Reached shelter
Site 1604,A_placement_current,42,25-124021,CJ,yes,1150.0,16955.0,55.46,299.55,5444.0,5444.0,4083.0,4083.0,1.097,25-54,no,no,no,Reached shelter
Site 1834,A_placement_current,42,25-145052,CJ,yes,1150.0,20295.0,55.46,299.55,5444.0,5444.0,4166.0,4166.0,1.098,55-69,yes,no,no,Reached shelter
Site 12,A_placement_current,42,25-212228,CJ,yes,1151.0,22800.0,55.5,299.55,5449.0,5449.0,4239.0,4239.0,1.087,55-69,yes,no,no,Reached shelter
Site 1128,A_placement_current,42,25-167889,CJ,yes,1151.0,20789.0,55.5,299.55,5449.0,5449.0,4189.0,4189.0,1.089,25-54,no,no,no,Reached shelter
Site 1263,A_placement_current,42,25-222172,CJ,yes,1151.0,21489.0,55.5,299.55,5449.0,5449.0,4206.0,4206.0,1.084,25-54,no,yes,no,Reached shelter
Site 1274,A_placement_current,42,25-167919,CJ,yes,1151.0,18609.0,55.5,299.55,5449.0,5449.0,4135.0,4135.0,1.084,25-54,no,yes,yes,Reached shelter
Site 1461,A_placement_current,42,25-201288,CJ,yes,1151.0,21141.0,55.5,299.55,5449.0,5449.0,4197.0,4197.0,1.087,25-54,yes,no,no,Reached shelter
Site 2001,A_placement_current,42,25-134500,CJ,yes,1151.0,16213.0,55.5,299.55,5449.0,5449.0,4075.0,4075.0,1.086,25-54,no,no,no,Reached shelter
Site 429,A_placement_current,42,25-134671,CJ,yes,1152.0,20901.0,55.54,299.55,5454.0,5454.0,4201.0,4201.0,1.08,25-54,no,no,yes,Reached shelter
Site 1054,A_placement_current,42,26-119601,CJ,yes,1152.0,16574.0,55.54,299.55,5454.0,5454.0,4093.0,4093.0,1.074,18-24,no,no,no,Reached shelter
Site 1113,A_placement_current,42,26-149805,CJ,yes,1152.0,20989.0,55.54,299.55,5454.0,5454.0,4203.0,4203.0,1.08,55-69,yes,no,no,Reached shelter
Site 1658,A_placement_current,42,25-156246,CJ,yes,1152.0,19451.0,55.54,299.55,5454.0,5454.0,4163.0,4163.0,1.081,25-54,no,no,no,Reached shelter
Site 1683,A_placement_current,42,26-109390,CJ,yes,1152.0,18885.0,55.54,299.55,5454.0,5454.0,4150.0,4150.0,1.076,55-69,no,yes,no,Reached shelter
Site 98,A_placement_current,42,25-156580,CJ,yes,1153.0,16213.0,55.57,299.55,5458.0,5458.0,4091.0,4091.0,1.073,25-54,no,yes,no,Reached shelter
Site 1569,A_placement_current,42,25-179015,CJ,yes,1153.0,19227.0,55.57,299.55,5458.0,5458.0,4169.0,4169.0,1.069,25-54,yes,yes,no,Reached shelter
Site 1706,A_placement_current,42,25-201282,CJ,yes,1153.0,18346.0,55.57,299.55,5458.0,5458.0,4145.0,4145.0,1.073,55-69,yes,no,no,Reached shelter
Site 354,A_placement_current,42,26-129860,CJ,yes,1154.0,18795.0,55.61,299.55,5463.0,5463.0,4167.0,4167.0,1.064,55-69,no,no,no,Reached shelter
Site 421,A_placement_current,42,25-167960,CJ,yes,1154.0,19705.0,55.61,299.55,5463.0,5463.0,4190.0,4190.0,1.061,55-69,no,yes,no,Reached shelter
Site 445,A_placement_current,42,25-167919,CJ,yes,1154.0,18609.0,55.61,299.55,5463.0,5463.0,4162.0,4162.0,1.063,55-69,no,yes,yes,Reached shelter
Site 791,A_placement_current,42,25-134687,CJ,yes,1154.0,16313.0,55.61,299.55,5463.0,5463.0,4103.0,4103.0,1.06,25-54,no,no,yes,Reached shelter
Site 996,A_placement_current,42,25-190690,CJ,yes,1154.0,18492.0,55.61,299.55,5463.0,5463.0,4159.0,4159.0,1.065,25-54,yes,no,no,Reached shelter
Site 1174,A_placement_current,42,26-109700,CJ,yes,1154.0,21228.0,55.61,299.55,5463.0,5463.0,4229.0,4229.0,1.064,25-54,no,no,yes,Reached shelter
Site 1642,A_placement_current,42,25-156240,CJ,yes,1154.0,17082.0,55.61,299.55,5463.0,5463.0,4123.0,4123.0,1.061,25-54,no,no,yes,Reached shelter
Site 20,A_placement_current,42,25-221906,CJ,yes,1155.0,17816.0,55.65,299.55,5467.0,5467.0,4150.0,4150.0,1.057,25-54,no,yes,no,Reached shelter
Site 436,A_placement_current,42,26-130051,CJ,yes,1155.0,23599.0,55.65,299.55,5467.0,5467.0,4300.0,4300.0,1.053,25-54,yes,no,no,Reached shelter
Site 522,A_placement_current,42,25-190660,CJ,yes,1155.0,17109.0,55.65,299.55,5467.0,5467.0,4134.0,4134.0,1.052,55-69,yes,no,no,Reached shelter
Site 888,A_placement_current,42,25-134398,CJ,yes,1155.0,19466.0,55.65,299.55,5467.0,5467.0,4194.0,4194.0,1.056,25-54,yes,no,yes,Reached shelter
Site 1300,A_placement_current,42,25-156585,CJ,yes,1155.0,14478.0,55.65,299.55,5467.0,5467.0,4078.0,4078.0,1.056,25-54,no,no,yes,Reached shelter
Site 1693,A_placement_current,42,25-212146,CJ,yes,1155.0,18203.0,55.65,299.55,5467.0,5467.0,4162.0,4162.0,1.053,25-54,no,yes,no,Reached shelter
Site 1989,A_placement_current,42,26-109741,CJ,yes,1155.0,21305.0,55.65,299.55,5467.0,5467.0,4241.0,4241.0,1.054,25-54,yes,no,no,Reached shelter
Site 2025,A_placement_current,42,25-123654,CJ,yes,1155.0,17300.0,55.65,299.55,5467.0,5467.0,4139.0,4139.0,1.054,55-69,yes,no,no,Reached shelter
Site 162,A_placement_current,42,26-119591,CJ,yes,1156.0,23344.0,55.69,299.55,5472.0,5472.0,4304.0,4304.0,1.048,25-54,yes,yes,no,Reached shelter
Site 187,A_placement_current,42,25-112668,CJ,yes,1156.0,19986.0,55.69,299.55,5472.0,5472.0,4216.0,4216.0,1.048,18-24,no,no,no,Reached shelter
Site 539,A_placement_current,42,25-112880,CJ,yes,1156.0,17825.0,55.69,299.55,5472.0,5472.0,4161.0,4161.0,1.044,55-69,yes,yes,no,Reached shelter
Site 611,A_placement_current,42,25-190723,CJ,yes,1156.0,21881.0,55.69,299.55,5472.0,5472.0,4265.0,4265.0,1.048,25-54,no,no,yes,Reached shelter
Site 1099,A_placement_current,42,25-167550,CJ,yes,1156.0,21029.0,55.69,299.55,5472.0,5472.0,4244.0,4244.0,1.048,25-54,no,yes,yes,Reached shelter
Site 1219,A_placement_current,42,26-109329,CJ,yes,1156.0,19126.0,55.69,299.55,5472.0,5472.0,4193.0,4193.0,1.05,25-54,yes,yes,no,Reached shelter
Site 1848,A_placement_current,42,26-119761,CJ,yes,1156.0,17481.0,55.69,299.55,5472.0,5472.0,4151.0,4151.0,1.048,55-69,no,no,yes,Reached shelter
Site 62,A_placement_current,42,26-109531,CJ,yes,1157.0,19052.0,55.72,299.55,5477.0,5477.0,4203.0,4203.0,1.039,25-54,yes,no,no,Reached shelter
Site 396,A_placement_current,42,25-201728,CJ,yes,1157.0,18903.0,55.72,299.55,5477.0,5477.0,4198.0,4198.0,1.04,25-54,no,no,yes,Reached shelter
Site 1100,A_placement_current,42,25-179302,CJ,yes,1157.0,20877.0,55.72,299.55,5477.0,5477.0,4250.0,4250.0,1.038,25-54,yes,no,yes,Reached shelter
Site 1419,A_placement_current,42,25-190676,CJ,yes,1157.0,20155.0,55.72,299.55,5477.0,5477.0,4232.0,4232.0,1.035,18-24,no,no,no,Reached shelter
Site 1444,A_placement_current,42,25-156562,CJ,yes,1157.0,16419.0,55.72,299.55,5477.0,5477.0,4133.0,4133.0,1.039,55-69,yes,yes,no,Reached shelter
Site 1771,A_placement_current,42,25-112831,CJ,yes,1157.0,17746.0,55.72,299.55,5477.0,5477.0,4168.0,4168.0,1.04,25-54,no,no,yes,Reached shelter
Site 1846,A_placement_current,42,26-109444,CJ,yes,1157.0,18942.0,55.72,299.55,5477.0,5477.0,4199.0,4199.0,1.039,25-54,no,no,yes,Reached shelter
Site 56,A_placement_current,42,25-102451,CJ,yes,1158.0,15109.0,55.76,299.55,5481.0,5481.0,4114.0,4114.0,1.031,25-54,no,no,no,Reached shelter
Site 189,A_placement_current,42,26-109395,CJ,yes,1158.0,17681.0,55.76,299.55,5481.0,5481.0,4174.0,4174.0,1.033,25-54,no,no,no,Reached shelter
Site 1069,A_placement_current,42,25-112687,CJ,yes,1158.0,21166.0,55.76,299.55,5481.0,5481.0,4269.0,4269.0,1.028,25-54,no,yes,no,Reached shelter
Site 1165,A_placement_current,42,26-150103,CJ,yes,1158.0,16380.0,55.76,299.55,5481.0,5481.0,4142.0,4142.0,1.028,25-54,no,no,no,Reached shelter
Site 1494,A_placement_current,42,26-109423,CJ,yes,1158.0,14798.0,55.76,299.55,5481.0,5481.0,4108.0,4108.0,1.029,18-24,no,no,no,Reached shelter
Site 1866,A_placement_current,42,26-129725,CJ,yes,1158.0,15921.0,55.76,299.55,5481.0,5481.0,4129.0,4129.0,1.031,55-69,yes,no,no,Reached shelter
Site 668,A_placement_current,42,25-145505,CJ,yes,1159.0,21871.0,55.8,299.55,5486.0,5486.0,4296.0,4296.0,1.026,25-54,no,no,no,Reached shelter
Site 1235,A_placement_current,42,26-109640,CJ,yes,1159.0,16343.0,55.8,299.55,5486.0,5486.0,4149.0,4149.0,1.027,25-54,yes,no,no,Reached shelter
Site 1290,A_placement_current,42,25-222185,CJ,yes,1159.0,21625.0,55.8,299.55,5486.0,5486.0,4289.0,4289.0,1.024,18-24,no,no,no,Reached shelter
Site 1346,A_placement_current,42,25-112876,CJ,yes,1159.0,19047.0,55.8,299.55,5486.0,5486.0,4221.0,4221.0,1.025,25-54,no,no,no,Reached shelter
Site 1465,A_placement_current,42,25-102255,CJ,yes,1159.0,15306.0,55.8,299.55,5486.0,5486.0,4126.0,4126.0,1.023,55-69,no,no,no,Reached shelter
Site 324,A_placement_current,42,25-102178,CJ,yes,1160.0,19218.0,55.84,299.55,5491.0,5491.0,4235.0,4235.0,1.014,25-54,yes,no,no,Reached shelter
Site 559,A_placement_current,42,25-156121,CJ,yes,1160.0,20233.0,55.84,299.55,5491.0,5491.0,4263.0,4263.0,1.017,55-69,no,no,yes,Reached shelter
Site 1097,A_placement_current,42,25-102237,CJ,yes,1160.0,19705.0,55.84,299.55,5491.0,5491.0,4246.0,4246.0,1.02,25-54,yes,no,no,Reached shelter
Site 1306,A_placement_current,42,25-156655,CJ,yes,1160.0,19565.0,55.84,299.55,5491.0,5491.0,4245.0,4245.0,1.015,25-54,yes,no,no,Reached shelter
Site 1754,A_placement_current,42,25-134545,CJ,yes,1160.0,21371.0,55.84,299.55,5491.0,5491.0,4294.0,4294.0,1.016,25-54,yes,no,no,Reached shelter
Site 77,A_placement_current,42,25-222270,CJ,yes,1161.0,18870.0,55.88,299.55,5495.0,5495.0,4234.0,4234.0,1.011,25-54,yes,no,no,Reached shelter
Site 618,A_placement_current,42,26-119740,CJ,yes,1161.0,18024.0,55.88,299.55,5495.0,5495.0,4212.0,4212.0,1.012,18-24,yes,no,no,Reached shelter
Site 641,A_placement_current,42,25-156310,CJ,yes,1161.0,18885.0,55.88,299.55,5495.0,5495.0,4234.0,4234.0,1.012,55-69,no,no,yes,Reached shelter
Site 688,A_placement_current,42,25-134392,CJ,yes,1161.0,19464.0,55.88,299.55,5495.0,5495.0,4251.0,4251.0,1.012,25-54,no,no,no,Reached shelter
Site 719,A_placement_current,42,25-167543,CJ,yes,1161.0,21242.0,55.88,299.55,5495.0,5495.0,4300.0,4300.0,1.006,25-54,no,no,yes,Reached shelter
Site 1282,A_placement_current,42,26-119503,CJ,yes,1161.0,17362.0,55.88,299.55,5495.0,5495.0,4194.0,4194.0,1.011,55-69,no,yes,no,Reached shelter
Site 1728,A_placement_current,42,25-178884,CJ,yes,1161.0,19625.0,55.88,299.55,5495.0,5495.0,4256.0,4256.0,1.008,25-54,yes,no,yes,Reached shelter
Site 1892,A_placement_current,42,26-109341,CJ,yes,1161.0,16826.0,55.88,299.55,5495.0,5495.0,4181.0,4181.0,1.01,25-54,no,no,no,Reached shelter
Site 564,A_placement_current,42,26-149962,CJ,yes,1162.0,21187.0,55.91,299.55,5500.0,5500.0,4307.0,4307.0,1.005,25-54,no,no,yes,Reached shelter
Site 768,A_placement_current,42,25-201260,CJ,yes,1162.0,14883.0,55.91,299.55,5500.0,5500.0,4144.0,4144.0,0.999,25-54,no,no,no,Reached shelter
Site 880,A_placement_current,42,25-190594,CJ,yes,1162.0,21293.0,55.91,299.55,5500.0,5500.0,4310.0,4310.0,1.004,25-54,yes,no,no,Reached shelter
Site 968,A_placement_current,42,25-156131,CJ,yes,1162.0,20476.0,55.91,299.55,5500.0,5500.0,4287.0,4287.0,1.003,25-54,yes,no,no,Reached shelter
Site 1551,A_placement_current,42,25-178825,CJ,yes,1162.0,24368.0,55.91,299.55,5500.0,5500.0,4393.0,4393.0,1.004,25-54,yes,yes,no,Reached shelter
Site 1759,A_placement_current,42,25-156585,CJ,yes,1162.0,14478.0,55.91,299.55,5500.0,5500.0,4136.0,4136.0,1.004,25-54,yes,no,no,Reached shelter
Site 46,A_placement_current,42,25-190456,CJ,yes,1163.0,16222.0,55.95,299.55,5505.0,5505.0,4182.0,4182.0,0.993,18-24,no,no,yes,Reached shelter
Site 152,A_placement_current,42,25-212224,CJ,yes,1163.0,17823.0,55.95,299.55,5505.0,5505.0,4225.0,4225.0,0.998,25-54,yes,no,no,Reached shelter
Site 542,A_placement_current,42,25-190528,CJ,yes,1163.0,20953.0,55.95,299.55,5505.0,5505.0,4311.0,4311.0,0.993,18-24,yes,no,no,Reached shelter
Site 1267,A_placement_current,42,25-190387,CJ,yes,1163.0,17329.0,55.95,299.55,5505.0,5505.0,4212.0,4212.0,0.997,25-54,no,no,yes,Reached shelter
Site 1285,A_placement_current,42,26-140253,CJ,yes,1163.0,16325.0,55.95,299.55,5505.0,5505.0,4184.0,4184.0,0.997,25-54,yes,no,no,Reached shelter
Site 1856,A_placement_current,42,26-109567,CJ,yes,1163.0,21294.0,55.95,299.55,5505.0,5505.0,4319.0,4319.0,0.998,25-54,no,no,no,Reached shelter
Site 137,A_placement_current,42,25-156373,CJ,yes,1164.0,21700.0,55.99,299.55,5509.0,5509.0,4342.0,4342.0,0.99,25-54,no,no,no,Reached shelter
Site 218,A_placement_current,42,25-221963,CJ,yes,1164.0,14224.0,55.99,299.55,5509.0,5509.0,4148.0,4148.0,0.989,25-54,yes,no,no,Reached shelter
Site 390,A_placement_current,42,25-134314,CJ,yes,1164.0,17402.0,55.99,299.55,5509.0,5509.0,4223.0,4223.0,0.988,25-54,no,no,yes,Reached shelter
Site 1142,A_placement_current,42,25-212366,CJ,yes,1165.0,21996.0,56.03,299.55,5514.0,5514.0,4361.0,4361.0,0.981,25-54,yes,no,no,Reached shelter
Site 1381,A_placement_current,42,25-212424,CJ,yes,1165.0,14585.0,56.03,299.55,5514.0,5514.0,4163.0,4163.0,0.979,25-54,no,no,no,Reached shelter
Site 1467,A_placement_current,42,26-109422,CJ,yes,1165.0,14376.0,56.03,299.55,5514.0,5514.0,4159.0,4159.0,0.978,55-69,yes,no,no,Reached shelter
Site 1692,A_placement_current,42,26-140244,CJ,yes,1165.0,18606.0,56.03,299.55,5514.0,5514.0,4266.0,4266.0,0.983,70+,no,no,no,Reached shelter
Site 334,A_placement_current,42,25-112650,CJ,yes,1166.0,19766.0,56.06,299.55,5519.0,5519.0,4308.0,4308.0,0.977,55-69,no,no,yes,Reached shelter
Site 1166,A_placement_current,42,25-145039,CJ,yes,1166.0,17722.0,56.06,299.55,5519.0,5519.0,4251.0,4251.0,0.975,25-54,no,no,no,Reached shelter
Site 1510,A_placement_current,42,25-167674,CJ,yes,1166.0,15731.0,56.06,299.55,5519.0,5519.0,4195.0,4195.0,0.976,25-54,yes,no,no,Reached shelter
Site 1603,A_placement_current,42,25-190770,CJ,yes,1166.0,17078.0,56.06,299.55,5519.0,5519.0,4233.0,4233.0,0.972,70+,no,no,yes,Reached shelter
Site 1858,A_placement_current,42,25-112930,CJ,yes,1166.0,19440.0,56.06,299.55,5519.0,5519.0,4300.0,4300.0,0.972,25-54,yes,yes,no,Reached shelter
Site 511,A_placement_current,42,25-123772,CJ,yes,1167.0,14090.0,56.1,299.55,5523.0,5523.0,4169.0,4169.0,0.969,25-54,yes,no,no,Reached shelter
Site 1499,A_placement_current,42,25-123779,CJ,yes,1167.0,22039.0,56.1,299.55,5523.0,5523.0,4380.0,4380.0,0.972,55-69,no,no,yes,Reached shelter
Site 1709,A_placement_current,42,25-113003,CJ,yes,1167.0,14608.0,56.1,299.55,5523.0,5523.0,4181.0,4181.0,0.966,55-69,no,yes,yes,Reached shelter
Site 124,A_placement_current,42,26-149957,CJ,yes,1168.0,15734.0,56.14,299.55,5528.0,5528.0,4214.0,4214.0,0.961,18-24,no,no,yes,Reached shelter
Site 732,A_placement_current,42,26-129836,CJ,yes,1169.0,15385.0,56.18,299.55,5532.0,5532.0,4211.0,4211.0,0.955,70+,yes,no,yes,Reached shelter
Site 944,A_placement_current,42,26-140587,CJ,yes,1169.0,14271.0,56.18,299.55,5532.0,5532.0,4190.0,4190.0,0.952,25-54,yes,yes,no,Reached shelter
Site 1145,A_placement_current,42,25-145493,CJ,yes,1170.0,20777.0,56.21,299.55,5537.0,5537.0,4375.0,4375.0,0.947,25-54,yes,no,no,Reached shelter
Site 1188,A_placement_current,42,26-129946,CJ,yes,1170.0,22919.0,56.21,299.55,5537.0,5537.0,4435.0,4435.0,0.95,25-54,yes,no,no,Reached shelter
Site 51,A_placement_current,42,26-119730,CJ,yes,1171.0,21847.0,56.25,299.55,5542.0,5542.0,4417.0,4417.0,0.941,25-54,yes,no,no,Reached shelter
Site 348,A_placement_current,42,25-201643,CJ,yes,1172.0,14461.0,56.29,299.55,5546.0,5546.0,4218.0,4218.0,0.936,55-69,yes,no,no,Reached shelter
Site 544,A_placement_current,42,25-145247,CJ,yes,1172.0,16907.0,56.29,299.55,5546.0,5546.0,4283.0,4283.0,0.937,25-54,yes,no,no,Reached shelter
Site 1238,A_placement_current,42,26-140165,CJ,yes,1172.0,18823.0,56.29,299.55,5546.0,5546.0,4338.0,4338.0,0.939,55-69,yes,yes,no,Reached shelter
Site 1571,A_placement_current,42,25-201378,CJ,yes,1172.0,17781.0,56.29,299.55,5546.0,5546.0,4307.0,4307.0,0.938,55-69,yes,no,no,Reached shelter
Site 364,A_placement_current,42,25-222160,CJ,yes,1173.0,17253.0,56.33,299.55,5551.0,5551.0,4302.0,4302.0,0.931,25-54,no,no,no,Reached shelter
Site 875,A_placement_current,42,26-109509,CJ,yes,1173.0,16450.0,56.33,299.55,5551.0,5551.0,4279.0,4279.0,0.928,25-54,no,no,no,Reached shelter
Site 915,A_placement_current,42,25-201675,CJ,yes,1173.0,17798.0,56.33,299.55,5551.0,5551.0,4318.0,4318.0,0.93,55-69,yes,yes,no,Reached shelter
Site 938,A_placement_current,42,25-222008,CJ,yes,1173.0,18061.0,56.33,299.55,5551.0,5551.0,4326.0,4326.0,0.93,25-54,yes,no,no,Reached shelter
Site 1152,A_placement_current,42,25-145052,CJ,yes,1173.0,20295.0,56.33,299.55,5551.0,5551.0,4390.0,4390.0,0.931,25-54,yes,no,no,Reached shelter
Site 1181,A_placement_current,42,25-212239,CJ,yes,1173.0,21012.0,56.33,299.55,5551.0,5551.0,4413.0,4413.0,0.928,55-69,no,no,yes,Reached shelter
Site 1,A_placement_current,42,25-222229,CJ,yes,1174.0,21776.0,56.36,299.55,5556.0,5556.0,4443.0,4443.0,0.927,25-54,yes,no,no,Reached shelter
Site 146,A_placement_current,42,25-145420,CJ,yes,1174.0,15500.0,56.36,299.55,5556.0,5556.0,4259.0,4259.0,0.924,25-54,yes,no,no,Reached shelter
Site 1673,A_placement_current,42,25-145458,CJ,yes,1174.0,22761.0,56.36,299.55,5556.0,5556.0,4472.0,4472.0,0.927,25-54,yes,no,no,Reached shelter
Site 105,A_placement_current,42,25-112633,CJ,yes,1175.0,21627.0,56.4,299.55,5560.0,5560.0,4449.0,4449.0,0.92,25-54,yes,no,no,Reached shelter
Site 614,A_placement_current,42,26-140115,CJ,yes,1176.0,17347.0,56.44,299.55,5565.0,5565.0,4332.0,4332.0,0.913,25-54,no,yes,yes,Reached shelter
Site 1308,A_placement_current,42,25-201707,CJ,yes,1176.0,16360.0,56.44,299.55,5565.0,5565.0,4303.0,4303.0,0.914,55-69,no,no,no,Reached shelter
Site 1000,A_placement_current,42,26-140454,CJ,yes,1178.0,22343.0,56.51,299.55,5574.0,5574.0,4502.0,4502.0,0.9,55-69,no,no,no,Reached shelter
Site 1220,A_placement_current,42,25-167573,CJ,yes,1178.0,20440.0,56.51,299.55,5574.0,5574.0,4444.0,4444.0,0.901,25-54,yes,no,no,Reached shelter
Site 1020,A_placement_current,42,25-102165,CJ,yes,1179.0,17948.0,56.55,299.55,5579.0,5579.0,4378.0,4378.0,0.895,55-69,yes,no,no,Reached shelter
Site 96,A_placement_current,42,25-123987,CJ,yes,1180.0,13986.0,56.59,299.55,5583.0,5583.0,4275.0,4275.0,0.889,25-54,yes,no,no,Reached shelter
Site 838,A_placement_current,42,25-222072,CJ,yes,1180.0,20150.0,56.59,299.55,5583.0,5583.0,4454.0,4454.0,0.89,25-54,yes,no,no,Reached shelter
Site 1607,A_placement_current,42,25-167857,CJ,yes,1180.0,17485.0,56.59,299.55,5583.0,5583.0,4372.0,4372.0,0.89,25-54,yes,no,no,Reached shelter
Site 1323,A_placement_current,42,25-201496,CJ,yes,1181.0,18554.0,56.63,299.55,5588.0,5588.0,4416.0,4416.0,0.884,25-54,yes,no,yes,Reached shelter
Site 389,A_placement_current,42,25-145107,CJ,yes,1184.0,19554.0,56.74,299.55,5602.0,5602.0,4474.0,4474.0,0.87,25-54,yes,no,no,Reached shelter
Site 1762,A_placement_current,42,25-222243,CJ,yes,1184.0,18245.0,56.74,299.55,5602.0,5602.0,4433.0,4433.0,0.871,25-54,yes,no,no,Reached shelter
Site 2006,A_placement_current,42,25-102362,CJ,yes,1184.0,15898.0,56.74,299.55,5602.0,5602.0,4360.0,4360.0,0.87,25-54,yes,no,no,Reached shelter
Site 150,A_placement_current,42,26-140165,CJ,yes,1185.0,18823.0,56.78,299.55,5607.0,5607.0,4460.0,4460.0,0.866,25-54,yes,no,yes,Reached shelter
Site 387,A_placement_current,42,25-123717,CJ,yes,1185.0,14429.0,56.78,299.55,5607.0,5607.0,4326.0,4326.0,0.861,55-69,yes,yes,no,Reached shelter
Site 1536,A_placement_current,42,25-222243,CJ,yes,1185.0,18245.0,56.78,299.55,5607.0,5607.0,4444.0,4444.0,0.861,25-54,yes,no,no,Reached shelter
Site 299,A_placement_current,42,25-134347,CJ,yes,1186.0,20774.0,56.81,299.55,5611.0,5611.0,4533.0,4533.0,0.858,25-54,no,no,no,Reached shelter
Site 1257,A_placement_current,42,25-178800,CJ,yes,1186.0,16926.0,56.81,299.55,5611.0,5611.0,4411.0,4411.0,0.857,25-54,no,no,no,Reached shelter
Site 1768,A_placement_current,42,25-179240,CJ,yes,1186.0,17435.0,56.81,299.55,5611.0,5611.0,4427.0,4427.0,0.857,55-69,yes,no,yes,Reached shelter
Site 1561,A_placement_current,42,25-123753,CJ,yes,1187.0,14414.0,56.85,299.55,5616.0,5616.0,4342.0,4342.0,0.852,25-54,yes,no,no,Reached shelter
Site 318,A_placement_current,42,25-190505,CJ,yes,1189.0,20740.0,56.93,299.55,5625.0,5625.0,4562.0,4562.0,0.841,25-54,yes,no,yes,Reached shelter
Site 337,A_placement_current,42,26-109595,CJ,yes,1189.0,22660.0,56.93,299.55,5625.0,5625.0,4621.0,4621.0,0.843,25-54,yes,no,no,Reached shelter
Site 953,A_placement_current,42,26-130115,CJ,yes,1189.0,17758.0,56.93,299.55,5625.0,5625.0,4464.0,4464.0,0.844,25-54,yes,no,no,Reached shelter
Site 583,A_placement_current,42,26-109304,CJ,yes,1190.0,20695.0,56.96,299.55,5630.0,5630.0,4568.0,4568.0,0.839,25-54,yes,no,no,Reached shelter
Site 1958,A_placement_current,42,25-156459,CJ,yes,1190.0,18603.0,56.96,299.55,5630.0,5630.0,4501.0,4501.0,0.839,25-54,yes,yes,no,Reached shelter
Site 634,A_placement_current,42,26-130106,CJ,yes,1191.0,13960.0,57.0,299.55,5634.0,5634.0,4364.0,4364.0,0.834,25-54,yes,no,no,Reached shelter
Site 1917,A_placement_current,42,25-222244,CJ,yes,1191.0,22271.0,57.0,299.55,5634.0,5634.0,4628.0,4628.0,0.835,25-54,yes,no,yes,Reached shelter
Site 1123,A_placement_current,42,25-134314,CJ,yes,1192.0,17402.0,57.04,299.55,5639.0,5639.0,4480.0,4480.0,0.828,70+,no,no,yes,Reached shelter
Site 1193,A_placement_current,42,25-167941,CJ,yes,1192.0,19480.0,57.04,299.55,5639.0,5639.0,4549.0,4549.0,0.828,25-54,yes,no,yes,Reached shelter
Site 1246,A_placement_current,42,25-222241,CJ,yes,1192.0,24804.0,57.04,299.55,5639.0,5639.0,4732.0,4732.0,0.83,55-69,yes,no,no,Reached shelter
Site 1579,A_placement_current,42,25-112779,CJ,yes,1192.0,19496.0,57.04,299.55,5639.0,5639.0,4550.0,4550.0,0.826,25-54,yes,no,no,Reached shelter
Site 225,A_placement_current,42,25-212212,CJ,yes,1193.0,18602.0,57.08,299.55,5644.0,5644.0,4529.0,4529.0,0.825,25-54,yes,no,no,Reached shelter
Site 1211,A_placement_current,42,26-149816,CJ,yes,1194.0,19908.0,57.11,299.55,5648.0,5648.0,4583.0,4583.0,0.817,25-54,yes,no,no,Reached shelter
Site 772,A_placement_current,42,26-130200,CJ,yes,1195.0,18423.0,57.15,299.55,5653.0,5653.0,4544.0,4544.0,0.813,25-54,yes,no,no,Reached shelter
Site 1547,A_placement_current,42,26-140418,CJ,yes,1195.0,15158.0,57.15,299.55,5653.0,5653.0,4433.0,4433.0,0.814,70+,no,yes,no,Reached shelter
Site 1025,A_placement_current,42,25-167593,CJ,yes,1197.0,20402.0,57.22,299.55,5662.0,5662.0,4627.0,4627.0,0.806,25-54,yes,no,no,Reached shelter
Site 10,A_placement_current,42,25-178796,CJ,yes,1198.0,23530.0,57.26,299.55,5667.0,5667.0,4748.0,4748.0,0.801,55-69,yes,no,no,Reached shelter
Site 751,A_placement_current,42,26-140585,CJ,yes,1199.0,17290.0,57.3,299.55,5672.0,5672.0,4543.0,4543.0,0.794,55-69,yes,yes,no,Reached shelter
Site 1204,A_placement_current,42,25-102363,CJ,yes,1200.0,17075.0,57.33,299.55,5676.0,5676.0,4544.0,4544.0,0.792,25-54,yes,no,yes,Reached shelter
Site 1265,A_placement_current,42,25-179240,CJ,yes,1203.0,17435.0,57.44,299.55,5690.0,5690.0,4582.0,4582.0,0.779,25-54,yes,no,no,Reached shelter
Site 980,A_placement_current,42,25-134313,CJ,yes,1204.0,20754.0,57.48,299.55,5694.0,5694.0,4707.0,4707.0,0.773,55-69,yes,no,no,Reached shelter
Site 1078,A_placement_current,42,25-212024,CJ,yes,1204.0,20618.0,57.48,299.55,5694.0,5694.0,4701.0,4701.0,0.776,25-54,yes,no,no,Reached shelter
Site 467,A_placement_current,42,26-130199,CJ,yes,1205.0,20738.0,57.51,299.55,5699.0,5699.0,4716.0,4716.0,0.771,25-54,yes,no,no,Reached shelter
Site 1082,A_placement_current,42,25-112526,CJ,yes,1205.0,21228.0,57.51,299.55,5699.0,5699.0,4732.0,4732.0,0.77,25-54,yes,no,no,Reached shelter
Site 1114,A_placement_current,42,25-212270,CJ,yes,1205.0,14165.0,57.51,299.55,5699.0,5699.0,4484.0,4484.0,0.771,18-24,yes,no,no,Reached shelter
Site 1301,A_placement_current,42,26-109640,CJ,yes,1205.0,16343.0,57.51,299.55,5699.0,5699.0,4562.0,4562.0,0.77,55-69,yes,no,no,Reached shelter
Site 379,A_placement_current,42,26-140324,CJ,yes,1206.0,20056.0,57.55,299.55,5703.0,5703.0,4703.0,4703.0,0.765,25-54,yes,no,yes,Reached shelter
Site 1434,A_placement_current,42,25-167543,CJ,yes,1208.0,21242.0,57.62,299.55,5712.0,5712.0,4764.0,4764.0,0.756,70+,yes,no,no,Reached shelter
Site 179,A_placement_current,42,25-179310,CJ,yes,1209.0,13608.0,57.66,299.55,5717.0,5717.0,4502.0,4502.0,0.753,25-54,yes,yes,no,Reached shelter
Site 1595,A_placement_current,42,26-130182,CJ,yes,1209.0,13768.0,57.66,299.55,5717.0,5717.0,4506.0,4506.0,0.756,55-69,no,yes,no,Reached shelter
Site 1623,A_placement_current,42,25-134351,CJ,yes,1209.0,20947.0,57.66,299.55,5717.0,5717.0,4761.0,4761.0,0.754,25-54,yes,no,yes,Reached shelter
Site 97,A_placement_current,42,26-149986,CJ,yes,1211.0,23683.0,57.73,299.55,5726.0,5726.0,4900.0,4900.0,0.745,25-54,yes,no,no,Reached shelter
Site 279,A_placement_current,42,25-221982,CJ,yes,1213.0,18875.0,57.8,299.55,5735.0,5735.0,4725.0,4725.0,0.739,25-54,yes,no,no,Reached shelter
Site 974,A_placement_current,42,25-145511,CJ,yes,1213.0,17876.0,57.8,299.55,5735.0,5735.0,4688.0,4688.0,0.739,55-69,yes,yes,no,Reached shelter
Site 1424,A_placement_current,42,26-140164,CJ,yes,1213.0,17868.0,57.8,299.55,5735.0,5735.0,4689.0,4689.0,0.736,25-54,yes,no,yes,Reached shelter
Site 1393,A_placement_current,42,25-123722,CJ,yes,1214.0,17320.0,57.84,299.55,5739.0,5739.0,4677.0,4677.0,0.736,55-69,yes,no,no,Reached shelter
Site 1711,A_placement_current,42,25-221981,CJ,yes,1214.0,18366.0,57.84,299.55,5739.0,5739.0,4716.0,4716.0,0.735,55-69,yes,yes,no,Reached shelter
Site 638,A_placement_current,42,26-149635,CJ,yes,1215.0,17063.0,57.87,299.55,5744.0,5744.0,4676.0,4676.0,0.732,25-54,yes,no,no,Reached shelter
Site 1821,A_placement_current,42,25-123821,CJ,yes,1215.0,14812.0,57.87,299.55,5744.0,5744.0,4593.0,4593.0,0.73,55-69,yes,no,no,Reached shelter
Site 998,A_placement_current,42,25-212525,CJ,yes,1218.0,14958.0,57.98,299.55,5758.0,5758.0,4625.0,4625.0,0.719,55-69,yes,no,no,Reached shelter
Site 277,A_placement_current,42,26-109550,CJ,yes,1219.0,14486.0,58.02,299.55,5762.0,5762.0,4616.0,4616.0,0.714,55-69,yes,no,no,Reached shelter
Site 9,A_placement_current,42,26-130108,CJ,yes,1221.0,22144.0,58.09,299.55,5771.0,5771.0,4934.0,4934.0,0.709,25-54,yes,no,yes,Reached shelter
Site 259,A_placement_current,42,26-129735,CJ,yes,1225.0,20727.0,58.23,299.55,5789.0,5789.0,4907.0,4907.0,0.696,25-54,yes,no,no,Reached shelter
Site 1750,A_placement_current,42,25-222073,CJ,yes,1225.0,16751.0,58.23,299.55,5789.0,5789.0,4754.0,4754.0,0.694,55-69,yes,no,no,Reached shelter
Site 1436,A_placement_current,42,26-149983,CJ,yes,1229.0,20266.0,58.37,299.55,5807.0,5807.0,4927.0,4927.0,0.682,18-24,yes,no,no,Reached shelter
Site 1107,A_placement_current,42,25-190726,CJ,yes,1230.0,20850.0,58.41,299.55,5812.0,5812.0,4961.0,4961.0,0.68,25-54,yes,no,no,Reached shelter
Site 570,A_placement_current,42,25-112962,CJ,yes,1232.0,20737.0,58.48,299.55,5821.0,5821.0,4976.0,4976.0,0.672,25-54,yes,no,yes,Reached shelter
Site 1131,A_placement_current,42,26-149750,CJ,yes,1232.0,14003.0,58.48,299.55,5821.0,5821.0,4705.0,4705.0,0.671,25-54,yes,no,no,Reached shelter
Site 1877,A_placement_current,42,26-140323,CJ,yes,1232.0,22435.0,58.48,299.55,5821.0,5821.0,5065.0,5065.0,0.673,25-54,yes,no,no,Reached shelter
Site 168,A_placement_current,42,25-145299,CJ,yes,1235.0,19135.0,58.59,299.55,5834.0,5834.0,4941.0,4941.0,0.662,25-54,yes,no,no,Reached shelter
Site 44,A_placement_current,42,26-149705,CJ,yes,1237.0,16549.0,58.66,299.55,5843.0,5843.0,4852.0,4852.0,0.658,18-24,yes,no,no,Reached shelter
Site 616,A_placement_current,42,25-190662,CJ,yes,1237.0,15317.0,58.66,299.55,5843.0,5843.0,4802.0,4802.0,0.657,55-69,yes,yes,no,Reached shelter
Site 270,A_placement_current,42,25-134498,CJ,yes,1240.0,19913.0,58.77,299.55,5857.0,5857.0,5017.0,5017.0,0.648,25-54,yes,no,no,Reached shelter
Site 1471,A_placement_current,42,25-201205,CJ,yes,1241.0,20414.0,58.8,299.55,5862.0,5862.0,5053.0,5053.0,0.644,55-69,yes,no,no,Reached shelter
Site 202,A_placement_current,42,25-145005,CJ,yes,1242.0,22691.0,58.84,299.55,5866.0,5866.0,5198.0,5198.0,0.641,55-69,yes,no,no,Reached shelter
Site 695,A_placement_current,42,25-134524,CJ,yes,1248.0,25017.0,59.05,299.55,5893.0,5893.0,5503.0,5503.0,0.624,55-69,yes,no,no,Reached shelter
Site 901,A_placement_current,42,25-134631,CJ,yes,1252.0,17334.0,59.19,299.55,5911.0,5911.0,5019.0,5019.0,0.614,70+,yes,no,no,Reached shelter
Site 1899,A_placement_current,42,25-134513,CJ,yes,1261.0,19831.0,59.51,299.55,5952.0,5952.0,5222.0,5222.0,0.591,25-54,yes,yes,no,Reached shelter
Site 7,A_placement_current,42,25-145307,CJ,yes,1267.0,15545.0,59.71,299.55,5978.0,5978.0,5068.0,5068.0,0.577,25-54,yes,yes,no,Reached shelter
Site 19,A_placement_current,42,25-123807,CJ,yes,1267.0,17674.0,59.71,299.55,5978.0,5978.0,5166.0,5166.0,0.578,25-54,yes,no,no,Reached shelter
Site 392,A_placement_current,42,25-112800,CJ,yes,1267.0,12679.0,59.71,299.55,5978.0,5978.0,4932.0,4932.0,0.576,55-69,yes,no,no,Reached shelter
Site 987,A_placement_current,42,26-149779,CJ,yes,1273.0,17418.0,59.9,299.55,6003.0,6003.0,5206.0,5206.0,0.564,55-69,yes,no,no,Reached shelter
Site 650,A_placement_current,42,25-212023,CJ,yes,1278.0,14724.0,60.07,299.55,6025.0,6025.0,5118.0,5118.0,0.553,25-54,yes,no,no,Reached shelter
Site 1068,A_placement_current,42,25-167616,CJ,yes,1282.0,14489.0,60.2,299.55,6042.0,6042.0,5140.0,5140.0,0.544,55-69,yes,no,no,Reached shelter
Site 481,A_placement_current,42,25-212061,CJ,yes,1285.0,14940.0,60.3,299.55,6055.0,6055.0,5187.0,5187.0,0.539,55-69,yes,no,no,Reached shelter
Site 1787,A_placement_current,42,26-150049,CJ,yes,1289.0,23495.0,60.43,299.55,6072.0,6072.0,5928.0,5928.0,0.531,25-54,yes,no,no,Reached shelter
Site 424,A_placement_current,42,25-112594,CJ,yes,1290.0,16081.0,60.46,299.55,6077.0,6077.0,5287.0,5287.0,0.527,25-54,yes,no,no,Reached shelter
Site 1431,A_placement_current,42,25-123983,CJ,yes,1295.0,15974.0,60.63,299.55,6098.0,6098.0,5324.0,5324.0,0.518,25-54,yes,no,no,Reached shelter
Site 1169,A_placement_current,42,25-167667,CJ,yes,1302.0,19074.0,60.86,299.55,6128.0,6128.0,5569.0,5569.0,0.505,55-69,yes,no,no,Reached shelter
Site 1284,A_placement_current,42,25-102458,CJ,yes,1302.0,13547.0,60.86,299.55,6128.0,6128.0,5250.0,5250.0,0.506,55-69,yes,no,no,Reached shelter
Site 982,A_placement_current,42,26-109623,CJ,yes,1305.0,11767.0,60.96,299.55,6141.0,6141.0,5184.0,5184.0,0.5,25-54,yes,no,no,Reached shelter
Site 1157,A_placement_current,42,25-221862,CJ,yes,1309.0,15577.0,61.09,299.55,6159.0,6159.0,5418.0,5418.0,0.493,25-54,yes,no,no,Reached shelter
Site 121,A_placement_current,42,25-145207,CJ,yes,1313.0,17669.0,61.22,299.55,6176.0,6176.0,5572.0,5572.0,0.487,55-69,yes,no,no,Reached shelter
Site 992,A_placement_current,42,25-123789,CJ,yes,1314.0,16670.0,61.25,299.55,6180.0,6180.0,5520.0,5520.0,0.485,25-54,yes,no,yes,Reached shelter
Site 831,A_placement_current,42,25-156679,CJ,yes,1316.0,14503.0,61.32,299.55,6189.0,6189.0,5417.0,5417.0,0.481,18-24,yes,no,no,Reached shelter
Site 1968,A_placement_current,42,26-119515,CJ,yes,1338.0,19510.0,61.95,299.55,6275.0,6275.0,5986.0,5986.0,0.449,55-69,yes,yes,no,Reached shelter
Site 345,A_placement_current,42,25-178882,CJ,yes,1347.0,13043.0,62.2,299.55,6310.0,6310.0,5558.0,5558.0,0.436,25-54,yes,no,no,Reached shelter
Site 118,A_placement_current,42,25-102563,CJ,yes,1353.0,18754.0,62.37,299.55,6333.0,6333.0,6048.0,6048.0,0.429,55-69,yes,no,yes,Reached shelter
Site 1643,A_placement_current,42,25-156460,CJ,yes,1358.0,11786.0,62.51,299.55,6353.0,6353.0,5555.0,5555.0,0.421,25-54,yes,yes,no,Reached shelter
Site 1823,A_placement_current,42,26-150012,CJ,yes,1365.0,12794.0,62.7,299.55,6380.0,6380.0,5669.0,5669.0,0.413,25-54,yes,no,no,Reached shelter
Site 1530,A_placement_current,42,25-112593,CJ,yes,1366.0,20004.0,62.73,299.55,6384.0,6384.0,6405.0,6405.0,0.412,55-69,yes,no,no,Reached shelter
Site 24,A_placement_current,42,25-212331,,no,,0.0,173.09,562.7,54003.0,54003.0,32942.0,32942.0,1.686,25-54,no,yes,no,No shelter reachable on foot
Site 64,A_placement_current,42,26-129907,,no,,0.0,173.09,562.7,54003.0,54003.0,32942.0,32942.0,1.264,25-54,no,no,no,No shelter reachable on foot
Site 186,A_placement_current,42,25-212479,,no,,0.0,173.09,562.7,54003.0,54003.0,32942.0,32942.0,1.183,18-24,no,yes,no,No shelter reachable on foot
Site 220,A_placement_current,42,25-123630,,no,,0.0,173.09,562.7,54003.0,54003.0,32942.0,32942.0,0.856,25-54,yes,no,no,No shelter reachable on foot
Site 250,A_placement_current,42,26-119488,,no,,0.0,173.09,562.7,54003.0,54003.0,32942.0,32942.0,1.222,25-54,no,no,no,No shelter reachable on foot
Site 488,A_placement_current,42,26-109726,,no,,0.0,173.09,562.7,54003.0,54003.0,32942.0,32942.0,1.406,25-54,no,no,no,No shelter reachable on foot
Site 699,A_placement_current,42,25-167558,,no,,0.0,173.09,562.7,54003.0,54003.0,32942.0,32942.0,1.246,55-69,yes,no,no,No shelter reachable on foot
Site 921,A_placement_current,42,25-123670,,no,,0.0,173.09,562.7,54003.0,54003.0,32942.0,32942.0,1.558,25-54,no,no,no,No shelter reachable on foot
Site 1186,A_placement_current,42,26-119488,,no,,0.0,173.09,562.7,54003.0,54003.0,32942.0,32942.0,1.042,55-69,no,no,no,No shelter reachable on foot
Site 1259,A_placement_current,42,25-134575,,no,,0.0,173.09,562.7,54003.0,54003.0,32942.0,32942.0,1.431,25-54,no,no,no,No shelter reachable on foot
Site 1262,A_placement_current,42,26-109648,,no,,0.0,173.09,562.7,54003.0,54003.0,32942.0,32942.0,1.278,25-54,yes,no,no,No shelter reachable on foot
Site 1384,A_placement_current,42,25-123670,,no,,0.0,173.09,562.7,54003.0,54003.0,32942.0,32942.0,1.449,25-54,yes,no,no,No shelter reachable on foot
Site 1704,A_placement_current,42,26-129907,,no,,0.0,173.09,562.7,54003.0,54003.0,32942.0,32942.0,1.161,25-54,no,no,yes,No shelter reachable on foot
Site 1777,A_placement_current,42,25-167699,,no,,0.0,173.09,562.7,54003.0,54003.0,32942.0,32942.0,1.269,55-69,no,yes,no,No shelter reachable on foot
Site 1953,A_placement_current,42,26-119488,,no,,0.0,173.09,562.7,54003.0,54003.0,32942.0,32942.0,1.248,25-54,no,no,yes,No shelter reachable on foot
Site 1175,B_placement_optimized,42,25-201641,OPT1,yes,0.0,33.0,17.14,112.1,1354.0,1354.0,826.0,826.0,1.633,25-54,no,no,no,Reached shelter
Site 1200,B_placement_optimized,42,25-123868,OPT1,yes,0.0,37.0,17.14,112.1,1354.0,1354.0,826.0,826.0,1.282,25-54,no,no,no,Reached shelter
Site 266,B_placement_optimized,42,25-124009,OPT1,yes,1.0,160.0,17.15,112.1,1355.0,1355.0,828.0,828.0,1.455,25-54,no,no,no,Reached shelter
Site 371,B_placement_optimized,42,25-190338,OPT1,yes,2.0,189.0,17.16,112.1,1356.0,1356.0,829.0,829.0,1.224,55-69,no,no,no,Reached shelter
Site 628,B_placement_optimized,42,25-145303,OPT1,yes,2.0,322.0,17.16,112.1,1356.0,1356.0,829.0,829.0,2.018,55-69,no,no,no,Reached shelter
Site 932,B_placement_optimized,42,26-109571,OPT1,yes,2.0,196.0,17.16,112.1,1356.0,1356.0,829.0,829.0,1.097,55-69,yes,no,yes,Reached shelter
Site 1237,B_placement_optimized,42,25-134362,OPT1,yes,2.0,180.0,17.16,112.1,1356.0,1356.0,829.0,829.0,1.252,55-69,no,no,no,Reached shelter
Site 1519,B_placement_optimized,42,25-201691,OPT1,yes,2.0,237.0,17.16,112.1,1356.0,1356.0,829.0,829.0,1.335,55-69,no,no,no,Reached shelter
Site 1800,B_placement_optimized,42,26-130094,OPT1,yes,2.0,278.0,17.16,112.1,1356.0,1356.0,829.0,829.0,1.56,25-54,no,no,no,Reached shelter
Site 1878,B_placement_optimized,42,25-134454,OPT1,yes,2.0,199.0,17.16,112.1,1356.0,1356.0,829.0,829.0,1.61,25-54,no,no,no,Reached shelter
Site 586,B_placement_optimized,42,25-190357,OPT1,yes,3.0,355.0,17.17,112.1,1357.0,1357.0,831.0,831.0,1.494,55-69,no,no,no,Reached shelter
Site 756,B_placement_optimized,42,26-109654,OPT1,yes,3.0,356.0,17.17,112.1,1357.0,1357.0,831.0,831.0,1.528,25-54,no,no,no,Reached shelter
Site 961,B_placement_optimized,42,26-130094,OPT1,yes,3.0,278.0,17.17,112.1,1357.0,1357.0,831.0,831.0,1.382,25-54,no,no,no,Reached shelter
Site 1075,B_placement_optimized,42,25-134362,OPT1,yes,3.0,180.0,17.17,112.1,1357.0,1357.0,831.0,831.0,0.866,25-54,no,no,no,Reached shelter
Site 1592,B_placement_optimized,42,26-130216,OPT1,yes,3.0,311.0,17.17,112.1,1357.0,1357.0,831.0,831.0,1.593,25-54,yes,no,no,Reached shelter
Site 1853,B_placement_optimized,42,26-129897,OPT1,yes,3.0,342.0,17.17,112.1,1357.0,1357.0,831.0,831.0,1.646,25-54,no,no,no,Reached shelter
Site 2021,B_placement_optimized,42,25-190339,OPT1,yes,3.0,269.0,17.17,112.1,1357.0,1357.0,831.0,831.0,1.35,25-54,no,no,no,Reached shelter
Site 31,B_placement_optimized,42,25-212115,OPT1,yes,4.0,391.0,17.18,112.1,1358.0,1358.0,832.0,832.0,1.318,25-54,no,no,no,Reached shelter
Site 79,B_placement_optimized,42,25-145014,OPT1,yes,4.0,350.0,17.18,112.1,1358.0,1358.0,832.0,832.0,1.407,55-69,no,no,no,Reached shelter
Site 557,B_placement_optimized,42,25-112702,OPT1,yes,4.0,355.0,17.18,112.1,1358.0,1358.0,832.0,832.0,1.446,25-54,no,yes,no,Reached shelter
Site 750,B_placement_optimized,42,25-145303,OPT1,yes,4.0,322.0,17.18,112.1,1358.0,1358.0,832.0,832.0,1.262,18-24,no,yes,no,Reached shelter
Site 788,B_placement_optimized,42,25-190338,OPT1,yes,4.0,189.0,17.18,112.1,1358.0,1358.0,832.0,832.0,0.773,55-69,yes,no,no,Reached shelter
Site 1104,B_placement_optimized,42,26-130216,OPT1,yes,4.0,311.0,17.18,112.1,1358.0,1358.0,832.0,832.0,1.136,55-69,no,no,no,Reached shelter
Site 1297,B_placement_optimized,42,25-102480,OPT1,yes,4.0,409.0,17.18,112.1,1358.0,1358.0,832.0,832.0,1.55,25-54,no,no,no,Reached shelter
Site 1484,B_placement_optimized,42,25-167622,OPT1,yes,4.0,365.0,17.18,112.1,1358.0,1358.0,832.0,832.0,1.436,25-54,no,no,no,Reached shelter
Site 1685,B_placement_optimized,42,26-129897,OPT1,yes,4.0,342.0,17.18,112.1,1358.0,1358.0,832.0,832.0,1.198,25-54,no,no,no,Reached shelter
Site 1811,B_placement_optimized,42,25-212115,OPT1,yes,4.0,391.0,17.18,112.1,1358.0,1358.0,832.0,832.0,1.321,25-54,no,yes,no,Reached shelter
Site 1828,B_placement_optimized,42,25-134247,OPT1,yes,4.0,395.0,17.18,112.1,1358.0,1358.0,832.0,832.0,1.544,25-54,no,no,no,Reached shelter
Site 1927,B_placement_optimized,42,26-109490,OPT1,yes,4.0,433.0,17.18,112.1,1358.0,1358.0,832.0,832.0,1.49,25-54,no,no,yes,Reached shelter
Site 1941,B_placement_optimized,42,26-109654,OPT1,yes,4.0,356.0,17.18,112.1,1358.0,1358.0,832.0,832.0,1.19,25-54,yes,no,no,Reached shelter
Site 47,B_placement_optimized,42,25-212243,OPT1,yes,5.0,410.0,17.19,112.1,1359.0,1359.0,834.0,834.0,1.287,25-54,no,no,no,Reached shelter
Site 438,B_placement_optimized,42,26-149630,OPT1,yes,5.0,494.0,17.19,112.1,1359.0,1359.0,834.0,834.0,1.569,25-54,no,no,no,Reached shelter
Site 597,B_placement_optimized,42,26-149630,OPT1,yes,5.0,494.0,17.19,112.1,1359.0,1359.0,834.0,834.0,1.641,25-54,no,no,no,Reached shelter
Site 779,B_placement_optimized,42,25-190359,OPT1,yes,5.0,436.0,17.19,112.1,1359.0,1359.0,834.0,834.0,1.227,25-54,no,no,no,Reached shelter
Site 893,B_placement_optimized,42,26-149630,OPT1,yes,5.0,494.0,17.19,112.1,1359.0,1359.0,834.0,834.0,1.571,25-54,no,yes,no,Reached shelter
Site 991,B_placement_optimized,42,25-212163,OPT1,yes,5.0,574.0,17.19,112.1,1359.0,1359.0,834.0,834.0,1.68,25-54,no,no,no,Reached shelter
Site 1005,B_placement_optimized,42,25-201727,OPT1,yes,5.0,430.0,17.19,112.1,1359.0,1359.0,834.0,834.0,1.268,25-54,no,no,no,Reached shelter
Site 1132,B_placement_optimized,42,25-212523,OPT1,yes,5.0,422.0,17.19,112.1,1359.0,1359.0,834.0,834.0,1.201,25-54,no,no,no,Reached shelter
Site 1318,B_placement_optimized,42,25-134359,OPT1,yes,5.0,348.0,17.19,112.1,1359.0,1359.0,834.0,834.0,1.143,25-54,no,yes,no,Reached shelter
Site 1929,B_placement_optimized,42,26-109426,OPT1,yes,5.0,352.0,17.19,112.1,1359.0,1359.0,834.0,834.0,1.065,25-54,no,no,no,Reached shelter
Site 1951,B_placement_optimized,42,25-102480,OPT1,yes,5.0,409.0,17.19,112.1,1359.0,1359.0,834.0,834.0,1.248,25-54,no,no,no,Reached shelter
Site 264,B_placement_optimized,42,26-109743,OPT1,yes,6.0,563.0,17.19,112.1,1360.0,1360.0,836.0,836.0,1.342,25-54,no,no,no,Reached shelter
Site 465,B_placement_optimized,42,25-178839,OPT1,yes,6.0,638.0,17.19,112.1,1360.0,1360.0,836.0,836.0,1.533,25-54,no,no,no,Reached shelter
Site 548,B_placement_optimized,42,25-123897,OPT1,yes,6.0,562.0,17.19,112.1,1360.0,1360.0,836.0,836.0,1.348,25-54,no,no,no,Reached shelter
Site 615,B_placement_optimized,42,25-112700,OPT1,yes,6.0,435.0,17.19,112.1,1360.0,1360.0,836.0,836.0,1.129,25-54,no,no,no,Reached shelter
Site 672,B_placement_optimized,42,25-123897,OPT1,yes,6.0,562.0,17.19,112.1,1360.0,1360.0,836.0,836.0,1.387,25-54,no,no,no,Reached shelter
Site 963,B_placement_optimized,42,26-109556,OPT1,yes,6.0,425.0,17.19,112.1,1360.0,1360.0,836.0,836.0,1.104,55-69,no,no,no,Reached shelter
Site 1066,B_placement_optimized,42,26-150075,OPT1,yes,6.0,574.0,17.19,112.1,1360.0,1360.0,836.0,836.0,1.384,25-54,no,no,no,Reached shelter
Site 1139,B_placement_optimized,42,26-119311,OPT1,yes,6.0,563.0,17.19,112.1,1360.0,1360.0,836.0,836.0,1.514,25-54,no,no,no,Reached shelter
Site 1275,B_placement_optimized,42,26-130216,OPT1,yes,6.0,311.0,17.19,112.1,1360.0,1360.0,836.0,836.0,0.851,25-54,yes,no,no,Reached shelter
Site 1417,B_placement_optimized,42,26-149630,OPT1,yes,6.0,494.0,17.19,112.1,1360.0,1360.0,836.0,836.0,1.346,25-54,no,no,no,Reached shelter
Site 1460,B_placement_optimized,42,25-102461,OPT1,yes,6.0,515.0,17.19,112.1,1360.0,1360.0,836.0,836.0,1.418,55-69,no,no,yes,Reached shelter
Site 1585,B_placement_optimized,42,26-149683,OPT1,yes,6.0,610.0,17.19,112.1,1360.0,1360.0,836.0,836.0,1.623,25-54,no,no,no,Reached shelter
Site 356,B_placement_optimized,42,25-190789,OPT1,yes,7.0,610.0,17.2,112.1,1361.0,1361.0,837.0,837.0,1.436,55-69,no,no,no,Reached shelter
Site 410,B_placement_optimized,42,26-109426,OPT1,yes,7.0,352.0,17.2,112.1,1361.0,1361.0,837.0,837.0,0.744,55-69,yes,no,yes,Reached shelter
Site 580,B_placement_optimized,42,25-123869,OPT1,yes,7.0,628.0,17.2,112.1,1361.0,1361.0,837.0,837.0,1.487,25-54,no,no,no,Reached shelter
Site 601,B_placement_optimized,42,25-102201,OPT1,yes,7.0,577.0,17.2,112.1,1361.0,1361.0,837.0,837.0,1.285,25-54,no,no,no,Reached shelter
Site 761,B_placement_optimized,42,26-119753,OPT1,yes,7.0,577.0,17.2,112.1,1361.0,1361.0,837.0,837.0,1.241,25-54,no,no,no,Reached shelter
Site 816,B_placement_optimized,42,25-102201,OPT1,yes,7.0,577.0,17.2,112.1,1361.0,1361.0,837.0,837.0,1.213,55-69,no,no,yes,Reached shelter
Site 858,B_placement_optimized,42,25-178839,OPT1,yes,7.0,638.0,17.2,112.1,1361.0,1361.0,837.0,837.0,1.444,25-54,no,no,no,Reached shelter
Site 1125,B_placement_optimized,42,25-123958,OPT1,yes,7.0,816.0,17.2,112.1,1361.0,1361.0,837.0,837.0,1.794,25-54,no,no,no,Reached shelter
Site 1146,B_placement_optimized,42,25-201723,OPT1,yes,7.0,636.0,17.2,112.1,1361.0,1361.0,837.0,837.0,1.407,25-54,no,no,no,Reached shelter
Site 1198,B_placement_optimized,42,25-190502,OPT1,yes,7.0,578.0,17.2,112.1,1361.0,1361.0,837.0,837.0,1.37,18-24,no,yes,no,Reached shelter
Site 1345,B_placement_optimized,42,25-190354,OPT1,yes,7.0,494.0,17.2,112.1,1361.0,1361.0,837.0,837.0,1.169,25-54,no,no,yes,Reached shelter
Site 1348,B_placement_optimized,42,25-134436,OPT1,yes,7.0,515.0,17.2,112.1,1361.0,1361.0,837.0,837.0,1.128,25-54,no,no,no,Reached shelter
Site 1682,B_placement_optimized,42,25-179260,OPT1,yes,7.0,516.0,17.2,112.1,1361.0,1361.0,837.0,837.0,1.077,25-54,yes,no,no,Reached shelter
Site 1909,B_placement_optimized,42,26-149683,OPT1,yes,7.0,610.0,17.2,112.1,1361.0,1361.0,837.0,837.0,1.374,25-54,no,no,no,Reached shelter
Site 107,B_placement_optimized,42,25-123869,OPT1,yes,8.0,628.0,17.21,112.1,1362.0,1362.0,839.0,839.0,1.216,18-24,no,no,yes,Reached shelter
Site 108,B_placement_optimized,42,26-119682,OPT1,yes,8.0,634.0,17.21,112.1,1362.0,1362.0,839.0,839.0,1.255,55-69,yes,no,no,Reached shelter
Site 195,B_placement_optimized,42,25-190502,OPT1,yes,8.0,578.0,17.21,112.1,1362.0,1362.0,839.0,839.0,1.186,25-54,no,no,no,Reached shelter
Site 607,B_placement_optimized,42,25-102461,OPT1,yes,8.0,515.0,17.21,112.1,1362.0,1362.0,839.0,839.0,1.049,55-69,yes,no,no,Reached shelter
Site 705,B_placement_optimized,42,25-123582,OPT1,yes,8.0,641.0,17.21,112.1,1362.0,1362.0,839.0,839.0,1.288,25-54,no,no,yes,Reached shelter
Site 1037,B_placement_optimized,42,25-190754,OPT1,yes,8.0,608.0,17.21,112.1,1362.0,1362.0,839.0,839.0,1.13,25-54,no,no,yes,Reached shelter
Site 1340,B_placement_optimized,42,25-145208,OPT1,yes,8.0,735.0,17.21,112.1,1362.0,1362.0,839.0,839.0,1.455,25-54,no,no,no,Reached shelter
Site 1402,B_placement_optimized,42,25-190502,OPT1,yes,8.0,578.0,17.21,112.1,1362.0,1362.0,839.0,839.0,1.082,25-54,yes,yes,no,Reached shelter
Site 1859,B_placement_optimized,42,25-178899,OPT1,yes,8.0,718.0,17.21,112.1,1362.0,1362.0,839.0,839.0,1.45,25-54,no,no,no,Reached shelter
Site 6,B_placement_optimized,42,25-123572,OPT1,yes,9.0,885.0,17.22,112.1,1363.0,1363.0,841.0,841.0,1.556,25-54,no,no,no,Reached shelter
Site 54,B_placement_optimized,42,25-123958,OPT1,yes,9.0,816.0,17.22,112.1,1363.0,1363.0,841.0,841.0,1.5,25-54,no,no,no,Reached shelter
Site 245,B_placement_optimized,42,26-109344,OPT1,yes,9.0,859.0,17.22,112.1,1363.0,1363.0,841.0,841.0,1.437,25-54,no,no,no,Reached shelter
Site 294,B_placement_optimized,42,25-156313,OPT1,yes,9.0,654.0,17.22,112.1,1363.0,1363.0,841.0,841.0,1.191,25-54,no,no,no,Reached shelter
Site 680,B_placement_optimized,42,25-102148,OPT1,yes,9.0,1100.0,17.22,112.1,1363.0,1363.0,841.0,841.0,1.898,25-54,no,no,no,Reached shelter
Site 950,B_placement_optimized,42,25-167556,OPT1,yes,9.0,819.0,17.22,112.1,1363.0,1363.0,841.0,841.0,1.395,55-69,no,no,no,Reached shelter
Site 1120,B_placement_optimized,42,25-201421,OPT1,yes,9.0,827.0,17.22,112.1,1363.0,1363.0,841.0,841.0,1.468,25-54,no,no,no,Reached shelter
Site 1622,B_placement_optimized,42,25-190754,OPT1,yes,9.0,608.0,17.22,112.1,1363.0,1363.0,841.0,841.0,1.02,25-54,no,no,no,Reached shelter
Site 1657,B_placement_optimized,42,25-201189,OPT1,yes,9.0,665.0,17.22,112.1,1363.0,1363.0,841.0,841.0,1.145,25-54,no,no,no,Reached shelter
Site 1717,B_placement_optimized,42,25-123845,OPT1,yes,9.0,632.0,17.22,112.1,1363.0,1363.0,841.0,841.0,1.127,25-54,no,no,no,Reached shelter
Site 1925,B_placement_optimized,42,26-140544,OPT1,yes,9.0,832.0,17.22,112.1,1363.0,1363.0,841.0,841.0,1.424,25-54,no,no,no,Reached shelter
Site 2,B_placement_optimized,42,25-179260,OPT1,yes,10.0,516.0,17.23,112.1,1364.0,1364.0,842.0,842.0,0.826,25-54,yes,no,no,Reached shelter
Site 58,B_placement_optimized,42,25-134363,OPT1,yes,10.0,874.0,17.23,112.1,1364.0,1364.0,842.0,842.0,1.404,55-69,no,no,no,Reached shelter
Site 203,B_placement_optimized,42,25-201421,OPT1,yes,10.0,827.0,17.23,112.1,1364.0,1364.0,842.0,842.0,1.356,55-69,no,yes,no,Reached shelter
Site 295,B_placement_optimized,42,26-129883,OPT1,yes,10.0,1063.0,17.23,112.1,1364.0,1364.0,842.0,842.0,1.66,25-54,no,no,no,Reached shelter
Site 394,B_placement_optimized,42,25-212234,OPT1,yes,10.0,899.0,17.23,112.1,1364.0,1364.0,842.0,842.0,1.409,25-54,no,no,no,Reached shelter
Site 523,B_placement_optimized,42,25-179039,OPT1,yes,10.0,687.0,17.23,112.1,1364.0,1364.0,842.0,842.0,1.142,25-54,no,yes,yes,Reached shelter
Site 1083,B_placement_optimized,42,25-102109,OPT1,yes,10.0,844.0,17.23,112.1,1364.0,1364.0,842.0,842.0,1.36,25-54,no,no,no,Reached shelter
Site 1904,B_placement_optimized,42,25-201421,OPT1,yes,10.0,827.0,17.23,112.1,1364.0,1364.0,842.0,842.0,1.316,18-24,no,no,no,Reached shelter
Site 130,B_placement_optimized,42,25-222039,OPT1,yes,11.0,981.0,17.24,112.1,1365.0,1365.0,844.0,844.0,1.467,25-54,no,no,no,Reached shelter
Site 156,B_placement_optimized,42,25-190701,OPT1,yes,11.0,1235.0,17.24,112.1,1365.0,1365.0,844.0,844.0,1.768,25-54,no,no,no,Reached shelter
Site 170,B_placement_optimized,42,25-201604,OPT1,yes,11.0,960.0,17.24,112.1,1365.0,1365.0,844.0,844.0,1.366,25-54,no,no,no,Reached shelter
Site 519,B_placement_optimized,42,25-201604,OPT1,yes,11.0,960.0,17.24,112.1,1365.0,1365.0,844.0,844.0,1.43,25-54,no,no,no,Reached shelter
Site 562,B_placement_optimized,42,25-102148,OPT1,yes,11.0,1100.0,17.24,112.1,1365.0,1365.0,844.0,844.0,1.535,25-54,no,no,no,Reached shelter
Site 595,B_placement_optimized,42,26-130128,OPT1,yes,11.0,949.0,17.24,112.1,1365.0,1365.0,844.0,844.0,1.399,25-54,no,no,no,Reached shelter
Site 803,B_placement_optimized,42,26-109574,OPT1,yes,11.0,948.0,17.24,112.1,1365.0,1365.0,844.0,844.0,1.4,25-54,no,no,no,Reached shelter
Site 818,B_placement_optimized,42,26-119355,OPT1,yes,11.0,966.0,17.24,112.1,1365.0,1365.0,844.0,844.0,1.408,25-54,no,no,no,Reached shelter
Site 889,B_placement_optimized,42,25-112673,OPT1,yes,12.0,839.0,17.25,112.1,1366.0,1366.0,845.0,845.0,1.152,55-69,no,no,no,Reached shelter
Site 1681,B_placement_optimized,42,25-145000,OPT1,yes,12.0,1150.0,17.25,112.1,1366.0,1366.0,845.0,845.0,1.539,25-54,yes,no,no,Reached shelter
Site 1735,B_placement_optimized,42,25-222039,OPT1,yes,12.0,981.0,17.25,112.1,1366.0,1366.0,845.0,845.0,1.348,25-54,no,no,no,Reached shelter
Site 1928,B_placement_optimized,42,25-201733,OPT1,yes,12.0,760.0,17.25,112.1,1366.0,1366.0,845.0,845.0,1.043,25-54,no,no,yes,Reached shelter
Site 2028,B_placement_optimized,42,25-201718,OPT1,yes,12.0,1111.0,17.25,112.1,1366.0,1366.0,845.0,845.0,1.496,25-54,no,no,no,Reached shelter
Site 476,B_placement_optimized,42,25-179118,OPT1,yes,13.0,1272.0,17.26,112.1,1367.0,1367.0,847.0,847.0,1.528,25-54,no,no,no,Reached shelter
Site 535,B_placement_optimized,42,25-190799,OPT1,yes,13.0,552.0,17.26,112.1,1367.0,1367.0,847.0,847.0,0.69,25-54,yes,no,yes,Reached shelter
Site 561,B_placement_optimized,42,25-112905,OPT1,yes,13.0,1099.0,17.26,112.1,1367.0,1367.0,847.0,847.0,1.389,25-54,no,no,no,Reached shelter
Site 627,B_placement_optimized,42,25-201711,OPT1,yes,13.0,1155.0,17.26,112.1,1367.0,1367.0,847.0,847.0,1.479,25-54,no,no,yes,Reached shelter
Site 877,B_placement_optimized,42,25-134358,OPT1,yes,13.0,965.0,17.26,112.1,1367.0,1367.0,847.0,847.0,1.154,55-69,no,no,no,Reached shelter
Site 962,B_placement_optimized,42,25-179249,OPT1,yes,13.0,1224.0,17.26,112.1,1367.0,1367.0,847.0,847.0,1.475,25-54,no,no,no,Reached shelter
Site 1127,B_placement_optimized,42,25-201718,OPT1,yes,13.0,1111.0,17.26,112.1,1367.0,1367.0,847.0,847.0,1.333,25-54,no,no,no,Reached shelter
Site 1197,B_placement_optimized,42,25-123959,OPT1,yes,13.0,1343.0,17.26,112.1,1367.0,1367.0,847.0,847.0,1.605,55-69,no,no,no,Reached shelter
Site 1441,B_placement_optimized,42,26-130128,OPT1,yes,13.0,949.0,17.26,112.1,1367.0,1367.0,847.0,847.0,1.177,55-69,yes,no,no,Reached shelter
Site 1545,B_placement_optimized,42,25-178974,OPT1,yes,13.0,1086.0,17.26,112.1,1367.0,1367.0,847.0,847.0,1.339,25-54,no,no,no,Reached shelter
Site 1885,B_placement_optimized,42,25-201208,OPT1,yes,13.0,1371.0,17.26,112.1,1367.0,1367.0,847.0,847.0,1.704,25-54,no,yes,no,Reached shelter
Site 1893,B_placement_optimized,42,25-212453,OPT1,yes,13.0,1156.0,17.26,112.1,1367.0,1367.0,847.0,847.0,1.41,55-69,no,no,no,Reached shelter
Site 1897,B_placement_optimized,42,25-212203,OPT1,yes,13.0,793.0,17.26,112.1,1367.0,1367.0,847.0,847.0,0.998,25-54,yes,yes,no,Reached shelter
Site 219,B_placement_optimized,42,25-201711,OPT1,yes,14.0,1155.0,17.27,112.1,1368.0,1368.0,849.0,849.0,1.288,25-54,no,no,no,Reached shelter
Site 700,B_placement_optimized,42,25-156345,OPT1,yes,14.0,1093.0,17.27,112.1,1368.0,1368.0,849.0,849.0,1.285,25-54,no,no,no,Reached shelter
Site 1118,B_placement_optimized,42,25-201711,OPT1,yes,14.0,1155.0,17.27,112.1,1368.0,1368.0,849.0,849.0,1.308,18-24,no,no,no,Reached shelter
Site 1433,B_placement_optimized,42,25-134224,OPT1,yes,14.0,1267.0,17.27,112.1,1368.0,1368.0,849.0,849.0,1.486,25-54,no,no,no,Reached shelter
Site 1500,B_placement_optimized,42,25-145300,OPT1,yes,14.0,1088.0,17.27,112.1,1368.0,1368.0,849.0,849.0,1.276,55-69,no,no,no,Reached shelter
Site 1872,B_placement_optimized,42,25-212453,OPT1,yes,14.0,1156.0,17.27,112.1,1368.0,1368.0,849.0,849.0,1.287,55-69,yes,no,no,Reached shelter
Site 75,B_placement_optimized,42,25-167915,OPT1,yes,15.0,1193.0,17.27,112.1,1369.0,1369.0,850.0,850.0,1.322,25-54,no,no,no,Reached shelter
Site 374,B_placement_optimized,42,25-190789,OPT1,yes,15.0,610.0,17.27,112.1,1369.0,1369.0,850.0,850.0,0.642,55-69,yes,no,no,Reached shelter
Site 532,B_placement_optimized,42,25-190510,OPT1,yes,15.0,1408.0,17.27,112.1,1369.0,1369.0,850.0,850.0,1.491,25-54,no,no,no,Reached shelter
Site 675,B_placement_optimized,42,26-140528,OPT1,yes,15.0,1369.0,17.27,112.1,1369.0,1369.0,850.0,850.0,1.502,25-54,no,no,no,Reached shelter
Site 715,B_placement_optimized,42,26-129870,OPT1,yes,15.0,1447.0,17.27,112.1,1369.0,1369.0,850.0,850.0,1.522,25-54,no,no,no,Reached shelter
Site 780,B_placement_optimized,42,25-167942,OPT1,yes,15.0,1475.0,17.27,112.1,1369.0,1369.0,850.0,850.0,1.604,25-54,no,no,no,Reached shelter
Site 1591,B_placement_optimized,42,25-179118,OPT1,yes,15.0,1272.0,17.27,112.1,1369.0,1369.0,850.0,850.0,1.344,55-69,no,no,no,Reached shelter
Site 1814,B_placement_optimized,42,26-119367,OPT1,yes,15.0,1322.0,17.27,112.1,1369.0,1369.0,850.0,850.0,1.413,18-24,no,no,no,Reached shelter
Site 1963,B_placement_optimized,42,25-156603,OPT1,yes,15.0,1247.0,17.27,112.1,1369.0,1369.0,850.0,850.0,1.299,25-54,no,no,no,Reached shelter
Site 15,B_placement_optimized,42,25-178967,OPT1,yes,16.0,1696.0,17.28,112.1,1370.0,1370.0,852.0,852.0,1.68,25-54,no,no,no,Reached shelter
Site 28,B_placement_optimized,42,25-112538,OPT1,yes,16.0,1490.0,17.28,112.1,1370.0,1370.0,852.0,852.0,1.469,55-69,no,no,no,Reached shelter
Site 39,B_placement_optimized,42,26-150087,OPT1,yes,16.0,1447.0,17.28,112.1,1370.0,1370.0,852.0,852.0,1.487,18-24,no,no,no,Reached shelter
Site 178,B_placement_optimized,42,25-212163,OPT1,yes,16.0,574.0,17.28,112.1,1370.0,1370.0,852.0,852.0,0.577,55-69,yes,yes,no,Reached shelter
Site 265,B_placement_optimized,42,25-178762,OPT1,yes,16.0,1627.0,17.28,112.1,1370.0,1370.0,852.0,852.0,1.666,55-69,no,no,no,Reached shelter
Site 540,B_placement_optimized,42,26-130096,OPT1,yes,16.0,1313.0,17.28,112.1,1370.0,1370.0,852.0,852.0,1.323,25-54,no,no,no,Reached shelter
Site 943,B_placement_optimized,42,25-134537,OPT1,yes,16.0,1720.0,17.28,112.1,1370.0,1370.0,852.0,852.0,1.714,25-54,no,no,no,Reached shelter
Site 945,B_placement_optimized,42,26-149722,OPT1,yes,16.0,1316.0,17.28,112.1,1370.0,1370.0,852.0,852.0,1.309,55-69,yes,yes,no,Reached shelter
Site 1029,B_placement_optimized,42,26-130246,OPT1,yes,16.0,1694.0,17.28,112.1,1370.0,1370.0,852.0,852.0,1.703,25-54,no,no,no,Reached shelter
Site 1122,B_placement_optimized,42,26-109697,OPT1,yes,16.0,1660.0,17.28,112.1,1370.0,1370.0,852.0,852.0,1.635,18-24,no,no,no,Reached shelter
Site 1160,B_placement_optimized,42,25-123815,OPT1,yes,16.0,987.0,17.28,112.1,1370.0,1370.0,852.0,852.0,0.969,25-54,yes,no,no,Reached shelter
Site 1359,B_placement_optimized,42,25-167977,OPT1,yes,16.0,1509.0,17.28,112.1,1370.0,1370.0,852.0,852.0,1.484,25-54,no,no,no,Reached shelter
Site 1371,B_placement_optimized,42,25-179279,OPT1,yes,16.0,1618.0,17.28,112.1,1370.0,1370.0,852.0,852.0,1.634,25-54,no,yes,no,Reached shelter
Site 1578,B_placement_optimized,42,25-190524,OPT1,yes,16.0,1472.0,17.28,112.1,1370.0,1370.0,852.0,852.0,1.518,25-54,no,no,yes,Reached shelter
Site 1700,B_placement_optimized,42,25-102519,OPT1,yes,16.0,1226.0,17.28,112.1,1370.0,1370.0,852.0,852.0,1.203,25-54,no,no,no,Reached shelter
Site 1764,B_placement_optimized,42,26-109553,OPT1,yes,16.0,1393.0,17.28,112.1,1370.0,1370.0,852.0,852.0,1.428,25-54,no,no,no,Reached shelter
Site 1795,B_placement_optimized,42,25-201209,OPT1,yes,16.0,1518.0,17.28,112.1,1370.0,1370.0,852.0,852.0,1.498,55-69,no,no,no,Reached shelter
Site 1946,B_placement_optimized,42,25-156486,OPT1,yes,16.0,1412.0,17.28,112.1,1370.0,1370.0,852.0,852.0,1.412,25-54,no,no,no,Reached shelter
Site 339,B_placement_optimized,42,25-201336,OPT1,yes,17.0,1175.0,17.29,112.1,1371.0,1371.0,853.0,853.0,1.149,25-54,no,no,no,Reached shelter
Site 490,B_placement_optimized,42,25-201209,OPT1,yes,17.0,1518.0,17.29,112.1,1371.0,1371.0,853.0,853.0,1.416,25-54,no,no,no,Reached shelter
Site 585,B_placement_optimized,42,25-145104,OPT1,yes,17.0,1550.0,17.29,112.1,1371.0,1371.0,853.0,853.0,1.472,25-54,no,no,no,Reached shelter
Site 1071,B_placement_optimized,42,25-123793,OPT1,yes,17.0,1871.0,17.29,112.1,1371.0,1371.0,853.0,853.0,1.746,25-54,no,no,no,Reached shelter
Site 1176,B_placement_optimized,42,25-112890,OPT1,yes,17.0,898.0,17.29,112.1,1371.0,1371.0,853.0,853.0,0.858,25-54,no,no,yes,Reached shelter
Site 1388,B_placement_optimized,42,25-221874,OPT1,yes,17.0,1219.0,17.29,112.1,1371.0,1371.0,853.0,853.0,1.15,18-24,no,no,yes,Reached shelter
Site 1457,B_placement_optimized,42,25-112923,OPT1,yes,17.0,1519.0,17.29,112.1,1371.0,1371.0,853.0,853.0,1.443,25-54,no,no,no,Reached shelter
Site 1466,B_placement_optimized,42,26-129766,OPT1,yes,17.0,1178.0,17.29,112.1,1371.0,1371.0,853.0,853.0,1.128,25-54,no,no,no,Reached shelter
Site 1661,B_placement_optimized,42,25-178723,OPT1,yes,17.0,1558.0,17.29,112.1,1371.0,1371.0,853.0,853.0,1.455,25-54,no,no,no,Reached shelter
Site 1676,B_placement_optimized,42,25-167942,OPT1,yes,17.0,1475.0,17.29,112.1,1371.0,1371.0,853.0,853.0,1.387,25-54,no,no,no,Reached shelter
Site 1720,B_placement_optimized,42,25-123734,OPT1,yes,17.0,1378.0,17.29,112.1,1371.0,1371.0,853.0,853.0,1.278,25-54,no,no,no,Reached shelter
Site 1752,B_placement_optimized,42,25-123792,OPT1,yes,17.0,1419.0,17.29,112.1,1371.0,1371.0,853.0,853.0,1.323,25-54,no,yes,no,Reached shelter
Site 1833,B_placement_optimized,42,25-201358,OPT1,yes,17.0,1194.0,17.29,112.1,1371.0,1371.0,853.0,853.0,1.139,55-69,no,no,no,Reached shelter
Site 1849,B_placement_optimized,42,25-167956,OPT1,yes,17.0,1438.0,17.29,112.1,1371.0,1371.0,853.0,853.0,1.364,25-54,no,no,no,Reached shelter
Site 2024,B_placement_optimized,42,25-201614,OPT1,yes,17.0,1821.0,17.29,112.1,1371.0,1371.0,853.0,853.0,1.704,18-24,no,no,no,Reached shelter
Site 251,B_placement_optimized,42,25-145459,OPT1,yes,18.0,1457.0,17.3,112.1,1372.0,1372.0,855.0,855.0,1.304,25-54,no,no,yes,Reached shelter
Site 432,B_placement_optimized,42,26-129883,OPT1,yes,18.0,1063.0,17.3,112.1,1372.0,1372.0,855.0,855.0,0.964,25-54,no,no,yes,Reached shelter
Site 472,B_placement_optimized,42,26-119720,OPT1,yes,18.0,1488.0,17.3,112.1,1372.0,1372.0,855.0,855.0,1.336,55-69,no,no,no,Reached shelter
Site 599,B_placement_optimized,42,25-112922,OPT1,yes,18.0,1908.0,17.3,112.1,1372.0,1372.0,855.0,855.0,1.74,25-54,no,no,no,Reached shelter
Site 664,B_placement_optimized,42,25-123840,OPT1,yes,18.0,1549.0,17.3,112.1,1372.0,1372.0,855.0,855.0,1.36,25-54,no,no,no,Reached shelter
Site 786,B_placement_optimized,42,26-119526,OPT1,yes,18.0,1903.0,17.3,112.1,1372.0,1372.0,855.0,855.0,1.732,25-54,no,no,no,Reached shelter
Site 852,B_placement_optimized,42,25-112923,OPT1,yes,18.0,1519.0,17.3,112.1,1372.0,1372.0,855.0,855.0,1.377,25-54,no,no,no,Reached shelter
Site 870,B_placement_optimized,42,26-150000,OPT1,yes,18.0,1322.0,17.3,112.1,1372.0,1372.0,855.0,855.0,1.209,55-69,yes,no,no,Reached shelter
Site 973,B_placement_optimized,42,25-221992,OPT1,yes,18.0,1337.0,17.3,112.1,1372.0,1372.0,855.0,855.0,1.232,25-54,no,no,no,Reached shelter
Site 989,B_placement_optimized,42,26-119618,OPT1,yes,18.0,1543.0,17.3,112.1,1372.0,1372.0,855.0,855.0,1.38,25-54,no,no,no,Reached shelter
Site 1179,B_placement_optimized,42,25-212233,OPT1,yes,18.0,1980.0,17.3,112.1,1372.0,1372.0,855.0,855.0,1.784,55-69,no,no,no,Reached shelter
Site 1312,B_placement_optimized,42,25-134224,OPT1,yes,18.0,1267.0,17.3,112.1,1372.0,1372.0,855.0,855.0,1.172,55-69,no,no,no,Reached shelter
Site 1357,B_placement_optimized,42,25-212500,OPT1,yes,18.0,1884.0,17.3,112.1,1372.0,1372.0,855.0,855.0,1.74,25-54,no,no,no,Reached shelter
Site 1367,B_placement_optimized,42,26-150092,OPT1,yes,18.0,1161.0,17.3,112.1,1372.0,1372.0,855.0,855.0,1.024,25-54,no,no,yes,Reached shelter
Site 1382,B_placement_optimized,42,26-109601,OPT1,yes,18.0,1544.0,17.3,112.1,1372.0,1372.0,855.0,855.0,1.371,25-54,no,no,no,Reached shelter
Site 1639,B_placement_optimized,42,25-201718,OPT1,yes,18.0,1111.0,17.3,112.1,1372.0,1372.0,855.0,855.0,0.983,25-54,yes,no,no,Reached shelter
Site 1901,B_placement_optimized,42,26-149838,OPT1,yes,18.0,1521.0,17.3,112.1,1372.0,1372.0,855.0,855.0,1.365,70+,no,no,no,Reached shelter
Site 1983,B_placement_optimized,42,25-156690,OPT1,yes,18.0,1479.0,17.3,112.1,1372.0,1372.0,855.0,855.0,1.336,55-69,no,no,no,Reached shelter
Site 2004,B_placement_optimized,42,25-145111,OPT1,yes,18.0,1604.0,17.3,112.1,1372.0,1372.0,855.0,855.0,1.422,25-54,no,no,no,Reached shelter
Site 68,B_placement_optimized,42,26-109349,OPT1,yes,19.0,1325.0,17.31,112.1,1373.0,1373.0,857.0,857.0,1.156,25-54,no,no,no,Reached shelter
Site 164,B_placement_optimized,42,25-145109,OPT1,yes,19.0,1536.0,17.31,112.1,1373.0,1373.0,857.0,857.0,1.319,55-69,no,yes,no,Reached shelter
Site 190,B_placement_optimized,42,25-222022,OPT1,yes,19.0,1793.0,17.31,112.1,1373.0,1373.0,857.0,857.0,1.538,25-54,no,yes,no,Reached shelter
Site 244,B_placement_optimized,42,25-178762,OPT1,yes,19.0,1627.0,17.31,112.1,1373.0,1373.0,857.0,857.0,1.394,25-54,no,no,no,Reached shelter
Site 252,B_placement_optimized,42,25-112825,OPT1,yes,19.0,1732.0,17.31,112.1,1373.0,1373.0,857.0,857.0,1.455,25-54,no,yes,no,Reached shelter
Site 287,B_placement_optimized,42,26-109739,OPT1,yes,19.0,1748.0,17.31,112.1,1373.0,1373.0,857.0,857.0,1.479,25-54,no,no,no,Reached shelter
Site 312,B_placement_optimized,42,25-134308,OPT1,yes,19.0,1621.0,17.31,112.1,1373.0,1373.0,857.0,857.0,1.386,25-54,no,no,yes,Reached shelter
Site 393,B_placement_optimized,42,26-119401,OPT1,yes,19.0,1320.0,17.31,112.1,1373.0,1373.0,857.0,857.0,1.123,55-69,no,no,yes,Reached shelter
Site 513,B_placement_optimized,42,25-201701,OPT1,yes,19.0,1594.0,17.31,112.1,1373.0,1373.0,857.0,857.0,1.368,18-24,no,no,no,Reached shelter
Site 861,B_placement_optimized,42,25-123736,OPT1,yes,19.0,1792.0,17.31,112.1,1373.0,1373.0,857.0,857.0,1.523,25-54,no,no,no,Reached shelter
Site 922,B_placement_optimized,42,25-134541,OPT1,yes,19.0,1815.0,17.31,112.1,1373.0,1373.0,857.0,857.0,1.565,25-54,no,no,no,Reached shelter
Site 1330,B_placement_optimized,42,25-102513,OPT1,yes,19.0,1719.0,17.31,112.1,1373.0,1373.0,857.0,857.0,1.462,25-54,no,no,no,Reached shelter
Site 1439,B_placement_optimized,42,25-178717,OPT1,yes,19.0,1799.0,17.31,112.1,1373.0,1373.0,857.0,857.0,1.553,25-54,no,no,no,Reached shelter
Site 1534,B_placement_optimized,42,25-156057,OPT1,yes,19.0,1780.0,17.31,112.1,1373.0,1373.0,857.0,857.0,1.486,25-54,no,no,no,Reached shelter
Site 1741,B_placement_optimized,42,25-156642,OPT1,yes,19.0,1683.0,17.31,112.1,1373.0,1373.0,857.0,857.0,1.437,25-54,no,no,no,Reached shelter
Site 138,B_placement_optimized,42,25-201599,OPT1,yes,20.0,1660.0,17.32,112.1,1374.0,1374.0,858.0,858.0,1.364,55-69,no,no,no,Reached shelter
Site 174,B_placement_optimized,42,25-102189,OPT1,yes,20.0,1601.0,17.32,112.1,1374.0,1374.0,858.0,858.0,1.308,25-54,no,no,no,Reached shelter
Site 182,B_placement_optimized,42,25-102570,OPT1,yes,20.0,1849.0,17.32,112.1,1374.0,1374.0,858.0,858.0,1.494,25-54,no,no,no,Reached shelter
Site 349,B_placement_optimized,42,26-109645,OPT1,yes,20.0,1779.0,17.32,112.1,1374.0,1374.0,858.0,858.0,1.422,25-54,no,yes,no,Reached shelter
Site 537,B_placement_optimized,42,26-140485,OPT1,yes,20.0,1737.0,17.32,112.1,1374.0,1374.0,858.0,858.0,1.442,55-69,no,no,no,Reached shelter
Site 676,B_placement_optimized,42,25-201738,OPT1,yes,20.0,1780.0,17.32,112.1,1374.0,1374.0,858.0,858.0,1.443,25-54,yes,no,no,Reached shelter
Site 873,B_placement_optimized,42,25-190311,OPT1,yes,20.0,1910.0,17.32,112.1,1374.0,1374.0,858.0,858.0,1.568,25-54,yes,no,yes,Reached shelter
Site 983,B_placement_optimized,42,26-130246,OPT1,yes,20.0,1694.0,17.32,112.1,1374.0,1374.0,858.0,858.0,1.398,55-69,no,no,no,Reached shelter
Site 1299,B_placement_optimized,42,25-102209,OPT1,yes,20.0,1861.0,17.32,112.1,1374.0,1374.0,858.0,858.0,1.508,25-54,no,no,no,Reached shelter
Site 1632,B_placement_optimized,42,25-190452,OPT1,yes,20.0,1476.0,17.32,112.1,1374.0,1374.0,858.0,858.0,1.18,25-54,no,no,no,Reached shelter
Site 1736,B_placement_optimized,42,26-109621,OPT1,yes,20.0,1910.0,17.32,112.1,1374.0,1374.0,858.0,858.0,1.566,25-54,no,no,no,Reached shelter
Site 1804,B_placement_optimized,42,25-190501,OPT1,yes,20.0,1532.0,17.32,112.1,1374.0,1374.0,858.0,858.0,1.234,25-54,no,no,yes,Reached shelter
Site 43,B_placement_optimized,42,25-190729,OPT1,yes,21.0,2100.0,17.33,112.1,1375.0,1375.0,860.0,860.0,1.632,25-54,no,no,no,Reached shelter
Site 63,B_placement_optimized,42,26-140427,OPT1,yes,21.0,1818.0,17.33,112.1,1375.0,1375.0,860.0,860.0,1.416,25-54,no,no,no,Reached shelter
Site 110,B_placement_optimized,42,25-112733,OPT1,yes,21.0,2247.0,17.33,112.1,1375.0,1375.0,860.0,860.0,1.737,25-54,no,yes,no,Reached shelter
Site 129,B_placement_optimized,42,25-201526,OPT1,yes,21.0,1900.0,17.33,112.1,1375.0,1375.0,860.0,860.0,1.504,25-54,no,no,no,Reached shelter
Site 303,B_placement_optimized,42,26-119720,OPT1,yes,21.0,1488.0,17.33,112.1,1375.0,1375.0,860.0,860.0,1.176,25-54,yes,no,no,Reached shelter
Site 308,B_placement_optimized,42,25-134564,OPT1,yes,21.0,1786.0,17.33,112.1,1375.0,1375.0,860.0,860.0,1.404,25-54,no,no,no,Reached shelter
Site 316,B_placement_optimized,42,25-178753,OPT1,yes,21.0,1874.0,17.33,112.1,1375.0,1375.0,860.0,860.0,1.433,25-54,no,no,no,Reached shelter
Site 632,B_placement_optimized,42,25-145221,OPT1,yes,21.0,1508.0,17.33,112.1,1375.0,1375.0,860.0,860.0,1.155,25-54,no,no,no,Reached shelter
Site 643,B_placement_optimized,42,25-112905,OPT1,yes,21.0,1099.0,17.33,112.1,1375.0,1375.0,860.0,860.0,0.872,25-54,no,no,yes,Reached shelter
Site 661,B_placement_optimized,42,25-145219,OPT1,yes,21.0,2004.0,17.33,112.1,1375.0,1375.0,860.0,860.0,1.59,55-69,yes,no,no,Reached shelter
Site 665,B_placement_optimized,42,26-129941,OPT1,yes,21.0,2038.0,17.33,112.1,1375.0,1375.0,860.0,860.0,1.615,25-54,no,no,no,Reached shelter
Site 666,B_placement_optimized,42,25-156639,OPT1,yes,21.0,1627.0,17.33,112.1,1375.0,1375.0,860.0,860.0,1.278,25-54,no,no,no,Reached shelter
Site 797,B_placement_optimized,42,25-123684,OPT1,yes,21.0,1673.0,17.33,112.1,1375.0,1375.0,860.0,860.0,1.277,25-54,no,no,no,Reached shelter
Site 806,B_placement_optimized,42,25-112600,OPT1,yes,21.0,1595.0,17.33,112.1,1375.0,1375.0,860.0,860.0,1.259,25-54,no,no,no,Reached shelter
Site 1117,B_placement_optimized,42,25-221983,OPT1,yes,21.0,1644.0,17.33,112.1,1375.0,1375.0,860.0,860.0,1.25,25-54,yes,no,no,Reached shelter
Site 1256,B_placement_optimized,42,26-129941,OPT1,yes,21.0,2038.0,17.33,112.1,1375.0,1375.0,860.0,860.0,1.566,55-69,no,yes,no,Reached shelter
Site 1268,B_placement_optimized,42,25-178937,OPT1,yes,21.0,1993.0,17.33,112.1,1375.0,1375.0,860.0,860.0,1.552,18-24,no,no,no,Reached shelter
Site 1294,B_placement_optimized,42,25-178683,OPT1,yes,21.0,1945.0,17.33,112.1,1375.0,1375.0,860.0,860.0,1.535,25-54,no,no,no,Reached shelter
Site 1351,B_placement_optimized,42,25-102073,OPT1,yes,21.0,1977.0,17.33,112.1,1375.0,1375.0,860.0,860.0,1.547,25-54,no,no,no,Reached shelter
Site 1364,B_placement_optimized,42,25-179288,OPT1,yes,21.0,1786.0,17.33,112.1,1375.0,1375.0,860.0,860.0,1.404,25-54,no,no,no,Reached shelter
Site 1389,B_placement_optimized,42,26-140194,OPT1,yes,21.0,2006.0,17.33,112.1,1375.0,1375.0,860.0,860.0,1.544,25-54,no,no,no,Reached shelter
Site 1404,B_placement_optimized,42,26-119634,OPT1,yes,21.0,1720.0,17.33,112.1,1375.0,1375.0,860.0,860.0,1.332,25-54,no,no,no,Reached shelter
Site 1447,B_placement_optimized,42,25-134563,OPT1,yes,21.0,1790.0,17.33,112.1,1375.0,1375.0,860.0,860.0,1.407,25-54,no,no,no,Reached shelter
Site 1747,B_placement_optimized,42,26-130154,OPT1,yes,21.0,1815.0,17.33,112.1,1375.0,1375.0,860.0,860.0,1.387,25-54,no,no,no,Reached shelter
Site 1812,B_placement_optimized,42,25-145111,OPT1,yes,21.0,1604.0,17.33,112.1,1375.0,1375.0,860.0,860.0,1.26,25-54,yes,no,yes,Reached shelter
Site 1857,B_placement_optimized,42,25-123969,OPT1,yes,21.0,1557.0,17.33,112.1,1375.0,1375.0,860.0,860.0,1.235,25-54,no,yes,yes,Reached shelter
Site 1863,B_placement_optimized,42,25-221992,OPT1,yes,21.0,1337.0,17.33,112.1,1375.0,1375.0,860.0,860.0,1.046,25-54,no,no,no,Reached shelter
Site 78,B_placement_optimized,42,25-102456,OPT1,yes,22.0,1856.0,17.34,112.1,1376.0,1376.0,861.0,861.0,1.391,25-54,no,no,no,Reached shelter
Site 322,B_placement_optimized,42,25-179113,OPT1,yes,22.0,1653.0,17.34,112.1,1376.0,1376.0,861.0,861.0,1.198,25-54,no,no,no,Reached shelter
Site 468,B_placement_optimized,42,25-201233,OPT1,yes,22.0,1980.0,17.34,112.1,1376.0,1376.0,861.0,861.0,1.437,25-54,no,no,no,Reached shelter
Site 538,B_placement_optimized,42,26-140274,OPT1,yes,22.0,2469.0,17.34,112.1,1376.0,1376.0,861.0,861.0,1.814,25-54,no,no,no,Reached shelter
Site 547,B_placement_optimized,42,26-119754,OPT1,yes,22.0,1965.0,17.34,112.1,1376.0,1376.0,861.0,861.0,1.461,25-54,no,no,no,Reached shelter
Site 631,B_placement_optimized,42,26-119541,OPT1,yes,22.0,2061.0,17.34,112.1,1376.0,1376.0,861.0,861.0,1.506,25-54,no,yes,no,Reached shelter
Site 637,B_placement_optimized,42,25-112674,OPT1,yes,22.0,1967.0,17.34,112.1,1376.0,1376.0,861.0,861.0,1.434,25-54,no,no,no,Reached shelter
Site 937,B_placement_optimized,42,26-140210,OPT1,yes,22.0,2015.0,17.34,112.1,1376.0,1376.0,861.0,861.0,1.518,25-54,no,no,no,Reached shelter
Site 1065,B_placement_optimized,42,25-212139,OPT1,yes,22.0,2219.0,17.34,112.1,1376.0,1376.0,861.0,861.0,1.653,25-54,no,no,no,Reached shelter
Site 1129,B_placement_optimized,42,26-129816,OPT1,yes,22.0,2186.0,17.34,112.1,1376.0,1376.0,861.0,861.0,1.594,25-54,no,no,no,Reached shelter
Site 1231,B_placement_optimized,42,25-156639,OPT1,yes,22.0,1627.0,17.34,112.1,1376.0,1376.0,861.0,861.0,1.204,25-54,no,no,no,Reached shelter
Site 1261,B_placement_optimized,42,25-212253,OPT1,yes,22.0,1901.0,17.34,112.1,1376.0,1376.0,861.0,861.0,1.384,18-24,no,no,no,Reached shelter
Site 1378,B_placement_optimized,42,26-119754,OPT1,yes,22.0,1965.0,17.34,112.1,1376.0,1376.0,861.0,861.0,1.47,25-54,no,yes,no,Reached shelter
Site 1446,B_placement_optimized,42,26-109478,OPT1,yes,22.0,1955.0,17.34,112.1,1376.0,1376.0,861.0,861.0,1.445,25-54,no,no,no,Reached shelter
Site 1483,B_placement_optimized,42,25-145459,OPT1,yes,22.0,1457.0,17.34,112.1,1376.0,1376.0,861.0,861.0,1.083,25-54,no,no,yes,Reached shelter
Site 1599,B_placement_optimized,42,25-145506,OPT1,yes,22.0,2013.0,17.34,112.1,1376.0,1376.0,861.0,861.0,1.51,25-54,no,yes,no,Reached shelter
Site 1610,B_placement_optimized,42,25-221932,OPT1,yes,22.0,2186.0,17.34,112.1,1376.0,1376.0,861.0,861.0,1.615,25-54,no,no,no,Reached shelter
Site 1755,B_placement_optimized,42,25-123793,OPT1,yes,22.0,1871.0,17.34,112.1,1376.0,1376.0,861.0,861.0,1.357,70+,no,no,no,Reached shelter
Site 1837,B_placement_optimized,42,25-212168,OPT1,yes,22.0,2003.0,17.34,112.1,1376.0,1376.0,861.0,861.0,1.463,25-54,no,yes,no,Reached shelter
Site 1945,B_placement_optimized,42,26-140198,OPT1,yes,22.0,1979.0,17.34,112.1,1376.0,1376.0,861.0,861.0,1.458,25-54,no,no,no,Reached shelter
Site 412,B_placement_optimized,42,25-167641,OPT1,yes,23.0,1900.0,17.35,112.1,1377.0,1377.0,863.0,863.0,1.367,25-54,no,no,no,Reached shelter
Site 417,B_placement_optimized,42,25-201222,OPT1,yes,23.0,1877.0,17.35,112.1,1377.0,1377.0,863.0,863.0,1.305,25-54,no,no,yes,Reached shelter
Site 470,B_placement_optimized,42,25-134308,OPT1,yes,23.0,1621.0,17.35,112.1,1377.0,1377.0,863.0,863.0,1.165,25-54,no,no,no,Reached shelter
Site 545,B_placement_optimized,42,25-201738,OPT1,yes,23.0,1780.0,17.35,112.1,1377.0,1377.0,863.0,863.0,1.265,18-24,no,no,no,Reached shelter
Site 1136,B_placement_optimized,42,25-156258,OPT1,yes,23.0,1780.0,17.35,112.1,1377.0,1377.0,863.0,863.0,1.253,55-69,yes,no,no,Reached shelter
Site 1227,B_placement_optimized,42,25-134518,OPT1,yes,23.0,1731.0,17.35,112.1,1377.0,1377.0,863.0,863.0,1.242,25-54,no,no,no,Reached shelter
Site 1236,B_placement_optimized,42,25-123905,OPT1,yes,23.0,1925.0,17.35,112.1,1377.0,1377.0,863.0,863.0,1.356,25-54,no,no,no,Reached shelter
Site 1286,B_placement_optimized,42,25-178723,OPT1,yes,23.0,1558.0,17.35,112.1,1377.0,1377.0,863.0,863.0,1.098,55-69,no,no,no,Reached shelter
Site 1332,B_placement_optimized,42,25-145103,OPT1,yes,23.0,1765.0,17.35,112.1,1377.0,1377.0,863.0,863.0,1.278,25-54,no,no,no,Reached shelter
Site 1358,B_placement_optimized,42,25-156523,OPT1,yes,23.0,2092.0,17.35,112.1,1377.0,1377.0,863.0,863.0,1.507,25-54,no,no,no,Reached shelter
Site 1626,B_placement_optimized,42,26-129834,OPT1,yes,23.0,1911.0,17.35,112.1,1377.0,1377.0,863.0,863.0,1.347,25-54,no,no,no,Reached shelter
Site 1698,B_placement_optimized,42,26-149639,OPT1,yes,23.0,1495.0,17.35,112.1,1377.0,1377.0,863.0,863.0,1.07,25-54,no,no,yes,Reached shelter
Site 1920,B_placement_optimized,42,25-123700,OPT1,yes,23.0,1653.0,17.35,112.1,1377.0,1377.0,863.0,863.0,1.195,25-54,no,no,no,Reached shelter
Site 94,B_placement_optimized,42,26-150121,OPT1,yes,24.0,2364.0,17.36,112.1,1378.0,1378.0,865.0,865.0,1.633,25-54,no,yes,no,Reached shelter
Site 165,B_placement_optimized,42,25-212467,OPT1,yes,24.0,1785.0,17.36,112.1,1378.0,1378.0,865.0,865.0,1.217,18-24,no,no,yes,Reached shelter
Site 175,B_placement_optimized,42,25-201537,OPT1,yes,24.0,2000.0,17.36,112.1,1378.0,1378.0,865.0,865.0,1.374,25-54,no,no,no,Reached shelter
Site 204,B_placement_optimized,42,25-178674,OPT1,yes,24.0,2632.0,17.36,112.1,1378.0,1378.0,865.0,865.0,1.805,25-54,no,no,no,Reached shelter
Site 380,B_placement_optimized,42,25-212211,OPT1,yes,24.0,1635.0,17.36,112.1,1378.0,1378.0,865.0,865.0,1.123,25-54,no,no,yes,Reached shelter
Site 977,B_placement_optimized,42,25-102209,OPT1,yes,24.0,1861.0,17.36,112.1,1378.0,1378.0,865.0,865.0,1.292,25-54,no,no,no,Reached shelter
Site 990,B_placement_optimized,42,25-179032,OPT1,yes,24.0,1689.0,17.36,112.1,1378.0,1378.0,865.0,865.0,1.142,25-54,no,no,no,Reached shelter
Site 1015,B_placement_optimized,42,25-112606,OPT1,yes,24.0,2363.0,17.36,112.1,1378.0,1378.0,865.0,865.0,1.603,25-54,no,no,no,Reached shelter
Site 1088,B_placement_optimized,42,25-212453,OPT1,yes,24.0,1156.0,17.36,112.1,1378.0,1378.0,865.0,865.0,0.786,55-69,yes,no,no,Reached shelter
Site 1147,B_placement_optimized,42,26-140147,OPT1,yes,24.0,2751.0,17.36,112.1,1378.0,1378.0,865.0,865.0,1.836,25-54,no,no,no,Reached shelter
Site 1164,B_placement_optimized,42,26-119310,OPT1,yes,24.0,1809.0,17.36,112.1,1378.0,1378.0,865.0,865.0,1.21,18-24,no,no,no,Reached shelter
Site 1171,B_placement_optimized,42,25-190541,OPT1,yes,24.0,2236.0,17.36,112.1,1378.0,1378.0,865.0,865.0,1.536,25-54,no,no,no,Reached shelter
Site 1217,B_placement_optimized,42,26-129816,OPT1,yes,24.0,2186.0,17.36,112.1,1378.0,1378.0,865.0,865.0,1.459,25-54,no,no,no,Reached shelter
Site 1255,B_placement_optimized,42,25-102565,OPT1,yes,24.0,2211.0,17.36,112.1,1378.0,1378.0,865.0,865.0,1.488,55-69,yes,yes,no,Reached shelter
Site 1317,B_placement_optimized,42,25-167983,OPT1,yes,24.0,1733.0,17.36,112.1,1378.0,1378.0,865.0,865.0,1.178,25-54,no,no,no,Reached shelter
Site 1699,B_placement_optimized,42,25-156555,OPT1,yes,24.0,1904.0,17.36,112.1,1378.0,1378.0,865.0,865.0,1.319,55-69,no,no,no,Reached shelter
Site 1836,B_placement_optimized,42,25-168017,OPT1,yes,24.0,866.0,17.36,112.1,1378.0,1378.0,865.0,865.0,0.583,70+,yes,no,no,Reached shelter
Site 1851,B_placement_optimized,42,25-123671,OPT1,yes,24.0,1743.0,17.36,112.1,1378.0,1378.0,865.0,865.0,1.177,25-54,no,no,no,Reached shelter
Site 1896,B_placement_optimized,42,25-201519,OPT1,yes,24.0,1579.0,17.36,112.1,1378.0,1378.0,865.0,865.0,1.071,25-54,no,no,no,Reached shelter
Site 1937,B_placement_optimized,42,25-190620,OPT1,yes,24.0,2221.0,17.36,112.1,1378.0,1378.0,865.0,865.0,1.504,25-54,no,no,no,Reached shelter
Site 1974,B_placement_optimized,42,25-112571,OPT1,yes,24.0,1881.0,17.36,112.1,1378.0,1378.0,865.0,865.0,1.257,25-54,no,no,no,Reached shelter
Site 306,B_placement_optimized,42,25-112910,OPT1,yes,25.0,2078.0,17.36,112.1,1379.0,1379.0,866.0,866.0,1.369,25-54,no,no,no,Reached shelter
Site 489,B_placement_optimized,42,26-109744,OPT1,yes,25.0,1573.0,17.36,112.1,1379.0,1379.0,866.0,866.0,1.019,25-54,no,no,yes,Reached shelter
Site 534,B_placement_optimized,42,25-167538,OPT1,yes,25.0,1888.0,17.36,112.1,1379.0,1379.0,866.0,866.0,1.228,55-69,yes,no,no,Reached shelter
Site 708,B_placement_optimized,42,25-201227,OPT1,yes,25.0,2055.0,17.36,112.1,1379.0,1379.0,866.0,866.0,1.357,25-54,no,no,no,Reached shelter
Site 867,B_placement_optimized,42,25-190504,OPT1,yes,25.0,1786.0,17.36,112.1,1379.0,1379.0,866.0,866.0,1.163,25-54,no,no,no,Reached shelter
Site 967,B_placement_optimized,42,25-167942,OPT1,yes,25.0,1475.0,17.36,112.1,1379.0,1379.0,866.0,866.0,0.977,25-54,no,yes,yes,Reached shelter
Site 1002,B_placement_optimized,42,25-145185,OPT1,yes,25.0,2252.0,17.36,112.1,1379.0,1379.0,866.0,866.0,1.452,25-54,no,yes,no,Reached shelter
Site 1163,B_placement_optimized,42,25-156243,OPT1,yes,25.0,2066.0,17.36,112.1,1379.0,1379.0,866.0,866.0,1.348,18-24,no,no,no,Reached shelter
Site 1177,B_placement_optimized,42,25-167826,OPT1,yes,25.0,1732.0,17.36,112.1,1379.0,1379.0,866.0,866.0,1.148,25-54,no,no,yes,Reached shelter
Site 1247,B_placement_optimized,42,26-150066,OPT1,yes,25.0,1833.0,17.36,112.1,1379.0,1379.0,866.0,866.0,1.201,25-54,yes,no,no,Reached shelter
Site 1279,B_placement_optimized,42,25-156223,OPT1,yes,25.0,2138.0,17.36,112.1,1379.0,1379.0,866.0,866.0,1.373,25-54,no,no,no,Reached shelter
Site 1503,B_placement_optimized,42,25-123671,OPT1,yes,25.0,1743.0,17.36,112.1,1379.0,1379.0,866.0,866.0,1.154,25-54,yes,no,no,Reached shelter
Site 1593,B_placement_optimized,42,25-156535,OPT1,yes,25.0,2963.0,17.36,112.1,1379.0,1379.0,866.0,866.0,1.957,25-54,no,no,no,Reached shelter
Site 1654,B_placement_optimized,42,25-145506,OPT1,yes,25.0,2013.0,17.36,112.1,1379.0,1379.0,866.0,866.0,1.332,25-54,no,no,no,Reached shelter
Site 1874,B_placement_optimized,42,25-112635,OPT1,yes,25.0,2429.0,17.36,112.1,1379.0,1379.0,866.0,866.0,1.583,55-69,yes,no,no,Reached shelter
Site 1948,B_placement_optimized,42,25-178954,OPT1,yes,25.0,1943.0,17.36,112.1,1379.0,1379.0,866.0,866.0,1.273,25-54,no,no,no,Reached shelter
Site 1966,B_placement_optimized,42,26-109609,OPT1,yes,25.0,1904.0,17.36,112.1,1379.0,1379.0,866.0,866.0,1.256,18-24,no,no,no,Reached shelter
Site 2035,B_placement_optimized,42,26-129722,OPT1,yes,25.0,2322.0,17.36,112.1,1379.0,1379.0,866.0,866.0,1.49,25-54,no,no,no,Reached shelter
Site 72,B_placement_optimized,42,26-140605,OPT1,yes,26.0,2094.0,17.37,112.1,1380.0,1380.0,868.0,868.0,1.319,25-54,yes,no,no,Reached shelter
Site 123,B_placement_optimized,42,25-156620,OPT1,yes,26.0,2040.0,17.37,112.1,1380.0,1380.0,868.0,868.0,1.288,25-54,no,yes,no,Reached shelter
Site 243,B_placement_optimized,42,26-140334,OPT1,yes,26.0,2158.0,17.37,112.1,1380.0,1380.0,868.0,868.0,1.345,25-54,no,yes,no,Reached shelter
Site 358,B_placement_optimized,42,25-212286,OPT1,yes,26.0,2413.0,17.37,112.1,1380.0,1380.0,868.0,868.0,1.534,25-54,no,no,no,Reached shelter
Site 403,B_placement_optimized,42,26-130083,OPT1,yes,26.0,2213.0,17.37,112.1,1380.0,1380.0,868.0,868.0,1.414,25-54,no,no,no,Reached shelter
Site 730,B_placement_optimized,42,25-167656,OPT1,yes,26.0,2424.0,17.37,112.1,1380.0,1380.0,868.0,868.0,1.551,18-24,no,yes,no,Reached shelter
Site 820,B_placement_optimized,42,25-156087,OPT1,yes,26.0,1886.0,17.37,112.1,1380.0,1380.0,868.0,868.0,1.17,25-54,no,no,yes,Reached shelter
Site 890,B_placement_optimized,42,26-109489,OPT1,yes,26.0,2447.0,17.37,112.1,1380.0,1380.0,868.0,868.0,1.54,55-69,no,no,no,Reached shelter
Site 952,B_placement_optimized,42,25-167734,OPT1,yes,26.0,2185.0,17.37,112.1,1380.0,1380.0,868.0,868.0,1.358,25-54,no,no,no,Reached shelter
Site 1415,B_placement_optimized,42,25-123683,OPT1,yes,26.0,2494.0,17.37,112.1,1380.0,1380.0,868.0,868.0,1.575,25-54,no,no,no,Reached shelter
Site 1453,B_placement_optimized,42,26-140194,OPT1,yes,26.0,2006.0,17.37,112.1,1380.0,1380.0,868.0,868.0,1.248,25-54,no,no,no,Reached shelter
Site 1517,B_placement_optimized,42,26-140198,OPT1,yes,26.0,1979.0,17.37,112.1,1380.0,1380.0,868.0,868.0,1.246,55-69,no,no,no,Reached shelter
Site 1611,B_placement_optimized,42,25-167843,OPT1,yes,26.0,2018.0,17.37,112.1,1380.0,1380.0,868.0,868.0,1.286,25-54,no,no,no,Reached shelter
Site 1630,B_placement_optimized,42,25-102485,OPT1,yes,26.0,2314.0,17.37,112.1,1380.0,1380.0,868.0,868.0,1.463,25-54,no,no,no,Reached shelter
Site 1691,B_placement_optimized,42,25-134394,OPT1,yes,26.0,2128.0,17.37,112.1,1380.0,1380.0,868.0,868.0,1.337,25-54,no,no,no,Reached shelter
Site 1732,B_placement_optimized,42,25-112604,OPT1,yes,26.0,1585.0,17.37,112.1,1380.0,1380.0,868.0,868.0,0.979,25-54,yes,no,no,Reached shelter
Site 1955,B_placement_optimized,42,25-112730,OPT1,yes,26.0,1532.0,17.37,112.1,1380.0,1380.0,868.0,868.0,0.962,18-24,yes,no,no,Reached shelter
Site 180,B_placement_optimized,42,26-119335,OPT1,yes,27.0,2236.0,17.38,112.1,1381.0,1381.0,870.0,870.0,1.34,55-69,no,no,no,Reached shelter
Site 268,B_placement_optimized,42,26-140515,OPT1,yes,27.0,2326.0,17.38,112.1,1381.0,1381.0,870.0,870.0,1.404,25-54,no,no,no,Reached shelter
Site 391,B_placement_optimized,42,26-109430,OPT1,yes,27.0,1759.0,17.38,112.1,1381.0,1381.0,870.0,870.0,1.057,55-69,no,no,no,Reached shelter
Site 461,B_placement_optimized,42,25-190613,OPT1,yes,27.0,1946.0,17.38,112.1,1381.0,1381.0,870.0,870.0,1.191,25-54,yes,no,no,Reached shelter
Site 487,B_placement_optimized,42,25-178683,OPT1,yes,27.0,1945.0,17.38,112.1,1381.0,1381.0,870.0,870.0,1.17,25-54,no,yes,no,Reached shelter
Site 640,B_placement_optimized,42,26-140473,OPT1,yes,27.0,2223.0,17.38,112.1,1381.0,1381.0,870.0,870.0,1.372,25-54,no,no,no,Reached shelter
Site 656,B_placement_optimized,42,25-112989,OPT1,yes,27.0,1979.0,17.38,112.1,1381.0,1381.0,870.0,870.0,1.21,25-54,no,no,yes,Reached shelter
Site 759,B_placement_optimized,42,26-109375,OPT1,yes,27.0,2236.0,17.38,112.1,1381.0,1381.0,870.0,870.0,1.363,55-69,yes,no,no,Reached shelter
Site 942,B_placement_optimized,42,26-130234,OPT1,yes,27.0,1797.0,17.38,112.1,1381.0,1381.0,870.0,870.0,1.104,25-54,no,no,no,Reached shelter
Site 1044,B_placement_optimized,42,25-167606,OPT1,yes,27.0,2254.0,17.38,112.1,1381.0,1381.0,870.0,870.0,1.367,25-54,no,no,no,Reached shelter
Site 1105,B_placement_optimized,42,25-123856,OPT1,yes,27.0,1884.0,17.38,112.1,1381.0,1381.0,870.0,870.0,1.13,55-69,no,no,no,Reached shelter
Site 1121,B_placement_optimized,42,25-221933,OPT1,yes,27.0,2767.0,17.38,112.1,1381.0,1381.0,870.0,870.0,1.672,25-54,no,no,no,Reached shelter
Site 1390,B_placement_optimized,42,25-190561,OPT1,yes,27.0,2251.0,17.38,112.1,1381.0,1381.0,870.0,870.0,1.381,25-54,no,no,no,Reached shelter
Site 1400,B_placement_optimized,42,25-145010,OPT1,yes,27.0,2889.0,17.38,112.1,1381.0,1381.0,870.0,870.0,1.744,25-54,no,no,no,Reached shelter
Site 1423,B_placement_optimized,42,26-140485,OPT1,yes,27.0,1737.0,17.38,112.1,1381.0,1381.0,870.0,870.0,1.036,25-54,yes,no,no,Reached shelter
Site 1469,B_placement_optimized,42,26-140473,OPT1,yes,27.0,2223.0,17.38,112.1,1381.0,1381.0,870.0,870.0,1.341,25-54,no,no,no,Reached shelter
Site 1572,B_placement_optimized,42,26-130083,OPT1,yes,27.0,2213.0,17.38,112.1,1381.0,1381.0,870.0,870.0,1.327,25-54,no,yes,no,Reached shelter
Site 1715,B_placement_optimized,42,26-140472,OPT1,yes,27.0,2331.0,17.38,112.1,1381.0,1381.0,870.0,870.0,1.398,18-24,no,no,no,Reached shelter
Site 1986,B_placement_optimized,42,26-140223,OPT1,yes,27.0,2399.0,17.38,112.1,1381.0,1381.0,870.0,870.0,1.479,55-69,no,no,no,Reached shelter
Site 37,B_placement_optimized,42,25-123905,OPT1,yes,28.0,1925.0,17.39,112.1,1382.0,1382.0,871.0,871.0,1.133,25-54,no,no,yes,Reached shelter
Site 160,B_placement_optimized,42,26-119763,OPT1,yes,28.0,2495.0,17.39,112.1,1382.0,1382.0,871.0,871.0,1.453,18-24,no,no,no,Reached shelter
Site 262,B_placement_optimized,42,25-123849,OPT1,yes,28.0,2255.0,17.39,112.1,1382.0,1382.0,871.0,871.0,1.336,25-54,no,yes,yes,Reached shelter
Site 378,B_placement_optimized,42,25-145186,OPT1,yes,28.0,2082.0,17.39,112.1,1382.0,1382.0,871.0,871.0,1.214,25-54,no,no,no,Reached shelter
Site 733,B_placement_optimized,42,25-201364,OPT1,yes,28.0,1821.0,17.39,112.1,1382.0,1382.0,871.0,871.0,1.083,25-54,no,no,yes,Reached shelter
Site 814,B_placement_optimized,42,25-167611,OPT1,yes,28.0,2081.0,17.39,112.1,1382.0,1382.0,871.0,871.0,1.22,25-54,no,no,no,Reached shelter
Site 860,B_placement_optimized,42,26-150133,OPT1,yes,28.0,2225.0,17.39,112.1,1382.0,1382.0,871.0,871.0,1.31,25-54,no,no,yes,Reached shelter
Site 871,B_placement_optimized,42,25-212205,OPT1,yes,28.0,2614.0,17.39,112.1,1382.0,1382.0,871.0,871.0,1.526,25-54,no,no,no,Reached shelter
Site 891,B_placement_optimized,42,25-156218,OPT1,yes,28.0,1782.0,17.39,112.1,1382.0,1382.0,871.0,871.0,1.032,25-54,no,yes,yes,Reached shelter
Site 912,B_placement_optimized,42,25-156057,OPT1,yes,28.0,1780.0,17.39,112.1,1382.0,1382.0,871.0,871.0,1.044,18-24,no,no,no,Reached shelter
Site 1170,B_placement_optimized,42,25-178776,OPT1,yes,28.0,3001.0,17.39,112.1,1382.0,1382.0,871.0,871.0,1.726,25-54,no,no,no,Reached shelter
Site 1305,B_placement_optimized,42,26-150046,OPT1,yes,28.0,1958.0,17.39,112.1,1382.0,1382.0,871.0,871.0,1.159,55-69,yes,no,no,Reached shelter
Site 1518,B_placement_optimized,42,25-123886,OPT1,yes,28.0,2181.0,17.39,112.1,1382.0,1382.0,871.0,871.0,1.297,55-69,no,no,no,Reached shelter
Site 1566,B_placement_optimized,42,26-119763,OPT1,yes,28.0,2495.0,17.39,112.1,1382.0,1382.0,871.0,871.0,1.462,25-54,no,no,no,Reached shelter
Site 1567,B_placement_optimized,42,25-156223,OPT1,yes,28.0,2138.0,17.39,112.1,1382.0,1382.0,871.0,871.0,1.246,25-54,no,no,no,Reached shelter
Site 1608,B_placement_optimized,42,25-134233,OPT1,yes,28.0,2317.0,17.39,112.1,1382.0,1382.0,871.0,871.0,1.365,25-54,no,no,no,Reached shelter
Site 27,B_placement_optimized,42,25-112666,OPT1,yes,29.0,2550.0,17.4,112.1,1383.0,1383.0,873.0,873.0,1.436,25-54,no,no,no,Reached shelter
Site 184,B_placement_optimized,42,25-123905,OPT1,yes,29.0,1925.0,17.4,112.1,1383.0,1383.0,873.0,873.0,1.1,25-54,no,no,no,Reached shelter
Site 307,B_placement_optimized,42,25-201231,OPT1,yes,29.0,2235.0,17.4,112.1,1383.0,1383.0,873.0,873.0,1.266,25-54,yes,no,no,Reached shelter
Site 414,B_placement_optimized,42,25-112897,OPT1,yes,29.0,2131.0,17.4,112.1,1383.0,1383.0,873.0,873.0,1.211,25-54,no,no,no,Reached shelter
Site 492,B_placement_optimized,42,26-119666,OPT1,yes,29.0,2503.0,17.4,112.1,1383.0,1383.0,873.0,873.0,1.399,25-54,no,no,no,Reached shelter
Site 554,B_placement_optimized,42,25-134286,OPT1,yes,29.0,2666.0,17.4,112.1,1383.0,1383.0,873.0,873.0,1.514,55-69,no,no,no,Reached shelter
Site 639,B_placement_optimized,42,25-212205,OPT1,yes,29.0,2614.0,17.4,112.1,1383.0,1383.0,873.0,873.0,1.484,25-54,no,no,no,Reached shelter
Site 754,B_placement_optimized,42,25-134658,OPT1,yes,29.0,2250.0,17.4,112.1,1383.0,1383.0,873.0,873.0,1.292,25-54,no,no,no,Reached shelter
Site 807,B_placement_optimized,42,25-123856,OPT1,yes,29.0,1884.0,17.4,112.1,1383.0,1383.0,873.0,873.0,1.059,25-54,no,no,yes,Reached shelter
Site 923,B_placement_optimized,42,25-190664,OPT1,yes,29.0,2313.0,17.4,112.1,1383.0,1383.0,873.0,873.0,1.318,25-54,no,no,no,Reached shelter
Site 1018,B_placement_optimized,42,25-212173,OPT1,yes,29.0,1713.0,17.4,112.1,1383.0,1383.0,873.0,873.0,0.983,25-54,no,no,no,Reached shelter
Site 1474,B_placement_optimized,42,25-123744,OPT1,yes,29.0,3008.0,17.4,112.1,1383.0,1383.0,873.0,873.0,1.694,25-54,no,no,no,Reached shelter
Site 1490,B_placement_optimized,42,26-150013,OPT1,yes,29.0,2202.0,17.4,112.1,1383.0,1383.0,873.0,873.0,1.248,25-54,no,no,no,Reached shelter
Site 1520,B_placement_optimized,42,25-201465,OPT1,yes,29.0,2954.0,17.4,112.1,1383.0,1383.0,873.0,873.0,1.649,55-69,no,yes,no,Reached shelter
Site 1552,B_placement_optimized,42,25-134690,OPT1,yes,29.0,3148.0,17.4,112.1,1383.0,1383.0,873.0,873.0,1.759,25-54,no,no,no,Reached shelter
Site 1637,B_placement_optimized,42,25-212172,OPT1,yes,29.0,2156.0,17.4,112.1,1383.0,1383.0,873.0,873.0,1.206,25-54,no,yes,no,Reached shelter
Site 1703,B_placement_optimized,42,26-140499,OPT1,yes,29.0,2712.0,17.4,112.1,1383.0,1383.0,873.0,873.0,1.527,55-69,no,yes,no,Reached shelter
Site 1776,B_placement_optimized,42,25-134394,OPT1,yes,29.0,2128.0,17.4,112.1,1383.0,1383.0,873.0,873.0,1.212,55-69,no,no,no,Reached shelter
Site 1797,B_placement_optimized,42,25-112952,OPT1,yes,29.0,2321.0,17.4,112.1,1383.0,1383.0,873.0,873.0,1.32,55-69,no,no,no,Reached shelter
Site 1980,B_placement_optimized,42,25-134660,OPT1,yes,29.0,2149.0,17.4,112.1,1383.0,1383.0,873.0,873.0,1.219,25-54,no,no,no,Reached shelter
Site 2026,B_placement_optimized,42,26-119709,OPT1,yes,29.0,1950.0,17.4,112.1,1383.0,1383.0,873.0,873.0,1.11,55-69,no,no,no,Reached shelter
Site 2030,B_placement_optimized,42,25-156220,OPT1,yes,29.0,2623.0,17.4,112.1,1383.0,1383.0,873.0,873.0,1.458,25-54,no,no,no,Reached shelter
Site 159,B_placement_optimized,42,25-190750,OPT1,yes,30.0,2389.0,17.41,112.1,1384.0,1384.0,874.0,874.0,1.294,25-54,no,no,no,Reached shelter
Site 200,B_placement_optimized,42,25-167899,OPT1,yes,30.0,2199.0,17.41,112.1,1384.0,1384.0,874.0,874.0,1.215,55-69,no,no,no,Reached shelter
Site 241,B_placement_optimized,42,25-201432,OPT1,yes,30.0,2127.0,17.41,112.1,1384.0,1384.0,874.0,874.0,1.172,25-54,no,no,no,Reached shelter
Site 351,B_placement_optimized,42,25-123681,OPT1,yes,30.0,2269.0,17.41,112.1,1384.0,1384.0,874.0,874.0,1.237,25-54,no,yes,yes,Reached shelter
Site 420,B_placement_optimized,42,26-149767,OPT1,yes,30.0,2119.0,17.41,112.1,1384.0,1384.0,874.0,874.0,1.156,55-69,no,yes,no,Reached shelter
Site 479,B_placement_optimized,42,25-145295,OPT1,yes,30.0,2558.0,17.41,112.1,1384.0,1384.0,874.0,874.0,1.414,25-54,yes,no,no,Reached shelter
Site 604,B_placement_optimized,42,25-221975,OPT1,yes,30.0,2159.0,17.41,112.1,1384.0,1384.0,874.0,874.0,1.178,25-54,no,yes,no,Reached shelter
Site 612,B_placement_optimized,42,25-201595,OPT1,yes,30.0,2208.0,17.41,112.1,1384.0,1384.0,874.0,874.0,1.199,25-54,no,no,no,Reached shelter
Site 629,B_placement_optimized,42,25-190729,OPT1,yes,30.0,2100.0,17.41,112.1,1384.0,1384.0,874.0,874.0,1.152,25-54,no,no,no,Reached shelter
Site 783,B_placement_optimized,42,25-201737,OPT1,yes,30.0,1980.0,17.41,112.1,1384.0,1384.0,874.0,874.0,1.074,55-69,no,no,yes,Reached shelter
Site 1293,B_placement_optimized,42,25-112595,OPT1,yes,30.0,1743.0,17.41,112.1,1384.0,1384.0,874.0,874.0,0.945,25-54,no,no,yes,Reached shelter
Site 1319,B_placement_optimized,42,25-178774,OPT1,yes,30.0,2667.0,17.41,112.1,1384.0,1384.0,874.0,874.0,1.453,25-54,no,yes,no,Reached shelter
Site 1548,B_placement_optimized,42,25-134233,OPT1,yes,30.0,2317.0,17.41,112.1,1384.0,1384.0,874.0,874.0,1.26,25-54,no,no,no,Reached shelter
Site 1618,B_placement_optimized,42,25-102342,OPT1,yes,30.0,2343.0,17.41,112.1,1384.0,1384.0,874.0,874.0,1.278,25-54,no,no,no,Reached shelter
Site 1716,B_placement_optimized,42,25-112711,OPT1,yes,30.0,1853.0,17.41,112.1,1384.0,1384.0,874.0,874.0,1.006,55-69,no,no,yes,Reached shelter
Site 1726,B_placement_optimized,42,26-129783,OPT1,yes,30.0,2676.0,17.41,112.1,1384.0,1384.0,874.0,874.0,1.47,55-69,no,no,no,Reached shelter
Site 53,B_placement_optimized,42,25-212205,OPT1,yes,31.0,2614.0,17.42,112.1,1385.0,1385.0,876.0,876.0,1.397,25-54,no,no,no,Reached shelter
Site 127,B_placement_optimized,42,26-129722,OPT1,yes,31.0,2322.0,17.42,112.1,1385.0,1385.0,876.0,876.0,1.225,18-24,no,no,no,Reached shelter
Site 290,B_placement_optimized,42,25-123896,OPT1,yes,31.0,2398.0,17.42,112.1,1385.0,1385.0,876.0,876.0,1.271,25-54,no,no,no,Reached shelter
Site 509,B_placement_optimized,42,26-140274,OPT1,yes,31.0,2469.0,17.42,112.1,1385.0,1385.0,876.0,876.0,1.292,25-54,no,no,no,Reached shelter
Site 574,B_placement_optimized,42,25-212368,OPT1,yes,31.0,2417.0,17.42,112.1,1385.0,1385.0,876.0,876.0,1.288,18-24,no,no,no,Reached shelter
Site 622,B_placement_optimized,42,26-129989,OPT1,yes,31.0,2170.0,17.42,112.1,1385.0,1385.0,876.0,876.0,1.143,25-54,no,no,no,Reached shelter
Site 832,B_placement_optimized,42,25-212092,OPT1,yes,31.0,2562.0,17.42,112.1,1385.0,1385.0,876.0,876.0,1.337,18-24,no,no,no,Reached shelter
Site 837,B_placement_optimized,42,25-212205,OPT1,yes,31.0,2614.0,17.42,112.1,1385.0,1385.0,876.0,876.0,1.388,25-54,no,no,no,Reached shelter
Site 876,B_placement_optimized,42,26-119373,OPT1,yes,31.0,1578.0,17.42,112.1,1385.0,1385.0,876.0,876.0,0.825,25-54,yes,no,no,Reached shelter
Site 976,B_placement_optimized,42,25-212418,OPT1,yes,31.0,2635.0,17.42,112.1,1385.0,1385.0,876.0,876.0,1.406,25-54,no,no,no,Reached shelter
Site 1101,B_placement_optimized,42,25-167611,OPT1,yes,31.0,2081.0,17.42,112.1,1385.0,1385.0,876.0,876.0,1.084,18-24,no,no,no,Reached shelter
Site 1210,B_placement_optimized,42,25-201737,OPT1,yes,31.0,1980.0,17.42,112.1,1385.0,1385.0,876.0,876.0,1.059,25-54,no,yes,no,Reached shelter
Site 1482,B_placement_optimized,42,25-190729,OPT1,yes,31.0,2100.0,17.42,112.1,1385.0,1385.0,876.0,876.0,1.128,25-54,no,no,yes,Reached shelter
Site 1655,B_placement_optimized,42,26-150147,OPT1,yes,31.0,2288.0,17.42,112.1,1385.0,1385.0,876.0,876.0,1.222,55-69,no,no,no,Reached shelter
Site 1675,B_placement_optimized,42,25-123667,OPT1,yes,31.0,2085.0,17.42,112.1,1385.0,1385.0,876.0,876.0,1.103,55-69,yes,yes,yes,Reached shelter
Site 1727,B_placement_optimized,42,25-178805,OPT1,yes,31.0,3100.0,17.42,112.1,1385.0,1385.0,876.0,876.0,1.638,25-54,no,no,no,Reached shelter
Site 1763,B_placement_optimized,42,25-222022,OPT1,yes,31.0,1793.0,17.42,112.1,1385.0,1385.0,876.0,876.0,0.944,25-54,no,no,yes,Reached shelter
Site 1870,B_placement_optimized,42,25-190750,OPT1,yes,31.0,2389.0,17.42,112.1,1385.0,1385.0,876.0,876.0,1.253,25-54,no,no,no,Reached shelter
Site 2033,B_placement_optimized,42,25-123849,OPT1,yes,31.0,2255.0,17.42,112.1,1385.0,1385.0,876.0,876.0,1.181,18-24,no,no,no,Reached shelter
Site 217,B_placement_optimized,42,25-190321,OPT1,yes,32.0,2395.0,17.43,112.1,1386.0,1386.0,878.0,878.0,1.224,25-54,no,no,no,Reached shelter
Site 317,B_placement_optimized,42,25-102370,OPT1,yes,32.0,2194.0,17.43,112.1,1386.0,1386.0,878.0,878.0,1.109,55-69,yes,no,no,Reached shelter
Site 651,B_placement_optimized,42,25-179272,OPT1,yes,32.0,2903.0,17.43,112.1,1386.0,1386.0,878.0,878.0,1.504,25-54,no,yes,no,Reached shelter
Site 801,B_placement_optimized,42,25-156106,OPT1,yes,32.0,2425.0,17.43,112.1,1386.0,1386.0,878.0,878.0,1.226,25-54,no,no,no,Reached shelter
Site 1010,B_placement_optimized,42,25-178707,OPT1,yes,32.0,2934.0,17.43,112.1,1386.0,1386.0,878.0,878.0,1.519,25-54,no,no,no,Reached shelter
Site 1019,B_placement_optimized,42,25-190321,OPT1,yes,32.0,2395.0,17.43,112.1,1386.0,1386.0,878.0,878.0,1.238,25-54,no,yes,no,Reached shelter
Site 1189,B_placement_optimized,42,25-178918,OPT1,yes,32.0,2551.0,17.43,112.1,1386.0,1386.0,878.0,878.0,1.306,25-54,no,no,no,Reached shelter
Site 1539,B_placement_optimized,42,25-134604,OPT1,yes,32.0,2242.0,17.43,112.1,1386.0,1386.0,878.0,878.0,1.149,70+,no,no,no,Reached shelter
Site 1556,B_placement_optimized,42,25-190755,OPT1,yes,32.0,2431.0,17.43,112.1,1386.0,1386.0,878.0,878.0,1.243,25-54,yes,no,no,Reached shelter
Site 1564,B_placement_optimized,42,25-178967,OPT1,yes,32.0,1696.0,17.43,112.1,1386.0,1386.0,878.0,878.0,0.883,25-54,yes,yes,no,Reached shelter
Site 1753,B_placement_optimized,42,25-112992,OPT1,yes,32.0,2612.0,17.43,112.1,1386.0,1386.0,878.0,878.0,1.355,25-54,no,no,no,Reached shelter
Site 1868,B_placement_optimized,42,25-102367,OPT1,yes,32.0,2671.0,17.43,112.1,1386.0,1386.0,878.0,878.0,1.371,55-69,yes,no,no,Reached shelter
Site 1985,B_placement_optimized,42,26-119586,OPT1,yes,32.0,1395.0,17.43,112.1,1386.0,1386.0,878.0,878.0,0.721,25-54,yes,no,no,Reached shelter
Site 11,B_placement_optimized,42,25-123721,OPT1,yes,33.0,3422.0,17.44,112.1,1387.0,1387.0,879.0,879.0,1.684,25-54,no,no,no,Reached shelter
Site 26,B_placement_optimized,42,25-156445,OPT1,yes,33.0,2690.0,17.44,112.1,1387.0,1387.0,879.0,879.0,1.334,25-54,no,no,yes,Reached shelter
Site 242,B_placement_optimized,42,25-102133,OPT1,yes,33.0,2648.0,17.44,112.1,1387.0,1387.0,879.0,879.0,1.312,25-54,no,no,no,Reached shelter
Site 435,B_placement_optimized,42,26-129822,OPT1,yes,33.0,2863.0,17.44,112.1,1387.0,1387.0,879.0,879.0,1.419,25-54,no,no,no,Reached shelter
Site 679,B_placement_optimized,42,25-145185,OPT1,yes,33.0,2252.0,17.44,112.1,1387.0,1387.0,879.0,879.0,1.137,25-54,yes,no,no,Reached shelter
Site 683,B_placement_optimized,42,25-221975,OPT1,yes,33.0,2159.0,17.44,112.1,1387.0,1387.0,879.0,879.0,1.078,25-54,yes,no,no,Reached shelter
Site 809,B_placement_optimized,42,26-140224,OPT1,yes,33.0,2521.0,17.44,112.1,1387.0,1387.0,879.0,879.0,1.266,25-54,yes,no,no,Reached shelter
Site 1126,B_placement_optimized,42,25-201465,OPT1,yes,33.0,2954.0,17.44,112.1,1387.0,1387.0,879.0,879.0,1.463,25-54,no,no,no,Reached shelter
Site 1468,B_placement_optimized,42,25-102424,OPT1,yes,33.0,2521.0,17.44,112.1,1387.0,1387.0,879.0,879.0,1.236,25-54,no,no,no,Reached shelter
Site 1772,B_placement_optimized,42,25-134639,OPT1,yes,33.0,1899.0,17.44,112.1,1387.0,1387.0,879.0,879.0,0.936,25-54,yes,no,no,Reached shelter
Site 1950,B_placement_optimized,42,25-156352,OPT1,yes,33.0,3034.0,17.44,112.1,1387.0,1387.0,879.0,879.0,1.487,25-54,no,yes,yes,Reached shelter
Site 1971,B_placement_optimized,42,25-212342,OPT1,yes,33.0,3073.0,17.44,112.1,1387.0,1387.0,879.0,879.0,1.508,25-54,no,no,no,Reached shelter
Site 142,B_placement_optimized,42,25-178729,OPT1,yes,34.0,2830.0,17.44,112.1,1388.0,1388.0,881.0,881.0,1.371,25-54,no,no,no,Reached shelter
Site 331,B_placement_optimized,42,26-140468,OPT1,yes,34.0,2851.0,17.44,112.1,1388.0,1388.0,881.0,881.0,1.367,25-54,no,no,no,Reached shelter
Site 355,B_placement_optimized,42,26-109594,OPT1,yes,34.0,2862.0,17.44,112.1,1388.0,1388.0,881.0,881.0,1.392,25-54,no,yes,no,Reached shelter
Site 456,B_placement_optimized,42,25-134248,OPT1,yes,34.0,3496.0,17.44,112.1,1388.0,1388.0,881.0,881.0,1.702,25-54,no,no,no,Reached shelter
Site 578,B_placement_optimized,42,25-112606,OPT1,yes,34.0,2363.0,17.44,112.1,1388.0,1388.0,881.0,881.0,1.142,55-69,no,no,no,Reached shelter
Site 647,B_placement_optimized,42,25-167694,OPT1,yes,34.0,3267.0,17.44,112.1,1388.0,1388.0,881.0,881.0,1.569,25-54,no,yes,no,Reached shelter
Site 1124,B_placement_optimized,42,25-156523,OPT1,yes,34.0,2092.0,17.44,112.1,1388.0,1388.0,881.0,881.0,1.006,25-54,no,no,no,Reached shelter
Site 1141,B_placement_optimized,42,25-201503,OPT1,yes,34.0,3179.0,17.44,112.1,1388.0,1388.0,881.0,881.0,1.536,25-54,no,no,no,Reached shelter
Site 1452,B_placement_optimized,42,26-130141,OPT1,yes,34.0,2238.0,17.44,112.1,1388.0,1388.0,881.0,881.0,1.074,25-54,no,no,yes,Reached shelter
Site 1527,B_placement_optimized,42,26-119282,OPT1,yes,34.0,1867.0,17.44,112.1,1388.0,1388.0,881.0,881.0,0.898,25-54,yes,no,no,Reached shelter
Site 1636,B_placement_optimized,42,25-212148,OPT1,yes,34.0,2931.0,17.44,112.1,1388.0,1388.0,881.0,881.0,1.432,55-69,no,no,no,Reached shelter
Site 1895,B_placement_optimized,42,25-179288,OPT1,yes,34.0,1786.0,17.44,112.1,1388.0,1388.0,881.0,881.0,0.874,25-54,yes,no,yes,Reached shelter
Site 1910,B_placement_optimized,42,25-134235,OPT1,yes,34.0,2924.0,17.44,112.1,1388.0,1388.0,881.0,881.0,1.393,25-54,no,no,no,Reached shelter
Site 1982,B_placement_optimized,42,25-167931,OPT1,yes,34.0,2598.0,17.44,112.1,1388.0,1388.0,881.0,881.0,1.271,55-69,no,no,no,Reached shelter
Site 32,B_placement_optimized,42,25-102540,OPT1,yes,35.0,2501.0,17.45,112.1,1389.0,1389.0,882.0,882.0,1.166,18-24,no,no,no,Reached shelter
Site 88,B_placement_optimized,42,25-156167,OPT1,yes,35.0,3135.0,17.45,112.1,1389.0,1389.0,882.0,882.0,1.492,25-54,no,no,no,Reached shelter
Site 133,B_placement_optimized,42,25-190308,OPT1,yes,35.0,3636.0,17.45,112.1,1389.0,1389.0,882.0,882.0,1.707,25-54,no,no,no,Reached shelter
Site 208,B_placement_optimized,42,25-167705,OPT1,yes,35.0,3213.0,17.45,112.1,1389.0,1389.0,882.0,882.0,1.521,25-54,no,no,no,Reached shelter
Site 305,B_placement_optimized,42,26-130189,OPT1,yes,35.0,2776.0,17.45,112.1,1389.0,1389.0,882.0,882.0,1.286,25-54,no,no,no,Reached shelter
Site 459,B_placement_optimized,42,25-222142,OPT1,yes,35.0,2920.0,17.45,112.1,1389.0,1389.0,882.0,882.0,1.36,25-54,no,no,no,Reached shelter
Site 503,B_placement_optimized,42,25-102505,OPT1,yes,35.0,2755.0,17.45,112.1,1389.0,1389.0,882.0,882.0,1.297,25-54,no,no,no,Reached shelter
Site 1001,B_placement_optimized,42,26-109460,OPT1,yes,35.0,2931.0,17.45,112.1,1389.0,1389.0,882.0,882.0,1.389,25-54,no,yes,no,Reached shelter
Site 1586,B_placement_optimized,42,25-102476,OPT1,yes,35.0,3239.0,17.45,112.1,1389.0,1389.0,882.0,882.0,1.525,18-24,no,no,no,Reached shelter
Site 1641,B_placement_optimized,42,25-212418,OPT1,yes,35.0,2635.0,17.45,112.1,1389.0,1389.0,882.0,882.0,1.235,25-54,no,no,no,Reached shelter
Site 1663,B_placement_optimized,42,25-112653,OPT1,yes,35.0,2906.0,17.45,112.1,1389.0,1389.0,882.0,882.0,1.363,25-54,no,no,no,Reached shelter
Site 1680,B_placement_optimized,42,25-123968,OPT1,yes,35.0,2988.0,17.45,112.1,1389.0,1389.0,882.0,882.0,1.393,25-54,no,no,no,Reached shelter
Site 1710,B_placement_optimized,42,25-102168,OPT1,yes,35.0,1646.0,17.45,112.1,1389.0,1389.0,882.0,882.0,0.775,25-54,yes,no,no,Reached shelter
Site 1751,B_placement_optimized,42,26-109545,OPT1,yes,35.0,1519.0,17.45,112.1,1389.0,1389.0,882.0,882.0,0.722,55-69,yes,no,yes,Reached shelter
Site 1905,B_placement_optimized,42,26-119619,OPT1,yes,35.0,3069.0,17.45,112.1,1389.0,1389.0,882.0,882.0,1.456,25-54,no,no,no,Reached shelter
Site 1975,B_placement_optimized,42,25-222022,OPT1,yes,35.0,1793.0,17.45,112.1,1389.0,1389.0,882.0,882.0,0.835,25-54,yes,no,no,Reached shelter
Site 25,B_placement_optimized,42,25-221911,OPT1,yes,36.0,1949.0,17.46,112.1,1390.0,1390.0,884.0,884.0,0.892,55-69,yes,no,yes,Reached shelter
Site 106,B_placement_optimized,42,25-179321,OPT1,yes,36.0,2454.0,17.46,112.1,1390.0,1390.0,884.0,884.0,1.133,55-69,no,no,no,Reached shelter
Site 119,B_placement_optimized,42,25-167843,OPT1,yes,36.0,2018.0,17.46,112.1,1390.0,1390.0,884.0,884.0,0.926,55-69,yes,yes,no,Reached shelter
Site 381,B_placement_optimized,42,25-112990,OPT1,yes,36.0,2744.0,17.46,112.1,1390.0,1390.0,884.0,884.0,1.246,25-54,no,no,no,Reached shelter
Site 685,B_placement_optimized,42,25-212253,OPT1,yes,36.0,1901.0,17.46,112.1,1390.0,1390.0,884.0,884.0,0.87,25-54,yes,yes,no,Reached shelter
Site 841,B_placement_optimized,42,25-179139,OPT1,yes,36.0,3263.0,17.46,112.1,1390.0,1390.0,884.0,884.0,1.51,25-54,no,no,no,Reached shelter
Site 854,B_placement_optimized,42,25-178719,OPT1,yes,36.0,3224.0,17.46,112.1,1390.0,1390.0,884.0,884.0,1.46,55-69,no,no,no,Reached shelter
Site 925,B_placement_optimized,42,25-212342,OPT1,yes,36.0,3073.0,17.46,112.1,1390.0,1390.0,884.0,884.0,1.41,25-54,no,no,no,Reached shelter
Site 941,B_placement_optimized,42,26-119547,OPT1,yes,36.0,3132.0,17.46,112.1,1390.0,1390.0,884.0,884.0,1.415,25-54,no,no,no,Reached shelter
Site 1360,B_placement_optimized,42,25-221933,OPT1,yes,36.0,2767.0,17.46,112.1,1390.0,1390.0,884.0,884.0,1.27,55-69,no,yes,no,Reached shelter
Site 1451,B_placement_optimized,42,25-156671,OPT1,yes,36.0,2833.0,17.46,112.1,1390.0,1390.0,884.0,884.0,1.3,55-69,no,no,no,Reached shelter
Site 1783,B_placement_optimized,42,25-178776,OPT1,yes,36.0,3001.0,17.46,112.1,1390.0,1390.0,884.0,884.0,1.366,25-54,no,no,no,Reached shelter
Site 1873,B_placement_optimized,42,25-212092,OPT1,yes,36.0,2562.0,17.46,112.1,1390.0,1390.0,884.0,884.0,1.16,18-24,no,no,no,Reached shelter
Site 1923,B_placement_optimized,42,25-222217,OPT1,yes,36.0,2947.0,17.46,112.1,1390.0,1390.0,884.0,884.0,1.338,25-54,no,no,no,Reached shelter
Site 1960,B_placement_optimized,42,26-119690,OPT1,yes,36.0,3556.0,17.46,112.1,1390.0,1390.0,884.0,884.0,1.632,55-69,no,no,no,Reached shelter
Site 2007,B_placement_optimized,42,25-212467,OPT1,yes,36.0,1785.0,17.46,112.1,1390.0,1390.0,884.0,884.0,0.824,25-54,no,no,yes,Reached shelter
Site 22,B_placement_optimized,42,26-129822,OPT1,yes,37.0,2863.0,17.47,112.1,1391.0,1391.0,886.0,886.0,1.286,25-54,no,no,yes,Reached shelter
Site 101,B_placement_optimized,42,25-179174,OPT1,yes,37.0,2003.0,17.47,112.1,1391.0,1391.0,886.0,886.0,0.886,18-24,no,no,no,Reached shelter
Site 288,B_placement_optimized,42,25-178707,OPT1,yes,37.0,2934.0,17.47,112.1,1391.0,1391.0,886.0,886.0,1.292,25-54,yes,no,no,Reached shelter
Site 441,B_placement_optimized,42,26-129889,OPT1,yes,37.0,3195.0,17.47,112.1,1391.0,1391.0,886.0,886.0,1.428,55-69,no,no,no,Reached shelter
Site 981,B_placement_optimized,42,25-190743,OPT1,yes,37.0,2473.0,17.47,112.1,1391.0,1391.0,886.0,886.0,1.091,25-54,no,no,yes,Reached shelter
Site 1033,B_placement_optimized,42,25-145147,OPT1,yes,37.0,3463.0,17.47,112.1,1391.0,1391.0,886.0,886.0,1.533,25-54,no,no,no,Reached shelter
Site 1085,B_placement_optimized,42,26-109459,OPT1,yes,37.0,2475.0,17.47,112.1,1391.0,1391.0,886.0,886.0,1.11,25-54,no,no,no,Reached shelter
Site 1264,B_placement_optimized,42,25-212166,OPT1,yes,37.0,2248.0,17.47,112.1,1391.0,1391.0,886.0,886.0,1.002,25-54,no,no,no,Reached shelter
Site 1347,B_placement_optimized,42,25-134674,OPT1,yes,37.0,3489.0,17.47,112.1,1391.0,1391.0,886.0,886.0,1.534,25-54,no,no,no,Reached shelter
Site 1540,B_placement_optimized,42,25-134248,OPT1,yes,37.0,3496.0,17.47,112.1,1391.0,1391.0,886.0,886.0,1.556,25-54,no,no,no,Reached shelter
Site 1647,B_placement_optimized,42,25-179174,OPT1,yes,37.0,2003.0,17.47,112.1,1391.0,1391.0,886.0,886.0,0.896,25-54,no,no,yes,Reached shelter
Site 1815,B_placement_optimized,42,25-167630,OPT1,yes,37.0,2728.0,17.47,112.1,1391.0,1391.0,886.0,886.0,1.223,25-54,no,yes,no,Reached shelter
Site 70,B_placement_optimized,42,25-145213,OPT1,yes,38.0,3278.0,17.48,112.1,1392.0,1392.0,887.0,887.0,1.401,25-54,no,no,no,Reached shelter
Site 385,B_placement_optimized,42,25-201679,OPT1,yes,38.0,2586.0,17.48,112.1,1392.0,1392.0,887.0,887.0,1.123,25-54,no,no,no,Reached shelter
Site 413,B_placement_optimized,42,25-102476,OPT1,yes,38.0,3239.0,17.48,112.1,1392.0,1392.0,887.0,887.0,1.385,25-54,no,no,no,Reached shelter
Site 565,B_placement_optimized,42,25-178707,OPT1,yes,38.0,2934.0,17.48,112.1,1392.0,1392.0,887.0,887.0,1.278,55-69,no,no,no,Reached shelter
Site 883,B_placement_optimized,42,25-156671,OPT1,yes,38.0,2833.0,17.48,112.1,1392.0,1392.0,887.0,887.0,1.213,25-54,no,no,no,Reached shelter
Site 904,B_placement_optimized,42,25-123782,OPT1,yes,38.0,3943.0,17.48,112.1,1392.0,1392.0,887.0,887.0,1.722,25-54,no,no,no,Reached shelter
Site 927,B_placement_optimized,42,25-112990,OPT1,yes,38.0,2744.0,17.48,112.1,1392.0,1392.0,887.0,887.0,1.201,25-54,no,yes,no,Reached shelter
Site 1109,B_placement_optimized,42,25-134237,OPT1,yes,38.0,2880.0,17.48,112.1,1392.0,1392.0,887.0,887.0,1.253,25-54,no,no,no,Reached shelter
Site 1350,B_placement_optimized,42,25-190809,OPT1,yes,38.0,2437.0,17.48,112.1,1392.0,1392.0,887.0,887.0,1.063,25-54,yes,no,no,Reached shelter
Site 1790,B_placement_optimized,42,26-129844,OPT1,yes,38.0,3327.0,17.48,112.1,1392.0,1392.0,887.0,887.0,1.444,25-54,no,no,no,Reached shelter
Site 1791,B_placement_optimized,42,25-123721,OPT1,yes,38.0,3422.0,17.48,112.1,1392.0,1392.0,887.0,887.0,1.489,25-54,no,no,no,Reached shelter
Site 2008,B_placement_optimized,42,25-134251,OPT1,yes,38.0,2740.0,17.48,112.1,1392.0,1392.0,887.0,887.0,1.179,55-69,no,no,no,Reached shelter
Site 2032,B_placement_optimized,42,25-145147,OPT1,yes,38.0,3463.0,17.48,112.1,1392.0,1392.0,887.0,887.0,1.486,70+,yes,no,no,Reached shelter
Site 60,B_placement_optimized,42,26-119415,OPT1,yes,39.0,3991.0,17.49,112.1,1393.0,1393.0,889.0,889.0,1.668,25-54,no,no,no,Reached shelter
Site 350,B_placement_optimized,42,25-167630,OPT1,yes,39.0,2728.0,17.49,112.1,1393.0,1393.0,889.0,889.0,1.153,55-69,yes,yes,no,Reached shelter
Site 477,B_placement_optimized,42,26-119390,OPT1,yes,39.0,3929.0,17.49,112.1,1393.0,1393.0,889.0,889.0,1.659,25-54,yes,yes,yes,Reached shelter
Site 741,B_placement_optimized,42,25-190485,OPT1,yes,39.0,3321.0,17.49,112.1,1393.0,1393.0,889.0,889.0,1.41,25-54,no,no,no,Reached shelter
Site 899,B_placement_optimized,42,25-156352,OPT1,yes,39.0,3034.0,17.49,112.1,1393.0,1393.0,889.0,889.0,1.275,25-54,no,no,no,Reached shelter
Site 935,B_placement_optimized,42,25-167705,OPT1,yes,39.0,3213.0,17.49,112.1,1393.0,1393.0,889.0,889.0,1.349,25-54,no,no,no,Reached shelter
Site 959,B_placement_optimized,42,25-156653,OPT1,yes,39.0,3051.0,17.49,112.1,1393.0,1393.0,889.0,889.0,1.288,25-54,no,yes,no,Reached shelter
Site 1047,B_placement_optimized,42,25-134576,OPT1,yes,39.0,3610.0,17.49,112.1,1393.0,1393.0,889.0,889.0,1.518,25-54,no,no,no,Reached shelter
Site 1229,B_placement_optimized,42,26-129942,OPT1,yes,39.0,2984.0,17.49,112.1,1393.0,1393.0,889.0,889.0,1.255,25-54,no,yes,yes,Reached shelter
Site 1230,B_placement_optimized,42,25-222023,OPT1,yes,39.0,4025.0,17.49,112.1,1393.0,1393.0,889.0,889.0,1.713,25-54,no,yes,no,Reached shelter
Site 1605,B_placement_optimized,42,25-145216,OPT1,yes,39.0,3353.0,17.49,112.1,1393.0,1393.0,889.0,889.0,1.419,25-54,no,no,no,Reached shelter
Site 1625,B_placement_optimized,42,25-212148,OPT1,yes,39.0,2931.0,17.49,112.1,1393.0,1393.0,889.0,889.0,1.238,25-54,no,yes,no,Reached shelter
Site 1737,B_placement_optimized,42,25-112984,OPT1,yes,39.0,3065.0,17.49,112.1,1393.0,1393.0,889.0,889.0,1.292,25-54,no,yes,no,Reached shelter
Site 1952,B_placement_optimized,42,26-119596,OPT1,yes,39.0,3441.0,17.49,112.1,1393.0,1393.0,889.0,889.0,1.45,25-54,yes,no,no,Reached shelter
Site 1964,B_placement_optimized,42,26-149669,OPT1,yes,39.0,4160.0,17.49,112.1,1393.0,1393.0,889.0,889.0,1.762,25-54,no,yes,no,Reached shelter
Site 8,B_placement_optimized,42,25-167592,OPT1,yes,40.0,3329.0,17.5,112.1,1394.0,1394.0,891.0,891.0,1.381,25-54,no,no,no,Reached shelter
Site 183,B_placement_optimized,42,26-109508,OPT1,yes,40.0,3308.0,17.5,112.1,1394.0,1394.0,891.0,891.0,1.367,25-54,no,no,no,Reached shelter
Site 645,B_placement_optimized,42,25-134241,OPT1,yes,40.0,3076.0,17.5,112.1,1394.0,1394.0,891.0,891.0,1.257,25-54,no,no,no,Reached shelter
Site 663,B_placement_optimized,42,25-190308,OPT1,yes,40.0,3636.0,17.5,112.1,1394.0,1394.0,891.0,891.0,1.48,25-54,no,no,no,Reached shelter
Site 810,B_placement_optimized,42,25-190504,OPT1,yes,40.0,1786.0,17.5,112.1,1394.0,1394.0,891.0,891.0,0.73,55-69,yes,no,no,Reached shelter
Site 903,B_placement_optimized,42,25-222217,OPT1,yes,40.0,2947.0,17.5,112.1,1394.0,1394.0,891.0,891.0,1.226,25-54,no,no,no,Reached shelter
Site 1130,B_placement_optimized,42,25-212017,OPT1,yes,40.0,2913.0,17.5,112.1,1394.0,1394.0,891.0,891.0,1.206,25-54,no,yes,no,Reached shelter
Site 1154,B_placement_optimized,42,25-102073,OPT1,yes,40.0,1977.0,17.5,112.1,1394.0,1394.0,891.0,891.0,0.824,25-54,yes,no,no,Reached shelter
Site 1191,B_placement_optimized,42,26-129999,OPT1,yes,40.0,3208.0,17.5,112.1,1394.0,1394.0,891.0,891.0,1.32,55-69,yes,no,no,Reached shelter
Site 1287,B_placement_optimized,42,25-102061,OPT1,yes,40.0,2497.0,17.5,112.1,1394.0,1394.0,891.0,891.0,1.027,25-54,yes,no,no,Reached shelter
Site 1408,B_placement_optimized,42,25-201426,OPT1,yes,40.0,3111.0,17.5,112.1,1394.0,1394.0,891.0,891.0,1.272,18-24,no,no,no,Reached shelter
Site 1525,B_placement_optimized,42,25-134416,OPT1,yes,40.0,3932.0,17.5,112.1,1394.0,1394.0,891.0,891.0,1.599,25-54,no,no,no,Reached shelter
Site 1813,B_placement_optimized,42,25-178822,OPT1,yes,40.0,3603.0,17.5,112.1,1394.0,1394.0,891.0,891.0,1.477,25-54,no,no,no,Reached shelter
Site 1871,B_placement_optimized,42,25-102388,OPT1,yes,40.0,2826.0,17.5,112.1,1394.0,1394.0,891.0,891.0,1.157,25-54,yes,no,no,Reached shelter
Site 117,B_placement_optimized,42,26-140268,OPT1,yes,41.0,3447.0,17.51,112.1,1395.0,1395.0,892.0,892.0,1.382,25-54,no,no,no,Reached shelter
Site 177,B_placement_optimized,42,25-134416,OPT1,yes,41.0,3932.0,17.51,112.1,1395.0,1395.0,892.0,892.0,1.598,25-54,no,no,yes,Reached shelter
Site 369,B_placement_optimized,42,25-134335,OPT1,yes,41.0,4072.0,17.51,112.1,1395.0,1395.0,892.0,892.0,1.65,25-54,no,no,no,Reached shelter
Site 418,B_placement_optimized,42,26-129727,OPT1,yes,41.0,2433.0,17.51,112.1,1395.0,1395.0,892.0,892.0,0.983,25-54,no,no,yes,Reached shelter
Site 591,B_placement_optimized,42,25-134416,OPT1,yes,41.0,3932.0,17.51,112.1,1395.0,1395.0,892.0,892.0,1.565,55-69,no,no,no,Reached shelter
Site 825,B_placement_optimized,42,25-190565,OPT1,yes,41.0,2685.0,17.51,112.1,1395.0,1395.0,892.0,892.0,1.068,55-69,yes,no,no,Reached shelter
Site 946,B_placement_optimized,42,25-221881,OPT1,yes,41.0,2839.0,17.51,112.1,1395.0,1395.0,892.0,892.0,1.154,55-69,no,no,yes,Reached shelter
Site 1199,B_placement_optimized,42,26-149703,OPT1,yes,41.0,3907.0,17.51,112.1,1395.0,1395.0,892.0,892.0,1.574,25-54,no,no,no,Reached shelter
Site 1240,B_placement_optimized,42,26-140159,OPT1,yes,41.0,2628.0,17.51,112.1,1395.0,1395.0,892.0,892.0,1.065,25-54,no,yes,no,Reached shelter
Site 1644,B_placement_optimized,42,26-140183,OPT1,yes,41.0,3860.0,17.51,112.1,1395.0,1395.0,892.0,892.0,1.558,25-54,yes,no,no,Reached shelter
Site 1844,B_placement_optimized,42,25-201503,OPT1,yes,41.0,3179.0,17.51,112.1,1395.0,1395.0,892.0,892.0,1.262,18-24,yes,yes,no,Reached shelter
Site 104,B_placement_optimized,42,25-134674,OPT1,yes,42.0,3489.0,17.51,112.1,1396.0,1396.0,894.0,894.0,1.375,18-24,no,no,no,Reached shelter
Site 670,B_placement_optimized,42,25-156062,OPT1,yes,42.0,2366.0,17.51,112.1,1396.0,1396.0,894.0,894.0,0.927,25-54,yes,no,yes,Reached shelter
Site 718,B_placement_optimized,42,26-140304,OPT1,yes,42.0,3180.0,17.51,112.1,1396.0,1396.0,894.0,894.0,1.256,25-54,yes,no,yes,Reached shelter
Site 796,B_placement_optimized,42,25-112591,OPT1,yes,42.0,3439.0,17.51,112.1,1396.0,1396.0,894.0,894.0,1.355,25-54,no,no,no,Reached shelter
Site 1134,B_placement_optimized,42,26-130048,OPT1,yes,42.0,1231.0,17.51,112.1,1396.0,1396.0,894.0,894.0,0.48,25-54,yes,no,no,Reached shelter
Site 1291,B_placement_optimized,42,25-190485,OPT1,yes,42.0,3321.0,17.51,112.1,1396.0,1396.0,894.0,894.0,1.308,25-54,no,no,no,Reached shelter
Site 1309,B_placement_optimized,42,25-190444,OPT1,yes,42.0,4063.0,17.51,112.1,1396.0,1396.0,894.0,894.0,1.583,25-54,no,no,no,Reached shelter
Site 1550,B_placement_optimized,42,25-134251,OPT1,yes,42.0,2740.0,17.51,112.1,1396.0,1396.0,894.0,894.0,1.077,25-54,no,no,no,Reached shelter
Site 1629,B_placement_optimized,42,25-123900,OPT1,yes,42.0,3817.0,17.51,112.1,1396.0,1396.0,894.0,894.0,1.492,25-54,no,no,no,Reached shelter
Site 1725,B_placement_optimized,42,25-221881,OPT1,yes,42.0,2839.0,17.51,112.1,1396.0,1396.0,894.0,894.0,1.125,25-54,no,no,no,Reached shelter
Site 1749,B_placement_optimized,42,25-190445,OPT1,yes,42.0,3702.0,17.51,112.1,1396.0,1396.0,894.0,894.0,1.461,25-54,no,yes,no,Reached shelter
Site 1860,B_placement_optimized,42,25-134690,OPT1,yes,42.0,3148.0,17.51,112.1,1396.0,1396.0,894.0,894.0,1.248,55-69,no,no,yes,Reached shelter
Site 1924,B_placement_optimized,42,25-190664,OPT1,yes,42.0,2313.0,17.51,112.1,1396.0,1396.0,894.0,894.0,0.904,25-54,no,no,yes,Reached shelter
Site 42,B_placement_optimized,42,25-145308,OPT1,yes,43.0,3221.0,17.52,112.1,1397.0,1397.0,895.0,895.0,1.238,55-69,yes,yes,no,Reached shelter
Site 57,B_placement_optimized,42,26-150097,OPT1,yes,43.0,3426.0,17.52,112.1,1397.0,1397.0,895.0,895.0,1.314,25-54,no,no,no,Reached shelter
Site 132,B_placement_optimized,42,25-112734,OPT1,yes,43.0,3847.0,17.52,112.1,1397.0,1397.0,895.0,895.0,1.482,25-54,yes,no,yes,Reached shelter
Site 338,B_placement_optimized,42,25-201347,OPT1,yes,43.0,3384.0,17.52,112.1,1397.0,1397.0,895.0,895.0,1.308,25-54,yes,yes,no,Reached shelter
Site 717,B_placement_optimized,42,25-178987,OPT1,yes,43.0,3694.0,17.52,112.1,1397.0,1397.0,895.0,895.0,1.425,18-24,no,no,no,Reached shelter
Site 747,B_placement_optimized,42,25-102153,OPT1,yes,43.0,1910.0,17.52,112.1,1397.0,1397.0,895.0,895.0,0.725,25-54,yes,no,no,Reached shelter
Site 1337,B_placement_optimized,42,25-112990,OPT1,yes,43.0,2744.0,17.52,112.1,1397.0,1397.0,895.0,895.0,1.041,55-69,no,no,no,Reached shelter
Site 1403,B_placement_optimized,42,25-212152,OPT1,yes,43.0,3264.0,17.52,112.1,1397.0,1397.0,895.0,895.0,1.255,25-54,no,no,no,Reached shelter
Site 1488,B_placement_optimized,42,25-201650,OPT1,yes,43.0,3253.0,17.52,112.1,1397.0,1397.0,895.0,895.0,1.248,70+,no,no,no,Reached shelter
Site 1785,B_placement_optimized,42,25-212271,OPT1,yes,43.0,3959.0,17.52,112.1,1397.0,1397.0,895.0,895.0,1.533,18-24,no,no,no,Reached shelter
Site 36,B_placement_optimized,42,25-145015,OPT1,yes,44.0,2804.0,17.53,112.1,1398.0,1398.0,897.0,897.0,1.045,18-24,no,no,no,Reached shelter
Site 169,B_placement_optimized,42,25-145444,OPT1,yes,44.0,4510.0,17.53,112.1,1398.0,1398.0,897.0,897.0,1.674,25-54,no,no,no,Reached shelter
Site 319,B_placement_optimized,42,25-123841,OPT1,yes,44.0,3921.0,17.53,112.1,1398.0,1398.0,897.0,897.0,1.477,25-54,no,no,no,Reached shelter
Site 579,B_placement_optimized,42,26-140201,OPT1,yes,44.0,4160.0,17.53,112.1,1398.0,1398.0,897.0,897.0,1.569,25-54,no,no,no,Reached shelter
Site 696,B_placement_optimized,42,25-190685,OPT1,yes,44.0,3989.0,17.53,112.1,1398.0,1398.0,897.0,897.0,1.497,25-54,no,no,no,Reached shelter
Site 815,B_placement_optimized,42,25-145015,OPT1,yes,44.0,2804.0,17.53,112.1,1398.0,1398.0,897.0,897.0,1.044,55-69,no,no,no,Reached shelter
Site 845,B_placement_optimized,42,25-212485,OPT1,yes,44.0,3981.0,17.53,112.1,1398.0,1398.0,897.0,897.0,1.479,25-54,no,no,no,Reached shelter
Site 960,B_placement_optimized,42,25-190755,OPT1,yes,44.0,2431.0,17.53,112.1,1398.0,1398.0,897.0,897.0,0.907,25-54,no,yes,no,Reached shelter
Site 1045,B_placement_optimized,42,25-112937,OPT1,yes,44.0,3822.0,17.53,112.1,1398.0,1398.0,897.0,897.0,1.425,25-54,no,no,no,Reached shelter
Site 1514,B_placement_optimized,42,25-221933,OPT1,yes,44.0,2767.0,17.53,112.1,1398.0,1398.0,897.0,897.0,1.04,25-54,no,no,no,Reached shelter
Site 1576,B_placement_optimized,42,25-212338,OPT1,yes,44.0,3353.0,17.53,112.1,1398.0,1398.0,897.0,897.0,1.265,25-54,no,no,no,Reached shelter
Site 1954,B_placement_optimized,42,25-134221,OPT1,yes,44.0,4471.0,17.53,112.1,1398.0,1398.0,897.0,897.0,1.664,25-54,no,yes,no,Reached shelter
Site 3,B_placement_optimized,42,26-149715,OPT1,yes,45.0,3059.0,17.54,112.1,1399.0,1399.0,899.0,899.0,1.111,25-54,yes,no,no,Reached shelter
Site 92,B_placement_optimized,42,26-140513,OPT1,yes,45.0,3034.0,17.54,112.1,1399.0,1399.0,899.0,899.0,1.119,55-69,no,no,no,Reached shelter
Site 145,B_placement_optimized,42,25-134340,OPT1,yes,45.0,3973.0,17.54,112.1,1399.0,1399.0,899.0,899.0,1.464,25-54,no,no,no,Reached shelter
Site 148,B_placement_optimized,42,25-156334,OPT1,yes,45.0,3724.0,17.54,112.1,1399.0,1399.0,899.0,899.0,1.35,55-69,no,yes,no,Reached shelter
Site 313,B_placement_optimized,42,25-112591,OPT1,yes,45.0,3439.0,17.54,112.1,1399.0,1399.0,899.0,899.0,1.251,25-54,no,no,no,Reached shelter
Site 462,B_placement_optimized,42,25-134348,OPT1,yes,45.0,3312.0,17.54,112.1,1399.0,1399.0,899.0,899.0,1.202,55-69,no,no,no,Reached shelter
Site 626,B_placement_optimized,42,25-134243,OPT1,yes,45.0,3108.0,17.54,112.1,1399.0,1399.0,899.0,899.0,1.149,18-24,no,no,no,Reached shelter
Site 1215,B_placement_optimized,42,25-190429,OPT1,yes,45.0,2323.0,17.54,112.1,1399.0,1399.0,899.0,899.0,0.858,55-69,yes,no,no,Reached shelter
Site 1225,B_placement_optimized,42,25-145092,OPT1,yes,45.0,1569.0,17.54,112.1,1399.0,1399.0,899.0,899.0,0.572,25-54,yes,no,no,Reached shelter
Site 1248,B_placement_optimized,42,25-190756,OPT1,yes,45.0,3655.0,17.54,112.1,1399.0,1399.0,899.0,899.0,1.336,25-54,no,no,no,Reached shelter
Site 384,B_placement_optimized,42,26-119257,OPT1,yes,46.0,3768.0,17.55,112.1,1400.0,1400.0,900.0,900.0,1.355,25-54,no,no,no,Reached shelter
Site 485,B_placement_optimized,42,25-102058,OPT1,yes,46.0,4721.0,17.55,112.1,1400.0,1400.0,900.0,900.0,1.68,25-54,no,no,no,Reached shelter
Site 619,B_placement_optimized,42,25-156243,OPT1,yes,46.0,2066.0,17.55,112.1,1400.0,1400.0,900.0,900.0,0.745,25-54,yes,no,no,Reached shelter
Site 625,B_placement_optimized,42,26-150097,OPT1,yes,46.0,3426.0,17.55,112.1,1400.0,1400.0,900.0,900.0,1.222,25-54,no,no,yes,Reached shelter
Site 914,B_placement_optimized,42,25-145071,OPT1,yes,46.0,3617.0,17.55,112.1,1400.0,1400.0,900.0,900.0,1.308,55-69,yes,no,yes,Reached shelter
Site 1077,B_placement_optimized,42,25-190762,OPT1,yes,46.0,4013.0,17.55,112.1,1400.0,1400.0,900.0,900.0,1.442,25-54,no,yes,no,Reached shelter
Site 1448,B_placement_optimized,42,25-190490,OPT1,yes,46.0,3851.0,17.55,112.1,1400.0,1400.0,900.0,900.0,1.392,55-69,no,no,no,Reached shelter
Site 1537,B_placement_optimized,42,26-119583,OPT1,yes,46.0,3118.0,17.55,112.1,1400.0,1400.0,900.0,900.0,1.125,55-69,no,no,no,Reached shelter
Site 1957,B_placement_optimized,42,25-178986,OPT1,yes,46.0,3674.0,17.55,112.1,1400.0,1400.0,900.0,900.0,1.329,25-54,no,no,no,Reached shelter
Site 128,B_placement_optimized,42,25-156567,OPT1,yes,47.0,4524.0,17.56,112.1,1401.0,1401.0,902.0,902.0,1.594,25-54,no,no,no,Reached shelter
Site 323,B_placement_optimized,42,25-178863,OPT1,yes,47.0,4153.0,17.56,112.1,1401.0,1401.0,902.0,902.0,1.456,25-54,no,no,no,Reached shelter
Site 521,B_placement_optimized,42,26-140316,OPT1,yes,47.0,3819.0,17.56,112.1,1401.0,1401.0,902.0,902.0,1.347,25-54,no,no,no,Reached shelter
Site 1380,B_placement_optimized,42,25-134248,OPT1,yes,47.0,3496.0,17.56,112.1,1401.0,1401.0,902.0,902.0,1.236,25-54,no,no,yes,Reached shelter
Site 1391,B_placement_optimized,42,26-149671,OPT1,yes,47.0,3796.0,17.56,112.1,1401.0,1401.0,902.0,902.0,1.329,25-54,no,no,no,Reached shelter
Site 1678,B_placement_optimized,42,26-119415,OPT1,yes,47.0,3991.0,17.56,112.1,1401.0,1401.0,902.0,902.0,1.407,25-54,no,no,no,Reached shelter
Site 1841,B_placement_optimized,42,25-112774,OPT1,yes,47.0,3994.0,17.56,112.1,1401.0,1401.0,902.0,902.0,1.394,25-54,no,no,no,Reached shelter
Site 1864,B_placement_optimized,42,26-140160,OPT1,yes,47.0,3600.0,17.56,112.1,1401.0,1401.0,902.0,902.0,1.263,25-54,no,no,no,Reached shelter
Site 2012,B_placement_optimized,42,25-134429,OPT1,yes,47.0,2619.0,17.56,112.1,1401.0,1401.0,902.0,902.0,0.922,55-69,no,no,no,Reached shelter
Site 18,B_placement_optimized,42,25-112734,OPT1,yes,48.0,3847.0,17.57,112.1,1402.0,1402.0,903.0,903.0,1.314,18-24,no,no,no,Reached shelter
Site 1180,B_placement_optimized,42,26-119593,OPT1,yes,48.0,4347.0,17.57,112.1,1402.0,1402.0,903.0,903.0,1.488,25-54,no,no,no,Reached shelter
Site 1213,B_placement_optimized,42,25-201650,OPT1,yes,48.0,3253.0,17.57,112.1,1402.0,1402.0,903.0,903.0,1.111,25-54,no,no,no,Reached shelter
Site 1401,B_placement_optimized,42,25-167856,OPT1,yes,48.0,4845.0,17.57,112.1,1402.0,1402.0,903.0,903.0,1.673,25-54,no,no,no,Reached shelter
Site 1443,B_placement_optimized,42,26-140376,OPT1,yes,48.0,3895.0,17.57,112.1,1402.0,1402.0,903.0,903.0,1.352,25-54,no,no,no,Reached shelter
Site 1508,B_placement_optimized,42,25-201588,OPT1,yes,48.0,3760.0,17.57,112.1,1402.0,1402.0,903.0,903.0,1.302,25-54,no,no,no,Reached shelter
Site 1562,B_placement_optimized,42,25-221905,OPT1,yes,48.0,4588.0,17.57,112.1,1402.0,1402.0,903.0,903.0,1.587,25-54,no,no,no,Reached shelter
Site 14,B_placement_optimized,42,26-150129,OPT1,yes,49.0,3024.0,17.58,112.1,1403.0,1403.0,905.0,905.0,1.023,55-69,no,no,yes,Reached shelter
Site 486,B_placement_optimized,42,25-179307,OPT1,yes,49.0,3942.0,17.58,112.1,1403.0,1403.0,905.0,905.0,1.317,25-54,no,no,yes,Reached shelter
Site 728,B_placement_optimized,42,26-130236,OPT1,yes,49.0,4338.0,17.58,112.1,1403.0,1403.0,905.0,905.0,1.452,25-54,no,no,no,Reached shelter
Site 1087,B_placement_optimized,42,26-109443,OPT1,yes,49.0,4555.0,17.58,112.1,1403.0,1403.0,905.0,905.0,1.537,25-54,no,no,no,Reached shelter
Site 1649,B_placement_optimized,42,25-201647,OPT1,yes,49.0,4575.0,17.58,112.1,1403.0,1403.0,905.0,905.0,1.531,55-69,no,no,no,Reached shelter
Site 1865,B_placement_optimized,42,25-134689,OPT1,yes,49.0,2920.0,17.58,112.1,1403.0,1403.0,905.0,905.0,0.981,55-69,yes,no,no,Reached shelter
Site 301,B_placement_optimized,42,25-102367,OPT1,yes,50.0,2671.0,17.59,112.1,1404.0,1404.0,907.0,907.0,0.89,25-54,yes,no,no,Reached shelter
Site 430,B_placement_optimized,42,26-140257,OPT1,yes,50.0,4354.0,17.59,112.1,1404.0,1404.0,907.0,907.0,1.45,25-54,no,no,no,Reached shelter
Site 515,B_placement_optimized,42,25-102250,OPT1,yes,50.0,4593.0,17.59,112.1,1404.0,1404.0,907.0,907.0,1.502,25-54,no,no,no,Reached shelter
Site 686,B_placement_optimized,42,25-212438,OPT1,yes,50.0,4635.0,17.59,112.1,1404.0,1404.0,907.0,907.0,1.537,25-54,no,no,no,Reached shelter
Site 693,B_placement_optimized,42,25-190801,OPT1,yes,50.0,4800.0,17.59,112.1,1404.0,1404.0,907.0,907.0,1.586,25-54,no,no,no,Reached shelter
Site 1244,B_placement_optimized,42,25-102046,OPT1,yes,50.0,4673.0,17.59,112.1,1404.0,1404.0,907.0,907.0,1.548,25-54,no,no,no,Reached shelter
Site 1493,B_placement_optimized,42,25-167694,OPT1,yes,50.0,3267.0,17.59,112.1,1404.0,1404.0,907.0,907.0,1.071,25-54,no,no,no,Reached shelter
Site 1714,B_placement_optimized,42,25-167812,OPT1,yes,50.0,4123.0,17.59,112.1,1404.0,1404.0,907.0,907.0,1.354,25-54,no,no,no,Reached shelter
Site 1730,B_placement_optimized,42,25-123900,OPT1,yes,50.0,3817.0,17.59,112.1,1404.0,1404.0,907.0,907.0,1.271,55-69,no,no,no,Reached shelter
Site 1977,B_placement_optimized,42,25-201420,OPT1,yes,50.0,4042.0,17.59,112.1,1404.0,1404.0,907.0,907.0,1.345,18-24,no,no,no,Reached shelter
Site 122,B_placement_optimized,42,25-212420,OPT1,yes,51.0,5059.0,17.59,112.1,1405.0,1405.0,908.0,908.0,1.646,25-54,no,no,no,Reached shelter
Site 425,B_placement_optimized,42,25-156216,OPT1,yes,51.0,4963.0,17.59,112.1,1405.0,1405.0,908.0,908.0,1.6,25-54,no,no,no,Reached shelter
Site 1043,B_placement_optimized,42,25-102309,OPT1,yes,51.0,4078.0,17.59,112.1,1405.0,1405.0,908.0,908.0,1.322,25-54,no,yes,no,Reached shelter
Site 1458,B_placement_optimized,42,25-201352,OPT1,yes,51.0,4984.0,17.59,112.1,1405.0,1405.0,908.0,908.0,1.626,25-54,no,no,no,Reached shelter
Site 1839,B_placement_optimized,42,25-123634,OPT1,yes,51.0,3815.0,17.59,112.1,1405.0,1405.0,908.0,908.0,1.231,55-69,no,no,no,Reached shelter
Site 67,B_placement_optimized,42,25-222209,OPT1,yes,52.0,5093.0,17.6,112.1,1406.0,1406.0,910.0,910.0,1.608,25-54,no,yes,no,Reached shelter
Site 157,B_placement_optimized,42,26-140556,OPT1,yes,52.0,5299.0,17.6,112.1,1406.0,1406.0,910.0,910.0,1.669,25-54,no,no,no,Reached shelter
Site 336,B_placement_optimized,42,25-145131,OPT1,yes,52.0,4580.0,17.6,112.1,1406.0,1406.0,910.0,910.0,1.456,25-54,no,no,no,Reached shelter
Site 1414,B_placement_optimized,42,25-201197,OPT1,yes,52.0,4047.0,17.6,112.1,1406.0,1406.0,910.0,910.0,1.273,55-69,no,no,no,Reached shelter
Site 1504,B_placement_optimized,42,26-140249,OPT1,yes,52.0,4797.0,17.6,112.1,1406.0,1406.0,910.0,910.0,1.518,25-54,no,no,no,Reached shelter
Site 1687,B_placement_optimized,42,25-145513,OPT1,yes,52.0,4086.0,17.6,112.1,1406.0,1406.0,910.0,910.0,1.294,55-69,no,no,no,Reached shelter
Site 1796,B_placement_optimized,42,26-130077,OPT1,yes,52.0,3618.0,17.6,112.1,1406.0,1406.0,910.0,910.0,1.149,25-54,yes,no,no,Reached shelter
Site 1855,B_placement_optimized,42,25-145495,OPT1,yes,52.0,3804.0,17.6,112.1,1406.0,1406.0,910.0,910.0,1.214,25-54,no,yes,no,Reached shelter
Site 1970,B_placement_optimized,42,25-156657,OPT1,yes,52.0,2017.0,17.6,112.1,1406.0,1406.0,910.0,910.0,0.639,55-69,yes,no,no,Reached shelter
Site 368,B_placement_optimized,42,25-156198,OPT1,yes,53.0,4170.0,17.61,112.1,1407.0,1407.0,912.0,912.0,1.295,25-54,no,no,no,Reached shelter
Site 924,B_placement_optimized,42,25-145506,OPT1,yes,53.0,2013.0,17.61,112.1,1407.0,1407.0,912.0,912.0,0.631,25-54,yes,no,no,Reached shelter
Site 1006,B_placement_optimized,42,26-130077,OPT1,yes,53.0,3618.0,17.61,112.1,1407.0,1407.0,912.0,912.0,1.122,70+,yes,no,no,Reached shelter
Site 1304,B_placement_optimized,42,25-124007,OPT1,yes,53.0,4872.0,17.61,112.1,1407.0,1407.0,912.0,912.0,1.522,25-54,yes,yes,yes,Reached shelter
Site 1480,B_placement_optimized,42,25-221964,OPT1,yes,53.0,3984.0,17.61,112.1,1407.0,1407.0,912.0,912.0,1.231,25-54,yes,no,no,Reached shelter
Site 1617,B_placement_optimized,42,25-212092,OPT1,yes,53.0,2562.0,17.61,112.1,1407.0,1407.0,912.0,912.0,0.806,55-69,yes,no,no,Reached shelter
Site 1708,B_placement_optimized,42,25-179310,OPT1,yes,53.0,5291.0,17.61,112.1,1407.0,1407.0,912.0,912.0,1.65,25-54,no,no,no,Reached shelter
Site 1807,B_placement_optimized,42,26-109443,OPT1,yes,53.0,4555.0,17.61,112.1,1407.0,1407.0,912.0,912.0,1.428,25-54,no,no,no,Reached shelter
Site 1994,B_placement_optimized,42,25-156472,OPT1,yes,53.0,5019.0,17.61,112.1,1407.0,1407.0,912.0,912.0,1.56,25-54,no,no,no,Reached shelter
Site 321,B_placement_optimized,42,25-201575,OPT1,yes,54.0,4435.0,17.62,112.1,1408.0,1408.0,913.0,913.0,1.351,25-54,no,no,no,Reached shelter
Site 335,B_placement_optimized,42,25-212485,OPT1,yes,54.0,3981.0,17.62,112.1,1408.0,1408.0,913.0,913.0,1.218,25-54,no,no,no,Reached shelter
Site 1442,B_placement_optimized,42,25-167567,OPT1,yes,54.0,4731.0,17.62,112.1,1408.0,1408.0,913.0,913.0,1.45,25-54,no,no,no,Reached shelter
Site 1538,B_placement_optimized,42,26-109714,OPT1,yes,54.0,5995.0,17.62,112.1,1408.0,1408.0,913.0,913.0,1.836,25-54,no,no,no,Reached shelter
Site 1702,B_placement_optimized,42,26-130161,OPT1,yes,54.0,5412.0,17.62,112.1,1408.0,1408.0,913.0,913.0,1.662,18-24,no,no,no,Reached shelter
Site 1740,B_placement_optimized,42,25-167562,OPT1,yes,54.0,4584.0,17.62,112.1,1408.0,1408.0,913.0,913.0,1.408,18-24,no,no,no,Reached shelter
Site 1761,B_placement_optimized,42,25-212379,OPT1,yes,54.0,4783.0,17.62,112.1,1408.0,1408.0,913.0,913.0,1.467,25-54,no,no,no,Reached shelter
Site 1770,B_placement_optimized,42,25-201669,OPT1,yes,54.0,4911.0,17.62,112.1,1408.0,1408.0,913.0,913.0,1.507,25-54,no,no,no,Reached shelter
Site 50,B_placement_optimized,42,25-167812,OPT1,yes,55.0,4123.0,17.63,112.1,1409.0,1409.0,915.0,915.0,1.245,25-54,no,no,yes,Reached shelter
Site 869,B_placement_optimized,42,25-167819,OPT1,yes,55.0,4681.0,17.63,112.1,1409.0,1409.0,915.0,915.0,1.413,25-54,no,no,yes,Reached shelter
Site 978,B_placement_optimized,42,25-178990,OPT1,yes,55.0,3855.0,17.63,112.1,1409.0,1409.0,915.0,915.0,1.152,25-54,no,no,no,Reached shelter
Site 1013,B_placement_optimized,42,25-102250,OPT1,yes,55.0,4593.0,17.63,112.1,1409.0,1409.0,915.0,915.0,1.388,25-54,no,no,no,Reached shelter
Site 1242,B_placement_optimized,42,26-140109,OPT1,yes,55.0,3033.0,17.63,112.1,1409.0,1409.0,915.0,915.0,0.916,55-69,no,no,yes,Reached shelter
Site 1369,B_placement_optimized,42,26-109443,OPT1,yes,55.0,4555.0,17.63,112.1,1409.0,1409.0,915.0,915.0,1.368,25-54,no,no,no,Reached shelter
Site 1473,B_placement_optimized,42,26-109594,OPT1,yes,55.0,2862.0,17.63,112.1,1409.0,1409.0,915.0,915.0,0.86,25-54,yes,no,no,Reached shelter
Site 1553,B_placement_optimized,42,25-112964,OPT1,yes,55.0,4547.0,17.63,112.1,1409.0,1409.0,915.0,915.0,1.378,25-54,no,no,no,Reached shelter
Site 85,B_placement_optimized,42,25-178990,OPT1,yes,56.0,3855.0,17.64,112.1,1410.0,1410.0,916.0,916.0,1.13,25-54,no,no,no,Reached shelter
Site 167,B_placement_optimized,42,26-129839,OPT1,yes,56.0,4959.0,17.64,112.1,1410.0,1410.0,916.0,916.0,1.46,25-54,no,no,no,Reached shelter
Site 292,B_placement_optimized,42,26-129843,OPT1,yes,56.0,3832.0,17.64,112.1,1410.0,1410.0,916.0,916.0,1.135,25-54,no,no,no,Reached shelter
Site 499,B_placement_optimized,42,26-109491,OPT1,yes,56.0,5102.0,17.64,112.1,1410.0,1410.0,916.0,916.0,1.506,25-54,no,no,no,Reached shelter
Site 617,B_placement_optimized,42,25-167668,OPT1,yes,56.0,5531.0,17.64,112.1,1410.0,1410.0,916.0,916.0,1.637,25-54,no,no,no,Reached shelter
Site 746,B_placement_optimized,42,25-212430,OPT1,yes,56.0,5788.0,17.64,112.1,1410.0,1410.0,916.0,916.0,1.706,25-54,no,no,no,Reached shelter
Site 1988,B_placement_optimized,42,25-134381,OPT1,yes,56.0,3953.0,17.64,112.1,1410.0,1410.0,916.0,916.0,1.167,25-54,no,no,no,Reached shelter
Site 109,B_placement_optimized,42,25-178927,OPT1,yes,57.0,5035.0,17.65,112.1,1411.0,1411.0,918.0,918.0,1.466,25-54,no,yes,no,Reached shelter
Site 222,B_placement_optimized,42,25-156686,OPT1,yes,57.0,6156.0,17.65,112.1,1411.0,1411.0,918.0,918.0,1.774,25-54,no,no,no,Reached shelter
Site 236,B_placement_optimized,42,25-222180,OPT1,yes,57.0,6768.0,17.65,112.1,1411.0,1411.0,918.0,918.0,1.962,25-54,no,no,no,Reached shelter
Site 443,B_placement_optimized,42,26-140416,OPT1,yes,57.0,3977.0,17.65,112.1,1411.0,1411.0,918.0,918.0,1.157,25-54,no,no,no,Reached shelter
Site 552,B_placement_optimized,42,25-212324,OPT1,yes,57.0,5191.0,17.65,112.1,1411.0,1411.0,918.0,918.0,1.509,25-54,no,no,no,Reached shelter
Site 1035,B_placement_optimized,42,25-222247,OPT1,yes,57.0,5280.0,17.65,112.1,1411.0,1411.0,918.0,918.0,1.53,55-69,no,no,no,Reached shelter
Site 1182,B_placement_optimized,42,25-123949,OPT1,yes,57.0,5000.0,17.65,112.1,1411.0,1411.0,918.0,918.0,1.457,55-69,no,no,no,Reached shelter
Site 1228,B_placement_optimized,42,25-178857,OPT1,yes,57.0,5007.0,17.65,112.1,1411.0,1411.0,918.0,918.0,1.443,25-54,no,yes,no,Reached shelter
Site 1253,B_placement_optimized,42,25-124007,OPT1,yes,57.0,4872.0,17.65,112.1,1411.0,1411.0,918.0,918.0,1.411,55-69,yes,no,no,Reached shelter
Site 1392,B_placement_optimized,42,25-222012,OPT1,yes,57.0,4642.0,17.65,112.1,1411.0,1411.0,918.0,918.0,1.339,25-54,no,no,no,Reached shelter
Site 0,B_placement_optimized,42,25-167975,OPT1,yes,58.0,4255.0,17.66,112.1,1412.0,1412.0,920.0,920.0,1.203,25-54,no,yes,yes,Reached shelter
Site 221,B_placement_optimized,42,25-134269,OPT1,yes,58.0,4077.0,17.66,112.1,1412.0,1412.0,920.0,920.0,1.17,55-69,no,yes,no,Reached shelter
Site 289,B_placement_optimized,42,25-112836,OPT1,yes,58.0,4935.0,17.66,112.1,1412.0,1412.0,920.0,920.0,1.401,55-69,no,no,yes,Reached shelter
Site 332,B_placement_optimized,42,25-145513,OPT1,yes,58.0,4086.0,17.66,112.1,1412.0,1412.0,920.0,920.0,1.172,25-54,no,no,no,Reached shelter
Site 447,B_placement_optimized,42,26-109491,OPT1,yes,58.0,5102.0,17.66,112.1,1412.0,1412.0,920.0,920.0,1.458,25-54,no,no,no,Reached shelter
Site 478,B_placement_optimized,42,26-149669,OPT1,yes,58.0,4160.0,17.66,112.1,1412.0,1412.0,920.0,920.0,1.188,25-54,no,no,no,Reached shelter
Site 600,B_placement_optimized,42,26-130052,OPT1,yes,58.0,4885.0,17.66,112.1,1412.0,1412.0,920.0,920.0,1.397,55-69,no,no,no,Reached shelter
Site 1302,B_placement_optimized,42,26-119330,OPT1,yes,58.0,5333.0,17.66,112.1,1412.0,1412.0,920.0,920.0,1.512,18-24,yes,no,yes,Reached shelter
Site 1486,B_placement_optimized,42,26-140290,OPT1,yes,58.0,5616.0,17.66,112.1,1412.0,1412.0,920.0,920.0,1.596,25-54,no,yes,no,Reached shelter
Site 201,B_placement_optimized,42,25-212430,OPT1,yes,59.0,5788.0,17.66,112.1,1413.0,1413.0,921.0,921.0,1.615,25-54,no,no,no,Reached shelter
Site 673,B_placement_optimized,42,25-134674,OPT1,yes,59.0,3489.0,17.66,112.1,1413.0,1413.0,921.0,921.0,0.982,25-54,no,no,yes,Reached shelter
Site 868,B_placement_optimized,42,25-167672,OPT1,yes,59.0,3713.0,17.66,112.1,1413.0,1413.0,921.0,921.0,1.032,55-69,no,no,no,Reached shelter
Site 911,B_placement_optimized,42,26-140381,OPT1,yes,59.0,4569.0,17.66,112.1,1413.0,1413.0,921.0,921.0,1.287,25-54,no,no,no,Reached shelter
Site 1003,B_placement_optimized,42,25-190464,OPT1,yes,59.0,4907.0,17.66,112.1,1413.0,1413.0,921.0,921.0,1.386,25-54,no,no,yes,Reached shelter
Site 1055,B_placement_optimized,42,25-134619,OPT1,yes,59.0,4797.0,17.66,112.1,1413.0,1413.0,921.0,921.0,1.339,25-54,no,no,no,Reached shelter
Site 1081,B_placement_optimized,42,26-130052,OPT1,yes,59.0,4885.0,17.66,112.1,1413.0,1413.0,921.0,921.0,1.37,25-54,no,no,no,Reached shelter
Site 1429,B_placement_optimized,42,25-167630,OPT1,yes,59.0,2728.0,17.66,112.1,1413.0,1413.0,921.0,921.0,0.759,25-54,yes,no,no,Reached shelter
Site 1495,B_placement_optimized,42,25-145054,OPT1,yes,59.0,4207.0,17.66,112.1,1413.0,1413.0,921.0,921.0,1.169,25-54,no,no,yes,Reached shelter
Site 1533,B_placement_optimized,42,25-145316,OPT1,yes,59.0,4369.0,17.66,112.1,1413.0,1413.0,921.0,921.0,1.218,55-69,no,no,no,Reached shelter
Site 235,B_placement_optimized,42,26-129796,OPT1,yes,60.0,3622.0,17.67,112.1,1414.0,1414.0,923.0,923.0,0.996,25-54,yes,no,no,Reached shelter
Site 397,B_placement_optimized,42,26-130085,OPT1,yes,60.0,5020.0,17.67,112.1,1414.0,1414.0,923.0,923.0,1.382,25-54,no,no,no,Reached shelter
Site 399,B_placement_optimized,42,25-156709,OPT1,yes,60.0,5655.0,17.67,112.1,1414.0,1414.0,923.0,923.0,1.545,55-69,no,no,no,Reached shelter
Site 775,B_placement_optimized,42,25-123745,OPT1,yes,60.0,6001.0,17.67,112.1,1414.0,1414.0,923.0,923.0,1.663,25-54,no,no,no,Reached shelter
Site 1110,B_placement_optimized,42,25-190308,OPT1,yes,60.0,3636.0,17.67,112.1,1414.0,1414.0,923.0,923.0,1.002,55-69,yes,no,yes,Reached shelter
Site 1150,B_placement_optimized,42,25-179011,OPT1,yes,60.0,4638.0,17.67,112.1,1414.0,1414.0,923.0,923.0,1.268,25-54,no,no,no,Reached shelter
Site 484,B_placement_optimized,42,26-140430,OPT1,yes,61.0,5598.0,17.68,112.1,1415.0,1415.0,925.0,925.0,1.508,25-54,no,no,no,Reached shelter
Site 502,B_placement_optimized,42,26-119376,OPT1,yes,61.0,5096.0,17.68,112.1,1415.0,1415.0,925.0,925.0,1.383,25-54,no,no,no,Reached shelter
Site 1335,B_placement_optimized,42,25-145160,OPT1,yes,61.0,5862.0,17.68,112.1,1415.0,1415.0,925.0,925.0,1.588,25-54,no,no,no,Reached shelter
Site 1973,B_placement_optimized,42,25-201236,OPT1,yes,61.0,5188.0,17.68,112.1,1415.0,1415.0,925.0,925.0,1.402,25-54,no,no,no,Reached shelter
Site 363,B_placement_optimized,42,25-167539,OPT1,yes,62.0,4930.0,17.69,112.1,1416.0,1416.0,927.0,927.0,1.306,25-54,no,no,yes,Reached shelter
Site 510,B_placement_optimized,42,25-212192,OPT1,yes,62.0,5566.0,17.69,112.1,1416.0,1416.0,927.0,927.0,1.489,25-54,no,no,no,Reached shelter
Site 742,B_placement_optimized,42,26-129966,OPT1,yes,62.0,4746.0,17.69,112.1,1416.0,1416.0,927.0,927.0,1.274,55-69,no,no,no,Reached shelter
Site 1394,B_placement_optimized,42,25-123837,OPT1,yes,62.0,5969.0,17.69,112.1,1416.0,1416.0,927.0,927.0,1.59,25-54,no,no,no,Reached shelter
Site 1825,B_placement_optimized,42,26-129938,OPT1,yes,62.0,5601.0,17.69,112.1,1416.0,1416.0,927.0,927.0,1.487,55-69,no,no,no,Reached shelter
Site 74,B_placement_optimized,42,25-134324,OPT1,yes,63.0,4678.0,17.71,112.1,1417.0,1417.0,928.0,928.0,1.221,55-69,no,no,no,Reached shelter
Site 310,B_placement_optimized,42,26-129839,OPT1,yes,63.0,4959.0,17.71,112.1,1417.0,1417.0,928.0,928.0,1.304,25-54,no,no,no,Reached shelter
Site 757,B_placement_optimized,42,25-212015,OPT1,yes,63.0,3071.0,17.71,112.1,1417.0,1417.0,928.0,928.0,0.804,25-54,yes,no,no,Reached shelter
Site 792,B_placement_optimized,42,25-123864,OPT1,yes,63.0,5408.0,17.71,112.1,1417.0,1417.0,928.0,928.0,1.413,25-54,no,yes,no,Reached shelter
Site 1079,B_placement_optimized,42,26-130034,OPT1,yes,63.0,5039.0,17.71,112.1,1417.0,1417.0,928.0,928.0,1.322,25-54,no,no,no,Reached shelter
Site 1296,B_placement_optimized,42,26-149810,OPT1,yes,63.0,6045.0,17.71,112.1,1417.0,1417.0,928.0,928.0,1.587,55-69,no,no,no,Reached shelter
Site 1324,B_placement_optimized,42,26-130085,OPT1,yes,63.0,5020.0,17.71,112.1,1417.0,1417.0,928.0,928.0,1.327,55-69,no,no,no,Reached shelter
Site 1470,B_placement_optimized,42,25-102162,OPT1,yes,63.0,6415.0,17.71,112.1,1417.0,1417.0,928.0,928.0,1.687,25-54,no,yes,no,Reached shelter
Site 1696,B_placement_optimized,42,25-201647,OPT1,yes,63.0,4575.0,17.71,112.1,1417.0,1417.0,928.0,928.0,1.2,55-69,no,no,no,Reached shelter
Site 185,B_placement_optimized,42,25-201356,OPT1,yes,64.0,5023.0,17.72,112.1,1418.0,1418.0,930.0,930.0,1.295,25-54,no,no,no,Reached shelter
Site 398,B_placement_optimized,42,26-109729,OPT1,yes,64.0,6442.0,17.72,112.1,1418.0,1418.0,930.0,930.0,1.667,25-54,no,no,no,Reached shelter
Site 827,B_placement_optimized,42,26-119253,OPT1,yes,64.0,5439.0,17.72,112.1,1418.0,1418.0,930.0,930.0,1.399,25-54,no,no,no,Reached shelter
Site 1313,B_placement_optimized,42,26-119337,OPT1,yes,64.0,6320.0,17.72,112.1,1418.0,1418.0,930.0,930.0,1.622,70+,yes,no,yes,Reached shelter
Site 1598,B_placement_optimized,42,25-201283,OPT1,yes,64.0,4624.0,17.72,112.1,1418.0,1418.0,930.0,930.0,1.2,25-54,no,no,no,Reached shelter
Site 1774,B_placement_optimized,42,26-140416,OPT1,yes,64.0,3977.0,17.72,112.1,1418.0,1418.0,930.0,930.0,1.031,25-54,no,no,no,Reached shelter
Site 1830,B_placement_optimized,42,25-201283,OPT1,yes,64.0,4624.0,17.72,112.1,1418.0,1418.0,930.0,930.0,1.199,25-54,no,no,no,Reached shelter
Site 1840,B_placement_optimized,42,25-102162,OPT1,yes,64.0,6415.0,17.72,112.1,1418.0,1418.0,930.0,930.0,1.653,25-54,no,no,no,Reached shelter
Site 116,B_placement_optimized,42,25-201712,OPT1,yes,65.0,4961.0,17.73,112.1,1420.0,1420.0,932.0,932.0,1.26,25-54,no,no,no,Reached shelter
Site 917,B_placement_optimized,42,25-167805,OPT1,yes,65.0,4705.0,17.73,112.1,1420.0,1420.0,932.0,932.0,1.204,18-24,no,no,no,Reached shelter
Site 1822,B_placement_optimized,42,25-112927,OPT1,yes,65.0,4966.0,17.73,112.1,1420.0,1420.0,932.0,932.0,1.265,25-54,no,no,no,Reached shelter
Site 533,B_placement_optimized,42,25-212520,OPT1,yes,66.0,7346.0,17.74,112.1,1421.0,1421.0,934.0,934.0,1.84,25-54,no,yes,no,Reached shelter
Site 682,B_placement_optimized,42,26-149804,OPT1,yes,66.0,5911.0,17.74,112.1,1421.0,1421.0,934.0,934.0,1.474,25-54,no,no,yes,Reached shelter
Site 734,B_placement_optimized,42,26-140290,OPT1,yes,66.0,5616.0,17.74,112.1,1421.0,1421.0,934.0,934.0,1.401,18-24,no,yes,no,Reached shelter
Site 848,B_placement_optimized,42,25-102073,OPT1,yes,66.0,1977.0,17.74,112.1,1421.0,1421.0,934.0,934.0,0.497,25-54,yes,no,no,Reached shelter
Site 1092,B_placement_optimized,42,25-178994,OPT1,yes,66.0,6143.0,17.74,112.1,1421.0,1421.0,934.0,934.0,1.549,18-24,no,no,no,Reached shelter
Site 1173,B_placement_optimized,42,26-129843,OPT1,yes,66.0,3832.0,17.74,112.1,1421.0,1421.0,934.0,934.0,0.966,55-69,yes,no,no,Reached shelter
Site 1185,B_placement_optimized,42,25-178859,OPT1,yes,66.0,5147.0,17.74,112.1,1421.0,1421.0,934.0,934.0,1.299,25-54,no,yes,no,Reached shelter
Site 1376,B_placement_optimized,42,25-167891,OPT1,yes,66.0,4734.0,17.74,112.1,1421.0,1421.0,934.0,934.0,1.187,25-54,yes,no,yes,Reached shelter
Site 1435,B_placement_optimized,42,25-124034,OPT1,yes,66.0,5618.0,17.74,112.1,1421.0,1421.0,934.0,934.0,1.418,25-54,no,no,no,Reached shelter
Site 1507,B_placement_optimized,42,25-201443,OPT1,yes,66.0,3542.0,17.74,112.1,1421.0,1421.0,934.0,934.0,0.889,55-69,yes,no,no,Reached shelter
Site 1890,B_placement_optimized,42,25-145070,OPT1,yes,66.0,5395.0,17.74,112.1,1421.0,1421.0,934.0,934.0,1.345,25-54,no,no,no,Reached shelter
Site 1926,B_placement_optimized,42,25-167567,OPT1,yes,66.0,4731.0,17.74,112.1,1421.0,1421.0,934.0,934.0,1.19,25-54,no,no,no,Reached shelter
Site 330,B_placement_optimized,42,25-123772,OPT1,yes,67.0,4457.0,17.75,112.1,1422.0,1422.0,936.0,936.0,1.104,55-69,no,no,no,Reached shelter
Site 590,B_placement_optimized,42,26-149694,OPT1,yes,67.0,4664.0,17.75,112.1,1422.0,1422.0,936.0,936.0,1.155,25-54,no,no,no,Reached shelter
Site 681,B_placement_optimized,42,25-212362,OPT1,yes,67.0,5991.0,17.75,112.1,1422.0,1422.0,936.0,936.0,1.473,25-54,no,no,no,Reached shelter
Site 794,B_placement_optimized,42,26-109309,OPT1,yes,67.0,5889.0,17.75,112.1,1422.0,1422.0,936.0,936.0,1.448,25-54,no,no,no,Reached shelter
Site 1059,B_placement_optimized,42,25-102451,OPT1,yes,67.0,6874.0,17.75,112.1,1422.0,1422.0,936.0,936.0,1.706,25-54,no,no,no,Reached shelter
Site 1344,B_placement_optimized,42,25-222049,OPT1,yes,67.0,4828.0,17.75,112.1,1422.0,1422.0,936.0,936.0,1.195,55-69,no,no,yes,Reached shelter
Site 1368,B_placement_optimized,42,26-119766,OPT1,yes,67.0,5456.0,17.75,112.1,1422.0,1422.0,936.0,936.0,1.339,25-54,yes,yes,no,Reached shelter
Site 1596,B_placement_optimized,42,25-212351,OPT1,yes,67.0,4789.0,17.75,112.1,1422.0,1422.0,936.0,936.0,1.191,55-69,no,no,no,Reached shelter
Site 1956,B_placement_optimized,42,25-145037,OPT1,yes,67.0,6314.0,17.75,112.1,1422.0,1422.0,936.0,936.0,1.554,25-54,no,no,no,Reached shelter
Site 136,B_placement_optimized,42,25-145108,OPT1,yes,68.0,5904.0,17.76,112.1,1423.0,1423.0,937.0,937.0,1.432,25-54,no,no,no,Reached shelter
Site 141,B_placement_optimized,42,25-123949,OPT1,yes,68.0,5000.0,17.76,112.1,1423.0,1423.0,937.0,937.0,1.21,18-24,no,no,no,Reached shelter
Site 402,B_placement_optimized,42,25-145258,OPT1,yes,68.0,4697.0,17.76,112.1,1423.0,1423.0,937.0,937.0,1.14,25-54,no,no,no,Reached shelter
Site 506,B_placement_optimized,42,25-178709,OPT1,yes,68.0,5677.0,17.76,112.1,1423.0,1423.0,937.0,937.0,1.379,18-24,no,no,no,Reached shelter
Site 1506,B_placement_optimized,42,25-178709,OPT1,yes,68.0,5677.0,17.76,112.1,1423.0,1423.0,937.0,937.0,1.376,25-54,no,no,no,Reached shelter
Site 1646,B_placement_optimized,42,25-134509,OPT1,yes,68.0,4480.0,17.76,112.1,1423.0,1423.0,937.0,937.0,1.086,25-54,no,no,no,Reached shelter
Site 1835,B_placement_optimized,42,25-145298,OPT1,yes,68.0,4976.0,17.76,112.1,1423.0,1423.0,937.0,937.0,1.21,25-54,yes,no,yes,Reached shelter
Site 483,B_placement_optimized,42,25-156585,OPT1,yes,69.0,6323.0,17.77,112.1,1424.0,1424.0,939.0,939.0,1.519,55-69,no,no,no,Reached shelter
Site 1014,B_placement_optimized,42,26-140604,OPT1,yes,69.0,5098.0,17.77,112.1,1424.0,1424.0,939.0,939.0,1.22,55-69,no,no,no,Reached shelter
Site 1316,B_placement_optimized,42,25-178791,OPT1,yes,69.0,6629.0,17.77,112.1,1424.0,1424.0,939.0,939.0,1.588,25-54,no,no,no,Reached shelter
Site 491,B_placement_optimized,42,25-178720,OPT1,yes,70.0,6471.0,17.78,112.1,1425.0,1425.0,941.0,941.0,1.525,25-54,no,no,no,Reached shelter
Site 606,B_placement_optimized,42,25-145307,OPT1,yes,70.0,7310.0,17.78,112.1,1425.0,1425.0,941.0,941.0,1.738,55-69,no,yes,no,Reached shelter
Site 833,B_placement_optimized,42,25-212192,OPT1,yes,70.0,5566.0,17.78,112.1,1425.0,1425.0,941.0,941.0,1.322,25-54,no,no,no,Reached shelter
Site 1278,B_placement_optimized,42,25-134244,OPT1,yes,70.0,3018.0,17.78,112.1,1425.0,1425.0,941.0,941.0,0.714,25-54,yes,no,no,Reached shelter
Site 1529,B_placement_optimized,42,25-201385,OPT1,yes,70.0,4560.0,17.78,112.1,1425.0,1425.0,941.0,941.0,1.082,55-69,yes,no,yes,Reached shelter
Site 1921,B_placement_optimized,42,25-212520,OPT1,yes,70.0,7346.0,17.78,112.1,1425.0,1425.0,941.0,941.0,1.725,25-54,no,no,no,Reached shelter
Site 283,B_placement_optimized,42,26-140238,OPT1,yes,71.0,4979.0,17.79,112.1,1426.0,1426.0,943.0,943.0,1.161,25-54,no,no,no,Reached shelter
Site 743,B_placement_optimized,42,25-222081,OPT1,yes,71.0,4791.0,17.79,112.1,1426.0,1426.0,943.0,943.0,1.113,25-54,yes,no,no,Reached shelter
Site 1386,B_placement_optimized,42,26-140238,OPT1,yes,71.0,4979.0,17.79,112.1,1426.0,1426.0,943.0,943.0,1.164,25-54,no,no,no,Reached shelter
Site 1668,B_placement_optimized,42,25-112799,OPT1,yes,71.0,5677.0,17.79,112.1,1426.0,1426.0,943.0,943.0,1.325,25-54,no,no,no,Reached shelter
Site 1688,B_placement_optimized,42,26-140587,OPT1,yes,71.0,6221.0,17.79,112.1,1426.0,1426.0,943.0,943.0,1.446,55-69,no,no,no,Reached shelter
Site 2002,B_placement_optimized,42,25-123824,OPT1,yes,71.0,6662.0,17.79,112.1,1426.0,1426.0,943.0,943.0,1.554,25-54,no,yes,no,Reached shelter
Site 197,B_placement_optimized,42,25-134264,OPT1,yes,72.0,7135.0,17.8,112.1,1427.0,1427.0,945.0,945.0,1.637,25-54,no,no,no,Reached shelter
Site 546,B_placement_optimized,42,25-201245,OPT1,yes,72.0,7101.0,17.8,112.1,1427.0,1427.0,945.0,945.0,1.631,25-54,no,no,no,Reached shelter
Site 800,B_placement_optimized,42,25-134689,OPT1,yes,72.0,2920.0,17.8,112.1,1427.0,1427.0,945.0,945.0,0.67,25-54,yes,yes,no,Reached shelter
Site 1076,B_placement_optimized,42,25-145004,OPT1,yes,72.0,4381.0,17.8,112.1,1427.0,1427.0,945.0,945.0,1.011,25-54,yes,no,no,Reached shelter
Site 1289,B_placement_optimized,42,25-145037,OPT1,yes,72.0,6314.0,17.8,112.1,1427.0,1427.0,945.0,945.0,1.456,25-54,no,no,no,Reached shelter
Site 1413,B_placement_optimized,42,25-167860,OPT1,yes,72.0,4931.0,17.8,112.1,1427.0,1427.0,945.0,945.0,1.14,55-69,no,no,no,Reached shelter
Site 1560,B_placement_optimized,42,25-178994,OPT1,yes,72.0,6143.0,17.8,112.1,1427.0,1427.0,945.0,945.0,1.407,25-54,no,no,no,Reached shelter
Site 1718,B_placement_optimized,42,25-156567,OPT1,yes,72.0,4524.0,17.8,112.1,1427.0,1427.0,945.0,945.0,1.044,25-54,no,no,yes,Reached shelter
Site 1842,B_placement_optimized,42,25-134512,OPT1,yes,72.0,5254.0,17.8,112.1,1427.0,1427.0,945.0,945.0,1.213,25-54,no,no,no,Reached shelter
Site 1867,B_placement_optimized,42,25-156196,OPT1,yes,72.0,5829.0,17.8,112.1,1427.0,1427.0,945.0,945.0,1.346,55-69,no,no,no,Reached shelter
Site 35,B_placement_optimized,42,25-201644,OPT1,yes,73.0,5144.0,17.81,112.1,1428.0,1428.0,946.0,946.0,1.173,25-54,no,no,no,Reached shelter
Site 419,B_placement_optimized,42,25-190498,OPT1,yes,73.0,4617.0,17.81,112.1,1428.0,1428.0,946.0,946.0,1.047,25-54,yes,no,no,Reached shelter
Site 642,B_placement_optimized,42,25-123986,OPT1,yes,73.0,6902.0,17.81,112.1,1428.0,1428.0,946.0,946.0,1.563,25-54,no,yes,no,Reached shelter
Site 849,B_placement_optimized,42,26-150072,OPT1,yes,73.0,6536.0,17.81,112.1,1428.0,1428.0,946.0,946.0,1.474,25-54,no,no,no,Reached shelter
Site 1203,B_placement_optimized,42,25-178709,OPT1,yes,73.0,5677.0,17.81,112.1,1428.0,1428.0,946.0,946.0,1.285,25-54,no,yes,no,Reached shelter
Site 1886,B_placement_optimized,42,25-145108,OPT1,yes,73.0,5904.0,17.81,112.1,1428.0,1428.0,946.0,946.0,1.333,25-54,no,no,no,Reached shelter
Site 2016,B_placement_optimized,42,26-119338,OPT1,yes,73.0,5270.0,17.81,112.1,1428.0,1428.0,946.0,946.0,1.203,25-54,no,no,no,Reached shelter
Site 588,B_placement_optimized,42,25-221894,OPT1,yes,74.0,7460.0,17.82,112.1,1429.0,1429.0,948.0,948.0,1.672,25-54,no,no,no,Reached shelter
Site 698,B_placement_optimized,42,25-168028,OPT1,yes,74.0,6875.0,17.82,112.1,1429.0,1429.0,948.0,948.0,1.547,25-54,no,no,no,Reached shelter
Site 824,B_placement_optimized,42,25-112967,OPT1,yes,74.0,7747.0,17.82,112.1,1429.0,1429.0,948.0,948.0,1.723,25-54,no,no,no,Reached shelter
Site 920,B_placement_optimized,42,25-102293,OPT1,yes,74.0,5758.0,17.82,112.1,1429.0,1429.0,948.0,948.0,1.295,25-54,no,no,no,Reached shelter
Site 1049,B_placement_optimized,42,25-212229,OPT1,yes,74.0,5907.0,17.82,112.1,1429.0,1429.0,948.0,948.0,1.316,18-24,no,no,no,Reached shelter
Site 158,B_placement_optimized,42,26-130031,OPT1,yes,75.0,6478.0,17.83,112.1,1431.0,1431.0,950.0,950.0,1.425,25-54,no,no,no,Reached shelter
Site 678,B_placement_optimized,42,25-222171,OPT1,yes,75.0,7460.0,17.83,112.1,1431.0,1431.0,950.0,950.0,1.65,25-54,no,no,no,Reached shelter
Site 753,B_placement_optimized,42,25-167720,OPT1,yes,75.0,4712.0,17.83,112.1,1431.0,1431.0,950.0,950.0,1.035,25-54,no,yes,yes,Reached shelter
Site 853,B_placement_optimized,42,25-102308,OPT1,yes,75.0,5878.0,17.83,112.1,1431.0,1431.0,950.0,950.0,1.291,25-54,no,no,yes,Reached shelter
Site 1485,B_placement_optimized,42,25-178798,OPT1,yes,75.0,7373.0,17.83,112.1,1431.0,1431.0,950.0,950.0,1.62,25-54,no,no,no,Reached shelter
Site 1854,B_placement_optimized,42,26-140443,OPT1,yes,75.0,6438.0,17.83,112.1,1431.0,1431.0,950.0,950.0,1.428,55-69,no,no,no,Reached shelter
Site 1882,B_placement_optimized,42,25-179105,OPT1,yes,75.0,5491.0,17.83,112.1,1431.0,1431.0,950.0,950.0,1.207,25-54,no,no,no,Reached shelter
Site 511,B_placement_optimized,42,25-123772,OPT1,yes,76.0,4457.0,17.84,112.1,1432.0,1432.0,952.0,952.0,0.969,25-54,yes,no,no,Reached shelter
Site 969,B_placement_optimized,42,26-119345,OPT1,yes,76.0,5691.0,17.84,112.1,1432.0,1432.0,952.0,952.0,1.233,25-54,yes,yes,no,Reached shelter
Site 1356,B_placement_optimized,42,25-112605,OPT1,yes,76.0,7138.0,17.84,112.1,1432.0,1432.0,952.0,952.0,1.56,55-69,yes,no,no,Reached shelter
Site 1588,B_placement_optimized,42,25-221944,OPT1,yes,76.0,4120.0,17.84,112.1,1432.0,1432.0,952.0,952.0,0.898,25-54,no,yes,yes,Reached shelter
Site 1769,B_placement_optimized,42,25-156537,OPT1,yes,76.0,6815.0,17.84,112.1,1432.0,1432.0,952.0,952.0,1.478,25-54,no,no,no,Reached shelter
Site 1900,B_placement_optimized,42,25-190737,OPT1,yes,76.0,8190.0,17.84,112.1,1432.0,1432.0,952.0,952.0,1.782,25-54,no,yes,no,Reached shelter
Site 302,B_placement_optimized,42,25-190464,OPT1,yes,77.0,4907.0,17.85,112.1,1433.0,1433.0,954.0,954.0,1.054,25-54,no,no,yes,Reached shelter
Site 633,B_placement_optimized,42,25-156537,OPT1,yes,77.0,6815.0,17.85,112.1,1433.0,1433.0,954.0,954.0,1.46,25-54,no,no,no,Reached shelter
Site 1187,B_placement_optimized,42,25-190332,OPT1,yes,77.0,6407.0,17.85,112.1,1433.0,1433.0,954.0,954.0,1.382,25-54,no,no,no,Reached shelter
Site 1272,B_placement_optimized,42,25-134334,OPT1,yes,77.0,5956.0,17.85,112.1,1433.0,1433.0,954.0,954.0,1.277,25-54,no,no,no,Reached shelter
Site 1327,B_placement_optimized,42,25-112991,OPT1,yes,77.0,3895.0,17.85,112.1,1433.0,1433.0,954.0,954.0,0.838,25-54,yes,no,no,Reached shelter
Site 1355,B_placement_optimized,42,25-167658,OPT1,yes,77.0,5559.0,17.85,112.1,1433.0,1433.0,954.0,954.0,1.188,55-69,no,no,yes,Reached shelter
Site 1396,B_placement_optimized,42,25-167634,OPT1,yes,77.0,8395.0,17.85,112.1,1433.0,1433.0,954.0,954.0,1.794,55-69,no,no,no,Reached shelter
Site 41,B_placement_optimized,42,25-178808,OPT1,yes,78.0,5531.0,17.86,112.1,1434.0,1434.0,955.0,955.0,1.181,55-69,no,yes,no,Reached shelter
Site 176,B_placement_optimized,42,26-140216,OPT1,yes,78.0,7229.0,17.86,112.1,1434.0,1434.0,955.0,955.0,1.544,25-54,no,no,no,Reached shelter
Site 722,B_placement_optimized,42,26-109373,OPT1,yes,78.0,7695.0,17.86,112.1,1434.0,1434.0,955.0,955.0,1.632,25-54,no,no,no,Reached shelter
Site 1387,B_placement_optimized,42,25-156709,OPT1,yes,78.0,5655.0,17.86,112.1,1434.0,1434.0,955.0,955.0,1.206,25-54,no,no,no,Reached shelter
Site 91,B_placement_optimized,42,25-190727,OPT1,yes,79.0,7831.0,17.87,112.1,1435.0,1435.0,957.0,957.0,1.637,25-54,no,no,no,Reached shelter
Site 199,B_placement_optimized,42,25-123944,OPT1,yes,79.0,7542.0,17.87,112.1,1435.0,1435.0,957.0,957.0,1.576,25-54,no,no,no,Reached shelter
Site 790,B_placement_optimized,42,25-212532,OPT1,yes,79.0,5933.0,17.87,112.1,1435.0,1435.0,957.0,957.0,1.244,25-54,no,no,yes,Reached shelter
Site 834,B_placement_optimized,42,26-149973,OPT1,yes,79.0,6960.0,17.87,112.1,1435.0,1435.0,957.0,957.0,1.455,25-54,no,no,no,Reached shelter
Site 835,B_placement_optimized,42,25-167639,OPT1,yes,79.0,6647.0,17.87,112.1,1435.0,1435.0,957.0,957.0,1.387,55-69,no,no,no,Reached shelter
Site 1269,B_placement_optimized,42,25-212263,OPT1,yes,79.0,6456.0,17.87,112.1,1435.0,1435.0,957.0,957.0,1.355,25-54,no,yes,no,Reached shelter
Site 1481,B_placement_optimized,42,25-123844,OPT1,yes,79.0,7848.0,17.87,112.1,1435.0,1435.0,957.0,957.0,1.635,25-54,no,no,no,Reached shelter
Site 1738,B_placement_optimized,42,26-140311,OPT1,yes,79.0,6963.0,17.87,112.1,1435.0,1435.0,957.0,957.0,1.456,18-24,no,no,no,Reached shelter
Site 1852,B_placement_optimized,42,26-149750,OPT1,yes,79.0,5909.0,17.87,112.1,1435.0,1435.0,957.0,957.0,1.233,25-54,no,no,no,Reached shelter
Site 1914,B_placement_optimized,42,25-190456,OPT1,yes,79.0,8068.0,17.87,112.1,1435.0,1435.0,957.0,957.0,1.684,25-54,no,no,no,Reached shelter
Site 38,B_placement_optimized,42,26-149709,OPT1,yes,80.0,7865.0,17.88,112.1,1436.0,1436.0,959.0,959.0,1.634,25-54,no,no,no,Reached shelter
Site 329,B_placement_optimized,42,25-112658,OPT1,yes,80.0,6865.0,17.88,112.1,1436.0,1436.0,959.0,959.0,1.427,25-54,no,no,yes,Reached shelter
Site 431,B_placement_optimized,42,25-156100,OPT1,yes,80.0,4401.0,17.88,112.1,1436.0,1436.0,959.0,959.0,0.908,18-24,yes,no,no,Reached shelter
Site 453,B_placement_optimized,42,25-112605,OPT1,yes,80.0,7138.0,17.88,112.1,1436.0,1436.0,959.0,959.0,1.485,25-54,no,no,no,Reached shelter
Site 1158,B_placement_optimized,42,26-119761,OPT1,yes,80.0,8189.0,17.88,112.1,1436.0,1436.0,959.0,959.0,1.706,25-54,no,no,no,Reached shelter
Site 1205,B_placement_optimized,42,26-150072,OPT1,yes,80.0,6536.0,17.88,112.1,1436.0,1436.0,959.0,959.0,1.36,25-54,no,yes,no,Reached shelter
Site 589,B_placement_optimized,42,25-190737,OPT1,yes,81.0,8190.0,17.89,112.1,1437.0,1437.0,961.0,961.0,1.672,25-54,no,no,no,Reached shelter
Site 857,B_placement_optimized,42,26-119518,OPT1,yes,81.0,6918.0,17.89,112.1,1437.0,1437.0,961.0,961.0,1.416,25-54,no,no,no,Reached shelter
Site 1026,B_placement_optimized,42,25-102089,OPT1,yes,81.0,8164.0,17.89,112.1,1437.0,1437.0,961.0,961.0,1.677,25-54,no,no,no,Reached shelter
Site 1252,B_placement_optimized,42,25-112783,OPT1,yes,81.0,5889.0,17.89,112.1,1437.0,1437.0,961.0,961.0,1.204,25-54,no,no,no,Reached shelter
Site 282,B_placement_optimized,42,25-145307,OPT1,yes,82.0,7310.0,17.9,112.1,1438.0,1438.0,963.0,963.0,1.471,25-54,no,no,no,Reached shelter
Site 434,B_placement_optimized,42,26-109634,OPT1,yes,82.0,7629.0,17.9,112.1,1438.0,1438.0,963.0,963.0,1.541,25-54,no,no,no,Reached shelter
Site 731,B_placement_optimized,42,25-212362,OPT1,yes,82.0,5991.0,17.9,112.1,1438.0,1438.0,963.0,963.0,1.216,18-24,yes,no,no,Reached shelter
Site 1281,B_placement_optimized,42,26-130259,OPT1,yes,82.0,7669.0,17.9,112.1,1438.0,1438.0,963.0,963.0,1.554,25-54,no,no,no,Reached shelter
Site 1535,B_placement_optimized,42,25-102493,OPT1,yes,82.0,6422.0,17.9,112.1,1438.0,1438.0,963.0,963.0,1.299,25-54,no,no,no,Reached shelter
Site 1613,B_placement_optimized,42,25-222018,OPT1,yes,82.0,7350.0,17.9,112.1,1438.0,1438.0,963.0,963.0,1.487,25-54,no,no,no,Reached shelter
Site 100,B_placement_optimized,42,26-119337,OPT1,yes,83.0,6320.0,17.91,112.1,1439.0,1439.0,964.0,964.0,1.262,25-54,no,no,no,Reached shelter
Site 196,B_placement_optimized,42,26-130031,OPT1,yes,83.0,6478.0,17.91,112.1,1439.0,1439.0,964.0,964.0,1.293,25-54,no,yes,no,Reached shelter
Site 205,B_placement_optimized,42,25-102328,OPT1,yes,83.0,7134.0,17.91,112.1,1439.0,1439.0,964.0,964.0,1.43,25-54,no,no,no,Reached shelter
Site 555,B_placement_optimized,42,26-150103,OPT1,yes,83.0,8063.0,17.91,112.1,1439.0,1439.0,964.0,964.0,1.601,25-54,no,no,no,Reached shelter
Site 582,B_placement_optimized,42,25-212440,OPT1,yes,83.0,5328.0,17.91,112.1,1439.0,1439.0,964.0,964.0,1.059,25-54,no,no,no,Reached shelter
Site 727,B_placement_optimized,42,25-134294,OPT1,yes,83.0,8874.0,17.91,112.1,1439.0,1439.0,964.0,964.0,1.779,25-54,no,yes,no,Reached shelter
Site 1095,B_placement_optimized,42,25-190433,OPT1,yes,83.0,7970.0,17.91,112.1,1439.0,1439.0,964.0,964.0,1.593,25-54,no,yes,no,Reached shelter
Site 1103,B_placement_optimized,42,25-134485,OPT1,yes,83.0,8186.0,17.91,112.1,1439.0,1439.0,964.0,964.0,1.631,18-24,no,yes,no,Reached shelter
Site 1138,B_placement_optimized,42,25-156335,OPT1,yes,83.0,8412.0,17.91,112.1,1439.0,1439.0,964.0,964.0,1.677,18-24,no,no,no,Reached shelter
Site 1652,B_placement_optimized,42,25-201236,OPT1,yes,83.0,5188.0,17.91,112.1,1439.0,1439.0,964.0,964.0,1.032,25-54,no,no,yes,Reached shelter
Site 1742,B_placement_optimized,42,25-178747,OPT1,yes,83.0,6049.0,17.91,112.1,1439.0,1439.0,964.0,964.0,1.202,25-54,no,no,no,Reached shelter
Site 166,B_placement_optimized,42,26-109714,OPT1,yes,84.0,5995.0,17.92,112.1,1441.0,1441.0,966.0,966.0,1.18,18-24,no,yes,no,Reached shelter
Site 173,B_placement_optimized,42,25-112570,OPT1,yes,84.0,7128.0,17.92,112.1,1441.0,1441.0,966.0,966.0,1.411,25-54,no,yes,no,Reached shelter
Site 296,B_placement_optimized,42,25-145012,OPT1,yes,84.0,7163.0,17.92,112.1,1441.0,1441.0,966.0,966.0,1.418,25-54,no,no,no,Reached shelter
Site 362,B_placement_optimized,42,25-201707,OPT1,yes,84.0,8161.0,17.92,112.1,1441.0,1441.0,966.0,966.0,1.602,25-54,no,no,no,Reached shelter
Site 525,B_placement_optimized,42,26-149998,OPT1,yes,84.0,6113.0,17.92,112.1,1441.0,1441.0,966.0,966.0,1.207,25-54,no,no,no,Reached shelter
Site 872,B_placement_optimized,42,25-179075,OPT1,yes,84.0,3448.0,17.92,112.1,1441.0,1441.0,966.0,966.0,0.684,55-69,yes,yes,no,Reached shelter
Site 1073,B_placement_optimized,42,25-167720,OPT1,yes,84.0,4712.0,17.92,112.1,1441.0,1441.0,966.0,966.0,0.931,55-69,yes,no,no,Reached shelter
Site 1094,B_placement_optimized,42,25-112669,OPT1,yes,84.0,7828.0,17.92,112.1,1441.0,1441.0,966.0,966.0,1.552,25-54,no,no,no,Reached shelter
Site 1660,B_placement_optimized,42,26-130233,OPT1,yes,84.0,8159.0,17.92,112.1,1441.0,1441.0,966.0,966.0,1.607,25-54,no,no,no,Reached shelter
Site 1701,B_placement_optimized,42,26-119740,OPT1,yes,84.0,9825.0,17.92,112.1,1441.0,1441.0,966.0,966.0,1.935,25-54,no,no,no,Reached shelter
Site 1922,B_placement_optimized,42,26-149799,OPT1,yes,84.0,7640.0,17.92,112.1,1441.0,1441.0,966.0,966.0,1.5,55-69,no,no,no,Reached shelter
Site 113,B_placement_optimized,42,25-112788,OPT1,yes,85.0,7582.0,17.93,112.1,1442.0,1442.0,968.0,968.0,1.479,25-54,no,no,no,Reached shelter
Site 785,B_placement_optimized,42,25-201736,OPT1,yes,85.0,6711.0,17.93,112.1,1442.0,1442.0,968.0,968.0,1.313,25-54,no,no,no,Reached shelter
Site 898,B_placement_optimized,42,25-212321,OPT1,yes,85.0,6511.0,17.93,112.1,1442.0,1442.0,968.0,968.0,1.268,25-54,no,no,no,Reached shelter
Site 1057,B_placement_optimized,42,25-201245,OPT1,yes,85.0,7101.0,17.93,112.1,1442.0,1442.0,968.0,968.0,1.381,18-24,no,no,no,Reached shelter
Site 1070,B_placement_optimized,42,25-145307,OPT1,yes,85.0,7310.0,17.93,112.1,1442.0,1442.0,968.0,968.0,1.42,25-54,no,no,no,Reached shelter
Site 1111,B_placement_optimized,42,25-123827,OPT1,yes,85.0,5895.0,17.93,112.1,1442.0,1442.0,968.0,968.0,1.148,25-54,no,no,no,Reached shelter
Site 1589,B_placement_optimized,42,25-168028,OPT1,yes,85.0,6875.0,17.93,112.1,1442.0,1442.0,968.0,968.0,1.338,25-54,no,no,no,Reached shelter
Site 1651,B_placement_optimized,42,25-123846,OPT1,yes,85.0,7573.0,17.93,112.1,1442.0,1442.0,968.0,968.0,1.468,25-54,no,no,no,Reached shelter
Site 102,B_placement_optimized,42,25-102146,OPT1,yes,86.0,6486.0,17.94,112.1,1443.0,1443.0,970.0,970.0,1.256,25-54,no,no,no,Reached shelter
Site 439,B_placement_optimized,42,25-156153,OPT1,yes,86.0,8185.0,17.94,112.1,1443.0,1443.0,970.0,970.0,1.58,25-54,no,no,no,Reached shelter
Site 669,B_placement_optimized,42,25-201736,OPT1,yes,86.0,6711.0,17.94,112.1,1443.0,1443.0,970.0,970.0,1.297,25-54,no,yes,no,Reached shelter
Site 766,B_placement_optimized,42,25-102281,OPT1,yes,86.0,5996.0,17.94,112.1,1443.0,1443.0,970.0,970.0,1.156,25-54,no,no,no,Reached shelter
Site 1303,B_placement_optimized,42,26-140305,OPT1,yes,86.0,8020.0,17.94,112.1,1443.0,1443.0,970.0,970.0,1.543,55-69,no,no,no,Reached shelter
Site 1590,B_placement_optimized,42,25-123986,OPT1,yes,86.0,6902.0,17.94,112.1,1443.0,1443.0,970.0,970.0,1.326,25-54,no,no,no,Reached shelter
Site 1628,B_placement_optimized,42,25-167944,OPT1,yes,86.0,8365.0,17.94,112.1,1443.0,1443.0,970.0,970.0,1.612,25-54,no,no,no,Reached shelter
Site 1640,B_placement_optimized,42,25-134485,OPT1,yes,86.0,8186.0,17.94,112.1,1443.0,1443.0,970.0,970.0,1.572,25-54,no,no,no,Reached shelter
Site 1782,B_placement_optimized,42,25-123579,OPT1,yes,86.0,5002.0,17.94,112.1,1443.0,1443.0,970.0,970.0,0.96,25-54,yes,no,yes,Reached shelter
Site 1829,B_placement_optimized,42,25-179027,OPT1,yes,86.0,7592.0,17.94,112.1,1443.0,1443.0,970.0,970.0,1.469,25-54,no,no,no,Reached shelter
Site 812,B_placement_optimized,42,25-201704,OPT1,yes,87.0,8301.0,17.95,112.1,1444.0,1444.0,971.0,971.0,1.572,25-54,no,no,no,Reached shelter
Site 910,B_placement_optimized,42,25-179088,OPT1,yes,87.0,6967.0,17.95,112.1,1444.0,1444.0,971.0,971.0,1.325,25-54,no,no,no,Reached shelter
Site 1524,B_placement_optimized,42,26-130087,OPT1,yes,87.0,7763.0,17.95,112.1,1444.0,1444.0,971.0,971.0,1.471,25-54,no,no,no,Reached shelter
Site 1690,B_placement_optimized,42,26-129819,OPT1,yes,87.0,8212.0,17.95,112.1,1444.0,1444.0,971.0,971.0,1.563,55-69,no,no,no,Reached shelter
Site 140,B_placement_optimized,42,26-129853,OPT1,yes,88.0,6988.0,17.96,112.1,1445.0,1445.0,973.0,973.0,1.322,25-54,no,no,no,Reached shelter
Site 223,B_placement_optimized,42,25-212195,OPT1,yes,88.0,8437.0,17.96,112.1,1445.0,1445.0,973.0,973.0,1.581,18-24,no,no,no,Reached shelter
Site 248,B_placement_optimized,42,25-201326,OPT1,yes,88.0,9055.0,17.96,112.1,1445.0,1445.0,973.0,973.0,1.698,55-69,no,no,no,Reached shelter
Site 416,B_placement_optimized,42,25-190740,OPT1,yes,88.0,9321.0,17.96,112.1,1445.0,1445.0,973.0,973.0,1.764,25-54,yes,no,no,Reached shelter
Site 452,B_placement_optimized,42,25-134632,OPT1,yes,88.0,8098.0,17.96,112.1,1445.0,1445.0,973.0,973.0,1.518,25-54,no,no,no,Reached shelter
Site 703,B_placement_optimized,42,25-145168,OPT1,yes,88.0,5022.0,17.96,112.1,1445.0,1445.0,973.0,973.0,0.948,25-54,yes,no,no,Reached shelter
Site 906,B_placement_optimized,42,25-112975,OPT1,yes,88.0,7027.0,17.96,112.1,1445.0,1445.0,973.0,973.0,1.322,25-54,no,no,no,Reached shelter
Site 908,B_placement_optimized,42,26-109541,OPT1,yes,88.0,8135.0,17.96,112.1,1445.0,1445.0,973.0,973.0,1.535,25-54,no,no,no,Reached shelter
Site 1034,B_placement_optimized,42,25-134573,OPT1,yes,88.0,8161.0,17.96,112.1,1445.0,1445.0,973.0,973.0,1.537,25-54,no,no,no,Reached shelter
Site 1280,B_placement_optimized,42,26-149977,OPT1,yes,88.0,8825.0,17.96,112.1,1445.0,1445.0,973.0,973.0,1.654,25-54,no,no,no,Reached shelter
Site 1532,B_placement_optimized,42,26-119253,OPT1,yes,88.0,5439.0,17.96,112.1,1445.0,1445.0,973.0,973.0,1.03,25-54,no,no,no,Reached shelter
Site 1746,B_placement_optimized,42,25-102217,OPT1,yes,88.0,9148.0,17.96,112.1,1445.0,1445.0,973.0,973.0,1.717,25-54,no,no,no,Reached shelter
Site 1748,B_placement_optimized,42,26-119518,OPT1,yes,88.0,6918.0,17.96,112.1,1445.0,1445.0,973.0,973.0,1.303,25-54,no,no,no,Reached shelter
Site 1880,B_placement_optimized,42,25-201669,OPT1,yes,88.0,4911.0,17.96,112.1,1445.0,1445.0,973.0,973.0,0.93,25-54,no,no,no,Reached shelter
Site 748,B_placement_optimized,42,26-149784,OPT1,yes,89.0,3971.0,17.97,112.1,1446.0,1446.0,975.0,975.0,0.74,55-69,yes,no,no,Reached shelter
Site 847,B_placement_optimized,42,25-102217,OPT1,yes,89.0,9148.0,17.97,112.1,1446.0,1446.0,975.0,975.0,1.713,25-54,no,no,no,Reached shelter
Site 1008,B_placement_optimized,42,26-109731,OPT1,yes,89.0,7952.0,17.97,112.1,1446.0,1446.0,975.0,975.0,1.474,25-54,no,no,no,Reached shelter
Site 1009,B_placement_optimized,42,26-149870,OPT1,yes,89.0,8874.0,17.97,112.1,1446.0,1446.0,975.0,975.0,1.653,25-54,no,no,no,Reached shelter
Site 1062,B_placement_optimized,42,25-112812,OPT1,yes,89.0,6768.0,17.97,112.1,1446.0,1446.0,975.0,975.0,1.263,55-69,no,no,no,Reached shelter
Site 1216,B_placement_optimized,42,25-167788,OPT1,yes,89.0,8828.0,17.97,112.1,1446.0,1446.0,975.0,975.0,1.649,25-54,no,no,no,Reached shelter
Site 1580,B_placement_optimized,42,26-140290,OPT1,yes,89.0,5616.0,17.97,112.1,1446.0,1446.0,975.0,975.0,1.045,55-69,no,no,no,Reached shelter
Site 1723,B_placement_optimized,42,25-190662,OPT1,yes,89.0,7163.0,17.97,112.1,1446.0,1446.0,975.0,975.0,1.34,25-54,no,no,no,Reached shelter
Site 1990,B_placement_optimized,42,25-212069,OPT1,yes,89.0,6199.0,17.97,112.1,1446.0,1446.0,975.0,975.0,1.158,25-54,no,no,yes,Reached shelter
Site 2017,B_placement_optimized,42,26-129948,OPT1,yes,89.0,8973.0,17.97,112.1,1446.0,1446.0,975.0,975.0,1.677,25-54,no,no,no,Reached shelter
Site 59,B_placement_optimized,42,25-222205,OPT1,yes,90.0,7482.0,17.98,112.1,1447.0,1447.0,977.0,977.0,1.38,25-54,no,no,no,Reached shelter
Site 725,B_placement_optimized,42,26-140238,OPT1,yes,90.0,4979.0,17.98,112.1,1447.0,1447.0,977.0,977.0,0.917,55-69,yes,no,yes,Reached shelter
Site 781,B_placement_optimized,42,25-167588,OPT1,yes,90.0,8625.0,17.98,112.1,1447.0,1447.0,977.0,977.0,1.586,25-54,no,no,no,Reached shelter
Site 907,B_placement_optimized,42,26-130259,OPT1,yes,90.0,7669.0,17.98,112.1,1447.0,1447.0,977.0,977.0,1.417,25-54,no,no,no,Reached shelter
Site 956,B_placement_optimized,42,26-130144,OPT1,yes,90.0,4705.0,17.98,112.1,1447.0,1447.0,977.0,977.0,0.864,55-69,yes,no,yes,Reached shelter
Site 1505,B_placement_optimized,42,25-190389,OPT1,yes,90.0,7233.0,17.98,112.1,1447.0,1447.0,977.0,977.0,1.332,55-69,no,no,no,Reached shelter
Site 1573,B_placement_optimized,42,25-179283,OPT1,yes,90.0,7473.0,17.98,112.1,1447.0,1447.0,977.0,977.0,1.38,18-24,no,no,no,Reached shelter
Site 194,B_placement_optimized,42,25-167788,OPT1,yes,91.0,8828.0,17.99,112.1,1448.0,1448.0,979.0,979.0,1.615,55-69,no,yes,no,Reached shelter
Site 216,B_placement_optimized,42,25-112669,OPT1,yes,91.0,7828.0,17.99,112.1,1448.0,1448.0,979.0,979.0,1.429,18-24,no,no,no,Reached shelter
Site 304,B_placement_optimized,42,25-102062,OPT1,yes,91.0,6144.0,17.99,112.1,1448.0,1448.0,979.0,979.0,1.124,25-54,yes,no,no,Reached shelter
Site 352,B_placement_optimized,42,25-201704,OPT1,yes,91.0,8301.0,17.99,112.1,1448.0,1448.0,979.0,979.0,1.504,25-54,no,no,no,Reached shelter
Site 423,B_placement_optimized,42,26-149730,OPT1,yes,91.0,7053.0,17.99,112.1,1448.0,1448.0,979.0,979.0,1.279,55-69,no,no,no,Reached shelter
Site 495,B_placement_optimized,42,25-134402,OPT1,yes,91.0,7628.0,17.99,112.1,1448.0,1448.0,979.0,979.0,1.396,18-24,no,yes,no,Reached shelter
Site 527,B_placement_optimized,42,26-130233,OPT1,yes,91.0,8159.0,17.99,112.1,1448.0,1448.0,979.0,979.0,1.489,25-54,no,no,no,Reached shelter
Site 1362,B_placement_optimized,42,26-140443,OPT1,yes,91.0,6438.0,17.99,112.1,1448.0,1448.0,979.0,979.0,1.168,55-69,no,no,no,Reached shelter
Site 1733,B_placement_optimized,42,26-140201,OPT1,yes,91.0,4160.0,17.99,112.1,1448.0,1448.0,979.0,979.0,0.755,55-69,yes,no,no,Reached shelter
Site 171,B_placement_optimized,42,26-119402,OPT1,yes,92.0,7879.0,18.0,112.1,1449.0,1449.0,980.0,980.0,1.416,25-54,no,no,no,Reached shelter
Site 567,B_placement_optimized,42,25-190487,OPT1,yes,92.0,6844.0,18.0,112.1,1449.0,1449.0,980.0,980.0,1.234,25-54,no,no,no,Reached shelter
Site 1021,B_placement_optimized,42,26-140216,OPT1,yes,92.0,7229.0,18.0,112.1,1449.0,1449.0,980.0,980.0,1.302,25-54,no,no,no,Reached shelter
Site 1445,B_placement_optimized,42,25-201324,OPT1,yes,92.0,8660.0,18.0,112.1,1449.0,1449.0,980.0,980.0,1.568,25-54,no,no,no,Reached shelter
Site 1497,B_placement_optimized,42,26-140313,OPT1,yes,92.0,7613.0,18.0,112.1,1449.0,1449.0,980.0,980.0,1.371,25-54,no,no,no,Reached shelter
Site 1918,B_placement_optimized,42,25-201367,OPT1,yes,92.0,8889.0,18.0,112.1,1449.0,1449.0,980.0,980.0,1.598,25-54,no,no,no,Reached shelter
Site 505,B_placement_optimized,42,25-212265,OPT1,yes,93.0,6502.0,18.01,112.1,1451.0,1451.0,982.0,982.0,1.159,25-54,no,yes,no,Reached shelter
Site 657,B_placement_optimized,42,25-190582,OPT1,yes,93.0,7867.0,18.01,112.1,1451.0,1451.0,982.0,982.0,1.408,18-24,no,no,no,Reached shelter
Site 702,B_placement_optimized,42,25-156196,OPT1,yes,93.0,5829.0,18.01,112.1,1451.0,1451.0,982.0,982.0,1.039,55-69,yes,yes,no,Reached shelter
Site 805,B_placement_optimized,42,25-167778,OPT1,yes,93.0,9727.0,18.01,112.1,1451.0,1451.0,982.0,982.0,1.725,25-54,no,no,no,Reached shelter
Site 856,B_placement_optimized,42,25-112669,OPT1,yes,93.0,7828.0,18.01,112.1,1451.0,1451.0,982.0,982.0,1.401,25-54,yes,no,no,Reached shelter
Site 905,B_placement_optimized,42,26-150099,OPT1,yes,93.0,6903.0,18.01,112.1,1451.0,1451.0,982.0,982.0,1.225,25-54,no,no,no,Reached shelter
Site 1251,B_placement_optimized,42,25-221865,OPT1,yes,93.0,8344.0,18.01,112.1,1451.0,1451.0,982.0,982.0,1.492,18-24,no,no,no,Reached shelter
Site 1354,B_placement_optimized,42,26-140226,OPT1,yes,93.0,7646.0,18.01,112.1,1451.0,1451.0,982.0,982.0,1.364,25-54,no,no,yes,Reached shelter
Site 1472,B_placement_optimized,42,25-134466,OPT1,yes,93.0,6958.0,18.01,112.1,1451.0,1451.0,982.0,982.0,1.237,55-69,no,no,no,Reached shelter
Site 1666,B_placement_optimized,42,26-109509,OPT1,yes,93.0,8356.0,18.01,112.1,1451.0,1451.0,982.0,982.0,1.488,25-54,no,no,no,Reached shelter
Site 667,B_placement_optimized,42,26-130087,OPT1,yes,94.0,7763.0,18.02,112.1,1452.0,1452.0,984.0,984.0,1.371,25-54,no,no,no,Reached shelter
Site 993,B_placement_optimized,42,25-145352,OPT1,yes,94.0,7681.0,18.02,112.1,1452.0,1452.0,984.0,984.0,1.352,25-54,no,no,no,Reached shelter
Site 1016,B_placement_optimized,42,26-140313,OPT1,yes,94.0,7613.0,18.02,112.1,1452.0,1452.0,984.0,984.0,1.339,25-54,no,no,no,Reached shelter
Site 1063,B_placement_optimized,42,26-119425,OPT1,yes,94.0,8517.0,18.02,112.1,1452.0,1452.0,984.0,984.0,1.499,25-54,no,no,no,Reached shelter
Site 1067,B_placement_optimized,42,25-124000,OPT1,yes,94.0,8464.0,18.02,112.1,1452.0,1452.0,984.0,984.0,1.499,25-54,no,yes,no,Reached shelter
Site 1153,B_placement_optimized,42,25-212454,OPT1,yes,94.0,9489.0,18.02,112.1,1452.0,1452.0,984.0,984.0,1.677,55-69,no,no,no,Reached shelter
Site 1207,B_placement_optimized,42,25-179088,OPT1,yes,94.0,6967.0,18.02,112.1,1452.0,1452.0,984.0,984.0,1.229,25-54,no,no,yes,Reached shelter
Site 134,B_placement_optimized,42,26-109423,OPT1,yes,95.0,6704.0,18.03,112.1,1453.0,1453.0,986.0,986.0,1.172,25-54,no,no,no,Reached shelter
Site 571,B_placement_optimized,42,25-145110,OPT1,yes,95.0,7855.0,18.03,112.1,1453.0,1453.0,986.0,986.0,1.377,70+,no,no,no,Reached shelter
Site 660,B_placement_optimized,42,25-190369,OPT1,yes,95.0,9308.0,18.03,112.1,1453.0,1453.0,986.0,986.0,1.628,25-54,no,no,no,Reached shelter
Site 789,B_placement_optimized,42,25-212287,OPT1,yes,95.0,7767.0,18.03,112.1,1453.0,1453.0,986.0,986.0,1.349,55-69,no,no,no,Reached shelter
Site 879,B_placement_optimized,42,25-112772,OPT1,yes,95.0,7217.0,18.03,112.1,1453.0,1453.0,986.0,986.0,1.255,25-54,no,no,no,Reached shelter
Site 1295,B_placement_optimized,42,25-123590,OPT1,yes,95.0,7640.0,18.03,112.1,1453.0,1453.0,986.0,986.0,1.337,25-54,no,no,no,Reached shelter
Site 1876,B_placement_optimized,42,25-190647,OPT1,yes,95.0,9319.0,18.03,112.1,1453.0,1453.0,986.0,986.0,1.623,25-54,no,no,no,Reached shelter
Site 1931,B_placement_optimized,42,25-123722,OPT1,yes,95.0,8234.0,18.03,112.1,1453.0,1453.0,986.0,986.0,1.444,18-24,yes,no,no,Reached shelter
Site 55,B_placement_optimized,42,26-119671,OPT1,yes,96.0,9066.0,18.04,112.1,1454.0,1454.0,988.0,988.0,1.564,25-54,no,no,yes,Reached shelter
Site 213,B_placement_optimized,42,25-145207,OPT1,yes,96.0,9514.0,18.04,112.1,1454.0,1454.0,988.0,988.0,1.639,25-54,no,no,no,Reached shelter
Site 231,B_placement_optimized,42,26-140398,OPT1,yes,96.0,9236.0,18.04,112.1,1454.0,1454.0,988.0,988.0,1.601,25-54,no,no,no,Reached shelter
Site 473,B_placement_optimized,42,25-134270,OPT1,yes,96.0,7094.0,18.04,112.1,1454.0,1454.0,988.0,988.0,1.221,25-54,no,no,no,Reached shelter
Site 543,B_placement_optimized,42,25-201278,OPT1,yes,96.0,9992.0,18.04,112.1,1454.0,1454.0,988.0,988.0,1.734,25-54,no,no,no,Reached shelter
Site 916,B_placement_optimized,42,25-134294,OPT1,yes,96.0,8874.0,18.04,112.1,1454.0,1454.0,988.0,988.0,1.526,25-54,no,no,no,Reached shelter
Site 970,B_placement_optimized,42,25-123789,OPT1,yes,96.0,8353.0,18.04,112.1,1454.0,1454.0,988.0,988.0,1.447,25-54,no,no,no,Reached shelter
Site 1028,B_placement_optimized,42,25-190769,OPT1,yes,96.0,7780.0,18.04,112.1,1454.0,1454.0,988.0,988.0,1.34,25-54,no,no,no,Reached shelter
Site 1232,B_placement_optimized,42,25-222259,OPT1,yes,96.0,11732.0,18.04,112.1,1454.0,1454.0,988.0,988.0,2.018,25-54,no,no,no,Reached shelter
Site 1250,B_placement_optimized,42,25-190740,OPT1,yes,96.0,9321.0,18.04,112.1,1454.0,1454.0,988.0,988.0,1.613,25-54,no,no,no,Reached shelter
Site 1541,B_placement_optimized,42,26-129716,OPT1,yes,96.0,6801.0,18.04,112.1,1454.0,1454.0,988.0,988.0,1.169,25-54,yes,no,yes,Reached shelter
Site 422,B_placement_optimized,42,25-134419,OPT1,yes,97.0,9149.0,18.05,112.1,1455.0,1455.0,989.0,989.0,1.561,25-54,no,no,no,Reached shelter
Site 609,B_placement_optimized,42,25-201574,OPT1,yes,97.0,7230.0,18.05,112.1,1455.0,1455.0,989.0,989.0,1.233,25-54,no,no,no,Reached shelter
Site 782,B_placement_optimized,42,25-212263,OPT1,yes,97.0,6456.0,18.05,112.1,1455.0,1455.0,989.0,989.0,1.102,25-54,no,no,no,Reached shelter
Site 865,B_placement_optimized,42,25-112587,OPT1,yes,97.0,8803.0,18.05,112.1,1455.0,1455.0,989.0,989.0,1.499,25-54,no,no,yes,Reached shelter
Site 1365,B_placement_optimized,42,25-134687,OPT1,yes,97.0,8219.0,18.05,112.1,1455.0,1455.0,989.0,989.0,1.405,25-54,yes,yes,no,Reached shelter
Site 327,B_placement_optimized,42,25-222132,OPT1,yes,98.0,8730.0,18.06,112.1,1456.0,1456.0,991.0,991.0,1.484,25-54,no,no,no,Reached shelter
Site 451,B_placement_optimized,42,26-140539,OPT1,yes,98.0,7897.0,18.06,112.1,1456.0,1456.0,991.0,991.0,1.336,25-54,no,no,no,Reached shelter
Site 829,B_placement_optimized,42,25-156381,OPT1,yes,98.0,7976.0,18.06,112.1,1456.0,1456.0,991.0,991.0,1.348,25-54,no,no,no,Reached shelter
Site 958,B_placement_optimized,42,25-112892,OPT1,yes,98.0,9773.0,18.06,112.1,1456.0,1456.0,991.0,991.0,1.648,25-54,no,no,no,Reached shelter
Site 1201,B_placement_optimized,42,25-112749,OPT1,yes,98.0,8806.0,18.06,112.1,1456.0,1456.0,991.0,991.0,1.492,25-54,no,no,no,Reached shelter
Site 1341,B_placement_optimized,42,26-129764,OPT1,yes,98.0,8960.0,18.06,112.1,1456.0,1456.0,991.0,991.0,1.52,25-54,no,no,no,Reached shelter
Site 1810,B_placement_optimized,42,26-130182,OPT1,yes,98.0,5613.0,18.06,112.1,1456.0,1456.0,991.0,991.0,0.949,25-54,yes,no,yes,Reached shelter
Site 480,B_placement_optimized,42,25-123862,OPT1,yes,99.0,8079.0,18.07,112.1,1457.0,1457.0,993.0,993.0,1.355,55-69,no,no,no,Reached shelter
Site 635,B_placement_optimized,42,25-145375,OPT1,yes,99.0,8757.0,18.07,112.1,1457.0,1457.0,993.0,993.0,1.465,25-54,no,no,no,Reached shelter
Site 862,B_placement_optimized,42,26-130135,OPT1,yes,99.0,8090.0,18.07,112.1,1457.0,1457.0,993.0,993.0,1.356,55-69,no,no,no,Reached shelter
Site 874,B_placement_optimized,42,25-134421,OPT1,yes,99.0,8819.0,18.07,112.1,1457.0,1457.0,993.0,993.0,1.478,25-54,no,yes,no,Reached shelter
Site 966,B_placement_optimized,42,25-190513,OPT1,yes,99.0,10717.0,18.07,112.1,1457.0,1457.0,993.0,993.0,1.803,25-54,no,no,no,Reached shelter
Site 985,B_placement_optimized,42,26-140325,OPT1,yes,99.0,9825.0,18.07,112.1,1457.0,1457.0,993.0,993.0,1.642,25-54,no,no,no,Reached shelter
Site 1300,B_placement_optimized,42,25-156585,OPT1,yes,99.0,6323.0,18.07,112.1,1457.0,1457.0,993.0,993.0,1.056,25-54,no,no,yes,Reached shelter
Site 1325,B_placement_optimized,42,25-221914,OPT1,yes,99.0,9019.0,18.07,112.1,1457.0,1457.0,993.0,993.0,1.505,25-54,no,no,no,Reached shelter
Site 1515,B_placement_optimized,42,25-167849,OPT1,yes,99.0,9898.0,18.07,112.1,1457.0,1457.0,993.0,993.0,1.655,25-54,no,no,no,Reached shelter
Site 1686,B_placement_optimized,42,25-167770,OPT1,yes,99.0,8844.0,18.07,112.1,1457.0,1457.0,993.0,993.0,1.479,25-54,no,no,no,Reached shelter
Site 1695,B_placement_optimized,42,25-178998,OPT1,yes,99.0,9367.0,18.07,112.1,1457.0,1457.0,993.0,993.0,1.562,25-54,yes,no,no,Reached shelter
Site 209,B_placement_optimized,42,25-134671,OPT2,yes,1038.0,14840.0,51.04,299.55,4915.0,4915.0,3207.0,3207.0,1.848,25-54,no,no,no,Reached shelter
Site 1775,B_placement_optimized,42,25-145250,OPT2,yes,1038.0,17987.0,51.04,299.55,4915.0,4915.0,3249.0,3249.0,1.873,25-54,no,yes,no,Reached shelter
Site 154,B_placement_optimized,42,25-156051,OPT2,yes,1039.0,14886.0,51.08,299.55,4920.0,4920.0,3221.0,3221.0,1.781,25-54,no,no,no,Reached shelter
Site 404,B_placement_optimized,42,25-145179,OPT2,yes,1039.0,13518.0,51.08,299.55,4920.0,4920.0,3206.0,3206.0,1.785,25-54,no,yes,no,Reached shelter
Site 560,B_placement_optimized,42,25-212144,OPT2,yes,1039.0,13890.0,51.08,299.55,4920.0,4920.0,3213.0,3213.0,1.751,25-54,no,yes,no,Reached shelter
Site 690,B_placement_optimized,42,25-167640,OPT2,yes,1039.0,14166.0,51.08,299.55,4920.0,4920.0,3214.0,3214.0,1.774,25-54,no,yes,no,Reached shelter
Site 774,B_placement_optimized,42,25-212300,OPT2,yes,1039.0,13141.0,51.08,299.55,4920.0,4920.0,3203.0,3203.0,1.781,25-54,no,no,no,Reached shelter
Site 842,B_placement_optimized,42,25-221931,OPT2,yes,1039.0,16042.0,51.08,299.55,4920.0,4920.0,3242.0,3242.0,1.748,55-69,yes,no,no,Reached shelter
Site 1106,B_placement_optimized,42,25-178896,OPT2,yes,1039.0,13034.0,51.08,299.55,4920.0,4920.0,3199.0,3199.0,1.816,25-54,no,no,no,Reached shelter
Site 1112,B_placement_optimized,42,25-212515,OPT2,yes,1039.0,13510.0,51.08,299.55,4920.0,4920.0,3207.0,3207.0,1.764,25-54,no,yes,no,Reached shelter
Site 1418,B_placement_optimized,42,25-167777,OPT2,yes,1039.0,15518.0,51.08,299.55,4920.0,4920.0,3231.0,3231.0,1.777,55-69,no,yes,no,Reached shelter
Site 1707,B_placement_optimized,42,25-112786,OPT2,yes,1039.0,16228.0,51.08,299.55,4920.0,4920.0,3246.0,3246.0,1.747,25-54,no,no,no,Reached shelter
Site 1938,B_placement_optimized,42,25-156128,OPT2,yes,1039.0,13418.0,51.08,299.55,4920.0,4920.0,3204.0,3204.0,1.809,55-69,no,yes,no,Reached shelter
Site 1997,B_placement_optimized,42,26-109338,OPT2,yes,1039.0,17408.0,51.08,299.55,4920.0,4920.0,3260.0,3260.0,1.774,25-54,no,no,no,Reached shelter
Site 2029,B_placement_optimized,42,26-119616,OPT2,yes,1039.0,15235.0,51.08,299.55,4920.0,4920.0,3223.0,3223.0,1.823,55-69,yes,yes,no,Reached shelter
Site 80,B_placement_optimized,42,25-123650,OPT2,yes,1040.0,15179.0,51.12,299.55,4925.0,4925.0,3240.0,3240.0,1.726,55-69,no,no,no,Reached shelter
Site 267,B_placement_optimized,42,26-119569,OPT2,yes,1040.0,12337.0,51.12,299.55,4925.0,4925.0,3207.0,3207.0,1.694,25-54,no,yes,no,Reached shelter
Site 493,B_placement_optimized,42,25-190637,OPT2,yes,1040.0,12640.0,51.12,299.55,4925.0,4925.0,3209.0,3209.0,1.72,25-54,no,no,no,Reached shelter
Site 526,B_placement_optimized,42,26-109338,OPT2,yes,1040.0,17408.0,51.12,299.55,4925.0,4925.0,3284.0,3284.0,1.665,25-54,no,no,no,Reached shelter
Site 593,B_placement_optimized,42,26-140480,OPT2,yes,1040.0,16114.0,51.12,299.55,4925.0,4925.0,3263.0,3263.0,1.668,25-54,no,no,no,Reached shelter
Site 844,B_placement_optimized,42,25-212330,OPT2,yes,1040.0,18588.0,51.12,299.55,4925.0,4925.0,3302.0,3302.0,1.676,25-54,no,no,no,Reached shelter
Site 881,B_placement_optimized,42,25-212364,OPT2,yes,1040.0,15774.0,51.12,299.55,4925.0,4925.0,3252.0,3252.0,1.705,25-54,no,no,no,Reached shelter
Site 1102,B_placement_optimized,42,25-167636,OPT2,yes,1040.0,14157.0,51.12,299.55,4925.0,4925.0,3224.0,3224.0,1.742,25-54,no,no,no,Reached shelter
Site 1133,B_placement_optimized,42,25-167728,OPT2,yes,1040.0,14547.0,51.12,299.55,4925.0,4925.0,3234.0,3234.0,1.697,25-54,no,no,no,Reached shelter
Site 1190,B_placement_optimized,42,25-123995,OPT2,yes,1040.0,13670.0,51.12,299.55,4925.0,4925.0,3223.0,3223.0,1.679,25-54,no,no,no,Reached shelter
Site 1192,B_placement_optimized,42,25-222107,OPT2,yes,1040.0,13435.0,51.12,299.55,4925.0,4925.0,3221.0,3221.0,1.677,55-69,no,no,no,Reached shelter
Site 1375,B_placement_optimized,42,25-201658,OPT2,yes,1040.0,12524.0,51.12,299.55,4925.0,4925.0,3208.0,3208.0,1.717,25-54,no,yes,no,Reached shelter
Site 1476,B_placement_optimized,42,25-102070,OPT2,yes,1040.0,14774.0,51.12,299.55,4925.0,4925.0,3232.0,3232.0,1.742,25-54,no,no,no,Reached shelter
Site 1645,B_placement_optimized,42,25-145099,OPT2,yes,1040.0,12489.0,51.12,299.55,4925.0,4925.0,3209.0,3209.0,1.695,25-54,no,no,no,Reached shelter
Site 1694,B_placement_optimized,42,25-112636,OPT2,yes,1040.0,14166.0,51.12,299.55,4925.0,4925.0,3227.0,3227.0,1.698,25-54,no,no,no,Reached shelter
Site 1947,B_placement_optimized,42,25-212301,OPT2,yes,1040.0,13237.0,51.12,299.55,4925.0,4925.0,3215.0,3215.0,1.73,25-54,no,yes,no,Reached shelter
Site 1972,B_placement_optimized,42,25-222224,OPT2,yes,1040.0,16993.0,51.12,299.55,4925.0,4925.0,3275.0,3275.0,1.684,25-54,no,no,no,Reached shelter
Site 45,B_placement_optimized,42,26-149980,OPT2,yes,1041.0,12464.0,51.17,299.55,4930.0,4930.0,3220.0,3220.0,1.634,55-69,no,no,no,Reached shelter
Site 125,B_placement_optimized,42,25-201232,OPT2,yes,1041.0,13989.0,51.17,299.55,4930.0,4930.0,3243.0,3243.0,1.6,25-54,no,no,no,Reached shelter
Site 149,B_placement_optimized,42,26-140609,OPT2,yes,1041.0,13998.0,51.17,299.55,4930.0,4930.0,3242.0,3242.0,1.621,25-54,no,no,no,Reached shelter
Site 309,B_placement_optimized,42,26-119320,OPT2,yes,1041.0,19230.0,51.17,299.55,4930.0,4930.0,3331.0,3331.0,1.608,25-54,no,no,no,Reached shelter
Site 361,B_placement_optimized,42,25-145334,OPT2,yes,1041.0,13556.0,51.17,299.55,4930.0,4930.0,3235.0,3235.0,1.617,25-54,no,no,no,Reached shelter
Site 367,B_placement_optimized,42,25-212460,OPT2,yes,1041.0,12711.0,51.17,299.55,4930.0,4930.0,3225.0,3225.0,1.62,55-69,no,no,no,Reached shelter
Site 444,B_placement_optimized,42,26-150015,OPT2,yes,1041.0,14536.0,51.17,299.55,4930.0,4930.0,3251.0,3251.0,1.613,25-54,no,yes,no,Reached shelter
Site 514,B_placement_optimized,42,25-212492,OPT2,yes,1041.0,14635.0,51.17,299.55,4930.0,4930.0,3253.0,3253.0,1.61,25-54,no,yes,no,Reached shelter
Site 549,B_placement_optimized,42,25-222241,OPT2,yes,1041.0,19529.0,51.17,299.55,4930.0,4930.0,3328.0,3328.0,1.659,25-54,no,no,no,Reached shelter
Site 556,B_placement_optimized,42,25-123693,OPT2,yes,1041.0,15041.0,51.17,299.55,4930.0,4930.0,3263.0,3263.0,1.594,25-54,no,no,no,Reached shelter
Site 563,B_placement_optimized,42,25-178841,OPT2,yes,1041.0,16874.0,51.17,299.55,4930.0,4930.0,3292.0,3292.0,1.606,25-54,no,no,no,Reached shelter
Site 577,B_placement_optimized,42,25-156303,OPT2,yes,1041.0,13153.0,51.17,299.55,4930.0,4930.0,3233.0,3233.0,1.588,25-54,no,no,no,Reached shelter
Site 596,B_placement_optimized,42,25-190543,OPT2,yes,1041.0,16295.0,51.17,299.55,4930.0,4930.0,3276.0,3276.0,1.645,25-54,no,no,yes,Reached shelter
Site 605,B_placement_optimized,42,25-179106,OPT2,yes,1041.0,13770.0,51.17,299.55,4930.0,4930.0,3235.0,3235.0,1.643,25-54,no,no,no,Reached shelter
Site 652,B_placement_optimized,42,25-134680,OPT2,yes,1041.0,15239.0,51.17,299.55,4930.0,4930.0,3259.0,3259.0,1.637,25-54,no,no,no,Reached shelter
Site 763,B_placement_optimized,42,26-109352,OPT2,yes,1041.0,12834.0,51.17,299.55,4930.0,4930.0,3227.0,3227.0,1.605,25-54,no,no,no,Reached shelter
Site 784,B_placement_optimized,42,26-149863,OPT2,yes,1041.0,14541.0,51.17,299.55,4930.0,4930.0,3246.0,3246.0,1.651,25-54,no,no,no,Reached shelter
Site 826,B_placement_optimized,42,26-130204,OPT2,yes,1041.0,12256.0,51.17,299.55,4930.0,4930.0,3217.0,3217.0,1.656,55-69,no,yes,no,Reached shelter
Site 884,B_placement_optimized,42,25-178779,OPT2,yes,1041.0,14896.0,51.17,299.55,4930.0,4930.0,3255.0,3255.0,1.632,25-54,no,no,no,Reached shelter
Site 897,B_placement_optimized,42,25-178947,OPT2,yes,1041.0,11894.0,51.17,299.55,4930.0,4930.0,3215.0,3215.0,1.621,25-54,no,no,no,Reached shelter
Site 936,B_placement_optimized,42,25-156574,OPT2,yes,1041.0,14470.0,51.17,299.55,4930.0,4930.0,3253.0,3253.0,1.592,25-54,no,no,no,Reached shelter
Site 1012,B_placement_optimized,42,25-201690,OPT2,yes,1041.0,11899.0,51.17,299.55,4930.0,4930.0,3217.0,3217.0,1.59,25-54,no,no,no,Reached shelter
Site 1042,B_placement_optimized,42,25-190309,OPT2,yes,1041.0,14832.0,51.17,299.55,4930.0,4930.0,3255.0,3255.0,1.63,25-54,no,yes,no,Reached shelter
Site 1056,B_placement_optimized,42,25-222172,OPT2,yes,1041.0,16214.0,51.17,299.55,4930.0,4930.0,3276.0,3276.0,1.644,25-54,no,no,no,Reached shelter
Site 1208,B_placement_optimized,42,25-123628,OPT2,yes,1041.0,11765.0,51.17,299.55,4930.0,4930.0,3214.0,3214.0,1.625,25-54,no,no,no,Reached shelter
Site 1271,B_placement_optimized,42,26-149771,OPT2,yes,1041.0,12609.0,51.17,299.55,4930.0,4930.0,3220.0,3220.0,1.659,25-54,no,no,no,Reached shelter
Site 1407,B_placement_optimized,42,26-109735,OPT2,yes,1041.0,12814.0,51.17,299.55,4930.0,4930.0,3226.0,3226.0,1.616,25-54,no,no,no,Reached shelter
Site 1449,B_placement_optimized,42,25-222107,OPT2,yes,1041.0,13435.0,51.17,299.55,4930.0,4930.0,3235.0,3235.0,1.598,25-54,no,no,no,Reached shelter
Site 1478,B_placement_optimized,42,25-190698,OPT2,yes,1041.0,11835.0,51.17,299.55,4930.0,4930.0,3215.0,3215.0,1.618,25-54,no,no,no,Reached shelter
Site 1584,B_placement_optimized,42,26-119269,OPT2,yes,1041.0,12638.0,51.17,299.55,4930.0,4930.0,3224.0,3224.0,1.624,25-54,no,yes,no,Reached shelter
Site 1601,B_placement_optimized,42,25-145415,OPT2,yes,1041.0,13691.0,51.17,299.55,4930.0,4930.0,3235.0,3235.0,1.629,25-54,no,no,no,Reached shelter
Site 1616,B_placement_optimized,42,25-112779,OPT2,yes,1041.0,12297.0,51.17,299.55,4930.0,4930.0,3220.0,3220.0,1.609,25-54,no,yes,no,Reached shelter
Site 1619,B_placement_optimized,42,25-190457,OPT2,yes,1041.0,12388.0,51.17,299.55,4930.0,4930.0,3220.0,3220.0,1.622,25-54,no,yes,no,Reached shelter
Site 1794,B_placement_optimized,42,25-190413,OPT2,yes,1041.0,12636.0,51.17,299.55,4930.0,4930.0,3222.0,3222.0,1.646,25-54,no,no,no,Reached shelter
Site 1806,B_placement_optimized,42,25-201576,OPT2,yes,1041.0,12777.0,51.17,299.55,4930.0,4930.0,3226.0,3226.0,1.611,55-69,no,no,no,Reached shelter
Site 1847,B_placement_optimized,42,26-140172,OPT2,yes,1041.0,12010.0,51.17,299.55,4930.0,4930.0,3217.0,3217.0,1.62,25-54,no,no,no,Reached shelter
Site 1879,B_placement_optimized,42,25-112930,OPT2,yes,1041.0,13217.0,51.17,299.55,4930.0,4930.0,3231.0,3231.0,1.622,18-24,no,no,no,Reached shelter
Site 1888,B_placement_optimized,42,25-178745,OPT2,yes,1041.0,18194.0,51.17,299.55,4930.0,4930.0,3315.0,3315.0,1.599,55-69,no,no,no,Reached shelter
Site 1949,B_placement_optimized,42,25-123675,OPT2,yes,1041.0,14093.0,51.17,299.55,4930.0,4930.0,3245.0,3245.0,1.603,25-54,no,yes,no,Reached shelter
Site 16,B_placement_optimized,42,26-109302,OPT2,yes,1042.0,15562.0,51.21,299.55,4935.0,4935.0,3287.0,3287.0,1.547,25-54,no,no,no,Reached shelter
Site 89,B_placement_optimized,42,26-149743,OPT2,yes,1042.0,13607.0,51.21,299.55,4935.0,4935.0,3254.0,3254.0,1.534,55-69,no,no,no,Reached shelter
Site 93,B_placement_optimized,42,25-113010,OPT2,yes,1042.0,12325.0,51.21,299.55,4935.0,4935.0,3235.0,3235.0,1.532,25-54,no,yes,no,Reached shelter
Site 135,B_placement_optimized,42,25-212298,OPT2,yes,1042.0,13432.0,51.21,299.55,4935.0,4935.0,3246.0,3246.0,1.568,25-54,no,no,no,Reached shelter
Site 144,B_placement_optimized,42,26-119676,OPT2,yes,1042.0,14002.0,51.21,299.55,4935.0,4935.0,3261.0,3261.0,1.535,25-54,no,no,no,Reached shelter
Site 153,B_placement_optimized,42,25-201607,OPT2,yes,1042.0,11861.0,51.21,299.55,4935.0,4935.0,3227.0,3227.0,1.565,25-54,no,no,no,Reached shelter
Site 155,B_placement_optimized,42,25-156610,OPT2,yes,1042.0,14724.0,51.21,299.55,4935.0,4935.0,3272.0,3272.0,1.544,25-54,no,no,no,Reached shelter
Site 188,B_placement_optimized,42,25-222127,OPT2,yes,1042.0,11438.0,51.21,299.55,4935.0,4935.0,3221.0,3221.0,1.558,25-54,no,no,no,Reached shelter
Site 198,B_placement_optimized,42,26-109365,OPT2,yes,1042.0,17848.0,51.21,299.55,4935.0,4935.0,3329.0,3329.0,1.527,55-69,no,no,no,Reached shelter
Site 210,B_placement_optimized,42,25-123984,OPT2,yes,1042.0,11206.0,51.21,299.55,4935.0,4935.0,3221.0,3221.0,1.524,55-69,yes,no,no,Reached shelter
Site 211,B_placement_optimized,42,25-123800,OPT2,yes,1042.0,14095.0,51.21,299.55,4935.0,4935.0,3257.0,3257.0,1.564,25-54,yes,no,yes,Reached shelter
Site 224,B_placement_optimized,42,26-109318,OPT2,yes,1042.0,12785.0,51.21,299.55,4935.0,4935.0,3238.0,3238.0,1.552,25-54,no,no,no,Reached shelter
Site 237,B_placement_optimized,42,26-130200,OPT2,yes,1042.0,12199.0,51.21,299.55,4935.0,4935.0,3233.0,3233.0,1.54,25-54,no,yes,no,Reached shelter
Site 253,B_placement_optimized,42,26-149687,OPT2,yes,1042.0,12110.0,51.21,299.55,4935.0,4935.0,3229.0,3229.0,1.565,25-54,no,no,no,Reached shelter
Site 272,B_placement_optimized,42,25-145148,OPT2,yes,1042.0,14382.0,51.21,299.55,4935.0,4935.0,3267.0,3267.0,1.534,25-54,no,no,no,Reached shelter
Site 341,B_placement_optimized,42,26-129964,OPT2,yes,1042.0,14116.0,51.21,299.55,4935.0,4935.0,3256.0,3256.0,1.579,25-54,no,no,no,Reached shelter
Site 357,B_placement_optimized,42,26-149688,OPT2,yes,1042.0,11257.0,51.21,299.55,4935.0,4935.0,3223.0,3223.0,1.524,25-54,no,no,no,Reached shelter
Site 372,B_placement_optimized,42,25-102156,OPT2,yes,1042.0,11541.0,51.21,299.55,4935.0,4935.0,3221.0,3221.0,1.575,25-54,no,no,no,Reached shelter
Site 496,B_placement_optimized,42,25-123832,OPT2,yes,1042.0,12869.0,51.21,299.55,4935.0,4935.0,3238.0,3238.0,1.566,25-54,no,no,no,Reached shelter
Site 500,B_placement_optimized,42,25-123879,OPT2,yes,1042.0,14159.0,51.21,299.55,4935.0,4935.0,3266.0,3266.0,1.519,55-69,no,no,no,Reached shelter
Site 530,B_placement_optimized,42,25-123926,OPT2,yes,1042.0,11438.0,51.21,299.55,4935.0,4935.0,3224.0,3224.0,1.53,18-24,no,no,no,Reached shelter
Site 568,B_placement_optimized,42,26-149903,OPT2,yes,1042.0,16676.0,51.21,299.55,4935.0,4935.0,3303.0,3303.0,1.558,18-24,no,no,no,Reached shelter
Site 587,B_placement_optimized,42,25-201619,OPT2,yes,1042.0,13428.0,51.21,299.55,4935.0,4935.0,3251.0,3251.0,1.531,25-54,no,no,no,Reached shelter
Site 710,B_placement_optimized,42,26-119602,OPT2,yes,1042.0,18495.0,51.21,299.55,4935.0,4935.0,3337.0,3337.0,1.553,25-54,no,no,no,Reached shelter
Site 713,B_placement_optimized,42,25-221976,OPT2,yes,1042.0,16695.0,51.21,299.55,4935.0,4935.0,3306.0,3306.0,1.541,25-54,no,yes,no,Reached shelter
Site 740,B_placement_optimized,42,25-178828,OPT2,yes,1042.0,18298.0,51.21,299.55,4935.0,4935.0,3336.0,3336.0,1.54,55-69,no,no,no,Reached shelter
Site 802,B_placement_optimized,42,26-149696,OPT2,yes,1042.0,18319.0,51.21,299.55,4935.0,4935.0,3337.0,3337.0,1.532,25-54,yes,no,no,Reached shelter
Site 919,B_placement_optimized,42,25-167593,OPT2,yes,1042.0,14341.0,51.21,299.55,4935.0,4935.0,3264.0,3264.0,1.554,25-54,no,no,no,Reached shelter
Site 933,B_placement_optimized,42,26-119718,OPT2,yes,1042.0,13500.0,51.21,299.55,4935.0,4935.0,3249.0,3249.0,1.555,25-54,no,no,no,Reached shelter
Site 975,B_placement_optimized,42,25-145210,OPT2,yes,1042.0,11985.0,51.21,299.55,4935.0,4935.0,3230.0,3230.0,1.531,55-69,no,no,no,Reached shelter
Site 984,B_placement_optimized,42,25-145153,OPT2,yes,1042.0,12815.0,51.21,299.55,4935.0,4935.0,3240.0,3240.0,1.538,25-54,no,no,no,Reached shelter
Site 986,B_placement_optimized,42,25-145035,OPT2,yes,1042.0,13187.0,51.21,299.55,4935.0,4935.0,3246.0,3246.0,1.53,55-69,no,yes,no,Reached shelter
Site 1050,B_placement_optimized,42,26-140527,OPT2,yes,1042.0,13631.0,51.21,299.55,4935.0,4935.0,3254.0,3254.0,1.534,25-54,no,no,no,Reached shelter
Site 1052,B_placement_optimized,42,25-102526,OPT2,yes,1042.0,16394.0,51.21,299.55,4935.0,4935.0,3305.0,3305.0,1.522,25-54,no,no,no,Reached shelter
Site 1053,B_placement_optimized,42,26-150005,OPT2,yes,1042.0,17719.0,51.21,299.55,4935.0,4935.0,3319.0,3319.0,1.572,25-54,no,no,no,Reached shelter
Site 1234,B_placement_optimized,42,25-190397,OPT2,yes,1042.0,13249.0,51.21,299.55,4935.0,4935.0,3249.0,3249.0,1.521,25-54,no,no,no,Reached shelter
Site 1245,B_placement_optimized,42,25-167619,OPT2,yes,1042.0,13982.0,51.21,299.55,4935.0,4935.0,3256.0,3256.0,1.563,55-69,no,no,no,Reached shelter
Site 1266,B_placement_optimized,42,25-190528,OPT2,yes,1042.0,14892.0,51.21,299.55,4935.0,4935.0,3272.0,3272.0,1.564,55-69,yes,no,no,Reached shelter
Site 1311,B_placement_optimized,42,26-109338,OPT2,yes,1042.0,17408.0,51.21,299.55,4935.0,4935.0,3314.0,3314.0,1.574,25-54,no,yes,no,Reached shelter
Site 1328,B_placement_optimized,42,25-212252,OPT2,yes,1042.0,14592.0,51.21,299.55,4935.0,4935.0,3274.0,3274.0,1.519,25-54,no,no,no,Reached shelter
Site 1374,B_placement_optimized,42,25-145023,OPT2,yes,1042.0,15074.0,51.21,299.55,4935.0,4935.0,3279.0,3279.0,1.536,25-54,yes,no,no,Reached shelter
Site 1405,B_placement_optimized,42,25-222227,OPT2,yes,1042.0,13730.0,51.21,299.55,4935.0,4935.0,3254.0,3254.0,1.548,25-54,no,no,no,Reached shelter
Site 1425,B_placement_optimized,42,26-129946,OPT2,yes,1042.0,16858.0,51.21,299.55,4935.0,4935.0,3305.0,3305.0,1.569,25-54,no,no,no,Reached shelter
Site 1426,B_placement_optimized,42,25-112687,OPT2,yes,1042.0,15396.0,51.21,299.55,4935.0,4935.0,3279.0,3279.0,1.577,25-54,no,no,no,Reached shelter
Site 1427,B_placement_optimized,42,25-201571,OPT2,yes,1042.0,11681.0,51.21,299.55,4935.0,4935.0,3227.0,3227.0,1.522,25-54,no,yes,no,Reached shelter
Site 1456,B_placement_optimized,42,25-221916,OPT2,yes,1042.0,11434.0,51.21,299.55,4935.0,4935.0,3225.0,3225.0,1.52,25-54,no,no,no,Reached shelter
Site 1487,B_placement_optimized,42,25-212522,OPT2,yes,1042.0,14156.0,51.21,299.55,4935.0,4935.0,3262.0,3262.0,1.544,25-54,no,no,no,Reached shelter
Site 1491,B_placement_optimized,42,26-109693,OPT2,yes,1042.0,14089.0,51.21,299.55,4935.0,4935.0,3257.0,3257.0,1.574,25-54,no,no,no,Reached shelter
Site 1496,B_placement_optimized,42,25-156646,OPT2,yes,1042.0,11644.0,51.21,299.55,4935.0,4935.0,3227.0,3227.0,1.521,25-54,no,yes,no,Reached shelter
Site 1502,B_placement_optimized,42,25-167609,OPT2,yes,1042.0,14252.0,51.21,299.55,4935.0,4935.0,3262.0,3262.0,1.551,25-54,no,no,no,Reached shelter
Site 1526,B_placement_optimized,42,26-129876,OPT2,yes,1042.0,13513.0,51.21,299.55,4935.0,4935.0,3249.0,3249.0,1.559,25-54,no,no,no,Reached shelter
Site 1544,B_placement_optimized,42,25-112554,OPT2,yes,1042.0,15543.0,51.21,299.55,4935.0,4935.0,3280.0,3280.0,1.579,18-24,no,no,no,Reached shelter
Site 1563,B_placement_optimized,42,26-130260,OPT2,yes,1042.0,13941.0,51.21,299.55,4935.0,4935.0,3259.0,3259.0,1.542,25-54,no,no,no,Reached shelter
Site 1615,B_placement_optimized,42,25-123809,OPT2,yes,1042.0,13613.0,51.21,299.55,4935.0,4935.0,3256.0,3256.0,1.519,25-54,no,no,no,Reached shelter
Site 1648,B_placement_optimized,42,25-167596,OPT2,yes,1042.0,13731.0,51.21,299.55,4935.0,4935.0,3251.0,3251.0,1.57,25-54,no,no,no,Reached shelter
Site 1662,B_placement_optimized,42,26-140451,OPT2,yes,1042.0,12192.0,51.21,299.55,4935.0,4935.0,3232.0,3232.0,1.55,25-54,no,no,no,Reached shelter
Site 1719,B_placement_optimized,42,26-149790,OPT2,yes,1042.0,12152.0,51.21,299.55,4935.0,4935.0,3233.0,3233.0,1.527,25-54,no,yes,no,Reached shelter
Site 1758,B_placement_optimized,42,25-221875,OPT2,yes,1042.0,12271.0,51.21,299.55,4935.0,4935.0,3233.0,3233.0,1.545,25-54,no,no,no,Reached shelter
Site 1801,B_placement_optimized,42,25-145107,OPT2,yes,1042.0,13493.0,51.21,299.55,4935.0,4935.0,3246.0,3246.0,1.571,55-69,no,no,no,Reached shelter
Site 1805,B_placement_optimized,42,25-221902,OPT2,yes,1042.0,17786.0,51.21,299.55,4935.0,4935.0,3328.0,3328.0,1.533,25-54,no,no,no,Reached shelter
Site 1819,B_placement_optimized,42,25-123843,OPT2,yes,1042.0,13109.0,51.21,299.55,4935.0,4935.0,3243.0,3243.0,1.553,25-54,no,yes,no,Reached shelter
Site 1820,B_placement_optimized,42,25-112998,OPT2,yes,1042.0,12835.0,51.21,299.55,4935.0,4935.0,3242.0,3242.0,1.523,25-54,no,no,no,Reached shelter
Site 1894,B_placement_optimized,42,25-179137,OPT2,yes,1042.0,11692.0,51.21,299.55,4935.0,4935.0,3225.0,3225.0,1.555,25-54,no,no,no,Reached shelter
Site 1993,B_placement_optimized,42,26-129784,OPT2,yes,1042.0,11505.0,51.21,299.55,4935.0,4935.0,3225.0,3225.0,1.533,25-54,no,no,no,Reached shelter
Site 2023,B_placement_optimized,42,26-130217,OPT2,yes,1042.0,12298.0,51.21,299.55,4935.0,4935.0,3234.0,3234.0,1.545,25-54,no,no,no,Reached shelter
Site 23,B_placement_optimized,42,25-221916,OPT2,yes,1043.0,11434.0,51.25,299.55,4939.0,4939.0,3237.0,3237.0,1.467,25-54,no,yes,no,Reached shelter
Site 30,B_placement_optimized,42,25-156604,OPT2,yes,1043.0,11884.0,51.25,299.55,4939.0,4939.0,3243.0,3243.0,1.468,25-54,no,no,no,Reached shelter
Site 33,B_placement_optimized,42,25-145224,OPT2,yes,1043.0,12176.0,51.25,299.55,4939.0,4939.0,3244.0,3244.0,1.495,25-54,no,no,no,Reached shelter
Site 83,B_placement_optimized,42,25-123576,OPT2,yes,1043.0,12359.0,51.25,299.55,4939.0,4939.0,3246.0,3246.0,1.496,55-69,no,no,no,Reached shelter
Site 84,B_placement_optimized,42,25-212180,OPT2,yes,1043.0,11381.0,51.25,299.55,4939.0,4939.0,3233.0,3233.0,1.517,25-54,no,no,no,Reached shelter
Site 90,B_placement_optimized,42,25-134702,OPT2,yes,1043.0,17296.0,51.25,299.55,4939.0,4939.0,3337.0,3337.0,1.48,25-54,no,yes,no,Reached shelter
Site 114,B_placement_optimized,42,25-134404,OPT2,yes,1043.0,12313.0,51.25,299.55,4939.0,4939.0,3247.0,3247.0,1.473,55-69,no,yes,no,Reached shelter
Site 239,B_placement_optimized,42,25-201563,OPT2,yes,1043.0,13781.0,51.25,299.55,4939.0,4939.0,3270.0,3270.0,1.49,25-54,no,yes,no,Reached shelter
Site 249,B_placement_optimized,42,25-145118,OPT2,yes,1043.0,12814.0,51.25,299.55,4939.0,4939.0,3250.0,3250.0,1.513,18-24,no,no,no,Reached shelter
Site 255,B_placement_optimized,42,26-129893,OPT2,yes,1043.0,11984.0,51.25,299.55,4939.0,4939.0,3243.0,3243.0,1.479,18-24,no,no,no,Reached shelter
Site 256,B_placement_optimized,42,26-129982,OPT2,yes,1043.0,16219.0,51.25,299.55,4939.0,4939.0,3319.0,3319.0,1.466,25-54,no,yes,yes,Reached shelter
Site 285,B_placement_optimized,42,25-167609,OPT2,yes,1043.0,14252.0,51.25,299.55,4939.0,4939.0,3281.0,3281.0,1.478,25-54,no,no,no,Reached shelter
Site 297,B_placement_optimized,42,25-134510,OPT2,yes,1043.0,13138.0,51.25,299.55,4939.0,4939.0,3255.0,3255.0,1.513,25-54,no,no,no,Reached shelter
Site 311,B_placement_optimized,42,25-190367,OPT2,yes,1043.0,11455.0,51.25,299.55,4939.0,4939.0,3236.0,3236.0,1.476,55-69,no,yes,no,Reached shelter
Site 315,B_placement_optimized,42,25-123576,OPT2,yes,1043.0,12359.0,51.25,299.55,4939.0,4939.0,3247.0,3247.0,1.475,25-54,no,no,no,Reached shelter
Site 333,B_placement_optimized,42,25-134430,OPT2,yes,1043.0,17644.0,51.25,299.55,4939.0,4939.0,3342.0,3342.0,1.485,25-54,no,no,no,Reached shelter
Site 346,B_placement_optimized,42,25-134510,OPT2,yes,1043.0,13138.0,51.25,299.55,4939.0,4939.0,3260.0,3260.0,1.481,18-24,no,no,no,Reached shelter
Site 388,B_placement_optimized,42,25-190726,OPT2,yes,1043.0,15576.0,51.25,299.55,4939.0,4939.0,3301.0,3301.0,1.504,55-69,no,no,no,Reached shelter
Site 395,B_placement_optimized,42,26-119603,OPT2,yes,1043.0,14975.0,51.25,299.55,4939.0,4939.0,3298.0,3298.0,1.456,25-54,no,yes,no,Reached shelter
Site 405,B_placement_optimized,42,26-119652,OPT2,yes,1043.0,14087.0,51.25,299.55,4939.0,4939.0,3277.0,3277.0,1.488,25-54,no,no,no,Reached shelter
Site 407,B_placement_optimized,42,25-123941,OPT2,yes,1043.0,15322.0,51.25,299.55,4939.0,4939.0,3303.0,3303.0,1.46,25-54,no,yes,no,Reached shelter
Site 426,B_placement_optimized,42,25-123583,OPT2,yes,1043.0,13805.0,51.25,299.55,4939.0,4939.0,3272.0,3272.0,1.479,25-54,no,no,no,Reached shelter
Site 474,B_placement_optimized,42,26-119640,OPT2,yes,1043.0,11471.0,51.25,299.55,4939.0,4939.0,3236.0,3236.0,1.484,55-69,no,no,no,Reached shelter
Site 482,B_placement_optimized,42,25-190314,OPT2,yes,1043.0,11326.0,51.25,299.55,4939.0,4939.0,3233.0,3233.0,1.506,25-54,no,yes,no,Reached shelter
Site 516,B_placement_optimized,42,26-109352,OPT2,yes,1043.0,12834.0,51.25,299.55,4939.0,4939.0,3252.0,3252.0,1.495,55-69,yes,no,no,Reached shelter
Site 520,B_placement_optimized,42,25-156369,OPT2,yes,1043.0,12216.0,51.25,299.55,4939.0,4939.0,3245.0,3245.0,1.489,55-69,no,no,no,Reached shelter
Site 558,B_placement_optimized,42,25-190513,OPT2,yes,1043.0,12811.0,51.25,299.55,4939.0,4939.0,3255.0,3255.0,1.465,25-54,no,no,no,Reached shelter
Site 572,B_placement_optimized,42,25-145493,OPT2,yes,1043.0,14716.0,51.25,299.55,4939.0,4939.0,3286.0,3286.0,1.497,25-54,no,yes,no,Reached shelter
Site 610,B_placement_optimized,42,25-145507,OPT2,yes,1043.0,16244.0,51.25,299.55,4939.0,4939.0,3312.0,3312.0,1.503,25-54,no,no,no,Reached shelter
Site 692,B_placement_optimized,42,26-129955,OPT2,yes,1043.0,12955.0,51.25,299.55,4939.0,4939.0,3255.0,3255.0,1.492,25-54,yes,no,no,Reached shelter
Site 720,B_placement_optimized,42,25-179240,OPT2,yes,1043.0,12046.0,51.25,299.55,4939.0,4939.0,3240.0,3240.0,1.515,25-54,no,no,no,Reached shelter
Site 771,B_placement_optimized,42,25-201288,OPT2,yes,1043.0,15371.0,51.25,299.55,4939.0,4939.0,3296.0,3296.0,1.513,25-54,no,no,no,Reached shelter
Site 777,B_placement_optimized,42,25-112930,OPT2,yes,1043.0,13217.0,51.25,299.55,4939.0,4939.0,3259.0,3259.0,1.504,55-69,no,no,no,Reached shelter
Site 787,B_placement_optimized,42,25-156458,OPT2,yes,1043.0,13471.0,51.25,299.55,4939.0,4939.0,3265.0,3265.0,1.483,25-54,no,no,no,Reached shelter
Site 830,B_placement_optimized,42,25-112701,OPT2,yes,1043.0,12130.0,51.25,299.55,4939.0,4939.0,3244.0,3244.0,1.49,25-54,no,no,no,Reached shelter
Site 836,B_placement_optimized,42,25-179141,OPT2,yes,1043.0,13803.0,51.25,299.55,4939.0,4939.0,3267.0,3267.0,1.517,70+,yes,no,no,Reached shelter
Site 850,B_placement_optimized,42,26-140279,OPT2,yes,1043.0,13469.0,51.25,299.55,4939.0,4939.0,3270.0,3270.0,1.456,25-54,no,no,yes,Reached shelter
Site 878,B_placement_optimized,42,26-129784,OPT2,yes,1043.0,11505.0,51.25,299.55,4939.0,4939.0,3236.0,3236.0,1.482,55-69,no,no,no,Reached shelter
Site 926,B_placement_optimized,42,25-145387,OPT2,yes,1043.0,11969.0,51.25,299.55,4939.0,4939.0,3241.0,3241.0,1.486,25-54,no,no,no,Reached shelter
Site 929,B_placement_optimized,42,25-102254,OPT2,yes,1043.0,12289.0,51.25,299.55,4939.0,4939.0,3247.0,3247.0,1.474,25-54,no,no,no,Reached shelter
Site 931,B_placement_optimized,42,26-109429,OPT2,yes,1043.0,11693.0,51.25,299.55,4939.0,4939.0,3240.0,3240.0,1.46,25-54,no,no,no,Reached shelter
Site 934,B_placement_optimized,42,26-140287,OPT2,yes,1043.0,13361.0,51.25,299.55,4939.0,4939.0,3264.0,3264.0,1.488,25-54,no,no,no,Reached shelter
Site 939,B_placement_optimized,42,26-130243,OPT2,yes,1043.0,12266.0,51.25,299.55,4939.0,4939.0,3248.0,3248.0,1.461,25-54,no,no,no,Reached shelter
Site 940,B_placement_optimized,42,26-149766,OPT2,yes,1043.0,11204.0,51.25,299.55,4939.0,4939.0,3233.0,3233.0,1.478,25-54,no,no,no,Reached shelter
Site 957,B_placement_optimized,42,25-134672,OPT2,yes,1043.0,15450.0,51.25,299.55,4939.0,4939.0,3298.0,3298.0,1.51,25-54,no,no,no,Reached shelter
Site 964,B_placement_optimized,42,26-149635,OPT2,yes,1043.0,11448.0,51.25,299.55,4939.0,4939.0,3235.0,3235.0,1.497,25-54,no,no,no,Reached shelter
Site 988,B_placement_optimized,42,25-134430,OPT2,yes,1043.0,17644.0,51.25,299.55,4939.0,4939.0,3345.0,3345.0,1.47,25-54,no,no,no,Reached shelter
Site 1007,B_placement_optimized,42,25-222105,OPT2,yes,1043.0,16002.0,51.25,299.55,4939.0,4939.0,3312.0,3312.0,1.484,25-54,no,no,no,Reached shelter
Site 1032,B_placement_optimized,42,25-112996,OPT2,yes,1043.0,14641.0,51.25,299.55,4939.0,4939.0,3288.0,3288.0,1.482,18-24,no,no,no,Reached shelter
Site 1061,B_placement_optimized,42,25-201702,OPT2,yes,1043.0,12727.0,51.25,299.55,4939.0,4939.0,3252.0,3252.0,1.482,18-24,no,yes,no,Reached shelter
Site 1086,B_placement_optimized,42,25-112876,OPT2,yes,1043.0,12986.0,51.25,299.55,4939.0,4939.0,3257.0,3257.0,1.487,25-54,no,yes,no,Reached shelter
Site 1091,B_placement_optimized,42,25-212414,OPT2,yes,1043.0,13709.0,51.25,299.55,4939.0,4939.0,3272.0,3272.0,1.467,55-69,no,yes,no,Reached shelter
Site 1108,B_placement_optimized,42,25-134657,OPT2,yes,1043.0,13533.0,51.25,299.55,4939.0,4939.0,3270.0,3270.0,1.462,25-54,no,no,no,Reached shelter
Site 1162,B_placement_optimized,42,26-109693,OPT2,yes,1043.0,14089.0,51.25,299.55,4939.0,4939.0,3273.0,3273.0,1.509,25-54,no,no,no,Reached shelter
Site 1184,B_placement_optimized,42,26-130240,OPT2,yes,1043.0,11481.0,51.25,299.55,4939.0,4939.0,3237.0,3237.0,1.471,25-54,no,no,no,Reached shelter
Site 1206,B_placement_optimized,42,25-222003,OPT2,yes,1043.0,11697.0,51.25,299.55,4939.0,4939.0,3240.0,3240.0,1.456,25-54,yes,no,no,Reached shelter
Site 1249,B_placement_optimized,42,25-212489,OPT2,yes,1043.0,13839.0,51.25,299.55,4939.0,4939.0,3273.0,3273.0,1.476,25-54,no,no,no,Reached shelter
Site 1273,B_placement_optimized,42,26-129935,OPT2,yes,1043.0,19542.0,51.25,299.55,4939.0,4939.0,3371.0,3371.0,1.513,55-69,no,no,no,Reached shelter
Site 1277,B_placement_optimized,42,25-190430,OPT2,yes,1043.0,12703.0,51.25,299.55,4939.0,4939.0,3252.0,3252.0,1.476,25-54,no,yes,no,Reached shelter
Site 1314,B_placement_optimized,42,25-112695,OPT2,yes,1043.0,12122.0,51.25,299.55,4939.0,4939.0,3243.0,3243.0,1.496,25-54,no,no,no,Reached shelter
Site 1322,B_placement_optimized,42,25-201206,OPT2,yes,1043.0,14447.0,51.25,299.55,4939.0,4939.0,3283.0,3283.0,1.485,25-54,no,yes,no,Reached shelter
Site 1334,B_placement_optimized,42,25-179015,OPT2,yes,1043.0,13166.0,51.25,299.55,4939.0,4939.0,3260.0,3260.0,1.479,25-54,no,no,no,Reached shelter
Site 1338,B_placement_optimized,42,26-130204,OPT2,yes,1043.0,12256.0,51.25,299.55,4939.0,4939.0,3244.0,3244.0,1.503,25-54,no,no,no,Reached shelter
Site 1343,B_placement_optimized,42,25-112554,OPT2,yes,1043.0,15543.0,51.25,299.55,4939.0,4939.0,3306.0,3306.0,1.469,55-69,no,no,no,Reached shelter
Site 1349,B_placement_optimized,42,25-134404,OPT2,yes,1043.0,12313.0,51.25,299.55,4939.0,4939.0,3246.0,3246.0,1.482,25-54,no,yes,no,Reached shelter
Site 1373,B_placement_optimized,42,25-222259,OPT2,yes,1043.0,13826.0,51.25,299.55,4939.0,4939.0,3275.0,3275.0,1.465,25-54,no,no,no,Reached shelter
Site 1377,B_placement_optimized,42,25-201329,OPT2,yes,1043.0,13331.0,51.25,299.55,4939.0,4939.0,3265.0,3265.0,1.469,25-54,no,no,no,Reached shelter
Site 1432,B_placement_optimized,42,25-201702,OPT2,yes,1043.0,12727.0,51.25,299.55,4939.0,4939.0,3255.0,3255.0,1.462,25-54,no,no,no,Reached shelter
Site 1437,B_placement_optimized,42,26-119604,OPT2,yes,1043.0,14900.0,51.25,299.55,4939.0,4939.0,3294.0,3294.0,1.467,25-54,no,no,no,Reached shelter
Site 1440,B_placement_optimized,42,25-123893,OPT2,yes,1043.0,13552.0,51.25,299.55,4939.0,4939.0,3268.0,3268.0,1.471,55-69,no,no,no,Reached shelter
Site 1463,B_placement_optimized,42,25-178970,OPT2,yes,1043.0,15547.0,51.25,299.55,4939.0,4939.0,3308.0,3308.0,1.464,25-54,no,no,no,Reached shelter
Site 1475,B_placement_optimized,42,25-212450,OPT2,yes,1043.0,17735.0,51.25,299.55,4939.0,4939.0,3340.0,3340.0,1.507,18-24,no,no,no,Reached shelter
Site 1513,B_placement_optimized,42,26-109543,OPT2,yes,1043.0,13646.0,51.25,299.55,4939.0,4939.0,3267.0,3267.0,1.498,25-54,no,no,no,Reached shelter
Site 1583,B_placement_optimized,42,25-102202,OPT2,yes,1043.0,16062.0,51.25,299.55,4939.0,4939.0,3317.0,3317.0,1.463,25-54,no,no,no,Reached shelter
Site 1620,B_placement_optimized,42,26-150015,OPT2,yes,1043.0,14536.0,51.25,299.55,4939.0,4939.0,3285.0,3285.0,1.489,25-54,no,no,no,Reached shelter
Site 1679,B_placement_optimized,42,26-109404,OPT2,yes,1043.0,16813.0,51.25,299.55,4939.0,4939.0,3332.0,3332.0,1.458,25-54,no,no,no,Reached shelter
Site 1684,B_placement_optimized,42,25-179022,OPT2,yes,1043.0,11800.0,51.25,299.55,4939.0,4939.0,3241.0,3241.0,1.47,25-54,no,yes,no,Reached shelter
Site 1721,B_placement_optimized,42,25-102504,OPT2,yes,1043.0,13591.0,51.25,299.55,4939.0,4939.0,3272.0,3272.0,1.461,25-54,no,no,no,Reached shelter
Site 1756,B_placement_optimized,42,26-119477,OPT2,yes,1043.0,13634.0,51.25,299.55,4939.0,4939.0,3270.0,3270.0,1.476,25-54,no,no,no,Reached shelter
Site 1766,B_placement_optimized,42,26-149628,OPT2,yes,1043.0,12035.0,51.25,299.55,4939.0,4939.0,3245.0,3245.0,1.459,55-69,no,no,no,Reached shelter
Site 1780,B_placement_optimized,42,25-102171,OPT2,yes,1043.0,16099.0,51.25,299.55,4939.0,4939.0,3309.0,3309.0,1.515,25-54,no,no,no,Reached shelter
Site 1786,B_placement_optimized,42,26-109733,OPT2,yes,1043.0,12826.0,51.25,299.55,4939.0,4939.0,3257.0,3257.0,1.462,25-54,no,no,no,Reached shelter
Site 1798,B_placement_optimized,42,26-109516,OPT2,yes,1043.0,15223.0,51.25,299.55,4939.0,4939.0,3294.0,3294.0,1.502,25-54,no,no,yes,Reached shelter
Site 1802,B_placement_optimized,42,26-119732,OPT2,yes,1043.0,12389.0,51.25,299.55,4939.0,4939.0,3249.0,3249.0,1.463,18-24,no,no,no,Reached shelter
Site 1843,B_placement_optimized,42,25-179003,OPT2,yes,1043.0,11827.0,51.25,299.55,4939.0,4939.0,3240.0,3240.0,1.475,25-54,no,no,no,Reached shelter
Site 1881,B_placement_optimized,42,26-119743,OPT2,yes,1043.0,15083.0,51.25,299.55,4939.0,4939.0,3299.0,3299.0,1.459,25-54,no,no,no,Reached shelter
Site 1889,B_placement_optimized,42,25-190505,OPT2,yes,1043.0,14969.0,51.25,299.55,4939.0,4939.0,3293.0,3293.0,1.484,25-54,no,no,no,Reached shelter
Site 1898,B_placement_optimized,42,25-123641,OPT2,yes,1043.0,13525.0,51.25,299.55,4939.0,4939.0,3265.0,3265.0,1.496,25-54,no,no,no,Reached shelter
Site 1912,B_placement_optimized,42,25-134351,OPT2,yes,1043.0,15672.0,51.25,299.55,4939.0,4939.0,3311.0,3311.0,1.454,25-54,no,no,no,Reached shelter
Site 1916,B_placement_optimized,42,25-145263,OPT2,yes,1043.0,12230.0,51.25,299.55,4939.0,4939.0,3247.0,3247.0,1.463,55-69,yes,no,no,Reached shelter
Site 1942,B_placement_optimized,42,25-212082,OPT2,yes,1043.0,12630.0,51.25,299.55,4939.0,4939.0,3248.0,3248.0,1.51,25-54,no,no,no,Reached shelter
Site 1943,B_placement_optimized,42,25-112978,OPT2,yes,1043.0,11994.0,51.25,299.55,4939.0,4939.0,3240.0,3240.0,1.501,18-24,no,no,no,Reached shelter
Site 1995,B_placement_optimized,42,25-212111,OPT2,yes,1043.0,13990.0,51.25,299.55,4939.0,4939.0,3278.0,3278.0,1.461,25-54,no,no,yes,Reached shelter
Site 2009,B_placement_optimized,42,25-123890,OPT2,yes,1043.0,14640.0,51.25,299.55,4939.0,4939.0,3288.0,3288.0,1.475,25-54,no,no,no,Reached shelter
Site 2019,B_placement_optimized,42,25-134676,OPT2,yes,1043.0,16434.0,51.25,299.55,4939.0,4939.0,3316.0,3316.0,1.507,25-54,no,no,no,Reached shelter
Site 5,B_placement_optimized,42,26-140306,OPT2,yes,1044.0,14047.0,51.29,299.55,4944.0,4944.0,3291.0,3291.0,1.442,25-54,no,no,no,Reached shelter
Site 34,B_placement_optimized,42,25-156610,OPT2,yes,1044.0,14724.0,51.29,299.55,4944.0,4944.0,3307.0,3307.0,1.419,25-54,no,yes,no,Reached shelter
Site 71,B_placement_optimized,42,25-212515,OPT2,yes,1044.0,13510.0,51.29,299.55,4944.0,4944.0,3284.0,3284.0,1.41,25-54,no,yes,no,Reached shelter
Site 103,B_placement_optimized,42,26-119286,OPT2,yes,1044.0,18997.0,51.29,299.55,4944.0,4944.0,3394.0,3394.0,1.401,25-54,no,no,no,Reached shelter
Site 115,B_placement_optimized,42,25-201585,OPT2,yes,1044.0,16422.0,51.29,299.55,4944.0,4944.0,3341.0,3341.0,1.408,25-54,yes,no,no,Reached shelter
Site 143,B_placement_optimized,42,26-130108,OPT2,yes,1044.0,16083.0,51.29,299.55,4944.0,4944.0,3333.0,3333.0,1.419,25-54,no,no,no,Reached shelter
Site 147,B_placement_optimized,42,25-167537,OPT2,yes,1044.0,13184.0,51.29,299.55,4944.0,4944.0,3279.0,3279.0,1.406,25-54,no,no,no,Reached shelter
Site 161,B_placement_optimized,42,25-145464,OPT2,yes,1044.0,11832.0,51.29,299.55,4944.0,4944.0,3254.0,3254.0,1.419,25-54,no,no,no,Reached shelter
Site 207,B_placement_optimized,42,26-149977,OPT2,yes,1044.0,10919.0,51.29,299.55,4944.0,4944.0,3244.0,3244.0,1.397,18-24,no,no,no,Reached shelter
Site 212,B_placement_optimized,42,25-212049,OPT2,yes,1044.0,10638.0,51.29,299.55,4944.0,4944.0,3237.0,3237.0,1.428,25-54,no,no,no,Reached shelter
Site 230,B_placement_optimized,42,25-102226,OPT2,yes,1044.0,11976.0,51.29,299.55,4944.0,4944.0,3256.0,3256.0,1.408,25-54,no,no,no,Reached shelter
Site 233,B_placement_optimized,42,26-150042,OPT2,yes,1044.0,14708.0,51.29,299.55,4944.0,4944.0,3309.0,3309.0,1.41,55-69,no,no,no,Reached shelter
Site 238,B_placement_optimized,42,26-130260,OPT2,yes,1044.0,13941.0,51.29,299.55,4944.0,4944.0,3286.0,3286.0,1.453,25-54,no,no,no,Reached shelter
Site 240,B_placement_optimized,42,25-112996,OPT2,yes,1044.0,14641.0,51.29,299.55,4944.0,4944.0,3302.0,3302.0,1.438,25-54,no,no,no,Reached shelter
Site 246,B_placement_optimized,42,25-134506,OPT2,yes,1044.0,16035.0,51.29,299.55,4944.0,4944.0,3333.0,3333.0,1.416,25-54,no,yes,no,Reached shelter
Site 269,B_placement_optimized,42,26-109567,OPT2,yes,1044.0,15233.0,51.29,299.55,4944.0,4944.0,3319.0,3319.0,1.412,25-54,no,no,no,Reached shelter
Site 291,B_placement_optimized,42,25-112764,OPT2,yes,1044.0,16790.0,51.29,299.55,4944.0,4944.0,3341.0,3341.0,1.447,25-54,no,no,no,Reached shelter
Site 326,B_placement_optimized,42,25-179187,OPT2,yes,1044.0,12706.0,51.29,299.55,4944.0,4944.0,3266.0,3266.0,1.432,25-54,no,no,no,Reached shelter
Site 353,B_placement_optimized,42,26-119225,OPT2,yes,1044.0,17436.0,51.29,299.55,4944.0,4944.0,3356.0,3356.0,1.433,25-54,no,yes,no,Reached shelter
Site 366,B_placement_optimized,42,26-129777,OPT2,yes,1044.0,14307.0,51.29,299.55,4944.0,4944.0,3302.0,3302.0,1.398,25-54,no,no,no,Reached shelter
Site 409,B_placement_optimized,42,25-123945,OPT2,yes,1044.0,12395.0,51.29,299.55,4944.0,4944.0,3263.0,3263.0,1.412,25-54,no,no,no,Reached shelter
Site 427,B_placement_optimized,42,26-129901,OPT2,yes,1044.0,11582.0,51.29,299.55,4944.0,4944.0,3250.0,3250.0,1.417,25-54,no,no,no,Reached shelter
Site 446,B_placement_optimized,42,25-102206,OPT2,yes,1044.0,12974.0,51.29,299.55,4944.0,4944.0,3276.0,3276.0,1.405,25-54,no,yes,no,Reached shelter
Site 518,B_placement_optimized,42,26-119447,OPT2,yes,1044.0,10816.0,51.29,299.55,4944.0,4944.0,3238.0,3238.0,1.447,55-69,no,no,no,Reached shelter
Site 531,B_placement_optimized,42,26-119732,OPT2,yes,1044.0,12389.0,51.29,299.55,4944.0,4944.0,3260.0,3260.0,1.436,25-54,no,no,no,Reached shelter
Site 536,B_placement_optimized,42,25-156350,OPT2,yes,1044.0,10936.0,51.29,299.55,4944.0,4944.0,3240.0,3240.0,1.434,55-69,no,yes,yes,Reached shelter
Site 550,B_placement_optimized,42,25-167813,OPT2,yes,1044.0,13419.0,51.29,299.55,4944.0,4944.0,3276.0,3276.0,1.452,18-24,no,no,no,Reached shelter
Site 569,B_placement_optimized,42,25-179106,OPT2,yes,1044.0,13770.0,51.29,299.55,4944.0,4944.0,3289.0,3289.0,1.416,25-54,no,no,no,Reached shelter
Site 581,B_placement_optimized,42,25-145451,OPT2,yes,1044.0,13205.0,51.29,299.55,4944.0,4944.0,3275.0,3275.0,1.442,18-24,no,no,no,Reached shelter
Site 620,B_placement_optimized,42,25-201244,OPT2,yes,1044.0,19493.0,51.29,299.55,4944.0,4944.0,3390.0,3390.0,1.454,18-24,no,no,no,Reached shelter
Site 644,B_placement_optimized,42,25-134524,OPT2,yes,1044.0,19247.0,51.29,299.55,4944.0,4944.0,3394.0,3394.0,1.42,25-54,no,no,no,Reached shelter
Site 646,B_placement_optimized,42,25-190371,OPT2,yes,1044.0,10963.0,51.29,299.55,4944.0,4944.0,3240.0,3240.0,1.437,25-54,no,no,no,Reached shelter
Site 654,B_placement_optimized,42,25-190775,OPT2,yes,1044.0,12607.0,51.29,299.55,4944.0,4944.0,3265.0,3265.0,1.427,25-54,no,no,no,Reached shelter
Site 677,B_placement_optimized,42,25-112970,OPT2,yes,1044.0,12378.0,51.29,299.55,4944.0,4944.0,3261.0,3261.0,1.422,25-54,no,no,no,Reached shelter
Site 694,B_placement_optimized,42,25-212476,OPT2,yes,1044.0,10581.0,51.29,299.55,4944.0,4944.0,3239.0,3239.0,1.398,25-54,no,no,no,Reached shelter
Site 697,B_placement_optimized,42,25-179064,OPT2,yes,1044.0,19900.0,51.29,299.55,4944.0,4944.0,3402.0,3402.0,1.437,55-69,no,yes,no,Reached shelter
Site 729,B_placement_optimized,42,26-119515,OPT2,yes,1044.0,13739.0,51.29,299.55,4944.0,4944.0,3283.0,3283.0,1.449,25-54,no,no,no,Reached shelter
Site 773,B_placement_optimized,42,25-178870,OPT2,yes,1044.0,11235.0,51.29,299.55,4944.0,4944.0,3246.0,3246.0,1.42,25-54,no,no,no,Reached shelter
Site 882,B_placement_optimized,42,25-145451,OPT2,yes,1044.0,13205.0,51.29,299.55,4944.0,4944.0,3279.0,3279.0,1.404,25-54,no,no,no,Reached shelter
Site 886,B_placement_optimized,42,25-212134,OPT2,yes,1044.0,13642.0,51.29,299.55,4944.0,4944.0,3289.0,3289.0,1.4,18-24,no,no,no,Reached shelter
Site 887,B_placement_optimized,42,25-145244,OPT2,yes,1044.0,14394.0,51.29,299.55,4944.0,4944.0,3299.0,3299.0,1.43,25-54,yes,no,no,Reached shelter
Site 902,B_placement_optimized,42,26-109318,OPT2,yes,1044.0,12785.0,51.29,299.55,4944.0,4944.0,3270.0,3270.0,1.425,18-24,no,no,no,Reached shelter
Site 913,B_placement_optimized,42,25-222158,OPT2,yes,1044.0,11315.0,51.29,299.55,4944.0,4944.0,3246.0,3246.0,1.427,25-54,no,no,no,Reached shelter
Site 918,B_placement_optimized,42,25-167962,OPT2,yes,1044.0,11830.0,51.29,299.55,4944.0,4944.0,3253.0,3253.0,1.43,25-54,no,no,no,Reached shelter
Site 928,B_placement_optimized,42,25-156462,OPT2,yes,1044.0,13425.0,51.29,299.55,4944.0,4944.0,3278.0,3278.0,1.45,25-54,no,no,no,Reached shelter
Site 947,B_placement_optimized,42,26-140460,OPT2,yes,1044.0,13459.0,51.29,299.55,4944.0,4944.0,3284.0,3284.0,1.408,25-54,no,no,no,Reached shelter
Site 994,B_placement_optimized,42,25-190703,OPT2,yes,1044.0,13987.0,51.29,299.55,4944.0,4944.0,3288.0,3288.0,1.448,25-54,no,no,no,Reached shelter
Site 997,B_placement_optimized,42,25-201223,OPT2,yes,1044.0,11511.0,51.29,299.55,4944.0,4944.0,3247.0,3247.0,1.448,25-54,no,no,no,Reached shelter
Site 1011,B_placement_optimized,42,25-102112,OPT2,yes,1044.0,14908.0,51.29,299.55,4944.0,4944.0,3307.0,3307.0,1.44,25-54,no,yes,no,Reached shelter
Site 1058,B_placement_optimized,42,26-119403,OPT2,yes,1044.0,15127.0,51.29,299.55,4944.0,4944.0,3309.0,3309.0,1.449,55-69,no,no,yes,Reached shelter
Site 1168,B_placement_optimized,42,25-102504,OPT2,yes,1044.0,13591.0,51.29,299.55,4944.0,4944.0,3288.0,3288.0,1.401,55-69,no,no,no,Reached shelter
Site 1212,B_placement_optimized,42,25-112797,OPT2,yes,1044.0,11736.0,51.29,299.55,4944.0,4944.0,3250.0,3250.0,1.44,25-54,no,no,no,Reached shelter
Site 1226,B_placement_optimized,42,25-190376,OPT2,yes,1044.0,15144.0,51.29,299.55,4944.0,4944.0,3312.0,3312.0,1.438,25-54,no,no,no,Reached shelter
Site 1298,B_placement_optimized,42,25-156301,OPT2,yes,1044.0,17644.0,51.29,299.55,4944.0,4944.0,3363.0,3363.0,1.419,25-54,no,no,no,Reached shelter
Site 1331,B_placement_optimized,42,25-167780,OPT2,yes,1044.0,12667.0,51.29,299.55,4944.0,4944.0,3270.0,3270.0,1.4,25-54,no,no,no,Reached shelter
Site 1342,B_placement_optimized,42,25-145117,OPT2,yes,1044.0,19629.0,51.29,299.55,4944.0,4944.0,3400.0,3400.0,1.423,25-54,no,no,yes,Reached shelter
Site 1353,B_placement_optimized,42,25-178955,OPT2,yes,1044.0,17847.0,51.29,299.55,4944.0,4944.0,3371.0,3371.0,1.402,25-54,no,no,no,Reached shelter
Site 1397,B_placement_optimized,42,25-123995,OPT2,yes,1044.0,13670.0,51.29,299.55,4944.0,4944.0,3284.0,3284.0,1.432,18-24,no,yes,no,Reached shelter
Site 1409,B_placement_optimized,42,25-179187,OPT2,yes,1044.0,12706.0,51.29,299.55,4944.0,4944.0,3271.0,3271.0,1.398,55-69,no,no,no,Reached shelter
Site 1410,B_placement_optimized,42,26-119569,OPT2,yes,1044.0,12337.0,51.29,299.55,4944.0,4944.0,3261.0,3261.0,1.416,25-54,yes,no,yes,Reached shelter
Site 1450,B_placement_optimized,42,25-212414,OPT2,yes,1044.0,13709.0,51.29,299.55,4944.0,4944.0,3288.0,3288.0,1.419,18-24,no,no,no,Reached shelter
Site 1462,B_placement_optimized,42,26-149946,OPT2,yes,1044.0,14344.0,51.29,299.55,4944.0,4944.0,3294.0,3294.0,1.45,25-54,no,no,no,Reached shelter
Site 1498,B_placement_optimized,42,25-123583,OPT2,yes,1044.0,13805.0,51.29,299.55,4944.0,4944.0,3288.0,3288.0,1.433,25-54,no,yes,yes,Reached shelter
Site 1509,B_placement_optimized,42,26-119265,OPT2,yes,1044.0,12354.0,51.29,299.55,4944.0,4944.0,3260.0,3260.0,1.433,25-54,no,no,no,Reached shelter
Site 1568,B_placement_optimized,42,26-109317,OPT2,yes,1044.0,13044.0,51.29,299.55,4944.0,4944.0,3273.0,3273.0,1.427,55-69,no,no,no,Reached shelter
Site 1577,B_placement_optimized,42,25-123942,OPT2,yes,1044.0,15634.0,51.29,299.55,4944.0,4944.0,3328.0,3328.0,1.401,25-54,no,no,no,Reached shelter
Site 1581,B_placement_optimized,42,25-167576,OPT2,yes,1044.0,12950.0,51.29,299.55,4944.0,4944.0,3270.0,3270.0,1.441,25-54,no,no,no,Reached shelter
Site 1587,B_placement_optimized,42,25-144963,OPT2,yes,1044.0,11040.0,51.29,299.55,4944.0,4944.0,3243.0,3243.0,1.426,55-69,no,no,no,Reached shelter
Site 1594,B_placement_optimized,42,26-109537,OPT2,yes,1044.0,14335.0,51.29,299.55,4944.0,4944.0,3302.0,3302.0,1.407,25-54,no,no,no,Reached shelter
Site 1614,B_placement_optimized,42,26-109318,OPT2,yes,1044.0,12785.0,51.29,299.55,4944.0,4944.0,3270.0,3270.0,1.418,25-54,no,no,no,Reached shelter
Site 1627,B_placement_optimized,42,25-156166,OPT2,yes,1044.0,16846.0,51.29,299.55,4944.0,4944.0,3350.0,3350.0,1.412,25-54,no,no,no,Reached shelter
Site 1665,B_placement_optimized,42,26-119729,OPT2,yes,1044.0,15902.0,51.29,299.55,4944.0,4944.0,3327.0,3327.0,1.43,25-54,no,yes,no,Reached shelter
Site 1669,B_placement_optimized,42,25-134698,OPT2,yes,1044.0,16421.0,51.29,299.55,4944.0,4944.0,3340.0,3340.0,1.42,55-69,no,no,no,Reached shelter
Site 1671,B_placement_optimized,42,25-167713,OPT2,yes,1044.0,12005.0,51.29,299.55,4944.0,4944.0,3256.0,3256.0,1.414,25-54,no,no,no,Reached shelter
Site 1672,B_placement_optimized,42,25-221974,OPT2,yes,1044.0,11291.0,51.29,299.55,4944.0,4944.0,3246.0,3246.0,1.429,25-54,no,no,no,Reached shelter
Site 1674,B_placement_optimized,42,25-212320,OPT2,yes,1044.0,12828.0,51.29,299.55,4944.0,4944.0,3273.0,3273.0,1.408,55-69,yes,no,no,Reached shelter
Site 1712,B_placement_optimized,42,26-109297,OPT2,yes,1044.0,13705.0,51.29,299.55,4944.0,4944.0,3283.0,3283.0,1.451,25-54,no,no,no,Reached shelter
Site 1722,B_placement_optimized,42,26-140451,OPT2,yes,1044.0,12192.0,51.29,299.55,4944.0,4944.0,3257.0,3257.0,1.431,25-54,no,no,no,Reached shelter
Site 1743,B_placement_optimized,42,25-178711,OPT2,yes,1044.0,15487.0,51.29,299.55,4944.0,4944.0,3323.0,3323.0,1.409,25-54,no,yes,no,Reached shelter
Site 1745,B_placement_optimized,42,25-144986,OPT2,yes,1044.0,10744.0,51.29,299.55,4944.0,4944.0,3238.0,3238.0,1.437,25-54,no,no,no,Reached shelter
Site 1773,B_placement_optimized,42,26-140451,OPT2,yes,1044.0,12192.0,51.29,299.55,4944.0,4944.0,3260.0,3260.0,1.414,25-54,no,no,no,Reached shelter
Site 1781,B_placement_optimized,42,26-129918,OPT2,yes,1044.0,13624.0,51.29,299.55,4944.0,4944.0,3281.0,3281.0,1.451,25-54,no,no,no,Reached shelter
Site 1793,B_placement_optimized,42,25-167839,OPT2,yes,1044.0,13698.0,51.29,299.55,4944.0,4944.0,3286.0,3286.0,1.429,25-54,no,yes,no,Reached shelter
Site 1826,B_placement_optimized,42,25-190793,OPT2,yes,1044.0,15243.0,51.29,299.55,4944.0,4944.0,3317.0,3317.0,1.42,55-69,no,yes,no,Reached shelter
Site 1862,B_placement_optimized,42,25-178961,OPT2,yes,1044.0,15898.0,51.29,299.55,4944.0,4944.0,3332.0,3332.0,1.41,25-54,no,yes,yes,Reached shelter
Site 1911,B_placement_optimized,42,26-130243,OPT2,yes,1044.0,12266.0,51.29,299.55,4944.0,4944.0,3263.0,3263.0,1.399,25-54,no,no,no,Reached shelter
Site 1962,B_placement_optimized,42,25-145247,OPT2,yes,1044.0,11505.0,51.29,299.55,4944.0,4944.0,3248.0,3248.0,1.431,25-54,no,no,no,Reached shelter
Site 1967,B_placement_optimized,42,25-112835,OPT2,yes,1044.0,11834.0,51.29,299.55,4944.0,4944.0,3256.0,3256.0,1.397,25-54,no,no,no,Reached shelter
Site 2003,B_placement_optimized,42,25-156457,OPT2,yes,1044.0,16553.0,51.29,299.55,4944.0,4944.0,3340.0,3340.0,1.428,25-54,no,no,no,Reached shelter
Site 2020,B_placement_optimized,42,25-145288,OPT2,yes,1044.0,11837.0,51.29,299.55,4944.0,4944.0,3253.0,3253.0,1.428,25-54,no,no,no,Reached shelter
Site 2031,B_placement_optimized,42,25-123859,OPT2,yes,1044.0,18431.0,51.29,299.55,4944.0,4944.0,3372.0,3372.0,1.447,25-54,no,no,no,Reached shelter
Site 48,B_placement_optimized,42,25-102026,OPT2,yes,1045.0,12454.0,51.33,299.55,4949.0,4949.0,3277.0,3277.0,1.38,25-54,no,no,no,Reached shelter
Site 49,B_placement_optimized,42,25-134257,OPT2,yes,1045.0,12648.0,51.33,299.55,4949.0,4949.0,3284.0,3284.0,1.354,25-54,no,no,no,Reached shelter
Site 52,B_placement_optimized,42,25-201619,OPT2,yes,1045.0,13428.0,51.33,299.55,4949.0,4949.0,3299.0,3299.0,1.369,25-54,yes,no,yes,Reached shelter
Site 69,B_placement_optimized,42,25-112938,OPT2,yes,1045.0,10590.0,51.33,299.55,4949.0,4949.0,3250.0,3250.0,1.36,25-54,no,yes,no,Reached shelter
Site 172,B_placement_optimized,42,26-140245,OPT2,yes,1045.0,14814.0,51.33,299.55,4949.0,4949.0,3323.0,3323.0,1.385,25-54,no,no,no,Reached shelter
Site 192,B_placement_optimized,42,26-149746,OPT2,yes,1045.0,11209.0,51.33,299.55,4949.0,4949.0,3258.0,3258.0,1.364,25-54,no,yes,no,Reached shelter
Site 193,B_placement_optimized,42,25-212526,OPT2,yes,1045.0,11993.0,51.33,299.55,4949.0,4949.0,3268.0,3268.0,1.384,25-54,no,yes,no,Reached shelter
Site 229,B_placement_optimized,42,25-190698,OPT2,yes,1045.0,11835.0,51.33,299.55,4949.0,4949.0,3265.0,3265.0,1.378,55-69,yes,no,no,Reached shelter
Site 273,B_placement_optimized,42,25-201232,OPT2,yes,1045.0,13989.0,51.33,299.55,4949.0,4949.0,3307.0,3307.0,1.384,25-54,no,yes,no,Reached shelter
Site 284,B_placement_optimized,42,25-156494,OPT2,yes,1045.0,11458.0,51.33,299.55,4949.0,4949.0,3259.0,3259.0,1.391,55-69,no,no,no,Reached shelter
Site 314,B_placement_optimized,42,25-179016,OPT2,yes,1045.0,11310.0,51.33,299.55,4949.0,4949.0,3260.0,3260.0,1.348,25-54,no,no,no,Reached shelter
Site 320,B_placement_optimized,42,26-149747,OPT2,yes,1045.0,16431.0,51.33,299.55,4949.0,4949.0,3356.0,3356.0,1.377,25-54,no,no,no,Reached shelter
Site 325,B_placement_optimized,42,26-109438,OPT2,yes,1045.0,11096.0,51.33,299.55,4949.0,4949.0,3255.0,3255.0,1.379,25-54,no,yes,no,Reached shelter
Site 448,B_placement_optimized,42,26-140398,OPT2,yes,1045.0,11330.0,51.33,299.55,4949.0,4949.0,3257.0,3257.0,1.389,25-54,no,no,no,Reached shelter
Site 460,B_placement_optimized,42,25-134627,OPT2,yes,1045.0,14180.0,51.33,299.55,4949.0,4949.0,3316.0,3316.0,1.344,25-54,no,no,no,Reached shelter
Site 471,B_placement_optimized,42,26-130218,OPT2,yes,1045.0,10435.0,51.33,299.55,4949.0,4949.0,3247.0,3247.0,1.364,25-54,no,no,no,Reached shelter
Site 512,B_placement_optimized,42,25-102110,OPT2,yes,1045.0,13653.0,51.33,299.55,4949.0,4949.0,3305.0,3305.0,1.348,25-54,no,no,no,Reached shelter
Site 529,B_placement_optimized,42,25-156618,OPT2,yes,1045.0,14679.0,51.33,299.55,4949.0,4949.0,3321.0,3321.0,1.377,25-54,no,yes,yes,Reached shelter
Site 541,B_placement_optimized,42,26-150027,OPT2,yes,1045.0,10840.0,51.33,299.55,4949.0,4949.0,3251.0,3251.0,1.38,25-54,yes,no,no,Reached shelter
Site 573,B_placement_optimized,42,25-134513,OPT2,yes,1045.0,14557.0,51.33,299.55,4949.0,4949.0,3316.0,3316.0,1.386,25-54,no,no,no,Reached shelter
Site 575,B_placement_optimized,42,26-129827,OPT2,yes,1045.0,11808.0,51.33,299.55,4949.0,4949.0,3269.0,3269.0,1.347,25-54,no,no,no,Reached shelter
Site 623,B_placement_optimized,42,26-140241,OPT2,yes,1045.0,13093.0,51.33,299.55,4949.0,4949.0,3294.0,3294.0,1.354,25-54,no,no,no,Reached shelter
Site 636,B_placement_optimized,42,25-102110,OPT2,yes,1045.0,13653.0,51.33,299.55,4949.0,4949.0,3299.0,3299.0,1.388,25-54,no,no,no,Reached shelter
Site 649,B_placement_optimized,42,25-190594,OPT2,yes,1045.0,15232.0,51.33,299.55,4949.0,4949.0,3334.0,3334.0,1.368,18-24,no,no,no,Reached shelter
Site 659,B_placement_optimized,42,25-124016,OPT2,yes,1045.0,12215.0,51.33,299.55,4949.0,4949.0,3271.0,3271.0,1.386,25-54,no,no,no,Reached shelter
Site 724,B_placement_optimized,42,26-140584,OPT2,yes,1045.0,17299.0,51.33,299.55,4949.0,4949.0,3370.0,3370.0,1.392,25-54,no,no,yes,Reached shelter
Site 767,B_placement_optimized,42,25-222003,OPT2,yes,1045.0,11697.0,51.33,299.55,4949.0,4949.0,3266.0,3266.0,1.356,25-54,no,no,no,Reached shelter
Site 776,B_placement_optimized,42,25-179008,OPT2,yes,1045.0,12001.0,51.33,299.55,4949.0,4949.0,3269.0,3269.0,1.375,25-54,no,no,no,Reached shelter
Site 811,B_placement_optimized,42,25-212024,OPT2,yes,1045.0,14557.0,51.33,299.55,4949.0,4949.0,3323.0,3323.0,1.353,25-54,no,no,no,Reached shelter
Site 819,B_placement_optimized,42,25-156157,OPT2,yes,1045.0,13464.0,51.33,299.55,4949.0,4949.0,3295.0,3295.0,1.39,18-24,no,no,no,Reached shelter
Site 823,B_placement_optimized,42,25-112755,OPT2,yes,1045.0,11828.0,51.33,299.55,4949.0,4949.0,3269.0,3269.0,1.348,55-69,no,no,no,Reached shelter
Site 859,B_placement_optimized,42,25-178739,OPT2,yes,1045.0,15831.0,51.33,299.55,4949.0,4949.0,3346.0,3346.0,1.364,25-54,no,no,no,Reached shelter
Site 864,B_placement_optimized,42,25-212251,OPT2,yes,1045.0,16701.0,51.33,299.55,4949.0,4949.0,3359.0,3359.0,1.388,25-54,yes,no,no,Reached shelter
Site 866,B_placement_optimized,42,25-201544,OPT2,yes,1045.0,11426.0,51.33,299.55,4949.0,4949.0,3260.0,3260.0,1.374,25-54,no,yes,no,Reached shelter
Site 894,B_placement_optimized,42,26-140324,OPT2,yes,1045.0,13995.0,51.33,299.55,4949.0,4949.0,3308.0,3308.0,1.376,25-54,no,no,no,Reached shelter
Site 949,B_placement_optimized,42,25-145244,OPT2,yes,1045.0,14394.0,51.33,299.55,4949.0,4949.0,3320.0,3320.0,1.352,18-24,no,no,no,Reached shelter
Site 971,B_placement_optimized,42,25-134374,OPT2,yes,1045.0,14817.0,51.33,299.55,4949.0,4949.0,3330.0,3330.0,1.344,25-54,no,no,no,Reached shelter
Site 972,B_placement_optimized,42,26-140454,OPT2,yes,1045.0,16573.0,51.33,299.55,4949.0,4949.0,3357.0,3357.0,1.387,25-54,no,no,no,Reached shelter
Site 1023,B_placement_optimized,42,25-201690,OPT2,yes,1045.0,11899.0,51.33,299.55,4949.0,4949.0,3271.0,3271.0,1.344,25-54,no,no,yes,Reached shelter
Site 1038,B_placement_optimized,42,25-156207,OPT2,yes,1045.0,12326.0,51.33,299.55,4949.0,4949.0,3279.0,3279.0,1.352,25-54,no,no,yes,Reached shelter
Site 1090,B_placement_optimized,42,25-201229,OPT2,yes,1045.0,11004.0,51.33,299.55,4949.0,4949.0,3256.0,3256.0,1.353,70+,no,yes,no,Reached shelter
Site 1148,B_placement_optimized,42,25-123993,OPT2,yes,1045.0,12568.0,51.33,299.55,4949.0,4949.0,3282.0,3282.0,1.357,25-54,no,no,no,Reached shelter
Site 1156,B_placement_optimized,42,25-201306,OPT2,yes,1045.0,14727.0,51.33,299.55,4949.0,4949.0,3328.0,3328.0,1.346,25-54,no,no,yes,Reached shelter
Site 1161,B_placement_optimized,42,25-123716,OPT2,yes,1045.0,15264.0,51.33,299.55,4949.0,4949.0,3334.0,3334.0,1.365,25-54,no,no,no,Reached shelter
Site 1167,B_placement_optimized,42,25-145505,OPT2,yes,1045.0,16597.0,51.33,299.55,4949.0,4949.0,3361.0,3361.0,1.369,25-54,no,no,no,Reached shelter
Site 1196,B_placement_optimized,42,25-201326,OPT2,yes,1045.0,11149.0,51.33,299.55,4949.0,4949.0,3258.0,3258.0,1.356,25-54,no,no,no,Reached shelter
Site 1209,B_placement_optimized,42,26-119320,OPT2,yes,1045.0,19230.0,51.33,299.55,4949.0,4949.0,3419.0,3419.0,1.346,25-54,no,no,no,Reached shelter
Site 1239,B_placement_optimized,42,25-222244,OPT2,yes,1045.0,16501.0,51.33,299.55,4949.0,4949.0,3357.0,3357.0,1.375,25-54,no,no,no,Reached shelter
Site 1258,B_placement_optimized,42,25-201748,OPT2,yes,1045.0,12735.0,51.33,299.55,4949.0,4949.0,3282.0,3282.0,1.386,25-54,no,no,yes,Reached shelter
Site 1270,B_placement_optimized,42,25-156301,OPT2,yes,1045.0,17644.0,51.33,299.55,4949.0,4949.0,3382.0,3382.0,1.368,25-54,no,no,no,Reached shelter
Site 1276,B_placement_optimized,42,25-222060,OPT2,yes,1045.0,12506.0,51.33,299.55,4949.0,4949.0,3282.0,3282.0,1.354,25-54,no,no,no,Reached shelter
Site 1283,B_placement_optimized,42,25-201278,OPT2,yes,1045.0,12086.0,51.33,299.55,4949.0,4949.0,3268.0,3268.0,1.391,25-54,no,no,no,Reached shelter
Site 1315,B_placement_optimized,42,25-156066,OPT2,yes,1045.0,15219.0,51.33,299.55,4949.0,4949.0,3333.0,3333.0,1.369,55-69,no,yes,no,Reached shelter
Site 1320,B_placement_optimized,42,25-222172,OPT2,yes,1045.0,16214.0,51.33,299.55,4949.0,4949.0,3351.0,3351.0,1.381,25-54,no,no,no,Reached shelter
Site 1352,B_placement_optimized,42,25-145009,OPT2,yes,1045.0,13141.0,51.33,299.55,4949.0,4949.0,3292.0,3292.0,1.366,25-54,no,no,no,Reached shelter
Site 1361,B_placement_optimized,42,26-109543,OPT2,yes,1045.0,13646.0,51.33,299.55,4949.0,4949.0,3302.0,3302.0,1.366,25-54,no,no,no,Reached shelter
Site 1422,B_placement_optimized,42,25-190660,OPT2,yes,1045.0,11834.0,51.33,299.55,4949.0,4949.0,3268.0,3268.0,1.36,25-54,no,no,no,Reached shelter
Site 1438,B_placement_optimized,42,26-130022,OPT2,yes,1045.0,13432.0,51.33,299.55,4949.0,4949.0,3300.0,3300.0,1.356,18-24,no,no,no,Reached shelter
Site 1459,B_placement_optimized,42,25-222227,OPT2,yes,1045.0,13730.0,51.33,299.55,4949.0,4949.0,3299.0,3299.0,1.396,25-54,no,no,yes,Reached shelter
Site 1477,B_placement_optimized,42,25-190597,OPT2,yes,1045.0,15305.0,51.33,299.55,4949.0,4949.0,3336.0,3336.0,1.362,25-54,no,yes,no,Reached shelter
Site 1511,B_placement_optimized,42,25-156369,OPT2,yes,1045.0,12216.0,51.33,299.55,4949.0,4949.0,3274.0,3274.0,1.366,25-54,no,no,no,Reached shelter
Site 1522,B_placement_optimized,42,25-190742,OPT2,yes,1045.0,11789.0,51.33,299.55,4949.0,4949.0,3266.0,3266.0,1.367,18-24,no,yes,no,Reached shelter
Site 1542,B_placement_optimized,42,25-221864,OPT2,yes,1045.0,13539.0,51.33,299.55,4949.0,4949.0,3303.0,3303.0,1.343,25-54,no,no,yes,Reached shelter
Site 1554,B_placement_optimized,42,26-129904,OPT2,yes,1045.0,11859.0,51.33,299.55,4949.0,4949.0,3266.0,3266.0,1.371,25-54,no,yes,no,Reached shelter
Site 1570,B_placement_optimized,42,25-145009,OPT2,yes,1045.0,13141.0,51.33,299.55,4949.0,4949.0,3290.0,3290.0,1.376,55-69,no,no,no,Reached shelter
Site 1597,B_placement_optimized,42,25-134373,OPT2,yes,1045.0,14310.0,51.33,299.55,4949.0,4949.0,3313.0,3313.0,1.383,25-54,no,no,no,Reached shelter
Site 1621,B_placement_optimized,42,26-129882,OPT2,yes,1045.0,13669.0,51.33,299.55,4949.0,4949.0,3307.0,3307.0,1.343,25-54,no,no,no,Reached shelter
Site 1633,B_placement_optimized,42,25-178955,OPT2,yes,1045.0,17847.0,51.33,299.55,4949.0,4949.0,3382.0,3382.0,1.383,25-54,no,no,no,Reached shelter
Site 1634,B_placement_optimized,42,25-156329,OPT2,yes,1045.0,15318.0,51.33,299.55,4949.0,4949.0,3336.0,3336.0,1.364,55-69,no,no,no,Reached shelter
Site 1731,B_placement_optimized,42,25-112869,OPT2,yes,1045.0,12593.0,51.33,299.55,4949.0,4949.0,3282.0,3282.0,1.362,25-54,no,no,no,Reached shelter
Site 1739,B_placement_optimized,42,26-109719,OPT2,yes,1045.0,13453.0,51.33,299.55,4949.0,4949.0,3297.0,3297.0,1.376,18-24,no,no,no,Reached shelter
Site 1779,B_placement_optimized,42,25-167873,OPT2,yes,1045.0,12634.0,51.33,299.55,4949.0,4949.0,3285.0,3285.0,1.349,25-54,no,no,no,Reached shelter
Site 1832,B_placement_optimized,42,26-119425,OPT2,yes,1045.0,10610.0,51.33,299.55,4949.0,4949.0,3250.0,3250.0,1.364,55-69,no,no,yes,Reached shelter
Site 1845,B_placement_optimized,42,25-112755,OPT2,yes,1045.0,11828.0,51.33,299.55,4949.0,4949.0,3265.0,3265.0,1.382,25-54,no,yes,yes,Reached shelter
Site 1861,B_placement_optimized,42,25-201278,OPT2,yes,1045.0,12086.0,51.33,299.55,4949.0,4949.0,3269.0,3269.0,1.386,25-54,no,yes,no,Reached shelter
Site 1869,B_placement_optimized,42,25-112525,OPT2,yes,1045.0,14138.0,51.33,299.55,4949.0,4949.0,3310.0,3310.0,1.379,25-54,no,no,no,Reached shelter
Site 1903,B_placement_optimized,42,25-102290,OPT2,yes,1045.0,13852.0,51.33,299.55,4949.0,4949.0,3310.0,3310.0,1.344,25-54,no,yes,no,Reached shelter
Site 1915,B_placement_optimized,42,25-156631,OPT2,yes,1045.0,12500.0,51.33,299.55,4949.0,4949.0,3276.0,3276.0,1.393,25-54,no,no,no,Reached shelter
Site 1919,B_placement_optimized,42,25-145138,OPT2,yes,1045.0,12382.0,51.33,299.55,4949.0,4949.0,3276.0,3276.0,1.373,25-54,no,no,no,Reached shelter
Site 1939,B_placement_optimized,42,25-156405,OPT2,yes,1045.0,13965.0,51.33,299.55,4949.0,4949.0,3308.0,3308.0,1.37,25-54,no,no,no,Reached shelter
Site 1944,B_placement_optimized,42,26-119597,OPT2,yes,1045.0,12665.0,51.33,299.55,4949.0,4949.0,3285.0,3285.0,1.346,25-54,no,no,no,Reached shelter
Site 1961,B_placement_optimized,42,25-190421,OPT2,yes,1045.0,11177.0,51.33,299.55,4949.0,4949.0,3255.0,3255.0,1.394,25-54,no,no,no,Reached shelter
Site 1969,B_placement_optimized,42,25-145117,OPT2,yes,1045.0,19629.0,51.33,299.55,4949.0,4949.0,3424.0,3424.0,1.353,18-24,no,no,no,Reached shelter
Site 1978,B_placement_optimized,42,25-167728,OPT2,yes,1045.0,14547.0,51.33,299.55,4949.0,4949.0,3316.0,3316.0,1.387,25-54,no,no,no,Reached shelter
Site 1987,B_placement_optimized,42,25-167652,OPT2,yes,1045.0,16629.0,51.33,299.55,4949.0,4949.0,3362.0,3362.0,1.368,25-54,no,no,no,Reached shelter
Site 2005,B_placement_optimized,42,25-201184,OPT2,yes,1045.0,13794.0,51.33,299.55,4949.0,4949.0,3300.0,3300.0,1.395,25-54,no,yes,yes,Reached shelter
Site 2011,B_placement_optimized,42,26-119540,OPT2,yes,1045.0,10317.0,51.33,299.55,4949.0,4949.0,3247.0,3247.0,1.35,25-54,no,no,no,Reached shelter
Site 2013,B_placement_optimized,42,25-190770,OPT2,yes,1045.0,11308.0,51.33,299.55,4949.0,4949.0,3257.0,3257.0,1.386,25-54,no,no,no,Reached shelter
Site 2018,B_placement_optimized,42,25-134496,OPT2,yes,1045.0,10960.0,51.33,299.55,4949.0,4949.0,3256.0,3256.0,1.345,25-54,no,no,no,Reached shelter
Site 2036,B_placement_optimized,42,25-134545,OPT2,yes,1045.0,15601.0,51.33,299.55,4949.0,4949.0,3339.0,3339.0,1.377,25-54,no,yes,yes,Reached shelter
Site 65,B_placement_optimized,42,25-156482,OPT2,yes,1046.0,10524.0,51.37,299.55,4954.0,4954.0,3259.0,3259.0,1.326,25-54,no,no,no,Reached shelter
Site 82,B_placement_optimized,42,25-134628,OPT2,yes,1046.0,12149.0,51.37,299.55,4954.0,4954.0,3285.0,3285.0,1.332,25-54,no,no,no,Reached shelter
Site 95,B_placement_optimized,42,26-119530,OPT2,yes,1046.0,20297.0,51.37,299.55,4954.0,4954.0,3453.0,3453.0,1.327,18-24,no,no,no,Reached shelter
Site 99,B_placement_optimized,42,25-179008,OPT2,yes,1046.0,12001.0,51.37,299.55,4954.0,4954.0,3285.0,3285.0,1.318,25-54,no,no,no,Reached shelter
Site 120,B_placement_optimized,42,25-212514,OPT2,yes,1046.0,12808.0,51.37,299.55,4954.0,4954.0,3300.0,3300.0,1.324,25-54,no,no,no,Reached shelter
Site 214,B_placement_optimized,42,26-119729,OPT2,yes,1046.0,15902.0,51.37,299.55,4954.0,4954.0,3370.0,3370.0,1.296,25-54,yes,no,no,Reached shelter
Site 228,B_placement_optimized,42,25-190698,OPT2,yes,1046.0,11835.0,51.37,299.55,4954.0,4954.0,3282.0,3282.0,1.318,25-54,no,no,no,Reached shelter
Site 247,B_placement_optimized,42,25-134311,OPT2,yes,1046.0,14913.0,51.37,299.55,4954.0,4954.0,3349.0,3349.0,1.298,25-54,yes,no,no,Reached shelter
Site 261,B_placement_optimized,42,25-201289,OPT2,yes,1046.0,14993.0,51.37,299.55,4954.0,4954.0,3345.0,3345.0,1.32,25-54,no,no,no,Reached shelter
Site 280,B_placement_optimized,42,26-140578,OPT2,yes,1046.0,14606.0,51.37,299.55,4954.0,4954.0,3339.0,3339.0,1.319,18-24,no,no,yes,Reached shelter
Site 286,B_placement_optimized,42,26-140437,OPT2,yes,1046.0,14438.0,51.37,299.55,4954.0,4954.0,3331.0,3331.0,1.338,25-54,no,no,yes,Reached shelter
Site 340,B_placement_optimized,42,25-145126,OPT2,yes,1046.0,17543.0,51.37,299.55,4954.0,4954.0,3399.0,3399.0,1.319,25-54,no,no,no,Reached shelter
Site 343,B_placement_optimized,42,25-212526,OPT2,yes,1046.0,11993.0,51.37,299.55,4954.0,4954.0,3282.0,3282.0,1.334,25-54,no,no,no,Reached shelter
Site 373,B_placement_optimized,42,25-102165,OPT2,yes,1046.0,12673.0,51.37,299.55,4954.0,4954.0,3301.0,3301.0,1.299,25-54,no,no,no,Reached shelter
Site 376,B_placement_optimized,42,26-140115,OPT2,yes,1046.0,11286.0,51.37,299.55,4954.0,4954.0,3271.0,3271.0,1.319,55-69,yes,no,no,Reached shelter
Site 377,B_placement_optimized,42,25-212228,OPT2,yes,1046.0,17030.0,51.37,299.55,4954.0,4954.0,3389.0,3389.0,1.314,25-54,no,no,no,Reached shelter
Site 382,B_placement_optimized,42,25-102327,OPT2,yes,1046.0,13196.0,51.37,299.55,4954.0,4954.0,3313.0,3313.0,1.295,18-24,no,no,no,Reached shelter
Site 383,B_placement_optimized,42,26-129886,OPT2,yes,1046.0,10221.0,51.37,299.55,4954.0,4954.0,3256.0,3256.0,1.323,55-69,no,no,no,Reached shelter
Site 386,B_placement_optimized,42,26-130107,OPT2,yes,1046.0,14636.0,51.37,299.55,4954.0,4954.0,3336.0,3336.0,1.334,25-54,no,no,no,Reached shelter
Site 406,B_placement_optimized,42,26-109586,OPT2,yes,1046.0,17439.0,51.37,299.55,4954.0,4954.0,3396.0,3396.0,1.321,25-54,no,no,no,Reached shelter
Site 463,B_placement_optimized,42,25-190723,OPT2,yes,1046.0,15820.0,51.37,299.55,4954.0,4954.0,3360.0,3360.0,1.335,55-69,no,no,no,Reached shelter
Site 466,B_placement_optimized,42,25-156455,OPT2,yes,1046.0,12553.0,51.37,299.55,4954.0,4954.0,3298.0,3298.0,1.306,25-54,no,no,no,Reached shelter
Site 469,B_placement_optimized,42,25-102178,OPT2,yes,1046.0,13157.0,51.37,299.55,4954.0,4954.0,3313.0,3313.0,1.296,25-54,no,no,no,Reached shelter
Site 508,B_placement_optimized,42,25-212116,OPT2,yes,1046.0,10862.0,51.37,299.55,4954.0,4954.0,3264.0,3264.0,1.339,25-54,no,no,no,Reached shelter
Site 524,B_placement_optimized,42,25-123991,OPT2,yes,1046.0,14762.0,51.37,299.55,4954.0,4954.0,3341.0,3341.0,1.323,25-54,no,no,no,Reached shelter
Site 594,B_placement_optimized,42,25-222069,OPT2,yes,1046.0,11416.0,51.37,299.55,4954.0,4954.0,3273.0,3273.0,1.32,25-54,no,no,no,Reached shelter
Site 621,B_placement_optimized,42,26-119691,OPT2,yes,1046.0,14702.0,51.37,299.55,4954.0,4954.0,3342.0,3342.0,1.311,25-54,no,no,no,Reached shelter
Site 653,B_placement_optimized,42,25-112645,OPT2,yes,1046.0,14431.0,51.37,299.55,4954.0,4954.0,3334.0,3334.0,1.325,25-54,no,no,no,Reached shelter
Site 687,B_placement_optimized,42,25-201651,OPT2,yes,1046.0,12848.0,51.37,299.55,4954.0,4954.0,3306.0,3306.0,1.293,25-54,no,no,no,Reached shelter
Site 745,B_placement_optimized,42,25-145496,OPT2,yes,1046.0,16058.0,51.37,299.55,4954.0,4954.0,3363.0,3363.0,1.338,25-54,no,no,no,Reached shelter
Site 762,B_placement_optimized,42,25-221981,OPT2,yes,1046.0,12305.0,51.37,299.55,4954.0,4954.0,3292.0,3292.0,1.312,25-54,no,no,no,Reached shelter
Site 765,B_placement_optimized,42,26-150103,OPT2,yes,1046.0,10157.0,51.37,299.55,4954.0,4954.0,3253.0,3253.0,1.339,25-54,no,no,no,Reached shelter
Site 799,B_placement_optimized,42,26-109429,OPT2,yes,1046.0,11693.0,51.37,299.55,4954.0,4954.0,3280.0,3280.0,1.31,25-54,no,no,no,Reached shelter
Site 821,B_placement_optimized,42,26-140564,OPT2,yes,1046.0,15378.0,51.37,299.55,4954.0,4954.0,3357.0,3357.0,1.307,55-69,no,yes,no,Reached shelter
Site 828,B_placement_optimized,42,25-201619,OPT2,yes,1046.0,13428.0,51.37,299.55,4954.0,4954.0,3313.0,3313.0,1.327,55-69,no,no,yes,Reached shelter
Site 840,B_placement_optimized,42,26-140555,OPT2,yes,1046.0,14852.0,51.37,299.55,4954.0,4954.0,3345.0,3345.0,1.305,25-54,no,yes,yes,Reached shelter
Site 965,B_placement_optimized,42,26-130103,OPT2,yes,1046.0,14011.0,51.37,299.55,4954.0,4954.0,3323.0,3323.0,1.337,55-69,no,no,no,Reached shelter
Site 995,B_placement_optimized,42,25-222080,OPT2,yes,1046.0,12038.0,51.37,299.55,4954.0,4954.0,3288.0,3288.0,1.301,55-69,no,yes,no,Reached shelter
Site 1039,B_placement_optimized,42,26-140205,OPT2,yes,1046.0,10851.0,51.37,299.55,4954.0,4954.0,3265.0,3265.0,1.318,25-54,no,no,yes,Reached shelter
Site 1040,B_placement_optimized,42,25-212376,OPT2,yes,1046.0,10124.0,51.37,299.55,4954.0,4954.0,3253.0,3253.0,1.338,25-54,no,no,no,Reached shelter
Site 1048,B_placement_optimized,42,26-119377,OPT2,yes,1046.0,13485.0,51.37,299.55,4954.0,4954.0,3314.0,3314.0,1.319,25-54,no,no,no,Reached shelter
Site 1195,B_placement_optimized,42,26-150117,OPT2,yes,1046.0,16054.0,51.37,299.55,4954.0,4954.0,3373.0,3373.0,1.297,55-69,no,no,no,Reached shelter
Site 1254,B_placement_optimized,42,25-212399,OPT2,yes,1046.0,20952.0,51.37,299.55,4954.0,4954.0,3471.0,3471.0,1.314,25-54,no,no,no,Reached shelter
Site 1260,B_placement_optimized,42,25-156605,OPT2,yes,1046.0,14170.0,51.37,299.55,4954.0,4954.0,3334.0,3334.0,1.296,25-54,no,no,no,Reached shelter
Site 1307,B_placement_optimized,42,26-109338,OPT2,yes,1046.0,17408.0,51.37,299.55,4954.0,4954.0,3391.0,3391.0,1.339,25-54,no,no,yes,Reached shelter
Site 1321,B_placement_optimized,42,25-134517,OPT2,yes,1046.0,11520.0,51.37,299.55,4954.0,4954.0,3279.0,3279.0,1.296,25-54,no,no,no,Reached shelter
Site 1326,B_placement_optimized,42,25-221876,OPT2,yes,1046.0,13764.0,51.37,299.55,4954.0,4954.0,3319.0,3319.0,1.329,25-54,no,no,no,Reached shelter
Site 1336,B_placement_optimized,42,25-167652,OPT2,yes,1046.0,16629.0,51.37,299.55,4954.0,4954.0,3380.0,3380.0,1.319,25-54,no,no,no,Reached shelter
Site 1428,B_placement_optimized,42,26-130001,OPT2,yes,1046.0,10091.0,51.37,299.55,4954.0,4954.0,3253.0,3253.0,1.323,25-54,no,no,no,Reached shelter
Site 1430,B_placement_optimized,42,25-145175,OPT2,yes,1046.0,11396.0,51.37,299.55,4954.0,4954.0,3274.0,3274.0,1.307,25-54,no,no,no,Reached shelter
Site 1455,B_placement_optimized,42,26-149676,OPT2,yes,1046.0,11363.0,51.37,299.55,4954.0,4954.0,3270.0,3270.0,1.341,25-54,no,no,no,Reached shelter
Site 1501,B_placement_optimized,42,25-134672,OPT2,yes,1046.0,15450.0,51.37,299.55,4954.0,4954.0,3360.0,3360.0,1.295,55-69,no,no,no,Reached shelter
Site 1516,B_placement_optimized,42,26-149977,OPT2,yes,1046.0,10919.0,51.37,299.55,4954.0,4954.0,3267.0,3267.0,1.305,25-54,no,yes,no,Reached shelter
Site 1612,B_placement_optimized,42,26-140177,OPT2,yes,1046.0,14384.0,51.37,299.55,4954.0,4954.0,3332.0,3332.0,1.328,25-54,no,no,no,Reached shelter
Site 1631,B_placement_optimized,42,25-134299,OPT2,yes,1046.0,10287.0,51.37,299.55,4954.0,4954.0,3256.0,3256.0,1.333,25-54,no,no,no,Reached shelter
Site 1635,B_placement_optimized,42,25-222139,OPT2,yes,1046.0,12834.0,51.37,299.55,4954.0,4954.0,3305.0,3305.0,1.298,25-54,no,no,no,Reached shelter
Site 1705,B_placement_optimized,42,25-190597,OPT2,yes,1046.0,15305.0,51.37,299.55,4954.0,4954.0,3354.0,3354.0,1.314,25-54,yes,no,no,Reached shelter
Site 1729,B_placement_optimized,42,26-149803,OPT2,yes,1046.0,10199.0,51.37,299.55,4954.0,4954.0,3257.0,3257.0,1.31,25-54,no,no,no,Reached shelter
Site 1757,B_placement_optimized,42,25-212432,OPT2,yes,1046.0,15965.0,51.37,299.55,4954.0,4954.0,3372.0,3372.0,1.296,55-69,no,yes,no,Reached shelter
Site 1760,B_placement_optimized,42,25-112561,OPT2,yes,1046.0,17722.0,51.37,299.55,4954.0,4954.0,3398.0,3398.0,1.341,25-54,no,no,no,Reached shelter
Site 1767,B_placement_optimized,42,26-140324,OPT2,yes,1046.0,13995.0,51.37,299.55,4954.0,4954.0,3331.0,3331.0,1.294,25-54,no,no,no,Reached shelter
Site 1792,B_placement_optimized,42,25-145267,OPT2,yes,1046.0,11042.0,51.37,299.55,4954.0,4954.0,3268.0,3268.0,1.309,18-24,no,no,no,Reached shelter
Site 1827,B_placement_optimized,42,25-145005,OPT2,yes,1046.0,17416.0,51.37,299.55,4954.0,4954.0,3394.0,3394.0,1.324,25-54,yes,no,no,Reached shelter
Site 1902,B_placement_optimized,42,26-119328,OPT2,yes,1046.0,17360.0,51.37,299.55,4954.0,4954.0,3393.0,3393.0,1.332,25-54,no,yes,no,Reached shelter
Site 1933,B_placement_optimized,42,25-167798,OPT2,yes,1046.0,13738.0,51.37,299.55,4954.0,4954.0,3318.0,3318.0,1.335,25-54,no,yes,no,Reached shelter
Site 1936,B_placement_optimized,42,25-212522,OPT2,yes,1046.0,14156.0,51.37,299.55,4954.0,4954.0,3324.0,3324.0,1.341,25-54,no,no,no,Reached shelter
Site 1965,B_placement_optimized,42,26-140479,OPT2,yes,1046.0,9896.0,51.37,299.55,4954.0,4954.0,3253.0,3253.0,1.298,25-54,no,yes,no,Reached shelter
Site 1979,B_placement_optimized,42,26-150029,OPT2,yes,1046.0,11782.0,51.37,299.55,4954.0,4954.0,3280.0,3280.0,1.322,55-69,no,no,no,Reached shelter
Site 1981,B_placement_optimized,42,25-167777,OPT2,yes,1046.0,15518.0,51.37,299.55,4954.0,4954.0,3357.0,3357.0,1.322,25-54,no,no,no,Reached shelter
Site 1992,B_placement_optimized,42,25-112654,OPT2,yes,1046.0,14124.0,51.37,299.55,4954.0,4954.0,3329.0,3329.0,1.314,55-69,no,yes,no,Reached shelter
Site 2014,B_placement_optimized,42,26-140172,OPT2,yes,1046.0,12010.0,51.37,299.55,4954.0,4954.0,3285.0,3285.0,1.312,55-69,no,yes,no,Reached shelter
Site 13,B_placement_optimized,42,25-112763,OPT2,yes,1047.0,19339.0,51.41,299.55,4958.0,4958.0,3464.0,3464.0,1.248,25-54,yes,no,yes,Reached shelter
Site 61,B_placement_optimized,42,25-112533,OPT2,yes,1047.0,13075.0,51.41,299.55,4958.0,4958.0,3324.0,3324.0,1.267,25-54,no,no,no,Reached shelter
Site 111,B_placement_optimized,42,25-167686,OPT2,yes,1047.0,10336.0,51.41,299.55,4958.0,4958.0,3270.0,3270.0,1.261,25-54,yes,no,no,Reached shelter
Site 112,B_placement_optimized,42,26-109657,OPT2,yes,1047.0,15900.0,51.41,299.55,4958.0,4958.0,3383.0,3383.0,1.272,25-54,no,no,no,Reached shelter
Site 206,B_placement_optimized,42,25-179022,OPT2,yes,1047.0,11800.0,51.41,299.55,4958.0,4958.0,3294.0,3294.0,1.282,25-54,no,no,yes,Reached shelter
Site 227,B_placement_optimized,42,26-140241,OPT2,yes,1047.0,13093.0,51.41,299.55,4958.0,4958.0,3324.0,3324.0,1.271,25-54,no,no,no,Reached shelter
Site 234,B_placement_optimized,42,25-123832,OPT2,yes,1047.0,12869.0,51.41,299.55,4958.0,4958.0,3317.0,3317.0,1.282,25-54,no,yes,yes,Reached shelter
Site 275,B_placement_optimized,42,25-212290,OPT2,yes,1047.0,10294.0,51.41,299.55,4958.0,4958.0,3268.0,3268.0,1.278,25-54,no,no,no,Reached shelter
Site 281,B_placement_optimized,42,25-222265,OPT2,yes,1047.0,14661.0,51.41,299.55,4958.0,4958.0,3355.0,3355.0,1.284,55-69,yes,no,no,Reached shelter
Site 300,B_placement_optimized,42,25-222100,OPT2,yes,1047.0,15743.0,51.41,299.55,4958.0,4958.0,3384.0,3384.0,1.251,55-69,no,no,no,Reached shelter
Site 342,B_placement_optimized,42,26-149863,OPT2,yes,1047.0,14541.0,51.41,299.55,4958.0,4958.0,3353.0,3353.0,1.275,55-69,no,no,no,Reached shelter
Site 400,B_placement_optimized,42,26-119366,OPT2,yes,1047.0,15308.0,51.41,299.55,4958.0,4958.0,3374.0,3374.0,1.252,25-54,no,no,yes,Reached shelter
Site 401,B_placement_optimized,42,26-129744,OPT2,yes,1047.0,13374.0,51.41,299.55,4958.0,4958.0,3327.0,3327.0,1.285,55-69,no,no,no,Reached shelter
Site 411,B_placement_optimized,42,25-145117,OPT2,yes,1047.0,19629.0,51.41,299.55,4958.0,4958.0,3467.0,3467.0,1.255,25-54,no,yes,no,Reached shelter
Site 428,B_placement_optimized,42,26-129810,OPT2,yes,1047.0,15126.0,51.41,299.55,4958.0,4958.0,3368.0,3368.0,1.27,55-69,no,yes,yes,Reached shelter
Site 437,B_placement_optimized,42,25-167637,OPT2,yes,1047.0,10446.0,51.41,299.55,4958.0,4958.0,3274.0,3274.0,1.253,25-54,yes,yes,yes,Reached shelter
Site 440,B_placement_optimized,42,25-112548,OPT2,yes,1047.0,10447.0,51.41,299.55,4958.0,4958.0,3274.0,3274.0,1.249,25-54,no,no,no,Reached shelter
Site 450,B_placement_optimized,42,26-140518,OPT2,yes,1047.0,11808.0,51.41,299.55,4958.0,4958.0,3296.0,3296.0,1.265,25-54,no,no,no,Reached shelter
Site 457,B_placement_optimized,42,25-156589,OPT2,yes,1047.0,11433.0,51.41,299.55,4958.0,4958.0,3291.0,3291.0,1.25,25-54,no,no,no,Reached shelter
Site 475,B_placement_optimized,42,25-134552,OPT2,yes,1047.0,11288.0,51.41,299.55,4958.0,4958.0,3288.0,3288.0,1.252,25-54,no,no,no,Reached shelter
Site 494,B_placement_optimized,42,25-134420,OPT2,yes,1047.0,11160.0,51.41,299.55,4958.0,4958.0,3285.0,3285.0,1.25,55-69,no,no,no,Reached shelter
Site 497,B_placement_optimized,42,25-102023,OPT2,yes,1047.0,11885.0,51.41,299.55,4958.0,4958.0,3298.0,3298.0,1.268,25-54,no,no,no,Reached shelter
Site 504,B_placement_optimized,42,25-102190,OPT2,yes,1047.0,13091.0,51.41,299.55,4958.0,4958.0,3324.0,3324.0,1.272,18-24,yes,no,no,Reached shelter
Site 576,B_placement_optimized,42,25-156604,OPT2,yes,1047.0,11884.0,51.41,299.55,4958.0,4958.0,3299.0,3299.0,1.264,25-54,no,no,no,Reached shelter
Site 592,B_placement_optimized,42,26-129967,OPT2,yes,1047.0,18336.0,51.41,299.55,4958.0,4958.0,3438.0,3438.0,1.262,25-54,no,yes,no,Reached shelter
Site 608,B_placement_optimized,42,25-112561,OPT2,yes,1047.0,17722.0,51.41,299.55,4958.0,4958.0,3425.0,3425.0,1.261,25-54,no,no,no,Reached shelter
Site 662,B_placement_optimized,42,25-112756,OPT2,yes,1047.0,12225.0,51.41,299.55,4958.0,4958.0,3309.0,3309.0,1.25,25-54,no,no,no,Reached shelter
Site 684,B_placement_optimized,42,25-156702,OPT2,yes,1047.0,11501.0,51.41,299.55,4958.0,4958.0,3291.0,3291.0,1.262,55-69,yes,no,no,Reached shelter
Site 701,B_placement_optimized,42,25-156580,OPT2,yes,1047.0,10152.0,51.41,299.55,4958.0,4958.0,3268.0,3268.0,1.263,25-54,no,no,no,Reached shelter
Site 716,B_placement_optimized,42,26-149616,OPT2,yes,1047.0,12177.0,51.41,299.55,4958.0,4958.0,3303.0,3303.0,1.282,25-54,no,no,no,Reached shelter
Site 738,B_placement_optimized,42,25-178697,OPT2,yes,1047.0,14140.0,51.41,299.55,4958.0,4958.0,3343.0,3343.0,1.287,25-54,yes,no,no,Reached shelter
Site 744,B_placement_optimized,42,25-190376,OPT2,yes,1047.0,15144.0,51.41,299.55,4958.0,4958.0,3368.0,3368.0,1.27,25-54,no,no,no,Reached shelter
Site 755,B_placement_optimized,42,25-123877,OPT2,yes,1047.0,14313.0,51.41,299.55,4958.0,4958.0,3348.0,3348.0,1.274,25-54,no,no,yes,Reached shelter
Site 793,B_placement_optimized,42,25-156190,OPT2,yes,1047.0,14368.0,51.41,299.55,4958.0,4958.0,3352.0,3352.0,1.267,25-54,no,no,no,Reached shelter
Site 839,B_placement_optimized,42,26-119268,OPT2,yes,1047.0,14611.0,51.41,299.55,4958.0,4958.0,3355.0,3355.0,1.279,25-54,no,no,yes,Reached shelter
Site 846,B_placement_optimized,42,25-102503,OPT2,yes,1047.0,13634.0,51.41,299.55,4958.0,4958.0,3337.0,3337.0,1.264,18-24,no,yes,yes,Reached shelter
Site 892,B_placement_optimized,42,25-112946,OPT2,yes,1047.0,12322.0,51.41,299.55,4958.0,4958.0,3309.0,3309.0,1.255,55-69,no,no,no,Reached shelter
Site 951,B_placement_optimized,42,26-150021,OPT2,yes,1047.0,16450.0,51.41,299.55,4958.0,4958.0,3400.0,3400.0,1.251,25-54,no,no,no,Reached shelter
Site 955,B_placement_optimized,42,25-134311,OPT2,yes,1047.0,14913.0,51.41,299.55,4958.0,4958.0,3363.0,3363.0,1.268,25-54,no,no,no,Reached shelter
Site 999,B_placement_optimized,42,25-112985,OPT2,yes,1047.0,11189.0,51.41,299.55,4958.0,4958.0,3283.0,3283.0,1.272,25-54,no,no,no,Reached shelter
Site 1024,B_placement_optimized,42,25-178779,OPT2,yes,1047.0,14896.0,51.41,299.55,4958.0,4958.0,3360.0,3360.0,1.278,55-69,yes,no,no,Reached shelter
Site 1027,B_placement_optimized,42,26-149655,OPT2,yes,1047.0,14575.0,51.41,299.55,4958.0,4958.0,3360.0,3360.0,1.25,25-54,no,no,no,Reached shelter
Site 1060,B_placement_optimized,42,25-167778,OPT2,yes,1047.0,11821.0,51.41,299.55,4958.0,4958.0,3298.0,3298.0,1.258,25-54,no,no,no,Reached shelter
Site 1098,B_placement_optimized,42,26-109352,OPT2,yes,1047.0,12834.0,51.41,299.55,4958.0,4958.0,3314.0,3314.0,1.289,25-54,no,no,no,Reached shelter
Site 1116,B_placement_optimized,42,26-119601,OPT2,yes,1047.0,11299.0,51.41,299.55,4958.0,4958.0,3285.0,3285.0,1.273,25-54,no,no,no,Reached shelter
Site 1119,B_placement_optimized,42,25-156157,OPT2,yes,1047.0,13464.0,51.41,299.55,4958.0,4958.0,3330.0,3330.0,1.273,25-54,no,no,yes,Reached shelter
Site 1178,B_placement_optimized,42,25-190521,OPT2,yes,1047.0,11951.0,51.41,299.55,4958.0,4958.0,3301.0,3301.0,1.256,18-24,no,no,no,Reached shelter
Site 1183,B_placement_optimized,42,25-190581,OPT2,yes,1047.0,14465.0,51.41,299.55,4958.0,4958.0,3350.0,3350.0,1.284,18-24,no,no,no,Reached shelter
Site 1194,B_placement_optimized,42,25-102503,OPT2,yes,1047.0,13634.0,51.41,299.55,4958.0,4958.0,3338.0,3338.0,1.254,25-54,no,no,no,Reached shelter
Site 1202,B_placement_optimized,42,25-179064,OPT2,yes,1047.0,19900.0,51.41,299.55,4958.0,4958.0,3467.0,3467.0,1.276,55-69,no,no,no,Reached shelter
Site 1214,B_placement_optimized,42,26-129876,OPT2,yes,1047.0,13513.0,51.41,299.55,4958.0,4958.0,3330.0,3330.0,1.283,25-54,no,no,no,Reached shelter
Site 1222,B_placement_optimized,42,25-190589,OPT2,yes,1047.0,15493.0,51.41,299.55,4958.0,4958.0,3373.0,3373.0,1.283,25-54,no,yes,no,Reached shelter
Site 1223,B_placement_optimized,42,26-149651,OPT2,yes,1047.0,12706.0,51.41,299.55,4958.0,4958.0,3319.0,3319.0,1.251,25-54,no,no,no,Reached shelter
Site 1288,B_placement_optimized,42,25-222050,OPT2,yes,1047.0,11865.0,51.41,299.55,4958.0,4958.0,3296.0,3296.0,1.276,25-54,no,no,no,Reached shelter
Site 1329,B_placement_optimized,42,25-102500,OPT2,yes,1047.0,12358.0,51.41,299.55,4958.0,4958.0,3309.0,3309.0,1.263,25-54,no,no,no,Reached shelter
Site 1339,B_placement_optimized,42,26-150109,OPT2,yes,1047.0,14317.0,51.41,299.55,4958.0,4958.0,3353.0,3353.0,1.253,25-54,no,no,no,Reached shelter
Site 1395,B_placement_optimized,42,25-134622,OPT2,yes,1047.0,12542.0,51.41,299.55,4958.0,4958.0,3314.0,3314.0,1.259,55-69,no,no,no,Reached shelter
Site 1398,B_placement_optimized,42,25-145284,OPT2,yes,1047.0,12256.0,51.41,299.55,4958.0,4958.0,3304.0,3304.0,1.278,25-54,no,no,no,Reached shelter
Site 1489,B_placement_optimized,42,26-149765,OPT2,yes,1047.0,12421.0,51.41,299.55,4958.0,4958.0,3309.0,3309.0,1.273,55-69,no,no,yes,Reached shelter
Site 1512,B_placement_optimized,42,25-212287,OPT2,yes,1047.0,9861.0,51.41,299.55,4958.0,4958.0,3263.0,3263.0,1.265,18-24,no,no,no,Reached shelter
Site 1549,B_placement_optimized,42,25-190815,OPT2,yes,1047.0,16266.0,51.41,299.55,4958.0,4958.0,3387.0,3387.0,1.284,25-54,no,no,no,Reached shelter
Site 1559,B_placement_optimized,42,26-140225,OPT2,yes,1047.0,14218.0,51.41,299.55,4958.0,4958.0,3350.0,3350.0,1.259,25-54,no,no,no,Reached shelter
Site 1609,B_placement_optimized,42,26-119333,OPT2,yes,1047.0,14438.0,51.41,299.55,4958.0,4958.0,3353.0,3353.0,1.263,25-54,yes,no,yes,Reached shelter
Site 1624,B_placement_optimized,42,25-190815,OPT2,yes,1047.0,16266.0,51.41,299.55,4958.0,4958.0,3392.0,3392.0,1.268,25-54,no,no,no,Reached shelter
Site 1656,B_placement_optimized,42,25-134420,OPT2,yes,1047.0,11160.0,51.41,299.55,4958.0,4958.0,3283.0,3283.0,1.26,18-24,no,no,no,Reached shelter
Site 1664,B_placement_optimized,42,25-178943,OPT2,yes,1047.0,13438.0,51.41,299.55,4958.0,4958.0,3330.0,3330.0,1.269,55-69,no,no,no,Reached shelter
Site 1670,B_placement_optimized,42,26-119395,OPT2,yes,1047.0,10034.0,51.41,299.55,4958.0,4958.0,3267.0,3267.0,1.25,55-69,no,no,no,Reached shelter
Site 1765,B_placement_optimized,42,26-149824,OPT2,yes,1047.0,9809.0,51.41,299.55,4958.0,4958.0,3260.0,3260.0,1.29,25-54,no,yes,no,Reached shelter
Site 1778,B_placement_optimized,42,25-212323,OPT2,yes,1047.0,13409.0,51.41,299.55,4958.0,4958.0,3332.0,3332.0,1.259,55-69,no,no,no,Reached shelter
Site 1799,B_placement_optimized,42,25-123839,OPT2,yes,1047.0,10394.0,51.41,299.55,4958.0,4958.0,3271.0,3271.0,1.265,55-69,no,no,no,Reached shelter
Site 1808,B_placement_optimized,42,25-178977,OPT2,yes,1047.0,12476.0,51.41,299.55,4958.0,4958.0,3307.0,3307.0,1.288,25-54,no,no,no,Reached shelter
Site 1809,B_placement_optimized,42,26-149790,OPT2,yes,1047.0,12152.0,51.41,299.55,4958.0,4958.0,3301.0,3301.0,1.286,25-54,no,no,no,Reached shelter
Site 1824,B_placement_optimized,42,26-119374,OPT2,yes,1047.0,10536.0,51.41,299.55,4958.0,4958.0,3272.0,3272.0,1.27,25-54,no,no,no,Reached shelter
Site 1884,B_placement_optimized,42,25-134402,OPT2,yes,1047.0,9722.0,51.41,299.55,4958.0,4958.0,3262.0,3262.0,1.25,25-54,no,yes,no,Reached shelter
Site 1907,B_placement_optimized,42,26-119743,OPT2,yes,1047.0,15083.0,51.41,299.55,4958.0,4958.0,3365.0,3365.0,1.28,55-69,no,no,no,Reached shelter
Site 1930,B_placement_optimized,42,25-156373,OPT2,yes,1047.0,15639.0,51.41,299.55,4958.0,4958.0,3381.0,3381.0,1.256,55-69,no,no,yes,Reached shelter
Site 1932,B_placement_optimized,42,26-140382,OPT2,yes,1047.0,10601.0,51.41,299.55,4958.0,4958.0,3275.0,3275.0,1.262,25-54,no,no,no,Reached shelter
Site 1934,B_placement_optimized,42,25-222278,OPT2,yes,1047.0,11494.0,51.41,299.55,4958.0,4958.0,3290.0,3290.0,1.271,25-54,no,no,no,Reached shelter
Site 1940,B_placement_optimized,42,25-212431,OPT2,yes,1047.0,15309.0,51.41,299.55,4958.0,4958.0,3373.0,3373.0,1.259,25-54,no,no,no,Reached shelter
Site 40,B_placement_optimized,42,25-102045,OPT2,yes,1048.0,14364.0,51.45,299.55,4963.0,4963.0,3364.0,3364.0,1.246,55-69,no,no,yes,Reached shelter
Site 76,B_placement_optimized,42,25-134313,OPT2,yes,1048.0,15479.0,51.45,299.55,4963.0,4963.0,3392.0,3392.0,1.23,25-54,no,no,no,Reached shelter
Site 139,B_placement_optimized,42,25-167582,OPT2,yes,1048.0,10641.0,51.45,299.55,4963.0,4963.0,3288.0,3288.0,1.212,25-54,no,no,yes,Reached shelter
Site 254,B_placement_optimized,42,26-149709,OPT2,yes,1048.0,9959.0,51.45,299.55,4963.0,4963.0,3277.0,3277.0,1.218,25-54,no,no,no,Reached shelter
Site 276,B_placement_optimized,42,26-109372,OPT2,yes,1048.0,15292.0,51.45,299.55,4963.0,4963.0,3385.0,3385.0,1.24,18-24,no,no,no,Reached shelter
Site 344,B_placement_optimized,42,25-102024,OPT2,yes,1048.0,9718.0,51.45,299.55,4963.0,4963.0,3275.0,3275.0,1.206,55-69,no,no,no,Reached shelter
Site 360,B_placement_optimized,42,26-119279,OPT2,yes,1048.0,11900.0,51.45,299.55,4963.0,4963.0,3314.0,3314.0,1.223,25-54,no,yes,no,Reached shelter
Site 370,B_placement_optimized,42,25-123942,OPT2,yes,1048.0,15634.0,51.45,299.55,4963.0,4963.0,3400.0,3400.0,1.211,25-54,no,yes,no,Reached shelter
Site 433,B_placement_optimized,42,25-201658,OPT2,yes,1048.0,12524.0,51.45,299.55,4963.0,4963.0,3323.0,3323.0,1.244,25-54,no,no,no,Reached shelter
Site 449,B_placement_optimized,42,26-140406,OPT2,yes,1048.0,18238.0,51.45,299.55,4963.0,4963.0,3460.0,3460.0,1.206,25-54,no,no,no,Reached shelter
Site 458,B_placement_optimized,42,25-145133,OPT2,yes,1048.0,11437.0,51.45,299.55,4963.0,4963.0,3305.0,3305.0,1.212,25-54,no,no,no,Reached shelter
Site 464,B_placement_optimized,42,25-179008,OPT2,yes,1048.0,12001.0,51.45,299.55,4963.0,4963.0,3317.0,3317.0,1.219,55-69,yes,no,yes,Reached shelter
Site 498,B_placement_optimized,42,25-124022,OPT2,yes,1048.0,17454.0,51.45,299.55,4963.0,4963.0,3431.0,3431.0,1.245,25-54,no,no,yes,Reached shelter
Site 501,B_placement_optimized,42,25-190766,OPT2,yes,1048.0,15665.0,51.45,299.55,4963.0,4963.0,3394.0,3394.0,1.238,25-54,no,no,no,Reached shelter
Site 517,B_placement_optimized,42,25-156338,OPT2,yes,1048.0,11011.0,51.45,299.55,4963.0,4963.0,3296.0,3296.0,1.212,18-24,no,no,no,Reached shelter
Site 551,B_placement_optimized,42,25-102327,OPT2,yes,1048.0,13196.0,51.45,299.55,4963.0,4963.0,3340.0,3340.0,1.241,25-54,no,no,no,Reached shelter
Site 553,B_placement_optimized,42,25-145486,OPT2,yes,1048.0,15390.0,51.45,299.55,4963.0,4963.0,3387.0,3387.0,1.242,18-24,no,no,no,Reached shelter
Site 648,B_placement_optimized,42,25-212146,OPT2,yes,1048.0,12142.0,51.45,299.55,4963.0,4963.0,3318.0,3318.0,1.227,25-54,no,no,no,Reached shelter
Site 658,B_placement_optimized,42,26-129827,OPT2,yes,1048.0,11808.0,51.45,299.55,4963.0,4963.0,3314.0,3314.0,1.21,25-54,no,no,no,Reached shelter
Site 674,B_placement_optimized,42,25-112930,OPT2,yes,1048.0,13217.0,51.45,299.55,4963.0,4963.0,3340.0,3340.0,1.238,25-54,no,no,no,Reached shelter
Site 689,B_placement_optimized,42,25-190582,OPT2,yes,1048.0,9961.0,51.45,299.55,4963.0,4963.0,3275.0,3275.0,1.246,25-54,no,no,no,Reached shelter
Site 704,B_placement_optimized,42,25-123597,OPT2,yes,1048.0,12286.0,51.45,299.55,4963.0,4963.0,3318.0,3318.0,1.246,55-69,no,no,no,Reached shelter
Site 707,B_placement_optimized,42,26-129775,OPT2,yes,1048.0,14029.0,51.45,299.55,4963.0,4963.0,3361.0,3361.0,1.226,25-54,yes,no,no,Reached shelter
Site 714,B_placement_optimized,42,25-123668,OPT2,yes,1048.0,13593.0,51.45,299.55,4963.0,4963.0,3354.0,3354.0,1.211,25-54,no,yes,no,Reached shelter
Site 726,B_placement_optimized,42,26-119591,OPT2,yes,1048.0,17573.0,51.45,299.55,4963.0,4963.0,3438.0,3438.0,1.232,25-54,no,no,no,Reached shelter
Site 735,B_placement_optimized,42,26-140352,OPT2,yes,1048.0,16671.0,51.45,299.55,4963.0,4963.0,3424.0,3424.0,1.207,25-54,no,no,no,Reached shelter
Site 737,B_placement_optimized,42,26-149733,OPT2,yes,1048.0,13059.0,51.45,299.55,4963.0,4963.0,3340.0,3340.0,1.221,25-54,no,no,no,Reached shelter
Site 739,B_placement_optimized,42,25-102251,OPT2,yes,1048.0,10042.0,51.45,299.55,4963.0,4963.0,3277.0,3277.0,1.232,25-54,no,no,no,Reached shelter
Site 752,B_placement_optimized,42,25-134258,OPT2,yes,1048.0,13896.0,51.45,299.55,4963.0,4963.0,3356.0,3356.0,1.233,25-54,no,no,yes,Reached shelter
Site 760,B_placement_optimized,42,25-134641,OPT2,yes,1048.0,14185.0,51.45,299.55,4963.0,4963.0,3363.0,3363.0,1.235,25-54,no,no,yes,Reached shelter
Site 778,B_placement_optimized,42,26-119225,OPT2,yes,1048.0,17436.0,51.45,299.55,4963.0,4963.0,3431.0,3431.0,1.242,25-54,no,no,no,Reached shelter
Site 808,B_placement_optimized,42,26-130110,OPT2,yes,1048.0,15893.0,51.45,299.55,4963.0,4963.0,3405.0,3405.0,1.216,18-24,no,no,no,Reached shelter
Site 822,B_placement_optimized,42,25-190686,OPT2,yes,1048.0,10537.0,51.45,299.55,4963.0,4963.0,3284.0,3284.0,1.24,25-54,no,no,no,Reached shelter
Site 885,B_placement_optimized,42,25-123692,OPT2,yes,1048.0,13597.0,51.45,299.55,4963.0,4963.0,3349.0,3349.0,1.233,55-69,yes,no,no,Reached shelter
Site 895,B_placement_optimized,42,25-178852,OPT2,yes,1048.0,15337.0,51.45,299.55,4963.0,4963.0,3389.0,3389.0,1.232,25-54,no,no,no,Reached shelter
Site 909,B_placement_optimized,42,25-102581,OPT2,yes,1048.0,9501.0,51.45,299.55,4963.0,4963.0,3270.0,3270.0,1.213,25-54,no,no,no,Reached shelter
Site 948,B_placement_optimized,42,25-112542,OPT2,yes,1048.0,10101.0,51.45,299.55,4963.0,4963.0,3279.0,3279.0,1.22,25-54,no,yes,no,Reached shelter
Site 954,B_placement_optimized,42,26-109719,OPT2,yes,1048.0,13453.0,51.45,299.55,4963.0,4963.0,3351.0,3351.0,1.21,18-24,no,yes,yes,Reached shelter
Site 1030,B_placement_optimized,42,26-129965,OPT2,yes,1048.0,13426.0,51.45,299.55,4963.0,4963.0,3349.0,3349.0,1.216,25-54,no,no,no,Reached shelter
Site 1046,B_placement_optimized,42,25-145378,OPT2,yes,1048.0,12881.0,51.45,299.55,4963.0,4963.0,3335.0,3335.0,1.231,18-24,no,yes,no,Reached shelter
Site 1084,B_placement_optimized,42,26-109310,OPT2,yes,1048.0,13153.0,51.45,299.55,4963.0,4963.0,3341.0,3341.0,1.228,25-54,no,no,no,Reached shelter
Site 1089,B_placement_optimized,42,26-109365,OPT2,yes,1048.0,17848.0,51.45,299.55,4963.0,4963.0,3451.0,3451.0,1.206,18-24,no,no,no,Reached shelter
Site 1143,B_placement_optimized,42,26-140335,OPT2,yes,1048.0,16016.0,51.45,299.55,4963.0,4963.0,3400.0,3400.0,1.244,25-54,no,no,no,Reached shelter
Site 1144,B_placement_optimized,42,25-112616,OPT2,yes,1048.0,13071.0,51.45,299.55,4963.0,4963.0,3343.0,3343.0,1.208,25-54,no,no,no,Reached shelter
Site 1151,B_placement_optimized,42,26-149747,OPT2,yes,1048.0,16431.0,51.45,299.55,4963.0,4963.0,3410.0,3410.0,1.243,25-54,no,yes,no,Reached shelter
Site 1224,B_placement_optimized,42,25-190584,OPT2,yes,1048.0,10130.0,51.45,299.55,4963.0,4963.0,3277.0,3277.0,1.246,25-54,no,no,no,Reached shelter
Site 1241,B_placement_optimized,42,25-123832,OPT2,yes,1048.0,12869.0,51.45,299.55,4963.0,4963.0,3336.0,3336.0,1.214,55-69,yes,no,no,Reached shelter
Site 1292,B_placement_optimized,42,25-112539,OPT2,yes,1048.0,10109.0,51.45,299.55,4963.0,4963.0,3279.0,3279.0,1.224,18-24,no,no,no,Reached shelter
Site 1363,B_placement_optimized,42,25-134597,OPT2,yes,1048.0,16447.0,51.45,299.55,4963.0,4963.0,3418.0,3418.0,1.214,25-54,no,no,no,Reached shelter
Site 1366,B_placement_optimized,42,25-145123,OPT2,yes,1048.0,20330.0,51.45,299.55,4963.0,4963.0,3505.0,3505.0,1.208,55-69,no,no,no,Reached shelter
Site 1370,B_placement_optimized,42,26-149676,OPT2,yes,1048.0,11363.0,51.45,299.55,4963.0,4963.0,3304.0,3304.0,1.212,25-54,no,no,no,Reached shelter
Site 1379,B_placement_optimized,42,25-179302,OPT2,yes,1048.0,14654.0,51.45,299.55,4963.0,4963.0,3377.0,3377.0,1.211,25-54,no,no,no,Reached shelter
Site 1399,B_placement_optimized,42,25-222224,OPT2,yes,1048.0,16993.0,51.45,299.55,4963.0,4963.0,3424.0,3424.0,1.235,55-69,no,no,no,Reached shelter
Site 1492,B_placement_optimized,42,26-130107,OPT2,yes,1048.0,14636.0,51.45,299.55,4963.0,4963.0,3377.0,3377.0,1.214,55-69,no,no,no,Reached shelter
Site 1523,B_placement_optimized,42,26-130162,OPT2,yes,1048.0,16512.0,51.45,299.55,4963.0,4963.0,3418.0,3418.0,1.218,25-54,no,no,yes,Reached shelter
Site 1555,B_placement_optimized,42,25-145288,OPT2,yes,1048.0,11837.0,51.45,299.55,4963.0,4963.0,3309.0,3309.0,1.242,25-54,no,yes,no,Reached shelter
Site 1558,B_placement_optimized,42,25-112637,OPT2,yes,1048.0,14969.0,51.45,299.55,4963.0,4963.0,3387.0,3387.0,1.204,25-54,no,no,no,Reached shelter
Site 1565,B_placement_optimized,42,25-222270,OPT2,yes,1048.0,13248.0,51.45,299.55,4963.0,4963.0,3346.0,3346.0,1.209,25-54,no,no,no,Reached shelter
Site 1574,B_placement_optimized,42,25-156178,OPT2,yes,1048.0,12373.0,51.45,299.55,4963.0,4963.0,3328.0,3328.0,1.206,25-54,no,no,no,Reached shelter
Site 1602,B_placement_optimized,42,25-212454,OPT2,yes,1048.0,11583.0,51.45,299.55,4963.0,4963.0,3307.0,3307.0,1.217,25-54,no,yes,no,Reached shelter
Site 1653,B_placement_optimized,42,26-149983,OPT2,yes,1048.0,14161.0,51.45,299.55,4963.0,4963.0,3361.0,3361.0,1.239,25-54,no,no,yes,Reached shelter
Site 1659,B_placement_optimized,42,25-178959,OPT2,yes,1048.0,13646.0,51.45,299.55,4963.0,4963.0,3348.0,3348.0,1.243,25-54,yes,no,no,Reached shelter
Site 1724,B_placement_optimized,42,25-145210,OPT2,yes,1048.0,11985.0,51.45,299.55,4963.0,4963.0,3315.0,3315.0,1.222,25-54,no,no,no,Reached shelter
Site 1784,B_placement_optimized,42,25-156631,OPT2,yes,1048.0,12500.0,51.45,299.55,4963.0,4963.0,3332.0,3332.0,1.204,55-69,yes,no,no,Reached shelter
Site 1788,B_placement_optimized,42,26-109741,OPT2,yes,1048.0,15462.0,51.45,299.55,4963.0,4963.0,3397.0,3397.0,1.205,25-54,yes,no,no,Reached shelter
Site 1818,B_placement_optimized,42,25-123983,OPT2,yes,1048.0,9913.0,51.45,299.55,4963.0,4963.0,3277.0,3277.0,1.212,25-54,no,yes,no,Reached shelter
Site 1831,B_placement_optimized,42,26-119452,OPT2,yes,1048.0,14231.0,51.45,299.55,4963.0,4963.0,3361.0,3361.0,1.245,25-54,no,no,no,Reached shelter
Site 1887,B_placement_optimized,42,25-190786,OPT2,yes,1048.0,11020.0,51.45,299.55,4963.0,4963.0,3291.0,3291.0,1.24,25-54,no,no,no,Reached shelter
Site 1891,B_placement_optimized,42,26-119218,OPT2,yes,1048.0,14544.0,51.45,299.55,4963.0,4963.0,3372.0,3372.0,1.227,25-54,no,no,no,Reached shelter
Site 1935,B_placement_optimized,42,26-130218,OPT2,yes,1048.0,10435.0,51.45,299.55,4963.0,4963.0,3285.0,3285.0,1.21,25-54,no,yes,no,Reached shelter
Site 1976,B_placement_optimized,42,25-201546,OPT2,yes,1048.0,12032.0,51.45,299.55,4963.0,4963.0,3315.0,3315.0,1.231,25-54,no,no,no,Reached shelter
Site 1998,B_placement_optimized,42,25-123843,OPT2,yes,1048.0,13109.0,51.45,299.55,4963.0,4963.0,3336.0,3336.0,1.244,25-54,no,no,no,Reached shelter
Site 2000,B_placement_optimized,42,25-167978,OPT2,yes,1048.0,14013.0,51.45,299.55,4963.0,4963.0,3356.0,3356.0,1.244,25-54,no,no,no,Reached shelter
Site 17,B_placement_optimized,42,25-167738,OPT2,yes,1049.0,9878.0,51.49,299.55,4968.0,4968.0,3286.0,3286.0,1.198,25-54,no,no,no,Reached shelter
Site 73,B_placement_optimized,42,26-140282,OPT2,yes,1049.0,15614.0,51.49,299.55,4968.0,4968.0,3418.0,3418.0,1.171,25-54,no,no,yes,Reached shelter
Site 87,B_placement_optimized,42,26-140323,OPT2,yes,1049.0,16374.0,51.49,299.55,4968.0,4968.0,3429.0,3429.0,1.192,55-69,no,yes,no,Reached shelter
Site 131,B_placement_optimized,42,25-167789,OPT2,yes,1049.0,15212.0,51.49,299.55,4968.0,4968.0,3403.0,3403.0,1.189,55-69,yes,no,no,Reached shelter
Site 151,B_placement_optimized,42,25-156538,OPT2,yes,1049.0,14389.0,51.49,299.55,4968.0,4968.0,3387.0,3387.0,1.184,55-69,yes,no,no,Reached shelter
Site 191,B_placement_optimized,42,25-134223,OPT2,yes,1049.0,9308.0,51.49,299.55,4968.0,4968.0,3278.0,3278.0,1.179,25-54,yes,no,no,Reached shelter
Site 215,B_placement_optimized,42,26-129876,OPT2,yes,1049.0,13513.0,51.49,299.55,4968.0,4968.0,3365.0,3365.0,1.185,25-54,no,no,no,Reached shelter
Site 232,B_placement_optimized,42,25-179320,OPT2,yes,1049.0,9207.0,51.49,299.55,4968.0,4968.0,3278.0,3278.0,1.163,25-54,no,yes,no,Reached shelter
Site 257,B_placement_optimized,42,25-156667,OPT2,yes,1049.0,15247.0,51.49,299.55,4968.0,4968.0,3403.0,3403.0,1.195,25-54,no,no,no,Reached shelter
Site 258,B_placement_optimized,42,25-190505,OPT2,yes,1049.0,14969.0,51.49,299.55,4968.0,4968.0,3405.0,3405.0,1.164,25-54,no,no,yes,Reached shelter
Site 263,B_placement_optimized,42,26-140164,OPT2,yes,1049.0,12593.0,51.49,299.55,4968.0,4968.0,3344.0,3344.0,1.184,25-54,no,yes,no,Reached shelter
Site 298,B_placement_optimized,42,26-149983,OPT2,yes,1049.0,14161.0,51.49,299.55,4968.0,4968.0,3377.0,3377.0,1.199,55-69,no,no,no,Reached shelter
Site 415,B_placement_optimized,42,25-222165,OPT2,yes,1049.0,11388.0,51.49,299.55,4968.0,4968.0,3316.0,3316.0,1.185,55-69,no,no,no,Reached shelter
Site 455,B_placement_optimized,42,26-119691,OPT2,yes,1049.0,14702.0,51.49,299.55,4968.0,4968.0,3391.0,3391.0,1.189,25-54,no,no,yes,Reached shelter
Site 528,B_placement_optimized,42,25-212364,OPT2,yes,1049.0,15774.0,51.49,299.55,4968.0,4968.0,3413.0,3413.0,1.202,25-54,no,yes,no,Reached shelter
Site 566,B_placement_optimized,42,26-109477,OPT2,yes,1049.0,13511.0,51.49,299.55,4968.0,4968.0,3362.0,3362.0,1.201,25-54,yes,no,no,Reached shelter
Site 598,B_placement_optimized,42,26-119377,OPT2,yes,1049.0,13485.0,51.49,299.55,4968.0,4968.0,3365.0,3365.0,1.183,25-54,no,no,no,Reached shelter
Site 602,B_placement_optimized,42,25-222243,OPT2,yes,1049.0,12184.0,51.49,299.55,4968.0,4968.0,3334.0,3334.0,1.189,25-54,no,no,no,Reached shelter
Site 603,B_placement_optimized,42,25-190589,OPT2,yes,1049.0,15493.0,51.49,299.55,4968.0,4968.0,3411.0,3411.0,1.185,55-69,no,no,yes,Reached shelter
Site 624,B_placement_optimized,42,25-190605,OPT2,yes,1049.0,13236.0,51.49,299.55,4968.0,4968.0,3360.0,3360.0,1.177,55-69,yes,no,no,Reached shelter
Site 630,B_placement_optimized,42,25-145374,OPT2,yes,1049.0,12060.0,51.49,299.55,4968.0,4968.0,3329.0,3329.0,1.2,25-54,no,yes,yes,Reached shelter
Site 691,B_placement_optimized,42,26-149824,OPT2,yes,1049.0,9809.0,51.49,299.55,4968.0,4968.0,3286.0,3286.0,1.181,25-54,no,yes,yes,Reached shelter
Site 706,B_placement_optimized,42,26-119333,OPT2,yes,1049.0,14438.0,51.49,299.55,4968.0,4968.0,3385.0,3385.0,1.195,25-54,no,no,no,Reached shelter
Site 712,B_placement_optimized,42,25-112842,OPT2,yes,1049.0,15629.0,51.49,299.55,4968.0,4968.0,3414.0,3414.0,1.182,25-54,no,no,no,Reached shelter
Site 721,B_placement_optimized,42,25-201728,OPT2,yes,1049.0,13133.0,51.49,299.55,4968.0,4968.0,3357.0,3357.0,1.185,25-54,no,no,no,Reached shelter
Site 749,B_placement_optimized,42,25-144968,OPT2,yes,1049.0,12979.0,51.49,299.55,4968.0,4968.0,3352.0,3352.0,1.192,25-54,yes,no,no,Reached shelter
Site 758,B_placement_optimized,42,26-140236,OPT2,yes,1049.0,10939.0,51.49,299.55,4968.0,4968.0,3310.0,3310.0,1.165,25-54,yes,no,no,Reached shelter
Site 769,B_placement_optimized,42,25-156303,OPT2,yes,1049.0,13153.0,51.49,299.55,4968.0,4968.0,3357.0,3357.0,1.188,55-69,yes,no,no,Reached shelter
Site 770,B_placement_optimized,42,26-130055,OPT2,yes,1049.0,16748.0,51.49,299.55,4968.0,4968.0,3444.0,3444.0,1.17,18-24,no,yes,yes,Reached shelter
Site 798,B_placement_optimized,42,25-201491,OPT2,yes,1049.0,10458.0,51.49,299.55,4968.0,4968.0,3298.0,3298.0,1.17,55-69,no,no,no,Reached shelter
Site 813,B_placement_optimized,42,25-179293,OPT2,yes,1049.0,13084.0,51.49,299.55,4968.0,4968.0,3354.0,3354.0,1.19,55-69,no,no,no,Reached shelter
Site 851,B_placement_optimized,42,25-190737,OPT2,yes,1049.0,10284.0,51.49,299.55,4968.0,4968.0,3295.0,3295.0,1.168,55-69,no,no,yes,Reached shelter
Site 863,B_placement_optimized,42,25-190663,OPT2,yes,1049.0,11877.0,51.49,299.55,4968.0,4968.0,3331.0,3331.0,1.17,25-54,no,no,no,Reached shelter
Site 1041,B_placement_optimized,42,26-130159,OPT2,yes,1049.0,13282.0,51.49,299.55,4968.0,4968.0,3362.0,3362.0,1.179,25-54,no,no,yes,Reached shelter
Site 1051,B_placement_optimized,42,26-150035,OPT2,yes,1049.0,10778.0,51.49,299.55,4968.0,4968.0,3303.0,3303.0,1.184,25-54,no,no,no,Reached shelter
Site 1080,B_placement_optimized,42,25-145117,OPT2,yes,1049.0,19629.0,51.49,299.55,4968.0,4968.0,3512.0,3512.0,1.164,55-69,no,no,no,Reached shelter
Site 1140,B_placement_optimized,42,25-145133,OPT2,yes,1049.0,11437.0,51.49,299.55,4968.0,4968.0,3316.0,3316.0,1.192,25-54,yes,no,no,Reached shelter
Site 1149,B_placement_optimized,42,25-134628,OPT2,yes,1049.0,12149.0,51.49,299.55,4968.0,4968.0,3338.0,3338.0,1.17,55-69,no,no,no,Reached shelter
Site 1155,B_placement_optimized,42,25-222133,OPT2,yes,1049.0,14399.0,51.49,299.55,4968.0,4968.0,3382.0,3382.0,1.201,55-69,no,yes,no,Reached shelter
Site 1172,B_placement_optimized,42,25-102165,OPT2,yes,1049.0,12673.0,51.49,299.55,4968.0,4968.0,3344.0,3344.0,1.194,25-54,no,no,yes,Reached shelter
Site 1218,B_placement_optimized,42,25-134374,OPT2,yes,1049.0,14817.0,51.49,299.55,4968.0,4968.0,3391.0,3391.0,1.201,25-54,no,yes,no,Reached shelter
Site 1310,B_placement_optimized,42,26-149725,OPT2,yes,1049.0,16491.0,51.49,299.55,4968.0,4968.0,3431.0,3431.0,1.197,55-69,no,no,yes,Reached shelter
Site 1372,B_placement_optimized,42,25-201688,OPT2,yes,1049.0,17444.0,51.49,299.55,4968.0,4968.0,3453.0,3453.0,1.19,25-54,no,no,no,Reached shelter
Site 1406,B_placement_optimized,42,25-167962,OPT2,yes,1049.0,11830.0,51.49,299.55,4968.0,4968.0,3326.0,3326.0,1.191,25-54,no,no,no,Reached shelter
Site 1464,B_placement_optimized,42,25-222008,OPT2,yes,1049.0,12000.0,51.49,299.55,4968.0,4968.0,3334.0,3334.0,1.168,25-54,yes,no,no,Reached shelter
Site 1531,B_placement_optimized,42,26-140218,OPT2,yes,1049.0,14353.0,51.49,299.55,4968.0,4968.0,3383.0,3383.0,1.193,25-54,no,no,yes,Reached shelter
Site 1557,B_placement_optimized,42,25-201686,OPT2,yes,1049.0,15609.0,51.49,299.55,4968.0,4968.0,3411.0,3411.0,1.193,55-69,yes,no,no,Reached shelter
Site 1582,B_placement_optimized,42,25-123693,OPT2,yes,1049.0,15041.0,51.49,299.55,4968.0,4968.0,3401.0,3401.0,1.183,25-54,no,no,no,Reached shelter
Site 1638,B_placement_optimized,42,26-149803,OPT2,yes,1049.0,10199.0,51.49,299.55,4968.0,4968.0,3290.0,3290.0,1.196,25-54,yes,no,no,Reached shelter
Site 1667,B_placement_optimized,42,26-130203,OPT2,yes,1049.0,13619.0,51.49,299.55,4968.0,4968.0,3364.0,3364.0,1.203,25-54,no,no,no,Reached shelter
Site 1677,B_placement_optimized,42,25-156136,OPT2,yes,1049.0,13621.0,51.49,299.55,4968.0,4968.0,3369.0,3369.0,1.186,25-54,no,no,yes,Reached shelter
Site 1744,B_placement_optimized,42,26-140133,OPT2,yes,1049.0,10297.0,51.49,299.55,4968.0,4968.0,3295.0,3295.0,1.174,25-54,no,no,no,Reached shelter
Site 1803,B_placement_optimized,42,26-140480,OPT2,yes,1049.0,16114.0,51.49,299.55,4968.0,4968.0,3421.0,3421.0,1.201,25-54,no,no,no,Reached shelter
Site 1816,B_placement_optimized,42,26-140213,OPT2,yes,1049.0,14006.0,51.49,299.55,4968.0,4968.0,3375.0,3375.0,1.196,25-54,no,no,no,Reached shelter
Site 1850,B_placement_optimized,42,25-201287,OPT2,yes,1049.0,11883.0,51.49,299.55,4968.0,4968.0,3328.0,3328.0,1.189,25-54,no,no,yes,Reached shelter
Site 1913,B_placement_optimized,42,26-129986,OPT2,yes,1049.0,13553.0,51.49,299.55,4968.0,4968.0,3369.0,3369.0,1.172,25-54,no,no,no,Reached shelter
Site 1991,B_placement_optimized,42,25-156121,OPT2,yes,1049.0,13620.0,51.49,299.55,4968.0,4968.0,3372.0,3372.0,1.17,25-54,no,no,no,Reached shelter
Site 1996,B_placement_optimized,42,25-212399,OPT2,yes,1049.0,20952.0,51.49,299.55,4968.0,4968.0,3539.0,3539.0,1.176,25-54,no,no,no,Reached shelter
Site 2010,B_placement_optimized,42,25-113007,OPT2,yes,1049.0,11173.0,51.49,299.55,4968.0,4968.0,3315.0,3315.0,1.166,25-54,yes,no,no,Reached shelter
Site 2015,B_placement_optimized,42,26-109389,OPT2,yes,1049.0,16513.0,51.49,299.55,4968.0,4968.0,3432.0,3432.0,1.195,25-54,no,no,yes,Reached shelter
Site 2027,B_placement_optimized,42,26-129853,OPT2,yes,1049.0,9082.0,51.49,299.55,4968.0,4968.0,3276.0,3276.0,1.17,25-54,no,no,no,Reached shelter
Site 4,B_placement_optimized,42,25-167871,OPT2,yes,1050.0,14973.0,51.53,299.55,4973.0,4973.0,3419.0,3419.0,1.14,55-69,yes,yes,yes,Reached shelter
Site 21,B_placement_optimized,42,25-112757,OPT2,yes,1050.0,12889.0,51.53,299.55,4973.0,4973.0,3370.0,3370.0,1.132,55-69,no,no,no,Reached shelter
Site 66,B_placement_optimized,42,25-123718,OPT2,yes,1050.0,15650.0,51.53,299.55,4973.0,4973.0,3438.0,3438.0,1.128,25-54,no,yes,no,Reached shelter
Site 86,B_placement_optimized,42,26-129854,OPT2,yes,1050.0,10713.0,51.53,299.55,4973.0,4973.0,3314.0,3314.0,1.151,55-69,yes,no,no,Reached shelter
Site 181,B_placement_optimized,42,25-134680,OPT2,yes,1050.0,15239.0,51.53,299.55,4973.0,4973.0,3419.0,3419.0,1.162,25-54,yes,no,no,Reached shelter
Site 226,B_placement_optimized,42,25-167850,OPT2,yes,1050.0,13732.0,51.53,299.55,4973.0,4973.0,3391.0,3391.0,1.13,25-54,no,no,no,Reached shelter
Site 271,B_placement_optimized,42,25-112861,OPT2,yes,1050.0,12184.0,51.53,299.55,4973.0,4973.0,3354.0,3354.0,1.133,25-54,no,no,no,Reached shelter
Site 274,B_placement_optimized,42,25-221931,OPT2,yes,1050.0,16042.0,51.53,299.55,4973.0,4973.0,3438.0,3438.0,1.16,25-54,no,yes,no,Reached shelter
Site 293,B_placement_optimized,42,26-129806,OPT2,yes,1050.0,12439.0,51.53,299.55,4973.0,4973.0,3360.0,3360.0,1.132,18-24,no,yes,no,Reached shelter
Site 328,B_placement_optimized,42,25-112963,OPT2,yes,1050.0,11914.0,51.53,299.55,4973.0,4973.0,3347.0,3347.0,1.136,55-69,no,no,yes,Reached shelter
Site 408,B_placement_optimized,42,26-130108,OPT2,yes,1050.0,16083.0,51.53,299.55,4973.0,4973.0,3445.0,3445.0,1.139,70+,no,no,yes,Reached shelter
Site 507,B_placement_optimized,42,25-123650,OPT2,yes,1050.0,15179.0,51.53,299.55,4973.0,4973.0,3422.0,3422.0,1.144,25-54,no,no,no,Reached shelter
Site 655,B_placement_optimized,42,25-212525,OPT2,yes,1050.0,9430.0,51.53,299.55,4973.0,4973.0,3291.0,3291.0,1.144,25-54,yes,no,no,Reached shelter
Site 671,B_placement_optimized,42,25-178825,OPT2,yes,1050.0,18598.0,51.53,299.55,4973.0,4973.0,3499.0,3499.0,1.159,25-54,no,no,no,Reached shelter
Site 709,B_placement_optimized,42,26-140592,OPT2,yes,1050.0,11310.0,51.53,299.55,4973.0,4973.0,3327.0,3327.0,1.159,55-69,no,no,no,Reached shelter
Site 723,B_placement_optimized,42,26-109468,OPT2,yes,1050.0,15381.0,51.53,299.55,4973.0,4973.0,3432.0,3432.0,1.129,55-69,no,no,no,Reached shelter
Site 736,B_placement_optimized,42,25-222246,OPT2,yes,1050.0,19638.0,51.53,299.55,4973.0,4973.0,3530.0,3530.0,1.134,25-54,no,no,no,Reached shelter
Site 764,B_placement_optimized,42,25-201470,OPT2,yes,1050.0,14182.0,51.53,299.55,4973.0,4973.0,3399.0,3399.0,1.144,25-54,no,yes,no,Reached shelter
Site 804,B_placement_optimized,42,25-112787,OPT2,yes,1050.0,17421.0,51.53,299.55,4973.0,4973.0,3474.0,3474.0,1.146,25-54,no,no,no,Reached shelter
Site 817,B_placement_optimized,42,26-149803,OPT2,yes,1050.0,10199.0,51.53,299.55,4973.0,4973.0,3302.0,3302.0,1.163,25-54,no,no,no,Reached shelter
Site 896,B_placement_optimized,42,26-140252,OPT2,yes,1050.0,14220.0,51.53,299.55,4973.0,4973.0,3398.0,3398.0,1.155,55-69,no,no,no,Reached shelter
Site 930,B_placement_optimized,42,25-221918,OPT2,yes,1050.0,12175.0,51.53,299.55,4973.0,4973.0,3350.0,3350.0,1.149,25-54,no,no,no,Reached shelter
Site 1004,B_placement_optimized,42,26-109440,OPT2,yes,1050.0,14387.0,51.53,299.55,4973.0,4973.0,3402.0,3402.0,1.148,25-54,yes,no,yes,Reached shelter
Site 1017,B_placement_optimized,42,25-123942,OPT2,yes,1050.0,15634.0,51.53,299.55,4973.0,4973.0,3437.0,3437.0,1.134,25-54,yes,no,no,Reached shelter
Site 1036,B_placement_optimized,42,25-190434,OPT2,yes,1050.0,10814.0,51.53,299.55,4973.0,4973.0,3316.0,3316.0,1.162,25-54,yes,no,no,Reached shelter
Site 1074,B_placement_optimized,42,25-167818,OPT2,yes,1050.0,10442.0,51.53,299.55,4973.0,4973.0,3309.0,3309.0,1.148,55-69,no,yes,no,Reached shelter
Site 1093,B_placement_optimized,42,25-190313,OPT2,yes,1050.0,11923.0,51.53,299.55,4973.0,4973.0,3349.0,3349.0,1.126,25-54,yes,no,no,Reached shelter
Site 1096,B_placement_optimized,42,25-190804,OPT2,yes,1050.0,14345.0,51.53,299.55,4973.0,4973.0,3401.0,3401.0,1.149,18-24,no,no,no,Reached shelter
Site 1159,B_placement_optimized,42,25-134463,OPT2,yes,1050.0,12821.0,51.53,299.55,4973.0,4973.0,3370.0,3370.0,1.127,25-54,no,no,yes,Reached shelter
Site 1221,B_placement_optimized,42,25-113010,OPT2,yes,1050.0,12325.0,51.53,299.55,4973.0,4973.0,3357.0,3357.0,1.134,25-54,no,no,yes,Reached shelter
Site 1233,B_placement_optimized,42,25-134320,OPT2,yes,1050.0,10046.0,51.53,299.55,4973.0,4973.0,3302.0,3302.0,1.136,25-54,yes,no,no,Reached shelter
Site 1454,B_placement_optimized,42,26-119603,OPT2,yes,1050.0,14975.0,51.53,299.55,4973.0,4973.0,3416.0,3416.0,1.154,25-54,no,no,no,Reached shelter
Site 1479,B_placement_optimized,42,25-190554,OPT2,yes,1050.0,14150.0,51.53,299.55,4973.0,4973.0,3399.0,3399.0,1.136,55-69,no,yes,no,Reached shelter
Site 1521,B_placement_optimized,42,25-134299,OPT2,yes,1050.0,10287.0,51.53,299.55,4973.0,4973.0,3306.0,3306.0,1.145,55-69,no,yes,no,Reached shelter
Site 1528,B_placement_optimized,42,25-179185,OPT2,yes,1050.0,10013.0,51.53,299.55,4973.0,4973.0,3299.0,3299.0,1.159,55-69,yes,no,no,Reached shelter
Site 1546,B_placement_optimized,42,26-149725,OPT2,yes,1050.0,16491.0,51.53,299.55,4973.0,4973.0,3458.0,3458.0,1.129,55-69,no,no,no,Reached shelter
Site 1600,B_placement_optimized,42,26-109701,OPT2,yes,1050.0,14806.0,51.53,299.55,4973.0,4973.0,3419.0,3419.0,1.127,25-54,no,yes,yes,Reached shelter
Site 1606,B_placement_optimized,42,25-201688,OPT2,yes,1050.0,17444.0,51.53,299.55,4973.0,4973.0,3481.0,3481.0,1.127,25-54,no,no,yes,Reached shelter
Site 1650,B_placement_optimized,42,25-102077,OPT2,yes,1050.0,18053.0,51.53,299.55,4973.0,4973.0,3484.0,3484.0,1.163,25-54,no,no,yes,Reached shelter
Site 1697,B_placement_optimized,42,25-190576,OPT2,yes,1050.0,9516.0,51.53,299.55,4973.0,4973.0,3293.0,3293.0,1.144,25-54,no,no,no,Reached shelter
Site 1789,B_placement_optimized,42,26-109741,OPT2,yes,1050.0,15462.0,51.53,299.55,4973.0,4973.0,3432.0,3432.0,1.131,18-24,no,no,yes,Reached shelter
Site 1817,B_placement_optimized,42,25-156497,OPT2,yes,1050.0,14166.0,51.53,299.55,4973.0,4973.0,3398.0,3398.0,1.144,55-69,no,no,no,Reached shelter
Site 1838,B_placement_optimized,42,25-123941,OPT2,yes,1050.0,15322.0,51.53,299.55,4973.0,4973.0,3429.0,3429.0,1.132,25-54,no,yes,no,Reached shelter
Site 1875,B_placement_optimized,42,26-119425,OPT2,yes,1050.0,10610.0,51.53,299.55,4973.0,4973.0,3316.0,3316.0,1.135,25-54,no,no,yes,Reached shelter
Site 1883,B_placement_optimized,42,25-134517,OPT2,yes,1050.0,11520.0,51.53,299.55,4973.0,4973.0,3334.0,3334.0,1.151,25-54,no,no,no,Reached shelter
Site 1906,B_placement_optimized,42,26-119540,OPT2,yes,1050.0,10317.0,51.53,299.55,4973.0,4973.0,3305.0,3305.0,1.156,25-54,no,no,no,Reached shelter
Site 1908,B_placement_optimized,42,25-178902,OPT2,yes,1050.0,17836.0,51.53,299.55,4973.0,4973.0,3487.0,3487.0,1.14,55-69,no,no,no,Reached shelter
Site 2034,B_placement_optimized,42,25-179173,OPT2,yes,1050.0,11514.0,51.53,299.55,4973.0,4973.0,3336.0,3336.0,1.144,25-54,no,yes,no,Reached shelter
Site 29,B_placement_optimized,42,26-119671,OPT2,yes,1051.0,11160.0,51.57,299.55,4978.0,4978.0,3338.0,3338.0,1.12,25-54,no,no,no,Reached shelter
Site 81,B_placement_optimized,42,25-167871,OPT2,yes,1051.0,14973.0,51.57,299.55,4978.0,4978.0,3433.0,3433.0,1.114,25-54,no,no,no,Reached shelter
Site 126,B_placement_optimized,42,25-179126,OPT2,yes,1051.0,13573.0,51.57,299.55,4978.0,4978.0,3404.0,3404.0,1.099,55-69,no,no,yes,Reached shelter
Site 163,B_placement_optimized,42,25-201523,OPT2,yes,1051.0,13584.0,51.57,299.55,4978.0,4978.0,3400.0,3400.0,1.109,25-54,yes,no,no,Reached shelter
Site 260,B_placement_optimized,42,25-156456,OPT2,yes,1051.0,10021.0,51.57,299.55,4978.0,4978.0,3312.0,3312.0,1.113,25-54,no,no,yes,Reached shelter
Site 278,B_placement_optimized,42,26-119703,OPT2,yes,1051.0,13227.0,51.57,299.55,4978.0,4978.0,3394.0,3394.0,1.104,55-69,no,no,no,Reached shelter
Site 347,B_placement_optimized,42,25-156177,OPT2,yes,1051.0,10637.0,51.57,299.55,4978.0,4978.0,3329.0,3329.0,1.104,25-54,yes,no,no,Reached shelter
Site 359,B_placement_optimized,42,26-140252,OPT2,yes,1051.0,14220.0,51.57,299.55,4978.0,4978.0,3422.0,3422.0,1.091,25-54,no,no,yes,Reached shelter
Site 365,B_placement_optimized,42,25-167646,OPT2,yes,1051.0,15238.0,51.57,299.55,4978.0,4978.0,3441.0,3441.0,1.107,25-54,no,no,no,Reached shelter
Site 375,B_placement_optimized,42,26-150042,OPT2,yes,1051.0,14708.0,51.57,299.55,4978.0,4978.0,3430.0,3430.0,1.104,18-24,no,no,no,Reached shelter
Site 584,B_placement_optimized,42,25-212022,OPT2,yes,1051.0,11779.0,51.57,299.55,4978.0,4978.0,3355.0,3355.0,1.117,25-54,no,no,no,Reached shelter
Site 711,B_placement_optimized,42,25-112611,OPT2,yes,1051.0,12061.0,51.57,299.55,4978.0,4978.0,3360.0,3360.0,1.124,25-54,no,no,yes,Reached shelter
Site 795,B_placement_optimized,42,25-222069,OPT2,yes,1051.0,11416.0,51.57,299.55,4978.0,4978.0,3345.0,3345.0,1.123,25-54,no,no,yes,Reached shelter
Site 843,B_placement_optimized,42,26-119679,OPT2,yes,1051.0,14003.0,51.57,299.55,4978.0,4978.0,3407.0,3407.0,1.122,25-54,yes,no,no,Reached shelter
Site 900,B_placement_optimized,42,25-212244,OPT2,yes,1051.0,16949.0,51.57,299.55,4978.0,4978.0,3479.0,3479.0,1.124,25-54,no,yes,no,Reached shelter
Site 979,B_placement_optimized,42,26-140592,OPT2,yes,1051.0,11310.0,51.57,299.55,4978.0,4978.0,3347.0,3347.0,1.099,25-54,no,yes,no,Reached shelter
Site 1022,B_placement_optimized,42,26-109381,OPT2,yes,1051.0,14634.0,51.57,299.55,4978.0,4978.0,3425.0,3425.0,1.113,25-54,no,no,yes,Reached shelter
Site 1031,B_placement_optimized,42,25-222121,OPT2,yes,1051.0,12102.0,51.57,299.55,4978.0,4978.0,3363.0,3363.0,1.113,25-54,no,no,yes,Reached shelter
Site 1064,B_placement_optimized,42,26-129901,OPT2,yes,1051.0,11582.0,51.57,299.55,4978.0,4978.0,3350.0,3350.0,1.114,55-69,no,no,no,Reached shelter
Site 1072,B_placement_optimized,42,25-190714,OPT2,yes,1051.0,11839.0,51.57,299.55,4978.0,4978.0,3358.0,3358.0,1.112,55-69,no,no,no,Reached shelter
Site 1115,B_placement_optimized,42,26-109465,OPT2,yes,1051.0,15258.0,51.57,299.55,4978.0,4978.0,3440.0,3440.0,1.115,55-69,no,no,yes,Reached shelter
Site 1135,B_placement_optimized,42,25-145247,OPT2,yes,1051.0,11505.0,51.57,299.55,4978.0,4978.0,3351.0,3351.0,1.097,25-54,no,no,no,Reached shelter
Site 1137,B_placement_optimized,42,26-109325,OPT2,yes,1051.0,17419.0,51.57,299.55,4978.0,4978.0,3495.0,3495.0,1.106,25-54,no,no,no,Reached shelter
Site 1243,B_placement_optimized,42,26-149788,OPT2,yes,1051.0,17119.0,51.57,299.55,4978.0,4978.0,3482.0,3482.0,1.126,55-69,no,no,no,Reached shelter
Site 1333,B_placement_optimized,42,26-129932,OPT2,yes,1051.0,8944.0,51.57,299.55,4978.0,4978.0,3296.0,3296.0,1.1,55-69,yes,no,no,Reached shelter
Site 1383,B_placement_optimized,42,25-156665,OPT2,yes,1051.0,13123.0,51.57,299.55,4978.0,4978.0,3386.0,3386.0,1.124,55-69,no,yes,no,Reached shelter
Site 1385,B_placement_optimized,42,25-212475,OPT2,yes,1051.0,11736.0,51.57,299.55,4978.0,4978.0,3353.0,3353.0,1.119,25-54,no,no,no,Reached shelter
Site 1411,B_placement_optimized,42,26-129767,OPT2,yes,1051.0,12696.0,51.57,299.55,4978.0,4978.0,3381.0,3381.0,1.101,25-54,yes,yes,yes,Reached shelter
Site 1412,B_placement_optimized,42,26-119597,OPT2,yes,1051.0,12665.0,51.57,299.55,4978.0,4978.0,3376.0,3376.0,1.121,25-54,yes,no,no,Reached shelter
Site 1416,B_placement_optimized,42,25-123716,OPT2,yes,1051.0,15264.0,51.57,299.55,4978.0,4978.0,3443.0,3443.0,1.108,55-69,yes,no,no,Reached shelter
Site 1420,B_placement_optimized,42,25-212382,OPT2,yes,1051.0,17300.0,51.57,299.55,4978.0,4978.0,3488.0,3488.0,1.117,25-54,no,no,yes,Reached shelter
Site 1421,B_placement_optimized,42,25-156415,OPT2,yes,1051.0,10600.0,51.57,299.55,4978.0,4978.0,3325.0,3325.0,1.121,25-54,no,no,no,Reached shelter
Site 1543,B_placement_optimized,42,25-212352,OPT2,yes,1051.0,8890.0,51.57,299.55,4978.0,4978.0,3294.0,3294.0,1.106,55-69,no,no,no,Reached shelter
Site 1575,B_placement_optimized,42,25-190557,OPT2,yes,1051.0,10273.0,51.57,299.55,4978.0,4978.0,3317.0,3317.0,1.124,25-54,no,no,yes,Reached shelter
Site 1604,B_placement_optimized,42,25-124021,OPT2,yes,1051.0,10828.0,51.57,299.55,4978.0,4978.0,3335.0,3335.0,1.097,25-54,no,no,no,Reached shelter
Site 1713,B_placement_optimized,42,25-221864,OPT2,yes,1051.0,13539.0,51.57,299.55,4978.0,4978.0,3396.0,3396.0,1.124,25-54,no,no,no,Reached shelter
Site 1734,B_placement_optimized,42,25-222129,OPT2,yes,1051.0,10128.0,51.57,299.55,4978.0,4978.0,3317.0,3317.0,1.106,18-24,no,no,yes,Reached shelter
Site 1834,B_placement_optimized,42,25-145052,OPT2,yes,1051.0,14234.0,51.57,299.55,4978.0,4978.0,3420.0,3420.0,1.098,55-69,yes,no,no,Reached shelter
Site 1959,B_placement_optimized,42,25-190434,OPT2,yes,1051.0,10814.0,51.57,299.55,4978.0,4978.0,3332.0,3332.0,1.114,55-69,no,no,no,Reached shelter
Site 1984,B_placement_optimized,42,25-102187,OPT2,yes,1051.0,11138.0,51.57,299.55,4978.0,4978.0,3340.0,3340.0,1.114,25-54,no,yes,no,Reached shelter
Site 1999,B_placement_optimized,42,25-112658,OPT2,yes,1051.0,8958.0,51.57,299.55,4978.0,4978.0,3294.0,3294.0,1.118,25-54,yes,no,no,Reached shelter
Site 2022,B_placement_optimized,42,25-145414,OPT2,yes,1051.0,13501.0,51.57,299.55,4978.0,4978.0,3396.0,3396.0,1.124,25-54,no,no,no,Reached shelter
Site 12,B_placement_optimized,42,25-212228,OPT2,yes,1052.0,17030.0,51.61,299.55,4982.0,4982.0,3501.0,3501.0,1.087,55-69,yes,no,no,Reached shelter
Site 98,B_placement_optimized,42,25-156580,OPT2,yes,1052.0,10152.0,51.61,299.55,4982.0,4982.0,3331.0,3331.0,1.073,25-54,no,yes,no,Reached shelter
Site 354,B_placement_optimized,42,26-129860,OPT2,yes,1052.0,12734.0,51.61,299.55,4982.0,4982.0,3398.0,3398.0,1.064,55-69,no,no,no,Reached shelter
Site 421,B_placement_optimized,42,25-167960,OPT2,yes,1052.0,13481.0,51.61,299.55,4982.0,4982.0,3418.0,3418.0,1.061,55-69,no,yes,no,Reached shelter
Site 429,B_placement_optimized,42,25-134671,OPT2,yes,1052.0,14840.0,51.61,299.55,4982.0,4982.0,3447.0,3447.0,1.08,25-54,no,no,yes,Reached shelter
Site 445,B_placement_optimized,42,25-167919,OPT2,yes,1052.0,13334.0,51.61,299.55,4982.0,4982.0,3415.0,3415.0,1.063,55-69,no,yes,yes,Reached shelter
Site 454,B_placement_optimized,42,25-145422,OPT2,yes,1052.0,8547.0,51.61,299.55,4982.0,4982.0,3299.0,3299.0,1.079,25-54,yes,no,no,Reached shelter
Site 791,B_placement_optimized,42,25-134687,OPT2,yes,1052.0,10313.0,51.61,299.55,4982.0,4982.0,3338.0,3338.0,1.06,25-54,no,no,yes,Reached shelter
Site 996,B_placement_optimized,42,25-190690,OPT2,yes,1052.0,13217.0,51.61,299.55,4982.0,4982.0,3411.0,3411.0,1.065,25-54,yes,no,no,Reached shelter
Site 1054,B_placement_optimized,42,26-119601,OPT2,yes,1052.0,11299.0,51.61,299.55,4982.0,4982.0,3359.0,3359.0,1.074,18-24,no,no,no,Reached shelter
Site 1113,B_placement_optimized,42,26-149805,OPT2,yes,1052.0,14766.0,51.61,299.55,4982.0,4982.0,3446.0,3446.0,1.08,55-69,yes,no,no,Reached shelter
Site 1128,B_placement_optimized,42,25-167889,OPT2,yes,1052.0,14198.0,51.61,299.55,4982.0,4982.0,3429.0,3429.0,1.089,25-54,no,no,no,Reached shelter
Site 1174,B_placement_optimized,42,26-109700,OPT2,yes,1052.0,15167.0,51.61,299.55,4982.0,4982.0,3460.0,3460.0,1.064,25-54,no,no,yes,Reached shelter
Site 1263,B_placement_optimized,42,25-222172,OPT2,yes,1052.0,16214.0,51.61,299.55,4982.0,4982.0,3481.0,3481.0,1.084,25-54,no,yes,no,Reached shelter
Site 1274,B_placement_optimized,42,25-167919,OPT2,yes,1052.0,13334.0,51.61,299.55,4982.0,4982.0,3408.0,3408.0,1.084,25-54,no,yes,yes,Reached shelter
Site 1461,B_placement_optimized,42,25-201288,OPT2,yes,1052.0,15371.0,51.61,299.55,4982.0,4982.0,3459.0,3459.0,1.087,25-54,yes,no,no,Reached shelter
Site 1569,B_placement_optimized,42,25-179015,OPT2,yes,1052.0,13166.0,51.61,299.55,4982.0,4982.0,3408.0,3408.0,1.069,25-54,yes,yes,no,Reached shelter
Site 1642,B_placement_optimized,42,25-156240,OPT2,yes,1052.0,11808.0,51.61,299.55,4982.0,4982.0,3376.0,3376.0,1.061,25-54,no,no,yes,Reached shelter
Site 1658,B_placement_optimized,42,25-156246,OPT2,yes,1052.0,13390.0,51.61,299.55,4982.0,4982.0,3411.0,3411.0,1.081,25-54,no,no,no,Reached shelter
Site 1683,B_placement_optimized,42,26-109390,OPT2,yes,1052.0,12824.0,51.61,299.55,4982.0,4982.0,3398.0,3398.0,1.076,55-69,no,yes,no,Reached shelter
Site 1706,B_placement_optimized,42,25-201282,OPT2,yes,1052.0,12648.0,51.61,299.55,4982.0,4982.0,3393.0,3393.0,1.073,55-69,yes,no,no,Reached shelter
Site 2001,B_placement_optimized,42,25-134500,OPT2,yes,1052.0,10811.0,51.61,299.55,4982.0,4982.0,3345.0,3345.0,1.086,25-54,no,no,no,Reached shelter
Site 20,B_placement_optimized,42,25-221906,OPT2,yes,1053.0,12542.0,51.65,299.55,4987.0,4987.0,3403.0,3403.0,1.057,25-54,no,yes,no,Reached shelter
Site 56,B_placement_optimized,42,25-102451,OPT2,yes,1053.0,8968.0,51.65,299.55,4987.0,4987.0,3320.0,3320.0,1.031,25-54,no,no,no,Reached shelter
Site 62,B_placement_optimized,42,26-109531,OPT2,yes,1053.0,12946.0,51.65,299.55,4987.0,4987.0,3419.0,3419.0,1.039,25-54,yes,no,no,Reached shelter
Site 162,B_placement_optimized,42,26-119591,OPT2,yes,1053.0,17573.0,51.65,299.55,4987.0,4987.0,3536.0,3536.0,1.048,25-54,yes,yes,no,Reached shelter
Site 187,B_placement_optimized,42,25-112668,OPT2,yes,1053.0,13526.0,51.65,299.55,4987.0,4987.0,3431.0,3431.0,1.048,18-24,no,no,no,Reached shelter
Site 189,B_placement_optimized,42,26-109395,OPT2,yes,1053.0,11911.0,51.65,299.55,4987.0,4987.0,3393.0,3393.0,1.033,25-54,no,no,no,Reached shelter
Site 396,B_placement_optimized,42,25-201728,OPT2,yes,1053.0,13133.0,51.65,299.55,4987.0,4987.0,3422.0,3422.0,1.04,25-54,no,no,yes,Reached shelter
Site 436,B_placement_optimized,42,26-130051,OPT2,yes,1053.0,17828.0,51.65,299.55,4987.0,4987.0,3539.0,3539.0,1.053,25-54,yes,no,no,Reached shelter
Site 522,B_placement_optimized,42,25-190660,OPT2,yes,1053.0,11834.0,51.65,299.55,4987.0,4987.0,3387.0,3387.0,1.052,55-69,yes,no,no,Reached shelter
Site 539,B_placement_optimized,42,25-112880,OPT2,yes,1053.0,11894.0,51.65,299.55,4987.0,4987.0,3390.0,3390.0,1.044,55-69,yes,yes,no,Reached shelter
Site 611,B_placement_optimized,42,25-190723,OPT2,yes,1053.0,15820.0,51.65,299.55,4987.0,4987.0,3491.0,3491.0,1.048,25-54,no,no,yes,Reached shelter
Site 888,B_placement_optimized,42,25-134398,OPT2,yes,1053.0,13696.0,51.65,299.55,4987.0,4987.0,3434.0,3434.0,1.056,25-54,yes,no,yes,Reached shelter
Site 1069,B_placement_optimized,42,25-112687,OPT2,yes,1053.0,15396.0,51.65,299.55,4987.0,4987.0,3486.0,3486.0,1.028,25-54,no,yes,no,Reached shelter
Site 1099,B_placement_optimized,42,25-167550,OPT2,yes,1053.0,14437.0,51.65,299.55,4987.0,4987.0,3455.0,3455.0,1.048,25-54,no,yes,yes,Reached shelter
Site 1100,B_placement_optimized,42,25-179302,OPT2,yes,1053.0,14654.0,51.65,299.55,4987.0,4987.0,3463.0,3463.0,1.038,25-54,yes,no,yes,Reached shelter
Site 1165,B_placement_optimized,42,26-150103,OPT2,yes,1053.0,10157.0,51.65,299.55,4987.0,4987.0,3347.0,3347.0,1.028,25-54,no,no,no,Reached shelter
Site 1219,B_placement_optimized,42,26-109329,OPT2,yes,1053.0,13356.0,51.65,299.55,4987.0,4987.0,3426.0,3426.0,1.05,25-54,yes,yes,no,Reached shelter
Site 1235,B_placement_optimized,42,26-109640,OPT2,yes,1053.0,10282.0,51.65,299.55,4987.0,4987.0,3351.0,3351.0,1.027,25-54,yes,no,no,Reached shelter
Site 1419,B_placement_optimized,42,25-190676,OPT2,yes,1053.0,14095.0,51.65,299.55,4987.0,4987.0,3450.0,3450.0,1.035,18-24,no,no,no,Reached shelter
Site 1444,B_placement_optimized,42,25-156562,OPT2,yes,1053.0,10314.0,51.65,299.55,4987.0,4987.0,3349.0,3349.0,1.039,55-69,yes,yes,no,Reached shelter
Site 1494,B_placement_optimized,42,26-109423,OPT2,yes,1053.0,8798.0,51.65,299.55,4987.0,4987.0,3317.0,3317.0,1.029,18-24,no,no,no,Reached shelter
Site 1689,B_placement_optimized,42,25-212265,OPT2,yes,1053.0,8596.0,51.65,299.55,4987.0,4987.0,3312.0,3312.0,1.032,70+,no,no,no,Reached shelter
Site 1693,B_placement_optimized,42,25-212146,OPT2,yes,1053.0,12142.0,51.65,299.55,4987.0,4987.0,3395.0,3395.0,1.053,25-54,no,yes,no,Reached shelter
Site 1771,B_placement_optimized,42,25-112831,OPT2,yes,1053.0,11745.0,51.65,299.55,4987.0,4987.0,3387.0,3387.0,1.04,25-54,no,no,yes,Reached shelter
Site 1846,B_placement_optimized,42,26-109444,OPT2,yes,1053.0,12881.0,51.65,299.55,4987.0,4987.0,3418.0,3418.0,1.039,25-54,no,no,yes,Reached shelter
Site 1848,B_placement_optimized,42,26-119761,OPT2,yes,1053.0,10283.0,51.65,299.55,4987.0,4987.0,3347.0,3347.0,1.048,55-69,no,no,yes,Reached shelter
Site 1866,B_placement_optimized,42,26-129725,OPT2,yes,1053.0,9816.0,51.65,299.55,4987.0,4987.0,3338.0,3338.0,1.031,55-69,yes,no,no,Reached shelter
Site 1989,B_placement_optimized,42,26-109741,OPT2,yes,1053.0,15462.0,51.65,299.55,4987.0,4987.0,3479.0,3479.0,1.054,25-54,yes,no,no,Reached shelter
Site 2025,B_placement_optimized,42,25-123654,OPT2,yes,1053.0,11077.0,51.65,299.55,4987.0,4987.0,3367.0,3367.0,1.054,55-69,yes,no,no,Reached shelter
Site 77,B_placement_optimized,42,25-222270,OPT2,yes,1054.0,13248.0,51.69,299.55,4992.0,4992.0,3442.0,3442.0,1.011,25-54,yes,no,no,Reached shelter
Site 152,B_placement_optimized,42,25-212224,OPT2,yes,1054.0,11762.0,51.69,299.55,4992.0,4992.0,3406.0,3406.0,0.998,25-54,yes,no,no,Reached shelter
Site 324,B_placement_optimized,42,25-102178,OPT2,yes,1054.0,13157.0,51.69,299.55,4992.0,4992.0,3438.0,3438.0,1.014,25-54,yes,no,no,Reached shelter
Site 559,B_placement_optimized,42,25-156121,OPT2,yes,1054.0,13620.0,51.69,299.55,4992.0,4992.0,3450.0,3450.0,1.017,55-69,no,no,yes,Reached shelter
Site 564,B_placement_optimized,42,26-149962,OPT2,yes,1054.0,15416.0,51.69,299.55,4992.0,4992.0,3502.0,3502.0,1.005,25-54,no,no,yes,Reached shelter
Site 618,B_placement_optimized,42,26-119740,OPT2,yes,1054.0,11919.0,51.69,299.55,4992.0,4992.0,3406.0,3406.0,1.012,18-24,yes,no,no,Reached shelter
Site 641,B_placement_optimized,42,25-156310,OPT2,yes,1054.0,12978.0,51.69,299.55,4992.0,4992.0,3435.0,3435.0,1.012,55-69,no,no,yes,Reached shelter
Site 668,B_placement_optimized,42,25-145505,OPT2,yes,1054.0,16597.0,51.69,299.55,4992.0,4992.0,3526.0,3526.0,1.026,25-54,no,no,no,Reached shelter
Site 688,B_placement_optimized,42,25-134392,OPT2,yes,1054.0,13403.0,51.69,299.55,4992.0,4992.0,3446.0,3446.0,1.012,25-54,no,no,no,Reached shelter
Site 719,B_placement_optimized,42,25-167543,OPT2,yes,1054.0,15181.0,51.69,299.55,4992.0,4992.0,3495.0,3495.0,1.006,25-54,no,no,yes,Reached shelter
Site 768,B_placement_optimized,42,25-201260,OPT2,yes,1054.0,8660.0,51.69,299.55,4992.0,4992.0,3325.0,3325.0,0.999,25-54,no,no,no,Reached shelter
Site 880,B_placement_optimized,42,25-190594,OPT2,yes,1054.0,15232.0,51.69,299.55,4992.0,4992.0,3499.0,3499.0,1.004,25-54,yes,no,no,Reached shelter
Site 968,B_placement_optimized,42,25-156131,OPT2,yes,1054.0,14415.0,51.69,299.55,4992.0,4992.0,3476.0,3476.0,1.003,25-54,yes,no,no,Reached shelter
Site 1097,B_placement_optimized,42,25-102237,OPT2,yes,1054.0,13644.0,51.69,299.55,4992.0,4992.0,3450.0,3450.0,1.02,25-54,yes,no,no,Reached shelter
Site 1282,B_placement_optimized,42,26-119503,OPT2,yes,1054.0,12087.0,51.69,299.55,4992.0,4992.0,3411.0,3411.0,1.011,55-69,no,yes,no,Reached shelter
Site 1285,B_placement_optimized,42,26-140253,OPT2,yes,1054.0,10220.0,51.69,299.55,4992.0,4992.0,3363.0,3363.0,0.997,25-54,yes,no,no,Reached shelter
Site 1290,B_placement_optimized,42,25-222185,OPT2,yes,1054.0,15782.0,51.69,299.55,4992.0,4992.0,3505.0,3505.0,1.024,18-24,no,no,no,Reached shelter
Site 1306,B_placement_optimized,42,25-156655,OPT2,yes,1054.0,13505.0,51.69,299.55,4992.0,4992.0,3448.0,3448.0,1.015,25-54,yes,no,no,Reached shelter
Site 1346,B_placement_optimized,42,25-112876,OPT2,yes,1054.0,12986.0,51.69,299.55,4992.0,4992.0,3432.0,3432.0,1.025,25-54,no,no,no,Reached shelter
Site 1465,B_placement_optimized,42,25-102255,OPT2,yes,1054.0,9201.0,51.69,299.55,4992.0,4992.0,3332.0,3332.0,1.023,55-69,no,no,no,Reached shelter
Site 1551,B_placement_optimized,42,25-178825,OPT2,yes,1054.0,18598.0,51.69,299.55,4992.0,4992.0,3588.0,3588.0,1.004,25-54,yes,yes,no,Reached shelter
Site 1728,B_placement_optimized,42,25-178884,OPT2,yes,1054.0,13564.0,51.69,299.55,4992.0,4992.0,3451.0,3451.0,1.008,25-54,yes,no,yes,Reached shelter
Site 1754,B_placement_optimized,42,25-134545,OPT2,yes,1054.0,15601.0,51.69,299.55,4992.0,4992.0,3503.0,3503.0,1.016,25-54,yes,no,no,Reached shelter
Site 1759,B_placement_optimized,42,25-156585,OPT2,yes,1054.0,8417.0,51.69,299.55,4992.0,4992.0,3320.0,3320.0,1.004,25-54,yes,no,no,Reached shelter
Site 1856,B_placement_optimized,42,26-109567,OPT2,yes,1054.0,15233.0,51.69,299.55,4992.0,4992.0,3500.0,3500.0,0.998,25-54,no,no,no,Reached shelter
Site 1892,B_placement_optimized,42,26-109341,OPT2,yes,1054.0,10700.0,51.69,299.55,4992.0,4992.0,3373.0,3373.0,1.01,25-54,no,no,no,Reached shelter
Site 46,B_placement_optimized,42,25-190456,OPT2,yes,1055.0,10162.0,51.73,299.55,4997.0,4997.0,3371.0,3371.0,0.993,18-24,no,no,yes,Reached shelter
Site 137,B_placement_optimized,42,25-156373,OPT2,yes,1055.0,15639.0,51.73,299.55,4997.0,4997.0,3523.0,3523.0,0.99,25-54,no,no,no,Reached shelter
Site 218,B_placement_optimized,42,25-221963,OPT2,yes,1055.0,8163.0,51.73,299.55,4997.0,4997.0,3325.0,3325.0,0.989,25-54,yes,no,no,Reached shelter
Site 334,B_placement_optimized,42,25-112650,OPT2,yes,1055.0,14491.0,51.73,299.55,4997.0,4997.0,3495.0,3495.0,0.977,55-69,no,no,yes,Reached shelter
Site 390,B_placement_optimized,42,25-134314,OPT2,yes,1055.0,12127.0,51.73,299.55,4997.0,4997.0,3426.0,3426.0,0.988,25-54,no,no,yes,Reached shelter
Site 542,B_placement_optimized,42,25-190528,OPT2,yes,1055.0,14892.0,51.73,299.55,4997.0,4997.0,3500.0,3500.0,0.993,18-24,yes,no,no,Reached shelter
Site 1142,B_placement_optimized,42,25-212366,OPT2,yes,1055.0,15935.0,51.73,299.55,4997.0,4997.0,3534.0,3534.0,0.981,25-54,yes,no,no,Reached shelter
Site 1166,B_placement_optimized,42,25-145039,OPT2,yes,1055.0,11722.0,51.73,299.55,4997.0,4997.0,3418.0,3418.0,0.975,25-54,no,no,no,Reached shelter
Site 1267,B_placement_optimized,42,25-190387,OPT2,yes,1055.0,12054.0,51.73,299.55,4997.0,4997.0,3422.0,3422.0,0.997,25-54,no,no,yes,Reached shelter
Site 1381,B_placement_optimized,42,25-212424,OPT2,yes,1055.0,9310.0,51.73,299.55,4997.0,4997.0,3350.0,3350.0,0.979,25-54,no,no,no,Reached shelter
Site 1467,B_placement_optimized,42,26-109422,OPT2,yes,1055.0,8424.0,51.73,299.55,4997.0,4997.0,3331.0,3331.0,0.978,55-69,yes,no,no,Reached shelter
Site 1499,B_placement_optimized,42,25-123779,OPT2,yes,1055.0,16269.0,51.73,299.55,4997.0,4997.0,3547.0,3547.0,0.972,55-69,no,no,yes,Reached shelter
Site 1510,B_placement_optimized,42,25-167674,OPT2,yes,1055.0,9514.0,51.73,299.55,4997.0,4997.0,3356.0,3356.0,0.976,25-54,yes,no,no,Reached shelter
Site 1603,B_placement_optimized,42,25-190770,OPT2,yes,1055.0,11308.0,51.73,299.55,4997.0,4997.0,3409.0,3409.0,0.972,70+,no,no,yes,Reached shelter
Site 1692,B_placement_optimized,42,26-140244,OPT2,yes,1055.0,13331.0,51.73,299.55,4997.0,4997.0,3461.0,3461.0,0.983,70+,no,no,no,Reached shelter
Site 1858,B_placement_optimized,42,25-112930,OPT2,yes,1055.0,13217.0,51.73,299.55,4997.0,4997.0,3461.0,3461.0,0.972,25-54,yes,yes,no,Reached shelter
Site 124,B_placement_optimized,42,26-149957,OPT2,yes,1056.0,10459.0,51.77,299.55,5001.0,5001.0,3395.0,3395.0,0.961,18-24,no,no,yes,Reached shelter
Site 732,B_placement_optimized,42,26-129836,OPT2,yes,1056.0,9180.0,51.77,299.55,5001.0,5001.0,3359.0,3359.0,0.955,70+,yes,no,yes,Reached shelter
Site 855,B_placement_optimized,42,25-212229,OPT2,yes,1056.0,8001.0,51.77,299.55,5001.0,5001.0,3335.0,3335.0,0.946,18-24,yes,no,no,Reached shelter
Site 944,B_placement_optimized,42,26-140587,OPT2,yes,1056.0,8314.0,51.77,299.55,5001.0,5001.0,3340.0,3340.0,0.952,25-54,yes,yes,no,Reached shelter
Site 1145,B_placement_optimized,42,25-145493,OPT2,yes,1056.0,14716.0,51.77,299.55,5001.0,5001.0,3521.0,3521.0,0.947,25-54,yes,no,no,Reached shelter
Site 1188,B_placement_optimized,42,26-129946,OPT2,yes,1056.0,16858.0,51.77,299.55,5001.0,5001.0,3580.0,3580.0,0.95,25-54,yes,no,no,Reached shelter
Site 1709,B_placement_optimized,42,25-113003,OPT2,yes,1056.0,8467.0,51.77,299.55,5001.0,5001.0,3341.0,3341.0,0.966,55-69,no,yes,yes,Reached shelter
Site 1,B_placement_optimized,42,25-222229,OPT2,yes,1057.0,15932.0,51.81,299.55,5006.0,5006.0,3570.0,3570.0,0.927,25-54,yes,no,no,Reached shelter
Site 51,B_placement_optimized,42,26-119730,OPT2,yes,1057.0,16076.0,51.81,299.55,5006.0,5006.0,3569.0,3569.0,0.941,25-54,yes,no,no,Reached shelter
Site 105,B_placement_optimized,42,25-112633,OPT2,yes,1057.0,15784.0,51.81,299.55,5006.0,5006.0,3569.0,3569.0,0.92,25-54,yes,no,no,Reached shelter
Site 146,B_placement_optimized,42,25-145420,OPT2,yes,1057.0,9699.0,51.81,299.55,5006.0,5006.0,3390.0,3390.0,0.924,25-54,yes,no,no,Reached shelter
Site 348,B_placement_optimized,42,25-201643,OPT2,yes,1057.0,8934.0,51.81,299.55,5006.0,5006.0,3364.0,3364.0,0.936,55-69,yes,no,no,Reached shelter
Site 364,B_placement_optimized,42,25-222160,OPT2,yes,1057.0,11978.0,51.81,299.55,5006.0,5006.0,3453.0,3453.0,0.931,25-54,no,no,no,Reached shelter
Site 544,B_placement_optimized,42,25-145247,OPT2,yes,1057.0,11505.0,51.81,299.55,5006.0,5006.0,3439.0,3439.0,0.937,25-54,yes,no,no,Reached shelter
Site 875,B_placement_optimized,42,26-109509,OPT2,yes,1057.0,10450.0,51.81,299.55,5006.0,5006.0,3411.0,3411.0,0.928,25-54,no,no,no,Reached shelter
Site 915,B_placement_optimized,42,25-201675,OPT2,yes,1057.0,12523.0,51.81,299.55,5006.0,5006.0,3470.0,3470.0,0.93,55-69,yes,yes,no,Reached shelter
Site 938,B_placement_optimized,42,25-222008,OPT2,yes,1057.0,12000.0,51.81,299.55,5006.0,5006.0,3455.0,3455.0,0.93,25-54,yes,no,no,Reached shelter
Site 1152,B_placement_optimized,42,25-145052,OPT2,yes,1057.0,14234.0,51.81,299.55,5006.0,5006.0,3520.0,3520.0,0.931,25-54,yes,no,no,Reached shelter
Site 1181,B_placement_optimized,42,25-212239,OPT2,yes,1057.0,14420.0,51.81,299.55,5006.0,5006.0,3527.0,3527.0,0.928,55-69,no,no,yes,Reached shelter
Site 1238,B_placement_optimized,42,26-140165,OPT2,yes,1057.0,12600.0,51.81,299.55,5006.0,5006.0,3470.0,3470.0,0.939,55-69,yes,yes,no,Reached shelter
Site 1571,B_placement_optimized,42,25-201378,OPT2,yes,1057.0,12010.0,51.81,299.55,5006.0,5006.0,3453.0,3453.0,0.938,55-69,yes,no,no,Reached shelter
Site 1673,B_placement_optimized,42,25-145458,OPT2,yes,1057.0,16700.0,51.81,299.55,5006.0,5006.0,3593.0,3593.0,0.927,25-54,yes,no,no,Reached shelter
Site 614,B_placement_optimized,42,26-140115,OPT2,yes,1058.0,11286.0,51.86,299.55,5011.0,5011.0,3446.0,3446.0,0.913,25-54,no,yes,yes,Reached shelter
Site 1000,B_placement_optimized,42,26-140454,OPT2,yes,1058.0,16573.0,51.86,299.55,5011.0,5011.0,3610.0,3610.0,0.9,55-69,no,no,no,Reached shelter
Site 1020,B_placement_optimized,42,25-102165,OPT2,yes,1058.0,12673.0,51.86,299.55,5011.0,5011.0,3495.0,3495.0,0.895,55-69,yes,no,no,Reached shelter
Site 1220,B_placement_optimized,42,25-167573,OPT2,yes,1058.0,14379.0,51.86,299.55,5011.0,5011.0,3544.0,3544.0,0.901,25-54,yes,no,no,Reached shelter
Site 1308,B_placement_optimized,42,25-201707,OPT2,yes,1058.0,10255.0,51.86,299.55,5011.0,5011.0,3415.0,3415.0,0.914,55-69,no,no,no,Reached shelter
Site 96,B_placement_optimized,42,25-123987,OPT2,yes,1059.0,8027.0,51.9,299.55,5016.0,5016.0,3366.0,3366.0,0.889,25-54,yes,no,no,Reached shelter
Site 838,B_placement_optimized,42,25-222072,OPT2,yes,1059.0,14875.0,51.9,299.55,5016.0,5016.0,3571.0,3571.0,0.89,25-54,yes,no,no,Reached shelter
Site 1323,B_placement_optimized,42,25-201496,OPT2,yes,1059.0,12493.0,51.9,299.55,5016.0,5016.0,3501.0,3501.0,0.884,25-54,yes,no,yes,Reached shelter
Site 1607,B_placement_optimized,42,25-167857,OPT2,yes,1059.0,11715.0,51.9,299.55,5016.0,5016.0,3475.0,3475.0,0.89,25-54,yes,no,no,Reached shelter
Site 150,B_placement_optimized,42,26-140165,OPT2,yes,1060.0,12600.0,51.94,299.55,5020.0,5020.0,3519.0,3519.0,0.866,25-54,yes,no,yes,Reached shelter
Site 299,B_placement_optimized,42,25-134347,OPT2,yes,1060.0,15003.0,51.94,299.55,5020.0,5020.0,3597.0,3597.0,0.858,25-54,no,no,no,Reached shelter
Site 387,B_placement_optimized,42,25-123717,OPT2,yes,1060.0,8212.0,51.94,299.55,5020.0,5020.0,3382.0,3382.0,0.861,55-69,yes,yes,no,Reached shelter
Site 389,B_placement_optimized,42,25-145107,OPT2,yes,1060.0,13493.0,51.94,299.55,5020.0,5020.0,3545.0,3545.0,0.87,25-54,yes,no,no,Reached shelter
Site 442,B_placement_optimized,42,26-130249,OPT2,yes,1060.0,7428.0,51.94,299.55,5020.0,5020.0,3364.0,3364.0,0.866,55-69,yes,yes,no,Reached shelter
Site 1257,B_placement_optimized,42,25-178800,OPT2,yes,1060.0,10865.0,51.94,299.55,5020.0,5020.0,3467.0,3467.0,0.857,25-54,no,no,no,Reached shelter
Site 1536,B_placement_optimized,42,25-222243,OPT2,yes,1060.0,12184.0,51.94,299.55,5020.0,5020.0,3508.0,3508.0,0.861,25-54,yes,no,no,Reached shelter
Site 1561,B_placement_optimized,42,25-123753,OPT2,yes,1060.0,9139.0,51.94,299.55,5020.0,5020.0,3413.0,3413.0,0.852,25-54,yes,no,no,Reached shelter
Site 1762,B_placement_optimized,42,25-222243,OPT2,yes,1060.0,12184.0,51.94,299.55,5020.0,5020.0,3504.0,3504.0,0.871,25-54,yes,no,no,Reached shelter
Site 1768,B_placement_optimized,42,25-179240,OPT2,yes,1060.0,12046.0,51.94,299.55,5020.0,5020.0,3504.0,3504.0,0.857,55-69,yes,no,yes,Reached shelter
Site 2006,B_placement_optimized,42,25-102362,OPT2,yes,1060.0,10127.0,51.94,299.55,5020.0,5020.0,3439.0,3439.0,0.87,25-54,yes,no,no,Reached shelter
Site 318,B_placement_optimized,42,25-190505,OPT2,yes,1061.0,14969.0,51.98,299.55,5025.0,5025.0,3612.0,3612.0,0.841,25-54,yes,no,yes,Reached shelter
Site 337,B_placement_optimized,42,26-109595,OPT2,yes,1061.0,16599.0,51.98,299.55,5025.0,5025.0,3662.0,3662.0,0.843,25-54,yes,no,no,Reached shelter
Site 583,B_placement_optimized,42,26-109304,OPT2,yes,1061.0,14634.0,51.98,299.55,5025.0,5025.0,3603.0,3603.0,0.839,25-54,yes,no,no,Reached shelter
Site 634,B_placement_optimized,42,26-130106,OPT2,yes,1061.0,8685.0,51.98,299.55,5025.0,5025.0,3411.0,3411.0,0.834,25-54,yes,no,no,Reached shelter
Site 953,B_placement_optimized,42,26-130115,OPT2,yes,1061.0,11697.0,51.98,299.55,5025.0,5025.0,3505.0,3505.0,0.844,25-54,yes,no,no,Reached shelter
Site 1917,B_placement_optimized,42,25-222244,OPT2,yes,1061.0,16501.0,51.98,299.55,5025.0,5025.0,3663.0,3663.0,0.835,25-54,yes,no,yes,Reached shelter
Site 1958,B_placement_optimized,42,25-156459,OPT2,yes,1061.0,12542.0,51.98,299.55,5025.0,5025.0,3535.0,3535.0,0.839,25-54,yes,yes,no,Reached shelter
Site 225,B_placement_optimized,42,25-212212,OPT2,yes,1062.0,12379.0,52.02,299.55,5030.0,5030.0,3543.0,3543.0,0.825,25-54,yes,no,no,Reached shelter
Site 772,B_placement_optimized,42,26-130200,OPT2,yes,1062.0,12199.0,52.02,299.55,5030.0,5030.0,3543.0,3543.0,0.813,25-54,yes,no,no,Reached shelter
Site 1123,B_placement_optimized,42,25-134314,OPT2,yes,1062.0,12127.0,52.02,299.55,5030.0,5030.0,3533.0,3533.0,0.828,70+,no,no,yes,Reached shelter
Site 1193,B_placement_optimized,42,25-167941,OPT2,yes,1062.0,13420.0,52.02,299.55,5030.0,5030.0,3575.0,3575.0,0.828,25-54,yes,no,yes,Reached shelter
Site 1211,B_placement_optimized,42,26-149816,OPT2,yes,1062.0,13684.0,52.02,299.55,5030.0,5030.0,3590.0,3590.0,0.817,25-54,yes,no,no,Reached shelter
Site 1246,B_placement_optimized,42,25-222241,OPT2,yes,1062.0,19529.0,52.02,299.55,5030.0,5030.0,3798.0,3798.0,0.83,55-69,yes,no,no,Reached shelter
Site 1547,B_placement_optimized,42,26-140418,OPT2,yes,1062.0,9052.0,52.02,299.55,5030.0,5030.0,3437.0,3437.0,0.814,70+,no,yes,no,Reached shelter
Site 1579,B_placement_optimized,42,25-112779,OPT2,yes,1062.0,12297.0,52.02,299.55,5030.0,5030.0,3539.0,3539.0,0.826,25-54,yes,no,no,Reached shelter
Site 10,B_placement_optimized,42,25-178796,OPT2,yes,1063.0,17760.0,52.06,299.55,5035.0,5035.0,3755.0,3755.0,0.801,55-69,yes,no,no,Reached shelter
Site 751,B_placement_optimized,42,26-140585,OPT2,yes,1063.0,11229.0,52.06,299.55,5035.0,5035.0,3524.0,3524.0,0.794,55-69,yes,yes,no,Reached shelter
Site 1025,B_placement_optimized,42,25-167593,OPT2,yes,1063.0,14341.0,52.06,299.55,5035.0,5035.0,3625.0,3625.0,0.806,25-54,yes,no,no,Reached shelter
Site 1078,B_placement_optimized,42,25-212024,OPT2,yes,1064.0,14557.0,52.1,299.55,5040.0,5040.0,3655.0,3655.0,0.776,25-54,yes,no,no,Reached shelter
Site 1204,B_placement_optimized,42,25-102363,OPT2,yes,1064.0,10851.0,52.1,299.55,5040.0,5040.0,3521.0,3521.0,0.792,25-54,yes,no,yes,Reached shelter
Site 1265,B_placement_optimized,42,25-179240,OPT2,yes,1064.0,12046.0,52.1,299.55,5040.0,5040.0,3566.0,3566.0,0.779,25-54,yes,no,no,Reached shelter
Site 379,B_placement_optimized,42,26-140324,OPT2,yes,1065.0,13995.0,52.14,299.55,5044.0,5044.0,3650.0,3650.0,0.765,25-54,yes,no,yes,Reached shelter
Site 467,B_placement_optimized,42,26-130199,OPT2,yes,1065.0,15463.0,52.14,299.55,5044.0,5044.0,3697.0,3697.0,0.771,25-54,yes,no,no,Reached shelter
Site 980,B_placement_optimized,42,25-134313,OPT2,yes,1065.0,15479.0,52.14,299.55,5044.0,5044.0,3696.0,3696.0,0.773,55-69,yes,no,no,Reached shelter
Site 1082,B_placement_optimized,42,25-112526,OPT2,yes,1065.0,15167.0,52.14,299.55,5044.0,5044.0,3686.0,3686.0,0.77,25-54,yes,no,no,Reached shelter
Site 1114,B_placement_optimized,42,25-212270,OPT2,yes,1065.0,8638.0,52.14,299.55,5044.0,5044.0,3458.0,3458.0,0.771,18-24,yes,no,no,Reached shelter
Site 1301,B_placement_optimized,42,26-109640,OPT2,yes,1065.0,10282.0,52.14,299.55,5044.0,5044.0,3517.0,3517.0,0.77,55-69,yes,no,no,Reached shelter
Site 97,B_placement_optimized,42,26-149986,OPT2,yes,1066.0,17912.0,52.18,299.55,5049.0,5049.0,3836.0,3836.0,0.745,25-54,yes,no,no,Reached shelter
Site 179,B_placement_optimized,42,25-179310,OPT2,yes,1066.0,7385.0,52.18,299.55,5049.0,5049.0,3427.0,3427.0,0.753,25-54,yes,yes,no,Reached shelter
Site 1434,B_placement_optimized,42,25-167543,OPT2,yes,1066.0,15181.0,52.18,299.55,5049.0,5049.0,3704.0,3704.0,0.756,70+,yes,no,no,Reached shelter
Site 1595,B_placement_optimized,42,26-130182,OPT2,yes,1066.0,7707.0,52.18,299.55,5049.0,5049.0,3436.0,3436.0,0.756,55-69,no,yes,no,Reached shelter
Site 1623,B_placement_optimized,42,25-134351,OPT2,yes,1066.0,15672.0,52.18,299.55,5049.0,5049.0,3722.0,3722.0,0.754,25-54,yes,no,yes,Reached shelter
Site 279,B_placement_optimized,42,25-221982,OPT2,yes,1067.0,12814.0,52.22,299.55,5054.0,5054.0,3636.0,3636.0,0.739,25-54,yes,no,no,Reached shelter
Site 638,B_placement_optimized,42,26-149635,OPT2,yes,1067.0,11448.0,52.22,299.55,5054.0,5054.0,3589.0,3589.0,0.732,25-54,yes,no,no,Reached shelter
Site 974,B_placement_optimized,42,25-145511,OPT2,yes,1067.0,11816.0,52.22,299.55,5054.0,5054.0,3601.0,3601.0,0.739,55-69,yes,yes,no,Reached shelter
Site 1393,B_placement_optimized,42,25-123722,OPT2,yes,1067.0,10327.0,52.22,299.55,5054.0,5054.0,3547.0,3547.0,0.736,55-69,yes,no,no,Reached shelter
Site 1424,B_placement_optimized,42,26-140164,OPT2,yes,1067.0,12593.0,52.22,299.55,5054.0,5054.0,3630.0,3630.0,0.736,25-54,yes,no,yes,Reached shelter
Site 1711,B_placement_optimized,42,25-221981,OPT2,yes,1067.0,12305.0,52.22,299.55,5054.0,5054.0,3620.0,3620.0,0.735,55-69,yes,yes,no,Reached shelter
Site 1821,B_placement_optimized,42,25-123821,OPT2,yes,1067.0,8607.0,52.22,299.55,5054.0,5054.0,3485.0,3485.0,0.73,55-69,yes,no,no,Reached shelter
Site 277,B_placement_optimized,42,26-109550,OPT2,yes,1068.0,8844.0,52.26,299.55,5059.0,5059.0,3507.0,3507.0,0.714,55-69,yes,no,no,Reached shelter
Site 998,B_placement_optimized,42,25-212525,OPT2,yes,1068.0,9430.0,52.26,299.55,5059.0,5059.0,3529.0,3529.0,0.719,55-69,yes,no,no,Reached shelter
Site 9,B_placement_optimized,42,26-130108,OPT2,yes,1069.0,16083.0,52.3,299.55,5063.0,5063.0,3806.0,3806.0,0.709,25-54,yes,no,yes,Reached shelter
Site 259,B_placement_optimized,42,26-129735,OPT2,yes,1070.0,14957.0,52.34,299.55,5068.0,5068.0,3772.0,3772.0,0.696,25-54,yes,no,no,Reached shelter
Site 1750,B_placement_optimized,42,25-222073,OPT2,yes,1070.0,11359.0,52.34,299.55,5068.0,5068.0,3629.0,3629.0,0.694,55-69,yes,no,no,Reached shelter
Site 570,B_placement_optimized,42,25-112962,OPT2,yes,1071.0,14967.0,52.38,299.55,5073.0,5073.0,3803.0,3803.0,0.672,25-54,yes,no,yes,Reached shelter
Site 1107,B_placement_optimized,42,25-190726,OPT2,yes,1071.0,15576.0,52.38,299.55,5073.0,5073.0,3826.0,3826.0,0.68,25-54,yes,no,no,Reached shelter
Site 1436,B_placement_optimized,42,26-149983,OPT2,yes,1071.0,14161.0,52.38,299.55,5073.0,5073.0,3753.0,3753.0,0.682,18-24,yes,no,no,Reached shelter
Site 1877,B_placement_optimized,42,26-140323,OPT2,yes,1071.0,16374.0,52.38,299.55,5073.0,5073.0,3874.0,3874.0,0.673,25-54,yes,no,no,Reached shelter
Site 168,B_placement_optimized,42,25-145299,OPT2,yes,1072.0,13074.0,52.42,299.55,5078.0,5078.0,3731.0,3731.0,0.662,25-54,yes,no,no,Reached shelter
Site 1131,B_placement_optimized,42,26-149750,OPT2,yes,1072.0,8002.0,52.42,299.55,5078.0,5078.0,3520.0,3520.0,0.671,25-54,yes,no,no,Reached shelter
Site 44,B_placement_optimized,42,26-149705,OPT2,yes,1073.0,10096.0,52.46,299.55,5083.0,5083.0,3619.0,3619.0,0.658,18-24,yes,no,no,Reached shelter
Site 270,B_placement_optimized,42,25-134498,OPT2,yes,1073.0,13852.0,52.46,299.55,5083.0,5083.0,3782.0,3782.0,0.648,25-54,yes,no,no,Reached shelter
Site 616,B_placement_optimized,42,25-190662,OPT2,yes,1073.0,9257.0,52.46,299.55,5083.0,5083.0,3585.0,3585.0,0.657,55-69,yes,yes,no,Reached shelter
Site 202,B_placement_optimized,42,25-145005,OPT2,yes,1074.0,17416.0,52.5,299.55,5087.0,5087.0,4036.0,4036.0,0.641,55-69,yes,no,no,Reached shelter
Site 1471,B_placement_optimized,42,25-201205,OPT2,yes,1074.0,15139.0,52.5,299.55,5087.0,5087.0,3864.0,3864.0,0.644,55-69,yes,no,no,Reached shelter
Site 695,B_placement_optimized,42,25-134524,OPT2,yes,1075.0,19247.0,52.54,299.55,5092.0,5092.0,4293.0,4293.0,0.624,55-69,yes,no,no,Reached shelter
Site 901,B_placement_optimized,42,25-134631,OPT2,yes,1076.0,10342.0,52.58,299.55,5097.0,5097.0,3677.0,3677.0,0.614,70+,yes,no,no,Reached shelter
Site 1899,B_placement_optimized,42,25-134513,OPT2,yes,1079.0,14557.0,52.7,299.55,5111.0,5111.0,3932.0,3932.0,0.591,25-54,yes,yes,no,Reached shelter
Site 7,B_placement_optimized,42,25-145307,OPT2,yes,1080.0,9404.0,52.74,299.55,5116.0,5116.0,3688.0,3688.0,0.577,25-54,yes,yes,no,Reached shelter
Site 19,B_placement_optimized,42,25-123807,OPT2,yes,1080.0,11742.0,52.74,299.55,5116.0,5116.0,3796.0,3796.0,0.578,25-54,yes,no,no,Reached shelter
Site 392,B_placement_optimized,42,25-112800,OPT2,yes,1080.0,6618.0,52.74,299.55,5116.0,5116.0,3556.0,3556.0,0.576,55-69,yes,no,no,Reached shelter
Site 987,B_placement_optimized,42,26-149779,OPT2,yes,1081.0,12143.0,52.78,299.55,5121.0,5121.0,3832.0,3832.0,0.564,55-69,yes,no,no,Reached shelter
Site 650,B_placement_optimized,42,25-212023,OPT2,yes,1083.0,9449.0,52.86,299.55,5130.0,5130.0,3727.0,3727.0,0.553,25-54,yes,no,no,Reached shelter
Site 481,B_placement_optimized,42,25-212061,OPT2,yes,1084.0,8799.0,52.9,299.55,5135.0,5135.0,3712.0,3712.0,0.539,55-69,yes,no,no,Reached shelter
Site 613,B_placement_optimized,42,25-167845,OPT2,yes,1084.0,5594.0,52.9,299.55,5135.0,5135.0,3555.0,3555.0,0.542,55-69,yes,no,no,Reached shelter
Site 1068,B_placement_optimized,42,25-167616,OPT2,yes,1084.0,8428.0,52.9,299.55,5135.0,5135.0,3689.0,3689.0,0.544,55-69,yes,no,no,Reached shelter
Site 1787,B_placement_optimized,42,26-150049,OPT2,yes,1085.0,17724.0,52.94,299.55,5139.0,5139.0,4522.0,4522.0,0.531,25-54,yes,no,no,Reached shelter
Site 424,B_placement_optimized,42,25-112594,OPT2,yes,1086.0,9858.0,52.98,299.55,5144.0,5144.0,3789.0,3789.0,0.527,25-54,yes,no,no,Reached shelter
Site 1431,B_placement_optimized,42,25-123983,OPT2,yes,1087.0,9913.0,53.02,299.55,5149.0,5149.0,3806.0,3806.0,0.518,25-54,yes,no,no,Reached shelter
Site 1284,B_placement_optimized,42,25-102458,OPT2,yes,1088.0,7441.0,53.06,299.55,5154.0,5154.0,3692.0,3692.0,0.506,55-69,yes,no,no,Reached shelter
Site 982,B_placement_optimized,42,26-109623,OPT2,yes,1089.0,5706.0,53.1,299.55,5158.0,5158.0,3608.0,3608.0,0.5,25-54,yes,no,no,Reached shelter
Site 1169,B_placement_optimized,42,25-167667,OPT2,yes,1089.0,13013.0,53.1,299.55,5158.0,5158.0,4029.0,4029.0,0.505,55-69,yes,no,no,Reached shelter
Site 1157,B_placement_optimized,42,25-221862,OPT2,yes,1090.0,9516.0,53.13,299.55,5163.0,5163.0,3827.0,3827.0,0.493,25-54,yes,no,no,Reached shelter
Site 121,B_placement_optimized,42,25-145207,OPT2,yes,1091.0,11608.0,53.17,299.55,5168.0,5168.0,3969.0,3969.0,0.487,55-69,yes,no,no,Reached shelter
Site 831,B_placement_optimized,42,25-156679,OPT2,yes,1092.0,8451.0,53.21,299.55,5172.0,5172.0,3794.0,3794.0,0.481,18-24,yes,no,no,Reached shelter
Site 992,B_placement_optimized,42,25-123789,OPT2,yes,1092.0,10447.0,53.21,299.55,5172.0,5172.0,3902.0,3902.0,0.485,25-54,yes,no,yes,Reached shelter
Site 1968,B_placement_optimized,42,26-119515,OPT2,yes,1097.0,13739.0,53.41,299.55,5196.0,5196.0,4340.0,4340.0,0.449,55-69,yes,yes,no,Reached shelter
Site 345,B_placement_optimized,42,25-178882,OPT2,yes,1100.0,6506.0,53.53,299.55,5210.0,5210.0,3770.0,3770.0,0.436,25-54,yes,no,no,Reached shelter
Site 118,B_placement_optimized,42,25-102563,OPT2,yes,1101.0,12847.0,53.57,299.55,5215.0,5215.0,4306.0,4306.0,0.429,55-69,yes,no,yes,Reached shelter
Site 1643,B_placement_optimized,42,25-156460,OPT2,yes,1102.0,5725.0,53.6,299.55,5219.0,5219.0,3745.0,3745.0,0.421,25-54,yes,yes,no,Reached shelter
Site 1530,B_placement_optimized,42,25-112593,OPT2,yes,1104.0,14234.0,53.68,299.55,5229.0,5229.0,4667.0,4667.0,0.412,55-69,yes,no,no,Reached shelter
Site 1823,B_placement_optimized,42,26-150012,OPT2,yes,1104.0,7267.0,53.68,299.55,5229.0,5229.0,3866.0,3866.0,0.413,25-54,yes,no,no,Reached shelter
Site 24,B_placement_optimized,42,25-212331,,no,,0.0,173.09,562.7,54003.0,54003.0,32942.0,32942.0,1.686,25-54,no,yes,no,No shelter reachable on foot
Site 64,B_placement_optimized,42,26-129907,,no,,0.0,173.09,562.7,54003.0,54003.0,32942.0,32942.0,1.264,25-54,no,no,no,No shelter reachable on foot
Site 186,B_placement_optimized,42,25-212479,,no,,0.0,173.09,562.7,54003.0,54003.0,32942.0,32942.0,1.183,18-24,no,yes,no,No shelter reachable on foot
Site 220,B_placement_optimized,42,25-123630,,no,,0.0,173.09,562.7,54003.0,54003.0,32942.0,32942.0,0.856,25-54,yes,no,no,No shelter reachable on foot
Site 250,B_placement_optimized,42,26-119488,,no,,0.0,173.09,562.7,54003.0,54003.0,32942.0,32942.0,1.222,25-54,no,no,no,No shelter reachable on foot
Site 488,B_placement_optimized,42,26-109726,,no,,0.0,173.09,562.7,54003.0,54003.0,32942.0,32942.0,1.406,25-54,no,no,no,No shelter reachable on foot
Site 699,B_placement_optimized,42,25-167558,,no,,0.0,173.09,562.7,54003.0,54003.0,32942.0,32942.0,1.246,55-69,yes,no,no,No shelter reachable on foot
Site 921,B_placement_optimized,42,25-123670,,no,,0.0,173.09,562.7,54003.0,54003.0,32942.0,32942.0,1.558,25-54,no,no,no,No shelter reachable on foot
Site 1186,B_placement_optimized,42,26-119488,,no,,0.0,173.09,562.7,54003.0,54003.0,32942.0,32942.0,1.042,55-69,no,no,no,No shelter reachable on foot
Site 1259,B_placement_optimized,42,25-134575,,no,,0.0,173.09,562.7,54003.0,54003.0,32942.0,32942.0,1.431,25-54,no,no,no,No shelter reachable on foot
Site 1262,B_placement_optimized,42,26-109648,,no,,0.0,173.09,562.7,54003.0,54003.0,32942.0,32942.0,1.278,25-54,yes,no,no,No shelter reachable on foot
Site 1384,B_placement_optimized,42,25-123670,,no,,0.0,173.09,562.7,54003.0,54003.0,32942.0,32942.0,1.449,25-54,yes,no,no,No shelter reachable on foot
Site 1704,B_placement_optimized,42,26-129907,,no,,0.0,173.09,562.7,54003.0,54003.0,32942.0,32942.0,1.161,25-54,no,no,yes,No shelter reachable on foot
Site 1777,B_placement_optimized,42,25-167699,,no,,0.0,173.09,562.7,54003.0,54003.0,32942.0,32942.0,1.269,55-69,no,yes,no,No shelter reachable on foot
Site 1953,B_placement_optimized,42,26-119488,,no,,0.0,173.09,562.7,54003.0,54003.0,32942.0,32942.0,1.248,25-54,no,no,yes,No shelter reachable on foot
