"lon","lat","inc_date","inc_id","is_vehicle"
"-122.692724","45.536235","2026-07-23","26-150147","No"
"-122.569351","45.491046","2026-07-23","26-150146","Yes"
"-122.692747","45.535534","2026-07-23","26-150133","No"
"-122.661275","45.464119","2026-07-23","26-150131","No"
"-122.524760","45.564920","2026-07-23","26-150130","No"
"-122.660968","45.504883","2026-07-23","26-150129","No"
"-122.511798","45.493764","2026-07-23","26-150127","Yes"
"-122.556447","45.476602","2026-07-23","26-150126","Yes"
"-122.656701","45.515074","2026-07-23","26-150121","No"
"-122.517251","45.504605","2026-07-23","26-150117","Yes"
"-122.679012","45.525912","2026-07-23","26-150115","No"
"-122.550977","45.489784","2026-07-23","26-150109","Yes"
"-122.676232","45.525151","2026-07-23","26-150106","No"
"-122.693891","45.587187","2026-07-23","26-150103","No"
"-122.615495","45.497151","2026-07-23","26-150099","No"
"-122.665969","45.552372","2026-07-23","26-150097","Yes"
"-122.574114","45.495928","2026-07-23","26-150096","Yes"
"-122.686123","45.524321","2026-07-23","26-150092","No"
"-122.686360","45.527874","2026-07-23","26-150089","No"
"-122.687418","45.528570","2026-07-23","26-150088","No"
"-122.687449","45.529281","2026-07-23","26-150087","No"
"-122.679233","45.527291","2026-07-23","26-150086","No"
"-122.625924","45.514681","2026-07-22","26-150076","No"
"-122.676505","45.523238","2026-07-22","26-150075","No"
"-122.563397","45.477171","2026-07-22","26-150073","No"
"-122.639290","45.484040","2026-07-22","26-150072","Yes"
"-122.676230","45.537460","2026-07-22","26-150067","No"
"-122.661617","45.516512","2026-07-22","26-150066","No"
"-122.657263","45.518729","2026-07-22","26-150064","No"
"-122.594455","45.479152","2026-07-22","26-150052","Yes"
"-122.494590","45.503900","2026-07-22","26-150049","No"
"-122.565848","45.504522","2026-07-22","26-150047","No"
"-122.687080","45.536472","2026-07-22","26-150046","No"
"-122.570906","45.467554","2026-07-22","26-150042","Yes"
"-122.592688","45.497566","2026-07-22","26-150035","No"
"-122.525756","45.465212","2026-07-22","26-150033","No"
"-122.578513","45.496779","2026-07-22","26-150032","No"
"-122.580471","45.496889","2026-07-22","26-150029","No"
"-122.570917","45.536758","2026-07-22","26-150027","Yes"
"-122.672980","45.558401","2026-07-22","26-150026","Yes"
"-122.534920","45.522790","2026-07-22","26-150024","No"
"-122.511077","45.504515","2026-07-22","26-150021","No"
"-122.654755","45.518256","2026-07-22","26-150019","No"
"-122.552909","45.475825","2026-07-22","26-150015","No"
"-122.698765","45.527646","2026-07-22","26-150013","No"
"-122.661136","45.566561","2026-07-22","26-150012","No"
"-122.680142","45.524421","2026-07-22","26-150008","No"
"-122.698966","45.540035","2026-07-22","26-150007","No"
"-122.496831","45.502741","2026-07-22","26-150005","Yes"
"-122.667739","45.533954","2026-07-22","26-150000","Yes"
"-122.639060","45.487980","2026-07-22","26-149998","Yes"
"-122.638488","45.528642","2026-07-22","26-149997","Yes"
"-122.671486","45.507083","2026-07-22","26-149995","No"
"-122.491534","45.504583","2026-07-22","26-149986","No"
"-122.583556","45.463284","2026-07-22","26-149983","No"
"-122.580358","45.568157","2026-07-22","26-149980","No"
"-122.690389","45.527087","2026-07-22","26-149978","No"
"-122.622504","45.468276","2026-07-22","26-149977","Yes"
"-122.544422","45.529893","2026-07-22","26-149976","Yes"
"-122.590703","45.480098","2026-07-22","26-149975","Yes"
"-122.592246","45.534424","2026-07-22","26-149973","No"
"-122.667753","45.535029","2026-07-22","26-149971","No"
"-122.508021","45.522768","2026-07-22","26-149962","Yes"
"-122.581270","45.532970","2026-07-22","26-149958","No"
"-122.576421","45.530680","2026-07-22","26-149957","No"
"-122.656251","45.510027","2026-07-22","26-149954","No"
"-122.575074","45.567872","2026-07-22","26-149948","Yes"
"-122.570660","45.469899","2026-07-22","26-149946","No"
"-122.661329","45.515905","2026-07-22","26-149942","No"
"-122.648792","45.487614","2026-07-22","26-149940","No"
"-122.581380","45.483240","2026-07-22","26-149938","No"
"-122.632342","45.532411","2026-07-22","26-149937","No"
"-122.597117","45.477985","2026-07-22","26-149936","Yes"
"-122.711099","45.538543","2026-07-22","26-149931","Yes"
"-122.686544","45.532864","2026-07-22","26-149929","No"
"-122.504701","45.504341","2026-07-22","26-149928","No"
"-122.678039","45.530151","2026-07-22","26-149919","No"
"-122.551526","45.478451","2026-07-22","26-149916","No"
"-122.668147","45.513761","2026-07-22","26-149912","Yes"
"-122.677327","45.521260","2026-07-22","26-149911","No"
"-122.549530","45.481370","2026-07-22","26-149909","Yes"
"-122.597097","45.479799","2026-07-22","26-149905","Yes"
"-122.666877","45.587192","2026-07-22","26-149904","Yes"
"-122.508888","45.503998","2026-07-22","26-149903","No"
"-122.574195","45.466231","2026-07-22","26-149894","No"
"-122.699111","45.526279","2026-07-22","26-149893","No"
"-122.569774","45.556575","2026-07-22","26-149892","Yes"
"-122.606606","45.532352","2026-07-22","26-149888","No"
"-122.597120","45.478865","2026-07-22","26-149883","Yes"
"-122.559590","45.521669","2026-07-22","26-149875","No"
"-122.568342","45.534062","2026-07-22","26-149870","No"
"-122.574034","45.467978","2026-07-22","26-149865","No"
"-122.573572","45.467363","2026-07-22","26-149863","No"
"-122.615332","45.512811","2026-07-22","26-149862","Yes"
"-122.543414","45.530114","2026-07-22","26-149859","Yes"
"-122.637477","45.484732","2026-07-22","26-149858","Yes"
"-122.687892","45.527226","2026-07-22","26-149855","No"
"-122.684653","45.579217","2026-07-22","26-149851","Yes"
"-122.639331","45.517241","2026-07-22","26-149844","No"
"-122.501870","45.517610","2026-07-22","26-149840","No"
"-122.665712","45.535694","2026-07-22","26-149838","No"
"-122.666259","45.537028","2026-07-22","26-149835","No"
"-122.581442","45.465032","2026-07-22","26-149834","Yes"
"-122.580900","45.494922","2026-07-22","26-149832","Yes"
"-122.631221","45.549022","2026-07-22","26-149830","Yes"
"-122.604090","45.554120","2026-07-21","26-149824","No"
"-122.562450","45.477210","2026-07-21","26-149822","No"
"-122.726611","45.600118","2026-07-21","26-149816","Yes"
"-122.651829","45.490776","2026-07-21","26-149813","Yes"
"-122.629105","45.494848","2026-07-21","26-149810","Yes"
"-122.760667","45.601027","2026-07-21","26-149805","Yes"
"-122.638577","45.490297","2026-07-21","26-149804","No"
"-122.580086","45.531086","2026-07-21","26-149803","Yes"
"-122.647204","45.465743","2026-07-21","26-149799","Yes"
"-122.536984","45.478077","2026-07-21","26-149797","Yes"
"-122.562221","45.464288","2026-07-21","26-149791","Yes"
"-122.580455","45.565390","2026-07-21","26-149790","Yes"
"-122.510622","45.498054","2026-07-21","26-149788","No"
"-122.653950","45.499609","2026-07-21","26-149784","Yes"
"-122.647953","45.498609","2026-07-21","26-149782","No"
"-122.693802","45.480612","2026-07-21","26-149781","No"
"-122.559910","45.555600","2026-07-21","26-149779","No"
"-122.685292","45.526467","2026-07-21","26-149776","Yes"
"-122.633319","45.484689","2026-07-21","26-149774","Yes"
"-122.570901","45.496336","2026-07-21","26-149771","No"
"-122.653091","45.520035","2026-07-21","26-149769","No"
"-122.654358","45.519960","2026-07-21","26-149767","No"
"-122.563578","45.524315","2026-07-21","26-149766","No"
"-122.556581","45.513907","2026-07-21","26-149765","Yes"
"-122.562205","45.523864","2026-07-21","26-149764","No"
"-122.673850","45.520700","2026-07-21","26-149762","No"
"-122.660653","45.503647","2026-07-21","26-149756","No"
"-122.523839","45.522533","2026-07-21","26-149754","No"
"-122.562082","45.528998","2026-07-21","26-149753","No"
"-122.623220","45.504290","2026-07-21","26-149750","Yes"
"-122.513900","45.503570","2026-07-21","26-149747","No"
"-122.682846","45.601477","2026-07-21","26-149746","No"
"-122.523828","45.502191","2026-07-21","26-149744","No"
"-122.559319","45.567349","2026-07-21","26-149743","No"
"-122.560276","45.567634","2026-07-21","26-149742","No"
"-122.677744","45.571496","2026-07-21","26-149741","Yes"
"-122.564104","45.568386","2026-07-21","26-149739","No"
"-122.487929","45.504589","2026-07-21","26-149734","Yes"
"-122.567124","45.568645","2026-07-21","26-149733","No"
"-122.559856","45.490620","2026-07-21","26-149732","Yes"
"-122.631539","45.484578","2026-07-21","26-149730","No"
"-122.569220","45.555630","2026-07-21","26-149727","Yes"
"-122.516157","45.560258","2026-07-21","26-149725","No"
"-122.775670","45.624380","2026-07-21","26-149723","Yes"
"-122.688308","45.525699","2026-07-21","26-149722","No"
"-122.518297","45.560262","2026-07-21","26-149721","No"
"-122.537676","45.502310","2026-07-21","26-149719","Yes"
"-122.667563","45.585449","2026-07-21","26-149718","No"
"-122.550364","45.498144","2026-07-21","26-149717","Yes"
"-122.697930","45.540541","2026-07-21","26-149715","No"
"-122.682669","45.588950","2026-07-21","26-149709","No"
"-122.655635","45.522915","2026-07-21","26-149708","No"
"-122.536389","45.502264","2026-07-21","26-149707","Yes"
"-122.505860","45.524310","2026-07-21","26-149706","No"
"-122.661165","45.465382","2026-07-21","26-149705","Yes"
"-122.630869","45.520290","2026-07-21","26-149703","No"
"-122.638135","45.573262","2026-07-21","26-149701","No"
"-122.496867","45.497337","2026-07-21","26-149696","Yes"
"-122.621510","45.535260","2026-07-21","26-149694","No"
"-122.756974","45.592326","2026-07-21","26-149693","No"
"-122.484711","45.490488","2026-07-21","26-149691","Yes"
"-122.519252","45.487453","2026-07-21","26-149690","No"
"-122.591261","45.487364","2026-07-21","26-149688","Yes"
"-122.556114","45.532000","2026-07-21","26-149687","Yes"
"-122.757155","45.588702","2026-07-21","26-149685","Yes"
"-122.484673","45.492309","2026-07-21","26-149684","Yes"
"-122.672331","45.521261","2026-07-21","26-149683","No"
"-122.635614","45.490309","2026-07-21","26-149682","Yes"
"-122.680221","45.526560","2026-07-21","26-149680","No"
"-122.694401","45.527648","2026-07-21","26-149679","No"
"-122.648621","45.524112","2026-07-21","26-149678","No"
"-122.562286","45.519760","2026-07-21","26-149676","No"
"-122.758911","45.590517","2026-07-21","26-149674","No"
"-122.636302","45.517889","2026-07-21","26-149671","Yes"
"-122.657027","45.511569","2026-07-21","26-149670","No"
"-122.650608","45.500103","2026-07-21","26-149669","Yes"
"-122.511420","45.498750","2026-07-21","26-149667","No"
"-122.654470","45.509210","2026-07-21","26-149665","No"
"-122.558701","45.521753","2026-07-21","26-149663","No"
"-122.570606","45.469290","2026-07-21","26-149655","No"
"-122.725949","45.593939","2026-07-21","26-149653","No"
"-122.726630","45.593462","2026-07-21","26-149651","No"
"-122.547563","45.548066","2026-07-21","26-149649","Yes"
"-122.554720","45.548101","2026-07-21","26-149645","No"
"-122.727660","45.592678","2026-07-21","26-149644","No"
"-122.662230","45.520800","2026-07-21","26-149639","Yes"
"-122.561260","45.523850","2026-07-21","26-149635","No"
"-122.677613","45.554302","2026-07-21","26-149634","No"
"-122.673757","45.521591","2026-07-21","26-149630","No"
"-122.736380","45.586640","2026-07-21","26-149628","No"
"-122.732027","45.588886","2026-07-21","26-149621","No"
"-122.656992","45.501728","2026-07-21","26-149618","No"
"-122.577293","45.496831","2026-07-21","26-149616","Yes"
"-122.734374","45.586956","2026-07-21","26-149614","No"
"-122.679128","45.524440","2026-07-21","26-149612","No"
"-122.537971","45.556969","2026-06-10","26-140609","No"
"-122.492505","45.483123","2026-06-10","26-140607","No"
"-122.625848","45.520287","2026-06-10","26-140606","No"
"-122.651586","45.522189","2026-06-09","26-140605","No"
"-122.640386","45.497051","2026-06-09","26-140604","No"
"-122.537802","45.495674","2026-06-09","26-140600","Yes"
"-122.758690","45.590214","2026-06-09","26-140598","Yes"
"-122.562991","45.519786","2026-06-09","26-140592","No"
"-122.688870","45.551338","2026-06-09","26-140588","No"
"-122.612261","45.511377","2026-06-09","26-140587","No"
"-122.567980","45.479770","2026-06-09","26-140586","No"
"-122.597267","45.485421","2026-06-09","26-140585","Yes"
"-122.496411","45.507199","2026-06-09","26-140584","No"
"-122.625039","45.528939","2026-06-09","26-140580","No"
"-122.766654","45.595847","2026-06-09","26-140578","No"
"-122.631406","45.496372","2026-06-09","26-140577","No"
"-122.513341","45.517354","2026-06-09","26-140575","No"
"-122.540610","45.533240","2026-06-09","26-140571","Yes"
"-122.611389","45.479167","2026-06-09","26-140568","No"
"-122.508076","45.522270","2026-06-09","26-140564","No"
"-122.596709","45.510482","2026-06-09","26-140563","No"
"-122.690321","45.536364","2026-06-09","26-140560","No"
"-122.608042","45.497483","2026-06-09","26-140559","No"
"-122.615646","45.538949","2026-06-09","26-140556","Yes"
"-122.568573","45.465217","2026-06-09","26-140555","Yes"
"-122.687896","45.524978","2026-06-09","26-140554","Yes"
"-122.692537","45.527125","2026-06-09","26-140552","No"
"-122.678018","45.507868","2026-06-09","26-140550","No"
"-122.519762","45.560217","2026-06-09","26-140549","No"
"-122.677626","45.520716","2026-06-09","26-140544","No"
"-122.525046","45.560769","2026-06-09","26-140540","No"
"-122.583314","45.515670","2026-06-09","26-140539","Yes"
"-122.648546","45.515766","2026-06-09","26-140535","Yes"
"-122.575930","45.479384","2026-06-09","26-140534","Yes"
"-122.655852","45.518078","2026-06-09","26-140529","No"
"-122.687418","45.528570","2026-06-09","26-140528","No"
"-122.564517","45.477950","2026-06-09","26-140527","No"
"-122.677494","45.524469","2026-06-09","26-140524","No"
"-122.659859","45.517990","2026-06-09","26-140521","No"
"-122.558807","45.534037","2026-06-09","26-140518","No"
"-122.691643","45.537023","2026-06-09","26-140515","Yes"
"-122.656748","45.508656","2026-06-09","26-140513","No"
"-122.532690","45.497600","2026-06-09","26-140511","Yes"
"-122.556004","45.494914","2026-06-09","26-140510","Yes"
"-122.688083","45.533633","2026-06-09","26-140503","No"
"-122.645869","45.525065","2026-06-09","26-140500","No"
"-122.655112","45.513584","2026-06-09","26-140499","Yes"
"-122.646453","45.513661","2026-06-09","26-140497","No"
"-122.688017","45.590662","2026-06-09","26-140494","No"
"-122.572301","45.480155","2026-06-09","26-140491","No"
"-122.682812","45.514950","2026-06-09","26-140485","No"
"-122.594262","45.536649","2026-06-09","26-140481","Yes"
"-122.729781","45.622821","2026-06-09","26-140480","Yes"
"-122.580232","45.518993","2026-06-09","26-140479","No"
"-122.490430","45.504280","2026-06-09","26-140478","No"
"-122.581465","45.522800","2026-06-09","26-140476","No"
"-122.716381","45.560875","2026-06-09","26-140474","No"
"-122.659990","45.514463","2026-06-09","26-140473","No"
"-122.698636","45.529826","2026-06-09","26-140472","No"
"-122.661322","45.520695","2026-06-09","26-140470","No"
"-122.648577","45.516473","2026-06-09","26-140468","Yes"
"-122.676687","45.531955","2026-06-09","26-140463","No"
"-122.562669","45.476220","2026-06-09","26-140462","No"
"-122.532546","45.522534","2026-06-09","26-140460","No"
"-122.518390","45.498748","2026-06-09","26-140454","Yes"
"-122.729688","45.590833","2026-06-09","26-140453","No"
"-122.729259","45.589694","2026-06-09","26-140451","Yes"
"-122.696729","45.536073","2026-06-09","26-140449","Yes"
"-122.645984","45.523612","2026-06-09","26-140446","No"
"-122.657946","45.515867","2026-06-09","26-140445","No"
"-122.602578","45.530946","2026-06-09","26-140443","Yes"
"-122.735011","45.446203","2026-06-09","26-140437","Yes"
"-122.661130","45.505678","2026-06-09","26-140436","No"
"-122.577656","45.534331","2026-06-09","26-140434","No"
"-122.715418","45.485490","2026-06-09","26-140433","Yes"
"-122.737997","45.519842","2026-06-09","26-140430","No"
"-122.662150","45.517290","2026-06-09","26-140427","No"
"-122.648183","45.471929","2026-06-09","26-140418","Yes"
"-122.652220","45.500414","2026-06-09","26-140416","Yes"
"-122.488031","45.504998","2026-06-09","26-140406","Yes"
"-122.690715","45.535523","2026-06-09","26-140403","Yes"
"-122.585899","45.497195","2026-06-09","26-140398","No"
"-122.604050","45.497403","2026-06-09","26-140394","No"
"-122.676927","45.508516","2026-06-09","26-140392","No"
"-122.601188","45.491861","2026-06-09","26-140391","No"
"-122.554808","45.495517","2026-06-09","26-140390","No"
"-122.682025","45.569896","2026-06-09","26-140384","No"
"-122.705426","45.587823","2026-06-09","26-140382","Yes"
"-122.632838","45.511929","2026-06-09","26-140381","Yes"
"-122.651657","45.502197","2026-06-09","26-140376","No"
"-122.641440","45.522153","2026-06-09","26-140371","No"
"-122.581380","45.481190","2026-06-09","26-140369","Yes"
"-122.683146","45.557562","2026-06-08","26-140358","No"
"-122.661325","45.517076","2026-06-08","26-140355","No"
"-122.555459","45.504220","2026-06-08","26-140354","Yes"
"-122.509803","45.543475","2026-06-08","26-140352","Yes"
"-122.634228","45.518025","2026-06-08","26-140350","No"
"-122.562720","45.468632","2026-06-08","26-140337","No"
"-122.568455","45.466115","2026-06-08","26-140336","No"
"-122.521131","45.561912","2026-06-08","26-140335","No"
"-122.659339","45.515031","2026-06-08","26-140334","No"
"-122.483874","45.486063","2026-06-08","26-140331","No"
"-122.664853","45.515091","2026-06-08","26-140330","No"
"-122.562506","45.477590","2026-06-08","26-140328","No"
"-122.578729","45.496874","2026-06-08","26-140325","No"
"-122.560770","45.485771","2026-06-08","26-140324","Yes"
"-122.530142","45.481884","2026-06-08","26-140323","No"
"-122.647207","45.497772","2026-06-08","26-140322","No"
"-122.691107","45.555098","2026-06-08","26-140321","No"
"-122.540367","45.521082","2026-06-08","26-140319","No"
"-122.542921","45.521070","2026-06-08","26-140318","No"
"-122.632881","45.531946","2026-06-08","26-140316","No"
"-122.625748","45.519639","2026-06-08","26-140315","No"
"-122.602098","45.503440","2026-06-08","26-140313","Yes"
"-122.592321","45.534454","2026-06-08","26-140311","No"
"-122.757231","45.591319","2026-06-08","26-140308","No"
"-122.538081","45.557645","2026-06-08","26-140306","No"
"-122.616423","45.562701","2026-06-08","26-140305","Yes"
"-122.657295","45.505841","2026-06-08","26-140304","Yes"
"-122.622950","45.497490","2026-06-08","26-140300","No"
"-122.713874","45.538311","2026-06-08","26-140294","Yes"
"-122.605560","45.497260","2026-06-08","26-140293","No"
"-122.659827","45.520162","2026-06-08","26-140292","No"
"-122.705711","45.562653","2026-06-08","26-140290","Yes"
"-122.567165","45.479405","2026-06-08","26-140287","No"
"-122.553817","45.504500","2026-06-08","26-140284","Yes"
"-122.508094","45.523217","2026-06-08","26-140282","No"
"-122.757604","45.588510","2026-06-08","26-140279","Yes"
"-122.599086","45.473374","2026-06-08","26-140275","Yes"
"-122.657861","45.513895","2026-06-08","26-140274","No"
"-122.661104","45.501341","2026-06-08","26-140268","No"
"-122.571722","45.503610","2026-06-08","26-140265","Yes"
"-122.660058","45.496758","2026-06-08","26-140261","No"
"-122.659687","45.496213","2026-06-08","26-140258","No"
"-122.648122","45.498901","2026-06-08","26-140257","No"
"-122.664649","45.520075","2026-06-08","26-140256","No"
"-122.659539","45.495092","2026-06-08","26-140255","No"
"-122.657686","45.465823","2026-06-08","26-140253","Yes"
"-122.558831","45.475769","2026-06-08","26-140252","No"
"-122.645611","45.497445","2026-06-08","26-140249","No"
"-122.730386","45.596828","2026-06-08","26-140248","No"
"-122.564093","45.467040","2026-06-08","26-140245","Yes"
"-122.537636","45.533574","2026-06-08","26-140244","No"
"-122.729988","45.598003","2026-06-08","26-140241","No"
"-122.640563","45.498729","2026-06-08","26-140238","Yes"
"-122.606569","45.562640","2026-06-08","26-140236","Yes"
"-122.567060","45.471649","2026-06-08","26-140230","No"
"-122.672935","45.521021","2026-06-08","26-140227","No"
"-122.663489","45.464363","2026-06-08","26-140226","No"
"-122.568203","45.470995","2026-06-08","26-140225","No"
"-122.655692","45.514357","2026-06-08","26-140224","No"
"-122.659293","45.512959","2026-06-08","26-140223","No"
"-122.600880","45.556669","2026-06-08","26-140219","Yes"
"-122.571765","45.469035","2026-06-08","26-140218","No"
"-122.633498","45.519361","2026-06-08","26-140217","No"
"-122.612503","45.497927","2026-06-08","26-140216","Yes"
"-122.675727","45.538189","2026-06-08","26-140215","Yes"
"-122.561049","45.476843","2026-06-08","26-140213","Yes"
"-122.676623","45.538272","2026-06-08","26-140210","Yes"
"-122.542828","45.504195","2026-06-08","26-140209","Yes"
"-122.649012","45.535761","2026-06-08","26-140206","No"
"-122.657622","45.459721","2026-06-08","26-140205","No"
"-122.686253","45.525021","2026-06-08","26-140202","No"
"-122.650683","45.499599","2026-06-08","26-140201","No"
"-122.689664","45.534946","2026-06-08","26-140198","Yes"
"-122.523469","45.489072","2026-06-08","26-140195","Yes"
"-122.652161","45.522786","2026-06-08","26-140194","No"
"-122.577225","45.465642","2026-06-08","26-140193","No"
"-122.750990","45.586574","2026-06-08","26-140191","Yes"
"-122.656310","45.557160","2026-06-08","26-140187","Yes"
"-122.658813","45.512011","2026-06-08","26-140185","No"
"-122.636081","45.517145","2026-06-08","26-140183","No"
"-122.650656","45.519144","2026-06-08","26-140180","No"
"-122.583189","45.462063","2026-06-08","26-140177","No"
"-122.663491","45.517212","2026-06-08","26-140176","No"
"-122.682315","45.534452","2026-06-08","26-140173","No"
"-122.556294","45.515419","2026-06-08","26-140172","No"
"-122.663287","45.516482","2026-06-08","26-140170","No"
"-122.663666","45.521526","2026-06-08","26-140169","No"
"-122.662852","45.521806","2026-06-08","26-140168","No"
"-122.649932","45.474865","2026-06-08","26-140167","No"
"-122.726273","45.594728","2026-06-08","26-140165","No"
"-122.547089","45.533467","2026-06-08","26-140164","No"
"-122.727697","45.595355","2026-06-08","26-140163","No"
"-122.708250","45.537820","2026-06-08","26-140160","No"
"-122.657697","45.511941","2026-06-08","26-140159","No"
"-122.623590","45.533782","2026-06-08","26-140157","No"
"-122.733829","45.592661","2026-06-08","26-140154","Yes"
"-122.640576","45.487692","2026-06-08","26-140149","Yes"
"-122.696106","45.537363","2026-06-08","26-140147","No"
"-122.683323","45.515888","2026-06-08","26-140143","No"
"-122.568487","45.523233","2026-06-08","26-140141","Yes"
"-122.681475","45.533997","2026-06-08","26-140136","No"
"-122.655712","45.506651","2026-06-08","26-140135","No"
"-122.603061","45.492701","2026-06-08","26-140133","Yes"
"-122.523210","45.502008","2026-06-08","26-140132","No"
"-122.568250","45.473540","2026-06-08","26-140125","Yes"
"-122.663280","45.562475","2026-06-08","26-140121","No"
"-122.591367","45.487104","2026-06-08","26-140115","Yes"
"-122.676778","45.546243","2026-06-08","26-140109","No"
"-122.537388","45.539704","2026-04-29","26-130260","No"
"-122.681960","45.588822","2026-04-29","26-130259","No"
"-122.528860","45.522090","2026-04-29","26-130250","No"
"-122.614739","45.538993","2026-04-29","26-130249","No"
"-122.658690","45.524809","2026-04-29","26-130246","Yes"
"-122.618065","45.462002","2026-04-29","26-130243","No"
"-122.622697","45.462921","2026-04-29","26-130240","No"
"-122.667677","45.560527","2026-04-29","26-130236","Yes"
"-122.694387","45.526954","2026-04-29","26-130234","No"
"-122.576064","45.518746","2026-04-29","26-130233","No"
"-122.564753","45.475764","2026-04-29","26-130232","Yes"
"-122.693717","45.532745","2026-04-29","26-130227","No"
"-122.680020","45.508630","2026-04-29","26-130225","No"
"-122.673587","45.521470","2026-04-29","26-130224","No"
"-122.727585","45.592726","2026-04-29","26-130219","No"
"-122.597548","45.497935","2026-04-29","26-130218","Yes"
"-122.728824","45.591675","2026-04-29","26-130217","No"
"-122.675413","45.527393","2026-04-29","26-130216","No"
"-122.578773","45.546339","2026-04-29","26-130215","No"
"-122.689589","45.577454","2026-04-29","26-130213","No"
"-122.555875","45.529062","2026-04-29","26-130207","Yes"
"-122.508042","45.520125","2026-04-29","26-130206","No"
"-122.729696","45.590996","2026-04-29","26-130204","No"
"-122.560279","45.494261","2026-04-29","26-130203","No"
"-122.732145","45.588826","2026-04-29","26-130200","No"
"-122.529241","45.566452","2026-04-29","26-130199","No"
"-122.732697","45.588267","2026-04-29","26-130198","No"
"-122.735465","45.586029","2026-04-29","26-130192","No"
"-122.672457","45.525639","2026-04-29","26-130191","No"
"-122.695294","45.539062","2026-04-29","26-130189","No"
"-122.633608","45.497821","2026-04-29","26-130182","Yes"
"-122.578658","45.533827","2026-04-29","26-130179","No"
"-122.755812","45.584962","2026-04-29","26-130177","Yes"
"-122.648331","45.515538","2026-04-29","26-130173","No"
"-122.587474","45.493796","2026-04-29","26-130172","Yes"
"-122.664604","45.520148","2026-04-29","26-130163","No"
"-122.497993","45.517388","2026-04-29","26-130162","Yes"
"-122.647454","45.488862","2026-04-29","26-130161","No"
"-122.534975","45.522642","2026-04-29","26-130159","No"
"-122.659789","45.519064","2026-04-29","26-130154","No"
"-122.723576","45.519147","2026-04-29","26-130152","Yes"
"-122.501430","45.517610","2026-04-29","26-130149","Yes"
"-122.679155","45.564832","2026-04-29","26-130145","No"
"-122.679042","45.562602","2026-04-29","26-130144","No"
"-122.673375","45.509166","2026-04-29","26-130141","No"
"-122.617459","45.537730","2026-04-29","26-130139","Yes"
"-122.677327","45.589577","2026-04-29","26-130138","No"
"-122.659872","45.465682","2026-04-29","26-130135","No"
"-122.677370","45.519890","2026-04-29","26-130128","No"
"-122.681610","45.512630","2026-04-29","26-130123","Yes"
"-122.734559","45.554974","2026-04-29","26-130117","No"
"-122.593118","45.483052","2026-04-29","26-130115","Yes"
"-122.585501","45.474500","2026-04-29","26-130113","Yes"
"-122.510455","45.513774","2026-04-29","26-130110","Yes"
"-122.535496","45.480826","2026-04-29","26-130108","No"
"-122.553284","45.477047","2026-04-29","26-130107","No"
"-122.598085","45.532646","2026-04-29","26-130106","No"
"-122.557452","45.477382","2026-04-29","26-130104","No"
"-122.559260","45.477117","2026-04-29","26-130103","No"
"-122.666719","45.533803","2026-04-29","26-130098","No"
"-122.670716","45.533247","2026-04-29","26-130096","No"
"-122.676670","45.526268","2026-04-29","26-130094","No"
"-122.590159","45.549864","2026-04-29","26-130087","Yes"
"-122.621199","45.516355","2026-04-29","26-130085","No"
"-122.651145","45.521534","2026-04-29","26-130083","No"
"-122.538738","45.555340","2026-04-29","26-130081","Yes"
"-122.632471","45.496455","2026-04-29","26-130079","Yes"
"-122.704861","45.539501","2026-04-29","26-130077","Yes"
"-122.743413","45.585933","2026-04-29","26-130074","Yes"
"-122.575646","45.496188","2026-04-29","26-130063","Yes"
"-122.658993","45.464791","2026-04-29","26-130056","Yes"
"-122.503588","45.551303","2026-04-29","26-130055","Yes"
"-122.653290","45.489972","2026-04-28","26-130052","No"
"-122.496864","45.501757","2026-04-28","26-130051","Yes"
"-122.663768","45.521523","2026-04-28","26-130048","No"
"-122.666788","45.519365","2026-04-28","26-130047","No"
"-122.637105","45.465077","2026-04-28","26-130043","No"
"-122.758597","45.590365","2026-04-28","26-130035","No"
"-122.639533","45.497444","2026-04-28","26-130034","No"
"-122.680190","45.578147","2026-04-28","26-130031","Yes"
"-122.691472","45.514011","2026-04-28","26-130030","No"
"-122.681945","45.579764","2026-04-28","26-130028","Yes"
"-122.567178","45.478571","2026-04-28","26-130022","No"
"-122.506447","45.552018","2026-04-28","26-130012","Yes"
"-122.533310","45.519210","2026-04-28","26-130011","No"
"-122.630657","45.533104","2026-04-28","26-130007","Yes"
"-122.696579","45.527104","2026-04-28","26-130005","No"
"-122.612529","45.498123","2026-04-28","26-130002","No"
"-122.660012","45.465040","2026-04-28","26-130001","Yes"
"-122.654523","45.508709","2026-04-28","26-129999","No"
"-122.685403","45.530036","2026-04-28","26-129993","No"
"-122.672774","45.539604","2026-04-28","26-129989","No"
"-122.738925","45.597363","2026-04-28","26-129986","Yes"
"-122.647894","45.498165","2026-04-28","26-129985","No"
"-122.499036","45.526470","2026-04-28","26-129982","Yes"
"-122.606127","45.498456","2026-04-28","26-129981","No"
"-122.649285","45.498178","2026-04-28","26-129973","No"
"-122.498707","45.504679","2026-04-28","26-129969","No"
"-122.496475","45.495358","2026-04-28","26-129967","Yes"
"-122.643363","45.498207","2026-04-28","26-129966","No"
"-122.567490","45.482530","2026-04-28","26-129965","Yes"
"-122.559657","45.484090","2026-04-28","26-129964","Yes"
"-122.552670","45.519014","2026-04-28","26-129960","No"
"-122.558056","45.533538","2026-04-28","26-129959","No"
"-122.672256","45.523319","2026-04-28","26-129956","No"
"-122.542922","45.533448","2026-04-28","26-129955","No"
"-122.689422","45.535003","2026-04-28","26-129953","Yes"
"-122.686923","45.519640","2026-04-28","26-129950","No"
"-122.756950","45.593100","2026-04-28","26-129949","No"
"-122.717360","45.472867","2026-04-28","26-129948","No"
"-122.528200","45.481491","2026-04-28","26-129946","No"
"-122.657865","45.508931","2026-04-28","26-129942","No"
"-122.651689","45.522710","2026-04-28","26-129941","No"
"-122.666597","45.572554","2026-04-28","26-129938","Yes"
"-122.563923","45.557885","2026-04-28","26-129937","No"
"-122.708552","45.468302","2026-04-28","26-129936","No"
"-122.482957","45.500383","2026-04-28","26-129935","Yes"
"-122.624605","45.490658","2026-04-28","26-129932","No"
"-122.621444","45.535102","2026-04-28","26-129928","No"
"-122.655510","45.508697","2026-04-28","26-129925","No"
"-122.650267","45.500386","2026-04-28","26-129922","No"
"-122.533919","45.520282","2026-04-28","26-129918","No"
"-122.663797","45.515811","2026-04-28","26-129908","No"
"-122.642350","45.459452","2026-04-28","26-129907","No"
"-122.512005","45.522992","2026-04-28","26-129906","Yes"
"-122.578714","45.497414","2026-04-28","26-129904","No"
"-122.696664","45.588118","2026-04-28","26-129903","No"
"-122.558906","45.521681","2026-04-28","26-129901","No"
"-122.688634","45.534277","2026-04-28","26-129900","Yes"
"-122.683130","45.507704","2026-04-28","26-129899","No"
"-122.673170","45.523310","2026-04-28","26-129897","No"
"-122.736238","45.586520","2026-04-28","26-129893","No"
"-122.489295","45.491011","2026-04-28","26-129892","Yes"
"-122.641491","45.519317","2026-04-28","26-129889","No"
"-122.561210","45.522160","2026-04-28","26-129888","No"
"-122.653500","45.597510","2026-04-28","26-129887","Yes"
"-122.659505","45.462956","2026-04-28","26-129886","Yes"
"-122.677947","45.518135","2026-04-28","26-129883","No"
"-122.705076","45.612296","2026-04-28","26-129882","Yes"
"-122.660964","45.464992","2026-04-28","26-129879","Yes"
"-122.542126","45.526647","2026-04-28","26-129877","Yes"
"-122.757155","45.588682","2026-04-28","26-129876","No"
"-122.687449","45.529281","2026-04-28","26-129870","Yes"
"-122.581751","45.481046","2026-04-28","26-129867","Yes"
"-122.660299","45.521034","2026-04-28","26-129863","No"
"-122.575930","45.479384","2026-04-28","26-129862","Yes"
"-122.577432","45.481153","2026-04-28","26-129860","No"
"-122.557060","45.557350","2026-04-28","26-129857","Yes"
"-122.761893","45.586331","2026-04-28","26-129856","No"
"-122.696074","45.577786","2026-04-28","26-129853","Yes"
"-122.597243","45.489979","2026-04-28","26-129854","No"
"-122.536330","45.512886","2026-04-28","26-129852","No"
"-122.674980","45.542690","2026-04-28","26-129848","Yes"
"-122.657869","45.503941","2026-04-28","26-129844","Yes"
"-122.639211","45.514141","2026-04-28","26-129843","No"
"-122.698016","45.538790","2026-04-28","26-129842","No"
"-122.640654","45.497657","2026-04-28","26-129839","No"
"-122.682577","45.582899","2026-04-28","26-129836","No"
"-122.660916","45.536446","2026-04-28","26-129834","No"
"-122.578515","45.507349","2026-04-28","26-129833","No"
"-122.675866","45.542817","2026-04-28","26-129829","Yes"
"-122.558764","45.534055","2026-04-28","26-129827","No"
"-122.630188","45.533761","2026-04-28","26-129825","No"
"-122.648104","45.517110","2026-04-28","26-129822","No"
"-122.601505","45.492381","2026-04-28","26-129819","No"
"-122.650750","45.522272","2026-04-28","26-129816","No"
"-122.550247","45.478272","2026-04-28","26-129810","No"
"-122.551701","45.475180","2026-04-28","26-129809","No"
"-122.549062","45.533470","2026-04-28","26-129806","Yes"
"-122.651646","45.524003","2026-04-28","26-129804","Yes"
"-122.584560","45.535050","2026-04-28","26-129799","Yes"
"-122.653461","45.545197","2026-04-28","26-129797","No"
"-122.637085","45.518574","2026-04-28","26-129796","No"
"-122.609633","45.478306","2026-04-28","26-129792","No"
"-122.559528","45.526461","2026-04-28","26-129784","Yes"
"-122.671582","45.507093","2026-04-28","26-129783","No"
"-122.690775","45.535464","2026-04-28","26-129780","No"
"-122.764274","45.593636","2026-04-28","26-129777","No"
"-122.645360","45.497340","2026-04-28","26-129776","No"
"-122.762493","45.592046","2026-04-28","26-129775","No"
"-122.706270","45.584580","2026-04-28","26-129772","Yes"
"-122.732906","45.592220","2026-04-28","26-129767","No"
"-122.683902","45.530153","2026-04-28","26-129766","No"
"-122.683736","45.529427","2026-04-28","26-129765","No"
"-122.588877","45.560957","2026-04-28","26-129764","Yes"
"-122.508127","45.519154","2026-04-28","26-129763","No"
"-122.699960","45.506490","2026-04-28","26-129761","No"
"-122.653606","45.522908","2026-04-28","26-129758","No"
"-122.659612","45.535781","2026-04-28","26-129753","No"
"-122.676021","45.507398","2026-04-28","26-129750","No"
"-122.555767","45.490694","2026-04-28","26-129749","No"
"-122.760134","45.588050","2026-04-28","26-129744","No"
"-122.612292","45.511296","2026-04-28","26-129738","Yes"
"-122.516989","45.518404","2026-04-28","26-129735","No"
"-122.530100","45.555490","2026-04-27","26-129729","No"
"-122.647278","45.522254","2026-04-27","26-129727","No"
"-122.647037","45.465032","2026-04-27","26-129725","Yes"
"-122.659174","45.514319","2026-04-27","26-129722","No"
"-122.570996","45.496193","2026-04-27","26-129721","Yes"
"-122.678944","45.580169","2026-04-27","26-129716","No"
"-122.553220","45.474469","2026-03-20","26-119767","No"
"-122.649975","45.485160","2026-03-20","26-119766","No"
"-122.673108","45.520656","2026-03-20","26-119764","No"
"-122.650665","45.533978","2026-03-20","26-119763","No"
"-122.697987","45.465187","2026-03-20","26-119761","No"
"-122.659669","45.565991","2026-03-20","26-119760","Yes"
"-122.534262","45.558843","2026-03-20","26-119759","Yes"
"-122.665842","45.512290","2026-03-20","26-119754","No"
"-122.672748","45.521323","2026-03-20","26-119753","No"
"-122.638143","45.573972","2026-03-20","26-119750","Yes"
"-122.662633","45.561621","2026-03-20","26-119744","Yes"
"-122.525926","45.554082","2026-03-20","26-119743","No"
"-122.607510","45.472920","2026-03-20","26-119740","No"
"-122.499230","45.527170","2026-03-20","26-119739","No"
"-122.579042","45.530945","2026-03-20","26-119737","No"
"-122.677599","45.516396","2026-03-20","26-119736","No"
"-122.602304","45.474096","2026-03-20","26-119732","Yes"
"-122.508095","45.513815","2026-03-20","26-119730","No"
"-122.507831","45.515922","2026-03-20","26-119729","No"
"-122.605308","45.492706","2026-03-20","26-119727","No"
"-122.523120","45.490555","2026-03-20","26-119722","Yes"
"-122.664805","45.534663","2026-03-20","26-119720","No"
"-122.537588","45.527979","2026-03-20","26-119718","No"
"-122.550366","45.478242","2026-03-20","26-119717","No"
"-122.664800","45.538109","2026-03-20","26-119709","Yes"
"-122.666237","45.540025","2026-03-20","26-119707","Yes"
"-122.748941","45.590917","2026-03-20","26-119703","Yes"
"-122.500616","45.494493","2026-03-20","26-119699","No"
"-122.518306","45.526475","2026-03-20","26-119691","Yes"
"-122.683731","45.549118","2026-03-20","26-119690","No"
"-122.678481","45.523734","2026-03-20","26-119682","No"
"-122.562067","45.475400","2026-03-20","26-119679","Yes"
"-122.715550","45.467258","2026-03-20","26-119677","No"
"-122.560832","45.476074","2026-03-20","26-119676","No"
"-122.589330","45.485538","2026-03-20","26-119674","No"
"-122.567017","45.533900","2026-03-20","26-119671","No"
"-122.659662","45.511322","2026-03-20","26-119666","No"
"-122.666708","45.537081","2026-03-20","26-119662","No"
"-122.579688","45.472063","2026-03-20","26-119660","Yes"
"-122.691793","45.554563","2026-03-20","26-119659","No"
"-122.537923","45.556493","2026-03-20","26-119652","No"
"-122.510047","45.552736","2026-03-20","26-119651","Yes"
"-122.573777","45.474236","2026-03-20","26-119645","Yes"
"-122.577640","45.528416","2026-03-20","26-119643","No"
"-122.587437","45.493785","2026-03-20","26-119640","Yes"
"-122.506056","45.526566","2026-03-20","26-119639","No"
"-122.537368","45.539734","2026-03-20","26-119636","No"
"-122.662627","45.518053","2026-03-20","26-119634","No"
"-122.679868","45.550725","2026-03-20","26-119632","Yes"
"-122.579704","45.486538","2026-03-20","26-119629","Yes"
"-122.673458","45.479806","2026-03-20","26-119621","Yes"
"-122.656310","45.508719","2026-03-20","26-119619","Yes"
"-122.659161","45.532229","2026-03-20","26-119618","No"
"-122.539015","45.505215","2026-03-20","26-119617","Yes"
"-122.513272","45.518053","2026-03-20","26-119616","Yes"
"-122.567119","45.478738","2026-03-20","26-119614","No"
"-122.645625","45.516408","2026-03-20","26-119612","Yes"
"-122.628196","45.515737","2026-03-20","26-119611","No"
"-122.690785","45.535660","2026-03-20","26-119609","No"
"-122.538960","45.504166","2026-03-20","26-119606","Yes"
"-122.611389","45.479167","2026-03-20","26-119605","No"
"-122.559609","45.469668","2026-03-20","26-119604","No"
"-122.564270","45.466444","2026-03-20","26-119603","No"
"-122.777450","45.624340","2026-03-20","26-119602","Yes"
"-122.581517","45.559227","2026-03-20","26-119601","Yes"
"-122.727022","45.594935","2026-03-20","26-119597","Yes"
"-122.661104","45.501394","2026-03-20","26-119596","No"
"-122.579556","45.482395","2026-03-20","26-119594","No"
"-122.625757","45.519860","2026-03-20","26-119593","No"
"-122.502381","45.500832","2026-03-20","26-119591","Yes"
"-122.572433","45.479283","2026-03-20","26-119587","No"
"-122.661849","45.521621","2026-03-20","26-119586","No"
"-122.641486","45.520017","2026-03-20","26-119583","No"
"-122.670577","45.495955","2026-03-20","26-119581","No"
"-122.570112","45.502642","2026-03-20","26-119569","Yes"
"-122.648449","45.498241","2026-03-20","26-119568","No"
"-122.486905","45.486213","2026-03-19","26-119565","No"
"-122.611558","45.498873","2026-03-19","26-119558","Yes"
"-122.679353","45.551429","2026-03-19","26-119552","No"
"-122.674347","45.524101","2026-03-19","26-119549","No"
"-122.704766","45.533947","2026-03-19","26-119547","No"
"-122.690806","45.534868","2026-03-19","26-119541","No"
"-122.580812","45.546352","2026-03-19","26-119540","Yes"
"-122.488042","45.486251","2026-03-19","26-119530","No"
"-122.669173","45.503691","2026-03-19","26-119529","No"
"-122.567221","45.497569","2026-03-19","26-119528","No"
"-122.694170","45.527960","2026-03-19","26-119526","No"
"-122.689580","45.526300","2026-03-19","26-119525","No"
"-122.647365","45.463647","2026-03-19","26-119521","No"
"-122.634431","45.485443","2026-03-19","26-119518","Yes"
"-122.651250","45.577530","2026-03-19","26-119516","No"
"-122.530891","45.519063","2026-03-19","26-119515","No"
"-122.537864","45.531406","2026-03-19","26-119506","No"
"-122.555544","45.532275","2026-03-19","26-119503","Yes"
"-122.574915","45.474449","2026-03-19","26-119491","No"
"-122.568195","45.561897","2026-03-19","26-119488","No"
"-122.723850","45.594760","2026-03-19","26-119483","Yes"
"-122.687208","45.556245","2026-03-19","26-119482","No"
"-122.537566","45.489963","2026-03-19","26-119478","No"
"-122.563377","45.487283","2026-03-19","26-119477","Yes"
"-122.544460","45.489557","2026-03-19","26-119475","Yes"
"-122.637382","45.485767","2026-03-19","26-119471","Yes"
"-122.568503","45.510031","2026-03-19","26-119470","No"
"-122.729131","45.595129","2026-03-19","26-119463","Yes"
"-122.665891","45.528437","2026-03-19","26-119462","No"
"-122.657641","45.520383","2026-03-19","26-119460","No"
"-122.484944","45.486581","2026-03-19","26-119458","No"
"-122.553654","45.489880","2026-03-19","26-119457","Yes"
"-122.622640","45.484726","2026-03-19","26-119456","Yes"
"-122.557452","45.479371","2026-03-19","26-119452","No"
"-122.581426","45.463321","2026-03-19","26-119450","No"
"-122.571394","45.530889","2026-03-19","26-119447","Yes"
"-122.682580","45.481355","2026-03-19","26-119444","Yes"
"-122.538186","45.557074","2026-03-19","26-119438","Yes"
"-122.779090","45.623805","2026-03-19","26-119435","Yes"
"-122.749541","45.589717","2026-03-19","26-119434","No"
"-122.596838","45.496737","2026-03-19","26-119433","No"
"-122.687309","45.516819","2026-03-19","26-119432","No"
"-122.689728","45.534766","2026-03-19","26-119431","Yes"
"-122.598926","45.492668","2026-03-19","26-119425","No"
"-122.725339","45.594558","2026-03-19","26-119424","No"
"-122.556272","45.567271","2026-03-19","26-119423","Yes"
"-122.646335","45.522214","2026-03-19","26-119422","No"
"-122.662557","45.555372","2026-03-19","26-119415","No"
"-122.643390","45.497827","2026-03-19","26-119414","No"
"-122.594138","45.534715","2026-03-19","26-119411","Yes"
"-122.690066","45.554011","2026-03-19","26-119409","No"
"-122.697602","45.553296","2026-03-19","26-119408","No"
"-122.758590","45.602350","2026-03-19","26-119403","Yes"
"-122.601240","45.556410","2026-03-19","26-119402","No"
"-122.687228","45.523575","2026-03-19","26-119401","No"
"-122.668139","45.512546","2026-03-19","26-119397","No"
"-122.610916","45.490166","2026-03-19","26-119395","No"
"-122.676691","45.522734","2026-03-19","26-119392","No"
"-122.686330","45.550380","2026-03-19","26-119390","No"
"-122.678098","45.503495","2026-03-19","26-119388","No"
"-122.674241","45.520431","2026-03-19","26-119387","No"
"-122.694816","45.536996","2026-03-19","26-119386","No"
"-122.557860","45.567093","2026-03-19","26-119383","No"
"-122.563015","45.568137","2026-03-19","26-119377","No"
"-122.643374","45.495067","2026-03-19","26-119376","No"
"-122.662098","45.564986","2026-03-19","26-119375","No"
"-122.595643","45.497451","2026-03-19","26-119374","No"
"-122.661629","45.519774","2026-03-19","26-119373","No"
"-122.654028","45.480672","2026-03-19","26-119369","No"
"-122.659822","45.520346","2026-03-19","26-119368","No"
"-122.686837","45.528610","2026-03-19","26-119367","No"
"-122.513284","45.517404","2026-03-19","26-119366","No"
"-122.665028","45.512986","2026-03-19","26-119364","No"
"-122.672342","45.540929","2026-03-19","26-119356","No"
"-122.681757","45.528997","2026-03-19","26-119355","No"
"-122.672675","45.539817","2026-03-19","26-119354","Yes"
"-122.657590","45.476973","2026-03-19","26-119352","No"
"-122.616794","45.511962","2026-03-19","26-119347","No"
"-122.618274","45.512244","2026-03-19","26-119345","No"
"-122.656230","45.490320","2026-03-19","26-119344","No"
"-122.494485","45.494957","2026-03-19","26-119343","Yes"
"-122.547807","45.473993","2026-03-19","26-119341","No"
"-122.650356","45.487730","2026-03-19","26-119338","No"
"-122.654275","45.572063","2026-03-19","26-119337","Yes"
"-122.675990","45.541320","2026-03-19","26-119335","Yes"
"-122.570944","45.469556","2026-03-19","26-119333","No"
"-122.643074","45.493698","2026-03-19","26-119330","No"
"-122.501206","45.502845","2026-03-19","26-119328","No"
"-122.489106","45.491034","2026-03-19","26-119320","Yes"
"-122.560757","45.558971","2026-03-19","26-119318","Yes"
"-122.676530","45.528990","2026-03-19","26-119311","No"
"-122.680532","45.511189","2026-03-19","26-119310","No"
"-122.576876","45.483531","2026-03-19","26-119305","No"
"-122.517048","45.518420","2026-03-19","26-119304","No"
"-122.672471","45.525988","2026-03-19","26-119303","No"
"-122.730154","45.585171","2026-03-19","26-119297","No"
"-122.581061","45.522826","2026-03-19","26-119294","No"
"-122.580020","45.521139","2026-03-19","26-119291","No"
"-122.732178","45.586831","2026-03-19","26-119289","No"
"-122.600907","45.504401","2026-03-19","26-119288","Yes"
"-122.486540","45.497699","2026-03-19","26-119286","No"
"-122.560290","45.475501","2026-03-19","26-119287","No"
"-122.762411","45.587489","2026-03-19","26-119283","Yes"
"-122.688242","45.533789","2026-03-19","26-119282","No"
"-122.536158","45.528574","2026-03-19","26-119281","No"
"-122.558536","45.516447","2026-03-19","26-119279","No"
"-122.648819","45.464227","2026-03-19","26-119277","No"
"-122.587791","45.496257","2026-03-19","26-119275","Yes"
"-122.547096","45.533741","2026-03-19","26-119269","No"
"-122.540721","45.570809","2026-03-19","26-119268","Yes"
"-122.568381","45.502507","2026-03-19","26-119265","Yes"
"-122.649232","45.482575","2026-03-19","26-119260","No"
"-122.589912","45.535732","2026-03-19","26-119259","Yes"
"-122.632756","45.529441","2026-03-19","26-119257","Yes"
"-122.648535","45.487125","2026-03-19","26-119253","No"
"-122.688419","45.576902","2026-03-19","26-119250","No"
"-122.521096","45.472876","2026-03-18","26-119225","No"
"-122.501636","45.503907","2026-03-18","26-119224","Yes"
"-122.673905","45.562441","2026-03-18","26-119222","Yes"
"-122.695615","45.562738","2026-03-19","26-119221","No"
"-122.690892","45.469786","2026-03-18","26-119220","No"
"-122.573347","45.467377","2026-03-19","26-119218","No"
"-122.589170","45.506740","2026-03-18","26-119213","Yes"
"-122.676730","45.528186","2026-03-18","26-119212","No"
"-122.677463","45.523757","2026-02-09","26-109747","No"
"-122.686240","45.532050","2026-02-09","26-109744","No"
"-122.676540","45.528990","2026-02-09","26-109743","No"
"-122.567478","45.504700","2026-02-09","26-109742","No"
"-122.538860","45.496210","2026-02-09","26-109741","Yes"
"-122.686100","45.534460","2026-02-09","26-109739","No"
"-122.496706","45.496981","2026-02-09","26-109736","Yes"
"-122.573242","45.566377","2026-02-09","26-109735","Yes"
"-122.588622","45.475126","2026-02-09","26-109733","Yes"
"-122.579664","45.517703","2026-02-09","26-109731","No"
"-122.608060","45.527773","2026-02-09","26-109730","No"
"-122.615399","45.504719","2026-02-09","26-109729","No"
"-122.592756","45.534195","2026-02-09","26-109728","No"
"-122.572381","45.532073","2026-02-09","26-109726","No"
"-122.519818","45.551979","2026-02-09","26-109724","Yes"
"-122.570971","45.480268","2026-02-09","26-109722","No"
"-122.673208","45.541806","2026-02-09","26-109721","No"
"-122.757835","45.588148","2026-02-09","26-109719","No"
"-122.594783","45.493903","2026-02-09","26-109716","Yes"
"-122.627614","45.496395","2026-02-09","26-109714","Yes"
"-122.591490","45.535440","2026-02-09","26-109711","No"
"-122.562434","45.504675","2026-02-09","26-109708","No"
"-122.586340","45.560957","2026-02-09","26-109707","Yes"
"-122.563385","45.504651","2026-02-09","26-109705","No"
"-122.483912","45.485979","2026-02-09","26-109704","No"
"-122.564378","45.466561","2026-02-09","26-109702","No"
"-122.533822","45.558802","2026-02-09","26-109701","Yes"
"-122.563096","45.464879","2026-02-09","26-109700","Yes"
"-122.597340","45.489600","2026-02-09","26-109699","No"
"-122.664049","45.517221","2026-02-09","26-109697","No"
"-122.640901","45.497254","2026-02-09","26-109696","No"
"-122.562763","45.474487","2026-02-09","26-109693","No"
"-122.649761","45.487670","2026-02-09","26-109691","No"
"-122.657460","45.521170","2026-02-09","26-109689","Yes"
"-122.657660","45.522667","2026-02-09","26-109686","No"
"-122.578403","45.530331","2026-02-09","26-109682","Yes"
"-122.717650","45.531906","2026-02-09","26-109680","No"
"-122.593989","45.534849","2026-02-09","26-109677","Yes"
"-122.608042","45.497483","2026-02-09","26-109674","No"
"-122.588109","45.477628","2026-02-09","26-109673","Yes"
"-122.568519","45.523775","2026-02-09","26-109672","Yes"
"-122.684423","45.515388","2026-02-09","26-109670","No"
"-122.666003","45.511455","2026-02-09","26-109666","No"
"-122.702313","45.464414","2026-02-09","26-109665","Yes"
"-122.659628","45.593559","2026-02-09","26-109664","No"
"-122.630446","45.532297","2026-02-09","26-109663","No"
"-122.609606","45.496793","2026-02-08","26-109660","No"
"-122.501560","45.521944","2026-02-08","26-109657","Yes"
"-122.661929","45.521830","2026-02-08","26-109656","No"
"-122.676670","45.526275","2026-02-08","26-109654","No"
"-122.578148","45.499179","2026-02-08","26-109648","Yes"
"-122.594569","45.479333","2026-02-08","26-109647","No"
"-122.662325","45.516546","2026-02-08","26-109645","No"
"-122.602251","45.477147","2026-02-08","26-109641","Yes"
"-122.599220","45.497335","2026-02-08","26-109640","No"
"-122.598227","45.497342","2026-02-08","26-109639","No"
"-122.603871","45.497331","2026-02-08","26-109638","No"
"-122.647569","45.579530","2026-02-08","26-109634","Yes"
"-122.671484","45.520284","2026-02-08","26-109631","No"
"-122.659754","45.502646","2026-02-08","26-109628","No"
"-122.653500","45.503465","2026-02-08","26-109623","No"
"-122.657708","45.535413","2026-02-08","26-109622","No"
"-122.660889","45.536414","2026-02-08","26-109621","No"
"-122.656914","45.535721","2026-02-08","26-109617","No"
"-122.599271","45.562747","2026-02-08","26-109616","Yes"
"-122.514453","45.499054","2026-02-08","26-109612","Yes"
"-122.656625","45.525765","2026-02-08","26-109609","No"
"-122.602788","45.492774","2026-02-08","26-109603","No"
"-122.660749","45.533283","2026-02-08","26-109601","No"
"-122.691055","45.516326","2026-02-08","26-109600","No"
"-122.652594","45.529851","2026-02-08","26-109598","No"
"-122.664942","45.513189","2026-02-08","26-109597","No"
"-122.523358","45.490553","2026-02-08","26-109595","Yes"
"-122.664840","45.506527","2026-02-08","26-109594","No"
"-122.681860","45.529320","2026-02-08","26-109592","No"
"-122.537835","45.556087","2026-02-08","26-109589","No"
"-122.571723","45.503748","2026-02-08","26-109587","Yes"
"-122.499460","45.505400","2026-02-08","26-109586","No"
"-122.675004","45.529630","2026-02-08","26-109583","No"
"-122.671795","45.526818","2026-02-08","26-109581","No"
"-122.675840","45.525871","2026-02-08","26-109578","No"
"-122.660261","45.525096","2026-02-08","26-109575","No"
"-122.667868","45.529787","2026-02-08","26-109574","No"
"-122.674456","45.527021","2026-02-08","26-109571","Yes"
"-122.562259","45.468941","2026-02-08","26-109567","No"
"-122.607720","45.473614","2026-02-08","26-109565","Yes"
"-122.496722","45.512724","2026-02-08","26-109562","Yes"
"-122.585762","45.497199","2026-02-08","26-109561","No"
"-122.657236","45.501689","2026-02-08","26-109558","No"
"-122.671493","45.523616","2026-02-08","26-109556","No"
"-122.501717","45.517691","2026-02-08","26-109555","Yes"
"-122.686412","45.529305","2026-02-08","26-109553","No"
"-122.593750","45.524360","2026-02-08","26-109550","Yes"
"-122.607130","45.473020","2026-02-08","26-109549","Yes"
"-122.689219","45.522967","2026-02-08","26-109545","No"
"-122.616367","45.505118","2026-02-08","26-109544","No"
"-122.755346","45.589997","2026-02-08","26-109543","No"
"-122.681506","45.592653","2026-02-08","26-109541","No"
"-122.556004","45.478875","2026-02-08","26-109537","No"
"-122.573193","45.482043","2026-02-08","26-109535","Yes"
"-122.536420","45.492250","2026-02-08","26-109534","Yes"
"-122.608602","45.496912","2026-02-08","26-109532","No"
"-122.598390","45.469560","2026-02-08","26-109531","Yes"
"-122.732821","45.554618","2026-02-07","26-109524","Yes"
"-122.650638","45.533991","2026-02-07","26-109517","No"
"-122.513232","45.523596","2026-02-07","26-109516","Yes"
"-122.512116","45.522798","2026-02-07","26-109515","Yes"
"-122.602187","45.474039","2026-02-07","26-109513","Yes"
"-122.736034","45.586851","2026-02-07","26-109512","Yes"
"-122.592640","45.503402","2026-02-07","26-109509","Yes"
"-122.705640","45.536127","2026-02-07","26-109508","No"
"-122.628134","45.515503","2026-02-07","26-109507","No"
"-122.686376","45.528591","2026-02-07","26-109505","No"
"-122.658167","45.524317","2026-02-07","26-109494","Yes"
"-122.616799","45.537752","2026-02-07","26-109491","No"
"-122.676931","45.527609","2026-02-07","26-109490","No"
"-122.647403","45.523283","2026-02-07","26-109489","Yes"
"-122.680583","45.550843","2026-02-07","26-109484","Yes"
"-122.545280","45.478429","2026-02-07","26-109482","No"
"-122.687974","45.556060","2026-02-07","26-109481","Yes"
"-122.684766","45.514667","2026-02-07","26-109480","No"
"-122.676221","45.510355","2026-02-07","26-109478","No"
"-122.757155","45.588702","2026-02-07","26-109477","No"
"-122.564622","45.484350","2026-02-07","26-109473","Yes"
"-122.537808","45.493187","2026-02-07","26-109468","Yes"
"-122.537550","45.494165","2026-02-07","26-109465","Yes"
"-122.649029","45.565612","2026-02-07","26-109462","Yes"
"-122.660792","45.505841","2026-02-07","26-109460","Yes"
"-122.673356","45.506913","2026-02-07","26-109459","No"
"-122.537103","45.476537","2026-02-07","26-109458","Yes"
"-122.672419","45.524562","2026-02-07","26-109456","No"
"-122.672000","45.567040","2026-02-07","26-109452","No"
"-122.688028","45.515298","2026-02-07","26-109449","No"
"-122.571452","45.530871","2026-02-07","26-109447","Yes"
"-122.572293","45.482261","2026-02-07","26-109444","Yes"
"-122.622281","45.533984","2026-02-07","26-109443","No"
"-122.562876","45.503373","2026-02-07","26-109442","No"
"-122.549357","45.497398","2026-02-07","26-109440","Yes"
"-122.719517","45.581591","2026-02-07","26-109439","Yes"
"-122.585997","45.559575","2026-02-07","26-109438","No"
"-122.659263","45.532240","2026-02-07","26-109437","No"
"-122.644099","45.483551","2026-02-07","26-109433","No"
"-122.568718","45.489498","2026-02-07","26-109432","No"
"-122.564850","45.482954","2026-02-07","26-109431","Yes"
"-122.686113","45.518050","2026-02-07","26-109430","No"
"-122.564918","45.550447","2026-02-07","26-109429","Yes"
"-122.677987","45.525814","2026-02-07","26-109426","No"
"-122.611563","45.506648","2026-02-07","26-109423","Yes"
"-122.610455","45.511727","2026-02-07","26-109422","No"
"-122.686600","45.535009","2026-02-07","26-109419","No"
"-122.586801","45.526569","2026-02-07","26-109418","Yes"
"-122.511034","45.480612","2026-02-07","26-109407","No"
"-122.662565","45.505918","2026-02-07","26-109406","Yes"
"-122.677679","45.569911","2026-02-07","26-109405","Yes"
"-122.516624","45.499658","2026-02-07","26-109404","Yes"
"-122.510709","45.519156","2026-02-07","26-109402","No"
"-122.536724","45.532414","2026-02-07","26-109400","No"
"-122.644399","45.479050","2026-02-07","26-109399","No"
"-122.669992","45.468361","2026-02-07","26-109398","No"
"-122.555548","45.520301","2026-02-07","26-109395","Yes"
"-122.571412","45.491023","2026-02-07","26-109390","Yes"
"-122.499002","45.518128","2026-02-07","26-109389","Yes"
"-122.556810","45.532782","2026-02-07","26-109382","No"
"-122.537255","45.502226","2026-02-06","26-109381","Yes"
"-122.657349","45.515768","2026-02-06","26-109375","No"
"-122.606188","45.498087","2026-02-06","26-109373","Yes"
"-122.519180","45.509521","2026-02-06","26-109372","Yes"
"-122.491491","45.549762","2026-02-06","26-109368","No"
"-122.492028","45.550484","2026-02-06","26-109365","No"
"-122.694894","45.524099","2026-02-06","26-109364","No"
"-122.484823","45.550568","2026-02-06","26-109361","No"
"-122.544607","45.533135","2026-02-06","26-109352","Yes"
"-122.666591","45.520120","2026-02-06","26-109349","No"
"-122.673631","45.515464","2026-02-06","26-109348","No"
"-122.680224","45.523175","2026-02-06","26-109344","No"
"-122.679661","45.523656","2026-02-06","26-109343","No"
"-122.683473","45.597047","2026-02-06","26-109341","No"
"-122.614962","45.550383","2026-02-06","26-109340","Yes"
"-122.611481","45.510681","2026-02-06","26-109339","No"
"-122.519856","45.475884","2026-02-06","26-109338","Yes"
"-122.569603","45.470449","2026-02-06","26-109336","Yes"
"-122.533865","45.522534","2026-02-06","26-109329","No"
"-122.610007","45.468638","2026-02-06","26-109326","Yes"
"-122.497310","45.505940","2026-02-06","26-109325","Yes"
"-122.650788","45.486854","2026-02-06","26-109323","No"
"-122.591614","45.503434","2026-02-06","26-109321","Yes"
"-122.557766","45.548106","2026-02-06","26-109318","No"
"-122.571228","45.481373","2026-02-06","26-109317","Yes"
"-122.698896","45.539511","2026-02-06","26-109314","No"
"-122.650375","45.500292","2026-02-06","26-109313","No"
"-122.542715","45.531579","2026-02-06","26-109310","Yes"
"-122.607545","45.530813","2026-02-06","26-109309","Yes"
"-122.566277","45.468419","2026-02-06","26-109304","No"
"-122.552952","45.472818","2026-02-06","26-109302","No"
"-122.685855","45.530771","2026-02-06","26-109299","No"
"-122.554100","45.546790","2026-02-06","26-109297","No"
"-122.556589","45.475147","2026-02-06","26-109295","No"
"-122.555484","45.475211","2026-02-06","26-109292","No"
"-122.538908","45.557643","2026-02-06","26-109291","Yes"
"-122.659103","45.527993","2026-02-06","26-109285","No"
"-122.609206","45.478403","2025-12-30","25-222278","Yes"
"-122.676333","45.577220","2025-12-30","25-222277","No"
"-122.594999","45.536640","2025-12-30","25-222276","Yes"
"-122.647333","45.486018","2025-12-30","25-222273","No"
"-122.537849","45.524375","2025-12-30","25-222270","No"
"-122.511085","45.505001","2025-12-30","25-222267","Yes"
"-122.552681","45.480404","2025-12-30","25-222265","No"
"-122.656860","45.526610","2025-12-30","25-222263","Yes"
"-122.521336","45.503193","2025-12-30","25-222260","Yes"
"-122.556570","45.494927","2025-12-30","25-222259","Yes"
"-122.677311","45.528128","2025-12-30","25-222254","No"
"-122.648771","45.489677","2025-12-30","25-222247","Yes"
"-122.478558","45.551050","2025-12-30","25-222246","No"
"-122.498948","45.520075","2025-12-30","25-222244","Yes"
"-122.582320","45.482840","2025-12-30","25-222243","No"
"-122.532671","45.521845","2025-12-30","25-222242","No"
"-122.476835","45.549107","2025-12-30","25-222241","No"
"-122.539516","45.524047","2025-12-30","25-222239","No"
"-122.612594","45.497869","2025-12-30","25-222235","No"
"-122.663072","45.515765","2025-12-30","25-222234","No"
"-122.510709","45.519156","2025-12-30","25-222232","Yes"
"-122.575709","45.480563","2025-12-30","25-222231","Yes"
"-122.483375","45.556693","2025-12-30","25-222230","No"
"-122.527433","45.497222","2025-12-30","25-222229","No"
"-122.538950","45.531130","2025-12-30","25-222228","Yes"
"-122.564622","45.484350","2025-12-30","25-222227","No"
"-122.634877","45.560287","2025-12-30","25-222225","Yes"
"-122.521028","45.493326","2025-12-30","25-222224","Yes"
"-122.660910","45.516680","2025-12-30","25-222220","No"
"-122.660712","45.505985","2025-12-30","25-222217","No"
"-122.659242","45.504946","2025-12-30","25-222216","Yes"
"-122.648631","45.485961","2025-12-30","25-222215","No"
"-122.620409","45.535649","2025-12-30","25-222213","Yes"
"-122.687148","45.556303","2025-12-30","25-222212","No"
"-122.709652","45.541345","2025-12-30","25-222211","Yes"
"-122.617284","45.528988","2025-12-30","25-222209","Yes"
"-122.607559","45.497376","2025-12-30","25-222208","No"
"-122.577990","45.462388","2025-12-30","25-222207","No"
"-122.687446","45.584470","2025-12-30","25-222205","No"
"-122.699532","45.568259","2025-12-30","25-222202","No"
"-122.685407","45.593054","2025-12-30","25-222200","No"
"-122.661694","45.516078","2025-12-30","25-222199","No"
"-122.564549","45.479038","2025-12-30","25-222198","No"
"-122.665014","45.536463","2025-12-30","25-222197","Yes"
"-122.661232","45.504888","2025-12-30","25-222195","No"
"-122.662224","45.590218","2025-12-30","25-222194","Yes"
"-122.680832","45.589529","2025-12-30","25-222193","Yes"
"-122.662777","45.535659","2025-12-30","25-222192","No"
"-122.537574","45.495304","2025-12-30","25-222190","No"
"-122.489348","45.490980","2025-12-30","25-222187","No"
"-122.530032","45.496711","2025-12-30","25-222185","Yes"
"-122.553625","45.558490","2025-12-30","25-222181","Yes"
"-122.653531","45.576966","2025-12-30","25-222180","Yes"
"-122.677569","45.526610","2025-12-30","25-222176","No"
"-122.522053","45.560243","2025-12-30","25-222172","No"
"-122.667616","45.585414","2025-12-30","25-222171","No"
"-122.520897","45.560247","2025-12-30","25-222170","No"
"-122.560726","45.526297","2025-12-30","25-222165","No"
"-122.564743","45.547161","2025-12-30","25-222160","Yes"
"-122.539869","45.476493","2025-12-30","25-222159","Yes"
"-122.560898","45.523413","2025-12-30","25-222158","No"
"-122.669442","45.547303","2025-12-30","25-222157","No"
"-122.665808","45.518557","2025-12-30","25-222155","No"
"-122.646636","45.499856","2025-12-30","25-222153","No"
"-122.664623","45.520060","2025-12-30","25-222151","No"
"-122.671672","45.532974","2025-12-30","25-222145","No"
"-122.648497","45.515858","2025-12-30","25-222142","Yes"
"-122.662756","45.533755","2025-12-30","25-222140","No"
"-122.726973","45.593012","2025-12-30","25-222139","No"
"-122.494966","45.504574","2025-12-30","25-222136","No"
"-122.707989","45.589731","2025-12-30","25-222135","Yes"
"-122.572816","45.468381","2025-12-30","25-222133","No"
"-122.585213","45.505539","2025-12-30","25-222132","No"
"-122.694508","45.527178","2025-12-30","25-222131","No"
"-122.601154","45.497278","2025-12-30","25-222129","No"
"-122.541203","45.516802","2025-12-30","25-222128","Yes"
"-122.610053","45.477712","2025-12-30","25-222127","Yes"
"-122.698860","45.528210","2025-12-30","25-222124","No"
"-122.695852","45.536257","2025-12-30","25-222122","No"
"-122.739038","45.582859","2025-12-30","25-222121","Yes"
"-122.673390","45.520940","2025-12-30","25-222117","No"
"-122.676540","45.528990","2025-12-30","25-222114","No"
"-122.553423","45.565339","2025-12-30","25-222107","Yes"
"-122.645754","45.499292","2025-12-30","25-222106","Yes"
"-122.537558","45.478429","2025-12-30","25-222105","Yes"
"-122.537536","45.482438","2025-12-30","25-222100","Yes"
"-122.590932","45.535276","2025-12-30","25-222092","Yes"
"-122.594274","45.534471","2025-12-30","25-222091","Yes"
"-122.596425","45.534856","2025-12-30","25-222090","Yes"
"-122.634291","45.485316","2025-12-30","25-222084","Yes"
"-122.620447","45.534700","2025-12-30","25-222081","No"
"-122.724193","45.466514","2025-12-30","25-222080","Yes"
"-122.674730","45.512702","2025-12-30","25-222076","No"
"-122.518456","45.519111","2025-12-30","25-222075","No"
"-122.637172","45.527517","2025-12-30","25-222074","No"
"-122.639210","45.580120","2025-12-30","25-222073","Yes"
"-122.534600","45.565590","2025-12-30","25-222072","Yes"
"-122.567114","45.478631","2025-12-30","25-222070","No"
"-122.560945","45.524042","2025-12-30","25-222069","No"
"-122.556782","45.558868","2025-12-30","25-222060","Yes"
"-122.520892","45.526456","2025-12-30","25-222054","No"
"-122.647430","45.486935","2025-12-30","25-222052","No"
"-122.599615","45.479159","2025-12-30","25-222050","No"
"-122.618912","45.535128","2025-12-30","25-222049","No"
"-122.496867","45.497337","2025-12-30","25-222048","Yes"
"-122.544538","45.535344","2025-12-30","25-222045","Yes"
"-122.558950","45.484069","2025-12-30","25-222041","Yes"
"-122.681364","45.530119","2025-12-30","25-222039","No"
"-122.591936","45.463268","2025-12-30","25-222037","Yes"
"-122.671870","45.526963","2025-12-30","25-222036","No"
"-122.614616","45.497910","2025-12-30","25-222035","No"
"-122.659877","45.508653","2025-12-30","25-222029","Yes"
"-122.682749","45.555471","2025-12-30","25-222023","No"
"-122.656589","45.521406","2025-12-30","25-222022","No"
"-122.687370","45.590811","2025-12-30","25-222020","Yes"
"-122.686179","45.590860","2025-12-30","25-222019","No"
"-122.684740","45.584534","2025-12-30","25-222018","Yes"
"-122.615450","45.477724","2025-12-30","25-222014","Yes"
"-122.637120","45.530681","2025-12-30","25-222013","No"
"-122.637990","45.504580","2025-12-30","25-222012","Yes"
"-122.662648","45.536504","2025-12-30","25-222010","No"
"-122.580898","45.495045","2025-12-30","25-222008","Yes"
"-122.584690","45.490446","2025-12-30","25-222003","Yes"
"-122.530241","45.505824","2025-12-30","25-222000","Yes"
"-122.568628","45.471021","2025-12-30","25-221997","Yes"
"-122.493923","45.482667","2025-12-30","25-221994","No"
"-122.550902","45.477827","2025-12-30","25-221993","No"
"-122.662321","45.524439","2025-12-30","25-221992","No"
"-122.693979","45.466968","2025-12-30","25-221990","Yes"
"-122.657800","45.518208","2025-12-30","25-221989","No"
"-122.785810","45.596980","2025-12-30","25-221987","No"
"-122.672306","45.553322","2025-12-30","25-221984","Yes"
"-122.661506","45.519306","2025-12-30","25-221983","No"
"-122.573298","45.487966","2025-12-30","25-221982","Yes"
"-122.600946","45.475825","2025-12-30","25-221981","Yes"
"-122.651807","45.475307","2025-12-30","25-221980","No"
"-122.510111","45.546249","2025-12-30","25-221976","Yes"
"-122.650428","45.529733","2025-12-30","25-221975","No"
"-122.561967","45.526299","2025-12-30","25-221974","No"
"-122.562255","45.523474","2025-12-30","25-221971","No"
"-122.521175","45.554868","2025-12-30","25-221970","No"
"-122.709861","45.585280","2025-12-30","25-221968","Yes"
"-122.660766","45.536414","2025-12-29","25-221965","No"
"-122.675003","45.555588","2025-12-29","25-221964","Yes"
"-122.639555","45.488178","2025-12-29","25-221963","Yes"
"-122.645568","45.515037","2025-12-29","25-221960","Yes"
"-122.689583","45.555662","2025-12-29","25-221958","No"
"-122.552549","45.518548","2025-12-29","25-221945","No"
"-122.629735","45.533747","2025-12-29","25-221944","Yes"
"-122.632809","45.531725","2025-12-29","25-221943","Yes"
"-122.602151","45.481381","2025-12-29","25-221942","Yes"
"-122.743303","45.437541","2025-12-29","25-221941","No"
"-122.658030","45.505780","2025-12-29","25-221937","No"
"-122.641574","45.489177","2025-12-29","25-221936","Yes"
"-122.499058","45.519152","2025-12-29","25-221935","Yes"
"-122.662128","45.508285","2025-12-29","25-221933","No"
"-122.691434","45.517884","2025-12-29","25-221932","No"
"-122.501582","45.526190","2025-12-29","25-221931","Yes"
"-122.551669","45.504122","2025-12-29","25-221929","No"
"-122.661860","45.502695","2025-12-29","25-221928","No"
"-122.573282","45.481233","2025-12-29","25-221926","Yes"
"-122.657542","45.494784","2025-12-29","25-221925","Yes"
"-122.661590","45.547901","2025-12-29","25-221924","Yes"
"-122.660361","45.599562","2025-12-29","25-221918","No"
"-122.584237","45.500082","2025-12-29","25-221916","Yes"
"-122.537679","45.531304","2025-12-29","25-221915","Yes"
"-122.563613","45.523480","2025-12-29","25-221914","No"
"-122.698923","45.530633","2025-12-29","25-221913","No"
"-122.660703","45.507426","2025-12-29","25-221912","No"
"-122.694851","45.528372","2025-12-29","25-221911","No"
"-122.557160","45.559430","2025-12-29","25-221906","No"
"-122.658813","45.492315","2025-12-29","25-221905","Yes"
"-122.674680","45.581650","2025-12-29","25-221904","No"
"-122.493452","45.504241","2025-12-29","25-221902","No"
"-122.536632","45.521284","2025-12-29","25-221900","Yes"
"-122.602877","45.506366","2025-12-29","25-221894","Yes"
"-122.657499","45.535624","2025-12-29","25-221885","No"
"-122.747744","45.582350","2025-12-29","25-221884","Yes"
"-122.638021","45.528459","2025-12-29","25-221882","Yes"
"-122.675526","45.502734","2025-12-29","25-221881","Yes"
"-122.530944","45.519304","2025-12-29","25-221876","Yes"
"-122.727494","45.467543","2025-12-29","25-221875","No"
"-122.674182","45.516453","2025-12-29","25-221874","No"
"-122.580436","45.463667","2025-12-29","25-221873","No"
"-122.636674","45.496906","2025-12-29","25-221872","No"
"-122.638047","45.495962","2025-12-29","25-221870","Yes"
"-122.742023","45.600441","2025-12-29","25-221869","Yes"
"-122.564890","45.483409","2025-12-29","25-221866","Yes"
"-122.600099","45.491322","2025-12-29","25-221865","Yes"
"-122.542673","45.539602","2025-12-29","25-221864","Yes"
"-122.567476","45.479606","2025-12-29","25-221863","No"
"-122.609777","45.496767","2025-12-29","25-221862","Yes"
"-122.681108","45.483394","2025-12-29","25-221858","No"
"-122.565461","45.472720","2025-12-29","25-221857","No"
"-122.584679","45.496528","2025-12-29","25-221850","No"
"-122.541584","45.476582","2025-12-29","25-221849","No"
"-122.548158","45.478177","2025-12-29","25-221847","No"
"-122.536512","45.532361","2025-12-29","25-221845","No"
"-122.580810","45.525350","2025-12-29","25-221844","Yes"
"-122.567525","45.502601","2025-12-29","25-221843","Yes"
"-122.567414","45.478877","2025-11-20","25-212539","Yes"
"-122.557418","45.476795","2025-11-20","25-212537","Yes"
"-122.627700","45.496952","2025-11-20","25-212532","Yes"
"-122.631507","45.498292","2025-11-20","25-212530","Yes"
"-122.579974","45.559029","2025-11-20","25-212527","Yes"
"-122.556006","45.534096","2025-11-20","25-212526","No"
"-122.644061","45.575147","2025-11-20","25-212525","Yes"
"-122.676830","45.527540","2025-11-20","25-212523","No"
"-122.529407","45.528821","2025-11-20","25-212522","Yes"
"-122.611552","45.496732","2025-11-20","25-212520","No"
"-122.529522","45.522324","2025-11-20","25-212519","No"
"-122.754476","45.590102","2025-11-20","25-212515","No"
"-122.601026","45.464476","2025-11-20","25-212514","Yes"
"-122.661560","45.504580","2025-11-20","25-212508","Yes"
"-122.567070","45.515540","2025-11-20","25-212507","No"
"-122.706739","45.533206","2025-11-20","25-212505","Yes"
"-122.654678","45.514355","2025-11-20","25-212503","No"
"-122.628901","45.553656","2025-11-20","25-212501","Yes"
"-122.681386","45.511719","2025-11-20","25-212500","No"
"-122.537749","45.526293","2025-11-20","25-212498","No"
"-122.747998","45.604331","2025-11-20","25-212492","Yes"
"-122.531144","45.533541","2025-11-20","25-212489","Yes"
"-122.606134","45.497731","2025-11-20","25-212487","No"
"-122.671731","45.493210","2025-11-20","25-212485","No"
"-122.675213","45.525167","2025-11-20","25-212482","No"
"-122.591763","45.547153","2025-11-20","25-212480","No"
"-122.641620","45.461032","2025-11-20","25-212479","No"
"-122.685742","45.595223","2025-11-20","25-212476","No"
"-122.558056","45.533538","2025-11-20","25-212475","No"
"-122.640896","45.464032","2025-11-20","25-212472","No"
"-122.630317","45.533774","2025-11-20","25-212469","No"
"-122.676703","45.511888","2025-11-20","25-212467","No"
"-122.655410","45.536570","2025-11-20","25-212465","No"
"-122.606397","45.496688","2025-11-20","25-212463","No"
"-122.553000","45.537040","2025-11-20","25-212460","Yes"
"-122.596288","45.496080","2025-11-20","25-212459","Yes"
"-122.538591","45.555213","2025-11-20","25-212456","No"
"-122.732799","45.581188","2025-11-20","25-212454","Yes"
"-122.686345","45.527161","2025-11-20","25-212453","No"
"-122.571775","45.500502","2025-11-20","25-212452","No"
"-122.660503","45.523719","2025-11-20","25-212451","No"
"-122.494973","45.503751","2025-11-20","25-212450","Yes"
"-122.496690","45.503841","2025-11-20","25-212449","Yes"
"-122.528570","45.520570","2025-11-20","25-212446","No"
"-122.584623","45.526108","2025-11-20","25-212445","No"
"-122.614830","45.538988","2025-11-20","25-212440","No"
"-122.645666","45.498121","2025-11-20","25-212438","No"
"-122.701889","45.512156","2025-11-20","25-212436","No"
"-122.661704","45.513813","2025-11-20","25-212435","No"
"-122.537151","45.480415","2025-11-20","25-212432","No"
"-122.543920","45.476531","2025-11-20","25-212431","Yes"
"-122.615930","45.512817","2025-11-20","25-212430","No"
"-122.587445","45.536102","2025-11-20","25-212425","No"
"-122.588754","45.535969","2025-11-20","25-212424","Yes"
"-122.626954","45.512407","2025-11-20","25-212420","No"
"-122.684079","45.530717","2025-11-20","25-212419","No"
"-122.651705","45.516685","2025-11-20","25-212418","Yes"
"-122.533967","45.526167","2025-11-20","25-212417","No"
"-122.496373","45.516211","2025-11-20","25-212416","Yes"
"-122.751700","45.591778","2025-11-20","25-212415","Yes"
"-122.756081","45.585022","2025-11-20","25-212414","Yes"
"-122.561698","45.479596","2025-11-20","25-212411","Yes"
"-122.492071","45.482902","2025-11-20","25-212399","Yes"
"-122.514730","45.526630","2025-11-20","25-212394","Yes"
"-122.684993","45.514680","2025-11-20","25-212393","No"
"-122.560596","45.494208","2025-11-20","25-212388","Yes"
"-122.518598","45.477007","2025-11-20","25-212382","Yes"
"-122.558154","45.517032","2025-11-20","25-212381","No"
"-122.680108","45.562657","2025-11-20","25-212379","Yes"
"-122.664505","45.516467","2025-11-20","25-212378","No"
"-122.692516","45.586878","2025-11-20","25-212376","No"
"-122.676027","45.542734","2025-11-20","25-212368","No"
"-122.537540","45.477800","2025-11-20","25-212366","Yes"
"-122.537150","45.482770","2025-11-20","25-212364","Yes"
"-122.620610","45.504490","2025-11-20","25-212362","No"
"-122.653528","45.577219","2025-11-19","25-212352","Yes"
"-122.621646","45.536593","2025-11-19","25-212351","No"
"-122.510853","45.499089","2025-11-19","25-212350","No"
"-122.658796","45.514161","2025-11-19","25-212344","No"
"-122.648454","45.515737","2025-11-19","25-212342","Yes"
"-122.665282","45.579285","2025-11-19","25-212340","Yes"
"-122.637725","45.527209","2025-11-19","25-212338","No"
"-122.681150","45.589512","2025-11-19","25-212337","No"
"-122.634326","45.487535","2025-11-19","25-212336","Yes"
"-122.634304","45.485733","2025-11-19","25-212335","Yes"
"-122.614803","45.538027","2025-11-19","25-212333","No"
"-122.634292","45.461814","2025-11-19","25-212331","No"
"-122.485328","45.553842","2025-11-19","25-212330","No"
"-122.585725","45.497177","2025-11-19","25-212329","No"
"-122.667375","45.585350","2025-11-19","25-212325","No"
"-122.649291","45.490753","2025-11-19","25-212324","Yes"
"-122.747580","45.592470","2025-11-19","25-212323","Yes"
"-122.668029","45.580531","2025-11-19","25-212321","No"
"-122.572639","45.486879","2025-11-19","25-212320","Yes"
"-122.563739","45.520646","2025-11-19","25-212313","Yes"
"-122.604074","45.497467","2025-11-19","25-212310","No"
"-122.667975","45.535155","2025-11-19","25-212309","No"
"-122.662579","45.535435","2025-11-19","25-212305","No"
"-122.689295","45.524967","2025-11-19","25-212303","No"
"-122.542915","45.511260","2025-11-19","25-212301","Yes"
"-122.571467","45.479266","2025-11-19","25-212300","Yes"
"-122.567720","45.479940","2025-11-19","25-212298","No"
"-122.751253","45.564901","2025-11-19","25-212290","Yes"
"-122.605560","45.497260","2025-11-19","25-212287","No"
"-122.650241","45.532903","2025-11-19","25-212286","No"
"-122.637119","45.516068","2025-11-19","25-212281","No"
"-122.723382","45.582235","2025-11-19","25-212280","Yes"
"-122.557981","45.537625","2025-11-19","25-212278","No"
"-122.577920","45.511969","2025-11-19","25-212273","No"
"-122.630666","45.535159","2025-11-19","25-212271","No"
"-122.661356","45.578812","2025-11-19","25-212270","No"
"-122.691187","45.528505","2025-11-19","25-212266","No"
"-122.660406","45.577964","2025-11-19","25-212265","Yes"
"-122.614884","45.550458","2025-11-19","25-212264","Yes"
"-122.649445","45.476580","2025-11-19","25-212263","No"
"-122.705000","45.612371","2025-11-19","25-212258","No"
"-122.659612","45.535781","2025-11-19","25-212253","No"
"-122.547471","45.489696","2025-11-19","25-212252","Yes"
"-122.508872","45.503722","2025-11-19","25-212251","No"
"-122.693336","45.516165","2025-11-19","25-212249","No"
"-122.520400","45.493253","2025-11-19","25-212244","Yes"
"-122.678436","45.525805","2025-11-19","25-212243","No"
"-122.647240","45.466060","2025-11-19","25-212242","No"
"-122.763670","45.591760","2025-11-19","25-212239","Yes"
"-122.765109","45.594002","2025-11-19","25-212236","No"
"-122.672677","45.518902","2025-11-19","25-212234","No"
"-122.695269","45.528385","2025-11-19","25-212233","Yes"
"-122.686376","45.528591","2025-11-19","25-212232","No"
"-122.605523","45.527176","2025-11-19","25-212229","Yes"
"-122.511671","45.498392","2025-11-19","25-212228","No"
"-122.579961","45.497507","2025-11-19","25-212224","Yes"
"-122.661079","45.508210","2025-11-19","25-212221","No"
"-122.586355","45.503456","2025-11-19","25-212214","No"
"-122.674305","45.523687","2025-11-19","25-212213","No"
"-122.742532","45.582417","2025-11-19","25-212212","Yes"
"-122.686670","45.532905","2025-11-19","25-212211","No"
"-122.763720","45.645031","2025-11-19","25-212206","Yes"
"-122.698100","45.532870","2025-11-19","25-212205","Yes"
"-122.680174","45.527694","2025-11-19","25-212203","No"
"-122.580541","45.465165","2025-11-19","25-212199","Yes"
"-122.667056","45.518532","2025-11-19","25-212196","No"
"-122.624116","45.571303","2025-11-19","25-212195","Yes"
"-122.666139","45.532584","2025-11-19","25-212194","No"
"-122.636545","45.494541","2025-11-19","25-212192","No"
"-122.663636","45.515722","2025-11-19","25-212191","No"
"-122.661914","45.521112","2025-11-19","25-212183","Yes"
"-122.587552","45.493879","2025-11-19","25-212180","Yes"
"-122.635640","45.494787","2025-11-19","25-212178","No"
"-122.694419","45.526300","2025-11-19","25-212173","No"
"-122.673821","45.540212","2025-11-19","25-212172","Yes"
"-122.546039","45.548005","2025-11-19","25-212169","No"
"-122.689154","45.534996","2025-11-19","25-212168","Yes"
"-122.692459","45.535477","2025-11-19","25-212166","No"
"-122.662077","45.582006","2025-11-19","25-212165","No"
"-122.670505","45.523097","2025-11-19","25-212163","No"
"-122.560580","45.495095","2025-11-19","25-212156","No"
"-122.642395","45.519398","2025-11-19","25-212152","Yes"
"-122.660792","45.505841","2025-11-19","25-212148","Yes"
"-122.586275","45.481525","2025-11-19","25-212146","No"
"-122.575595","45.480573","2025-11-19","25-212145","Yes"
"-122.756791","45.592555","2025-11-19","25-212144","No"
"-122.670267","45.485291","2025-11-19","25-212143","Yes"
"-122.686887","45.582392","2025-11-19","25-212140","No"
"-122.677474","45.507968","2025-11-19","25-212139","No"
"-122.532352","45.567530","2025-11-19","25-212135","No"
"-122.755147","45.584869","2025-11-19","25-212134","Yes"
"-122.652419","45.523000","2025-11-19","25-212130","No"
"-122.549416","45.517345","2025-11-19","25-212126","Yes"
"-122.562342","45.521297","2025-11-19","25-212121","Yes"
"-122.578148","45.475667","2025-11-19","25-212118","No"
"-122.595219","45.493124","2025-11-19","25-212116","Yes"
"-122.670786","45.526476","2025-11-19","25-212115","No"
"-122.750201","45.596063","2025-11-19","25-212111","Yes"
"-122.568553","45.533458","2025-11-19","25-212105","Yes"
"-122.681314","45.528680","2025-11-19","25-212104","No"
"-122.674783","45.505884","2025-11-19","25-212092","No"
"-122.594222","45.468642","2025-11-19","25-212091","Yes"
"-122.743783","45.588540","2025-11-19","25-212082","No"
"-122.677633","45.523277","2025-11-19","25-212076","No"
"-122.652030","45.496930","2025-11-19","25-212074","Yes"
"-122.618119","45.505702","2025-11-19","25-212069","Yes"
"-122.664354","45.526733","2025-11-19","25-212063","No"
"-122.679960","45.580065","2025-11-19","25-212061","No"
"-122.656195","45.518692","2025-11-19","25-212056","Yes"
"-122.594739","45.497265","2025-11-19","25-212049","No"
"-122.693883","45.515211","2025-11-19","25-212048","No"
"-122.625660","45.571230","2025-11-19","25-212047","Yes"
"-122.571990","45.532340","2025-11-19","25-212046","Yes"
"-122.602377","45.529257","2025-11-19","25-212038","Yes"
"-122.481380","45.552266","2025-11-19","25-212037","No"
"-122.590317","45.475679","2025-11-19","25-212035","Yes"
"-122.560932","45.522964","2025-11-19","25-212028","No"
"-122.651004","45.487179","2025-11-19","25-212027","No"
"-122.554250","45.474958","2025-11-19","25-212024","No"
"-122.587185","45.535425","2025-11-19","25-212023","Yes"
"-122.585340","45.485193","2025-11-19","25-212022","No"
"-122.657788","45.509721","2025-11-19","25-212017","Yes"
"-122.657252","45.508702","2025-11-19","25-212015","No"
"-122.656031","45.479288","2025-11-19","25-212014","No"
"-122.636671","45.594068","2025-11-19","25-212013","No"
"-122.624272","45.506693","2025-10-16","25-201749","Yes"
"-122.550471","45.515629","2025-10-16","25-201748","No"
"-122.566808","45.519431","2025-10-16","25-201746","No"
"-122.631967","45.518354","2025-10-16","25-201739","No"
"-122.662648","45.536504","2025-10-16","25-201738","Yes"
"-122.657585","45.535061","2025-10-16","25-201737","No"
"-122.679874","45.580023","2025-10-16","25-201736","Yes"
"-122.534536","45.522617","2025-10-16","25-201735","No"
"-122.677261","45.530450","2025-10-16","25-201733","No"
"-122.532309","45.567587","2025-10-16","25-201732","No"
"-122.538763","45.524069","2025-10-16","25-201728","No"
"-122.672036","45.523340","2025-10-16","25-201727","No"
"-122.689390","45.581750","2025-10-16","25-201724","Yes"
"-122.669874","45.523059","2025-10-16","25-201723","No"
"-122.564706","45.482704","2025-10-16","25-201722","Yes"
"-122.686359","45.524743","2025-10-16","25-201718","No"
"-122.615850","45.510370","2025-10-16","25-201717","No"
"-122.616164","45.526414","2025-10-16","25-201712","Yes"
"-122.683364","45.529345","2025-10-16","25-201711","No"
"-122.532188","45.483385","2025-10-16","25-201709","No"
"-122.636968","45.464280","2025-10-16","25-201707","Yes"
"-122.635172","45.464215","2025-10-16","25-201704","No"
"-122.556371","45.560528","2025-10-16","25-201702","Yes"
"-122.664338","45.517272","2025-10-16","25-201701","No"
"-122.504087","45.549433","2025-10-16","25-201700","Yes"
"-122.677299","45.521342","2025-10-16","25-201694","No"
"-122.675540","45.526647","2025-10-16","25-201691","No"
"-122.556155","45.534260","2025-10-16","25-201690","Yes"
"-122.497795","45.548233","2025-10-16","25-201688","Yes"
"-122.532360","45.496970","2025-10-16","25-201686","No"
"-122.688281","45.524986","2025-10-16","25-201684","Yes"
"-122.688308","45.525699","2025-10-16","25-201683","No"
"-122.693908","45.537095","2025-10-16","25-201679","Yes"
"-122.587397","45.573230","2025-10-16","25-201677","No"
"-122.560768","45.558783","2025-10-16","25-201675","Yes"
"-122.667900","45.475871","2025-10-16","25-201671","Yes"
"-122.638099","45.518577","2025-10-16","25-201670","No"
"-122.643551","45.497365","2025-10-16","25-201669","Yes"
"-122.593477","45.463267","2025-10-16","25-201664","Yes"
"-122.583316","45.572036","2025-10-16","25-201660","No"
"-122.504480","45.550030","2025-10-16","25-201659","No"
"-122.546509","45.519169","2025-10-16","25-201658","No"
"-122.539869","45.476493","2025-10-16","25-201655","Yes"
"-122.562803","45.503524","2025-10-16","25-201651","Yes"
"-122.638230","45.528436","2025-10-16","25-201650","No"
"-122.647211","45.497711","2025-10-16","25-201647","Yes"
"-122.687600","45.562200","2025-10-16","25-201644","No"
"-122.652966","45.577181","2025-10-16","25-201643","No"
"-122.605153","45.532343","2025-10-16","25-201642","Yes"
"-122.673914","45.525948","2025-10-16","25-201641","No"
"-122.658682","45.519360","2025-10-16","25-201638","No"
"-122.572132","45.513620","2025-10-16","25-201633","Yes"
"-122.662740","45.522955","2025-10-16","25-201630","No"
"-122.546525","45.547937","2025-10-16","25-201623","Yes"
"-122.594290","45.534883","2025-10-16","25-201620","Yes"
"-122.566151","45.482745","2025-10-16","25-201619","No"
"-122.636652","45.497787","2025-10-16","25-201616","No"
"-122.671572","45.536644","2025-10-16","25-201614","Yes"
"-122.661130","45.516219","2025-10-16","25-201609","Yes"
"-122.567255","45.489939","2025-10-16","25-201608","No"
"-122.573441","45.561980","2025-10-16","25-201607","No"
"-122.596809","45.497242","2025-10-16","25-201606","No"
"-122.681373","45.522790","2025-10-16","25-201604","No"
"-122.675759","45.520267","2025-10-16","25-201603","No"
"-122.660728","45.519748","2025-10-16","25-201599","No"
"-122.652550","45.520462","2025-10-16","25-201595","Yes"
"-122.672469","45.567436","2025-10-16","25-201590","Yes"
"-122.681264","45.554128","2025-10-16","25-201589","No"
"-122.680824","45.553558","2025-10-16","25-201588","No"
"-122.513877","45.503491","2025-10-16","25-201585","No"
"-122.643470","45.578680","2025-10-16","25-201584","Yes"
"-122.635856","45.593872","2025-10-16","25-201576","No"
"-122.625810","45.519574","2025-10-16","25-201575","Yes"
"-122.635138","45.479919","2025-10-16","25-201574","Yes"
"-122.608664","45.476661","2025-10-16","25-201571","Yes"
"-122.689401","45.527818","2025-10-16","25-201566","No"
"-122.754772","45.592172","2025-10-16","25-201563","Yes"
"-122.652966","45.517934","2025-10-16","25-201559","No"
"-122.622199","45.482056","2025-10-16","25-201558","No"
"-122.683151","45.595540","2025-10-16","25-201553","No"
"-122.555568","45.532676","2025-10-16","25-201546","No"
"-122.585192","45.497301","2025-10-16","25-201544","No"
"-122.689491","45.534544","2025-10-16","25-201537","No"
"-122.691400","45.535093","2025-10-16","25-201535","No"
"-122.679611","45.550755","2025-10-16","25-201533","Yes"
"-122.694095","45.527814","2025-10-16","25-201526","No"
"-122.547584","45.548081","2025-10-16","25-201523","Yes"
"-122.558070","45.469770","2025-10-16","25-201522","No"
"-122.673876","45.513685","2025-10-16","25-201519","No"
"-122.601939","45.539853","2025-10-16","25-201518","Yes"
"-122.679173","45.527057","2025-10-16","25-201511","No"
"-122.650897","45.511293","2025-10-16","25-201503","No"
"-122.692652","45.535442","2025-10-16","25-201501","No"
"-122.639512","45.462478","2025-10-16","25-201500","No"
"-122.570604","45.497397","2025-10-16","25-201496","Yes"
"-122.617462","45.481337","2025-10-16","25-201491","Yes"
"-122.499034","45.518121","2025-10-16","25-201488","No"
"-122.609074","45.474833","2025-10-16","25-201487","Yes"
"-122.623660","45.506170","2025-10-16","25-201481","Yes"
"-122.625848","45.520287","2025-10-16","25-201477","No"
"-122.581050","45.567680","2025-10-16","25-201475","Yes"
"-122.571650","45.530740","2025-10-16","25-201474","Yes"
"-122.552682","45.498297","2025-10-16","25-201470","No"
"-122.700634","45.537665","2025-10-16","25-201465","Yes"
"-122.537338","45.480450","2025-10-16","25-201459","No"
"-122.667000","45.539770","2025-10-16","25-201450","No"
"-122.678766","45.526113","2025-10-16","25-201447","No"
"-122.737069","45.597044","2025-10-15","25-201444","Yes"
"-122.677342","45.496346","2025-10-15","25-201443","No"
"-122.579586","45.486547","2025-10-15","25-201442","Yes"
"-122.647408","45.486941","2025-10-15","25-201433","No"
"-122.690831","45.517579","2025-10-15","25-201432","No"
"-122.672960","45.522260","2025-10-15","25-201431","No"
"-122.557767","45.555389","2025-10-15","25-201430","Yes"
"-122.646936","45.537445","2025-10-15","25-201426","No"
"-122.661770","45.521509","2025-10-15","25-201424","No"
"-122.588006","45.497436","2025-10-15","25-201423","Yes"
"-122.637628","45.482112","2025-10-15","25-201422","Yes"
"-122.676247","45.530432","2025-10-15","25-201421","No"
"-122.634544","45.515474","2025-10-15","25-201420","No"
"-122.683550","45.530200","2025-10-15","25-201413","No"
"-122.672009","45.499339","2025-10-15","25-201403","No"
"-122.695747","45.526213","2025-10-15","25-201401","No"
"-122.577993","45.511240","2025-10-15","25-201398","Yes"
"-122.665558","45.513732","2025-10-15","25-201396","No"
"-122.537679","45.531304","2025-10-15","25-201391","No"
"-122.496743","45.503670","2025-10-15","25-201387","Yes"
"-122.622635","45.520996","2025-10-15","25-201385","Yes"
"-122.632809","45.526404","2025-10-15","25-201382","Yes"
"-122.553625","45.518674","2025-10-15","25-201378","Yes"
"-122.691075","45.514332","2025-10-15","25-201373","No"
"-122.685646","45.590115","2025-10-15","25-201372","No"
"-122.569231","45.518088","2025-10-15","25-201369","Yes"
"-122.731898","45.588893","2025-10-15","25-201368","No"
"-122.567954","45.518991","2025-10-15","25-201367","Yes"
"-122.619229","45.535072","2025-10-15","25-201365","Yes"
"-122.668394","45.538125","2025-10-15","25-201364","No"
"-122.631507","45.498292","2025-10-15","25-201361","Yes"
"-122.534750","45.482700","2025-10-15","25-201359","Yes"
"-122.686222","45.525405","2025-10-15","25-201358","No"
"-122.617019","45.534756","2025-10-15","25-201356","Yes"
"-122.537920","45.527434","2025-10-15","25-201354","No"
"-122.639618","45.497940","2025-10-15","25-201352","No"
"-122.637068","45.520748","2025-10-15","25-201347","No"
"-122.649946","45.476499","2025-10-15","25-201345","No"
"-122.649291","45.490585","2025-10-15","25-201341","Yes"
"-122.663681","45.522443","2025-10-15","25-201336","Yes"
"-122.565912","45.472355","2025-10-15","25-201334","No"
"-122.552825","45.534165","2025-10-15","25-201332","Yes"
"-122.537636","45.533574","2025-10-15","25-201329","Yes"
"-122.571901","45.514326","2025-10-15","25-201326","Yes"
"-122.713472","45.585368","2025-10-15","25-201324","Yes"
"-122.564477","45.467782","2025-10-15","25-201306","No"
"-122.568566","45.468431","2025-10-15","25-201305","Yes"
"-122.679450","45.566870","2025-10-15","25-201300","Yes"
"-122.560969","45.469356","2025-10-15","25-201289","No"
"-122.508080","45.522346","2025-10-15","25-201288","No"
"-122.558466","45.516128","2025-10-15","25-201287","No"
"-122.712135","45.544715","2025-10-15","25-201283","Yes"
"-122.545011","45.523309","2025-10-15","25-201282","No"
"-122.659220","45.537250","2025-10-15","25-201279","Yes"
"-122.592074","45.480495","2025-10-15","25-201278","No"
"-122.680333","45.527079","2025-10-15","25-201275","No"
"-122.571365","45.529598","2025-10-15","25-201266","Yes"
"-122.670810","45.524450","2025-10-15","25-201265","No"
"-122.698210","45.528500","2025-10-15","25-201264","No"
"-122.639775","45.481735","2025-10-15","25-201261","No"
"-122.700010","45.570560","2025-10-15","25-201260","No"
"-122.659913","45.504501","2025-10-15","25-201258","Yes"
"-122.691438","45.555997","2025-10-15","25-201254","No"
"-122.679402","45.530800","2025-10-15","25-201253","No"
"-122.659982","45.517429","2025-10-15","25-201246","No"
"-122.623858","45.489498","2025-10-15","25-201245","Yes"
"-122.485294","45.490518","2025-10-15","25-201244","Yes"
"-122.684562","45.520747","2025-10-15","25-201239","No"
"-122.561048","45.476136","2025-10-15","25-201238","Yes"
"-122.659636","45.565528","2025-10-15","25-201236","Yes"
"-122.579937","45.496892","2025-10-15","25-201234","Yes"
"-122.655566","45.533610","2025-10-15","25-201233","Yes"
"-122.750303","45.596061","2025-10-15","25-201232","Yes"
"-122.677441","45.507824","2025-10-15","25-201231","No"
"-122.599295","45.565262","2025-10-15","25-201229","Yes"
"-122.656211","45.519305","2025-10-15","25-201227","No"
"-122.711127","45.542374","2025-10-15","25-201226","Yes"
"-122.588719","45.565585","2025-10-15","25-201223","Yes"
"-122.659929","45.518587","2025-10-15","25-201222","No"
"-122.547311","45.534157","2025-10-15","25-201218","No"
"-122.661590","45.547901","2025-10-15","25-201213","Yes"
"-122.660210","45.526413","2025-10-15","25-201211","No"
"-122.476948","45.549144","2025-10-15","25-201210","No"
"-122.673557","45.535391","2025-10-15","25-201209","No"
"-122.671306","45.532833","2025-10-15","25-201208","No"
"-122.528633","45.531773","2025-10-15","25-201206","No"
"-122.555151","45.579085","2025-10-15","25-201205","Yes"
"-122.701260","45.575990","2025-10-15","25-201204","Yes"
"-122.633743","45.516159","2025-10-15","25-201197","No"
"-122.676132","45.521472","2025-10-15","25-201189","No"
"-122.628384","45.518973","2025-10-15","25-201187","No"
"-122.537227","45.512938","2025-10-15","25-201184","No"
"-122.672578","45.546327","2025-10-15","25-201181","Yes"
"-122.513167","45.526471","2025-09-15","25-190821","No"
"-122.510597","45.504222","2025-09-15","25-190816","No"
"-122.513905","45.504169","2025-09-15","25-190815","No"
"-122.609436","45.462697","2025-09-15","25-190810","Yes"
"-122.696246","45.532612","2025-09-15","25-190809","No"
"-122.551467","45.546786","2025-09-15","25-190808","Yes"
"-122.646440","45.512080","2025-09-15","25-190805","No"
"-122.549050","45.497830","2025-09-15","25-190804","Yes"
"-122.750153","45.586793","2025-09-15","25-190802","Yes"
"-122.679171","45.563283","2025-09-15","25-190801","No"
"-122.677378","45.528028","2025-09-15","25-190799","No"
"-122.590175","45.473666","2025-09-15","25-190794","Yes"
"-122.535934","45.497133","2025-09-15","25-190793","Yes"
"-122.498367","45.550039","2025-09-15","25-190792","No"
"-122.677754","45.529099","2025-09-15","25-190789","No"
"-122.567960","45.518670","2025-09-15","25-190786","Yes"
"-122.774511","45.588091","2025-09-15","25-190777","No"
"-122.540882","45.502461","2025-09-15","25-190776","No"
"-122.562450","45.504387","2025-09-15","25-190775","No"
"-122.560961","45.523350","2025-09-15","25-190770","Yes"
"-122.716694","45.484570","2025-09-15","25-190769","Yes"
"-122.513534","45.514037","2025-09-15","25-190766","Yes"
"-122.664499","45.498255","2025-09-15","25-190762","No"
"-122.667165","45.485211","2025-09-15","25-190761","Yes"
"-122.578229","45.503429","2025-09-15","25-190759","Yes"
"-122.525754","45.526527","2025-09-15","25-190758","No"
"-122.637189","45.518880","2025-09-15","25-190756","No"
"-122.675963","45.542568","2025-09-15","25-190755","Yes"
"-122.673871","45.521210","2025-09-15","25-190754","No"
"-122.673233","45.541505","2025-09-15","25-190750","No"
"-122.597141","45.469233","2025-09-15","25-190748","Yes"
"-122.629647","45.502255","2025-09-15","25-190746","Yes"
"-122.656817","45.514084","2025-09-15","25-190743","No"
"-122.558114","45.528074","2025-09-15","25-190742","Yes"
"-122.561041","45.524127","2025-09-15","25-190740","No"
"-122.655080","45.523330","2025-09-15","25-190739","No"
"-122.577534","45.532417","2025-09-15","25-190737","No"
"-122.577732","45.490239","2025-09-15","25-190735","Yes"
"-122.692392","45.518361","2025-09-15","25-190729","No"
"-122.691531","45.585428","2025-09-15","25-190727","No"
"-122.509137","45.533694","2025-09-15","25-190726","No"
"-122.540324","45.485880","2025-09-15","25-190723","Yes"
"-122.661248","45.520124","2025-09-15","25-190721","No"
"-122.540029","45.484586","2025-09-15","25-190720","No"
"-122.677170","45.516371","2025-09-15","25-190718","No"
"-122.579125","45.546409","2025-09-15","25-190717","No"
"-122.720952","45.467676","2025-09-15","25-190714","No"
"-122.564709","45.475977","2025-09-15","25-190703","No"
"-122.686360","45.527874","2025-09-15","25-190701","No"
"-122.735066","45.584569","2025-09-15","25-190698","No"
"-122.657720","45.514365","2025-09-15","25-190694","No"
"-122.548631","45.557194","2025-09-15","25-190690","Yes"
"-122.568566","45.468431","2025-09-15","25-190687","No"
"-122.617465","45.480626","2025-09-15","25-190686","Yes"
"-122.630972","45.534965","2025-09-15","25-190685","No"
"-122.487291","45.504287","2025-09-15","25-190680","Yes"
"-122.681630","45.576900","2025-09-15","25-190677","No"
"-122.561084","45.475617","2025-09-15","25-190676","No"
"-122.560150","45.524540","2025-09-15","25-190670","No"
"-122.673801","45.540397","2025-09-15","25-190664","Yes"
"-122.680201","45.604698","2025-09-15","25-190663","No"
"-122.637630","45.481820","2025-09-15","25-190662","Yes"
"-122.557688","45.534341","2025-09-15","25-190660","No"
"-122.506624","45.500801","2025-09-15","25-190656","Yes"
"-122.518188","45.550450","2025-09-15","25-190651","Yes"
"-122.582443","45.526264","2025-09-15","25-190650","Yes"
"-122.676280","45.530480","2025-09-15","25-190648","No"
"-122.562717","45.520380","2025-09-15","25-190647","Yes"
"-122.537679","45.531304","2025-09-15","25-190645","No"
"-122.555654","45.518684","2025-09-15","25-190643","Yes"
"-122.524181","45.553683","2025-09-15","25-190641","Yes"
"-122.570327","45.469659","2025-09-15","25-190640","No"
"-122.510785","45.522741","2025-09-15","25-190638","Yes"
"-122.578642","45.480611","2025-09-15","25-190637","Yes"
"-122.620581","45.481350","2025-09-15","25-190636","Yes"
"-122.579747","45.482337","2025-09-15","25-190634","Yes"
"-122.579597","45.486523","2025-09-15","25-190631","Yes"
"-122.659677","45.514531","2025-09-15","25-190620","No"
"-122.544970","45.571790","2025-09-15","25-190618","No"
"-122.567403","45.479415","2025-09-15","25-190617","No"
"-122.657222","45.526640","2025-09-15","25-190613","Yes"
"-122.568603","45.482818","2025-09-15","25-190605","No"
"-122.640762","45.529973","2025-09-15","25-190598","Yes"
"-122.510587","45.526463","2025-09-15","25-190597","Yes"
"-122.639861","45.529973","2025-09-15","25-190596","Yes"
"-122.563047","45.464525","2025-09-15","25-190594","Yes"
"-122.567569","45.505667","2025-09-15","25-190592","No"
"-122.503896","45.551356","2025-09-15","25-190590","No"
"-122.542113","45.476572","2025-09-15","25-190589","Yes"
"-122.602165","45.543614","2025-09-15","25-190588","Yes"
"-122.659758","45.512945","2025-09-15","25-190586","No"
"-122.582480","45.535490","2025-09-15","25-190584","No"
"-122.665120","45.591180","2025-09-15","25-190582","Yes"
"-122.579813","45.464188","2025-09-15","25-190581","No"
"-122.610877","45.522932","2025-09-15","25-190579","No"
"-122.666842","45.514393","2025-09-15","25-190577","No"
"-122.609761","45.496763","2025-09-15","25-190576","No"
"-122.677218","45.521868","2025-09-15","25-190575","No"
"-122.555030","45.481248","2025-09-15","25-190574","Yes"
"-122.656576","45.521007","2025-09-15","25-190566","No"
"-122.644393","45.529059","2025-09-15","25-190565","No"
"-122.655128","45.535713","2025-09-15","25-190561","Yes"
"-122.523841","45.557468","2025-09-15","25-190560","Yes"
"-122.603227","45.492383","2025-09-15","25-190557","No"
"-122.551348","45.498142","2025-09-15","25-190554","Yes"
"-122.658357","45.510039","2025-09-15","25-190552","Yes"
"-122.592626","45.487916","2025-09-15","25-190549","Yes"
"-122.688467","45.529976","2025-09-15","25-190546","No"
"-122.532669","45.481535","2025-09-15","25-190543","No"
"-122.663292","45.512293","2025-09-15","25-190541","No"
"-122.524450","45.526508","2025-09-15","25-190540","No"
"-122.663784","45.517237","2025-09-15","25-190533","No"
"-122.665814","45.517228","2025-09-15","25-190531","Yes"
"-122.528232","45.481862","2025-09-15","25-190529","No"
"-122.577188","45.465532","2025-09-15","25-190528","No"
"-122.684777","45.519630","2025-09-15","25-190524","No"
"-122.557724","45.523952","2025-09-15","25-190521","No"
"-122.586874","45.497234","2025-09-15","25-190518","Yes"
"-122.686976","45.515696","2025-09-15","25-190515","No"
"-122.559567","45.506696","2025-09-15","25-190513","No"
"-122.580876","45.485419","2025-09-15","25-190512","Yes"
"-122.662107","45.521573","2025-09-15","25-190510","No"
"-122.762821","45.590486","2025-09-15","25-190509","No"
"-122.584655","45.460991","2025-09-15","25-190507","No"
"-122.654420","45.520737","2025-09-15","25-190506","No"
"-122.513221","45.522240","2025-09-15","25-190505","No"
"-122.655568","45.523905","2025-09-15","25-190504","No"
"-122.674992","45.522597","2025-09-15","25-190502","No"
"-122.683092","45.534120","2025-09-15","25-190501","No"
"-122.691182","45.555694","2025-09-15","25-190500","No"
"-122.608727","45.479163","2025-09-15","25-190499","No"
"-122.711930","45.544240","2025-09-15","25-190498","Yes"
"-122.611461","45.549411","2025-09-15","25-190496","Yes"
"-122.647049","45.579588","2025-09-15","25-190495","Yes"
"-122.648250","45.578612","2025-09-15","25-190494","Yes"
"-122.601162","45.530236","2025-09-15","25-190492","Yes"
"-122.711132","45.538069","2025-09-15","25-190490","No"
"-122.645761","45.513550","2025-09-15","25-190488","No"
"-122.614878","45.551172","2025-09-15","25-190487","Yes"
"-122.638144","45.528361","2025-09-15","25-190485","No"
"-122.704384","45.613036","2025-09-15","25-190475","Yes"
"-122.672401","45.534708","2025-09-15","25-190470","Yes"
"-122.634856","45.506019","2025-09-15","25-190464","Yes"
"-122.571899","45.500296","2025-09-15","25-190462","No"
"-122.557914","45.556131","2025-09-15","25-190457","Yes"
"-122.600432","45.497465","2025-09-15","25-190456","No"
"-122.670979","45.534591","2025-09-15","25-190452","Yes"
"-122.635910","45.534412","2025-09-15","25-190445","Yes"
"-122.629073","45.532473","2025-09-15","25-190444","No"
"-122.578478","45.481920","2025-09-15","25-190442","No"
"-122.579602","45.518322","2025-09-15","25-190441","No"
"-122.659822","45.520275","2025-09-15","25-190438","No"
"-122.596004","45.490270","2025-09-15","25-190434","No"
"-122.620572","45.482776","2025-09-15","25-190433","Yes"
"-122.568242","45.553505","2025-09-15","25-190432","Yes"
"-122.560043","45.508031","2025-09-15","25-190430","No"
"-122.658829","45.514706","2025-09-15","25-190429","No"
"-122.655530","45.521776","2025-09-15","25-190428","No"
"-122.599558","45.566366","2025-09-15","25-190421","Yes"
"-122.646416","45.499943","2025-09-15","25-190419","Yes"
"-122.679961","45.579524","2025-09-15","25-190418","Yes"
"-122.546591","45.533654","2025-09-14","25-190413","No"
"-122.696037","45.577730","2025-09-14","25-190412","Yes"
"-122.686853","45.523213","2025-09-14","25-190405","No"
"-122.540104","45.532442","2025-09-14","25-190397","No"
"-122.540265","45.533075","2025-09-14","25-190396","No"
"-122.612518","45.497887","2025-09-14","25-190389","No"
"-122.555489","45.532466","2025-09-14","25-190387","Yes"
"-122.513105","45.518903","2025-09-14","25-190376","No"
"-122.561899","45.524136","2025-09-14","25-190374","No"
"-122.566867","45.519393","2025-09-14","25-190371","No"
"-122.591254","45.486478","2025-09-14","25-190369","Yes"
"-122.579273","45.503499","2025-09-14","25-190367","Yes"
"-122.662673","45.523086","2025-09-14","25-190360","No"
"-122.674319","45.523458","2025-09-14","25-190359","No"
"-122.672924","45.523255","2025-09-14","25-190357","No"
"-122.623397","45.523624","2025-09-14","25-190355","No"
"-122.671476","45.522984","2025-09-14","25-190354","No"
"-122.664982","45.526246","2025-09-14","25-190352","No"
"-122.675864","45.526712","2025-09-14","25-190349","No"
"-122.675783","45.528005","2025-09-14","25-190345","No"
"-122.672044","45.524510","2025-09-14","25-190339","No"
"-122.672586","45.526427","2025-09-14","25-190338","No"
"-122.670435","45.523315","2025-09-14","25-190337","No"
"-122.668329","45.571731","2025-09-14","25-190336","Yes"
"-122.674383","45.524848","2025-09-14","25-190335","No"
"-122.638456","45.487072","2025-09-14","25-190332","Yes"
"-122.639588","45.487076","2025-09-14","25-190330","No"
"-122.655680","45.506670","2025-09-14","25-190329","No"
"-122.656823","45.507441","2025-09-14","25-190328","No"
"-122.693489","45.515975","2025-09-14","25-190321","No"
"-122.673844","45.512272","2025-09-14","25-190320","No"
"-122.646544","45.517179","2025-09-14","25-190319","No"
"-122.592432","45.551135","2025-09-14","25-190318","Yes"
"-122.684847","45.556055","2025-09-14","25-190316","No"
"-122.585847","45.497219","2025-09-14","25-190314","No"
"-122.584698","45.485568","2025-09-14","25-190313","No"
"-122.668042","45.512324","2025-09-14","25-190311","No"
"-122.568535","45.465511","2025-09-14","25-190309","Yes"
"-122.681577","45.552087","2025-09-14","25-190308","Yes"
"-122.656560","45.514320","2025-08-15","25-179321","No"
"-122.641050","45.473310","2025-08-15","25-179320","No"
"-122.659425","45.513020","2025-08-15","25-179319","No"
"-122.562190","45.469096","2025-08-15","25-179316","Yes"
"-122.692760","45.561480","2025-08-15","25-179310","Yes"
"-122.633959","45.517940","2025-08-15","25-179307","Yes"
"-122.760850","45.597407","2025-08-15","25-179302","No"
"-122.764288","45.587367","2025-08-15","25-179293","Yes"
"-122.670051","45.536538","2025-08-15","25-179288","No"
"-122.674341","45.585487","2025-08-15","25-179283","Yes"
"-122.762170","45.586516","2025-08-15","25-179281","No"
"-122.679246","45.512790","2025-08-15","25-179279","No"
"-122.657418","45.509304","2025-08-15","25-179272","No"
"-122.670770","45.523852","2025-08-15","25-179260","No"
"-122.571775","45.474555","2025-08-15","25-179253","Yes"
"-122.680871","45.533452","2025-08-15","25-179249","No"
"-122.557329","45.529885","2025-08-15","25-179240","Yes"
"-122.550699","45.516979","2025-08-15","25-179236","No"
"-122.627372","45.504591","2025-08-15","25-179235","No"
"-122.654334","45.527878","2025-08-15","25-179218","No"
"-122.731619","45.591155","2025-08-15","25-179208","Yes"
"-122.574051","45.496458","2025-08-15","25-179202","Yes"
"-122.693273","45.587312","2025-08-15","25-179197","No"
"-122.691062","45.585269","2025-08-15","25-179196","Yes"
"-122.638241","45.511559","2025-08-15","25-179192","No"
"-122.567902","45.497252","2025-08-15","25-179187","No"
"-122.604579","45.493518","2025-08-15","25-179185","No"
"-122.678111","45.561206","2025-08-15","25-179178","No"
"-122.600314","45.497361","2025-08-15","25-179176","No"
"-122.679756","45.510009","2025-08-15","25-179174","No"
"-122.662670","45.471690","2025-08-15","25-179173","No"
"-122.618925","45.535867","2025-08-15","25-179171","No"
"-122.676522","45.503667","2025-08-14","25-179165","No"
"-122.566621","45.509005","2025-08-14","25-179162","Yes"
"-122.732874","45.554488","2025-08-14","25-179154","Yes"
"-122.633747","45.510792","2025-08-14","25-179144","Yes"
"-122.547834","45.502571","2025-08-14","25-179141","Yes"
"-122.557968","45.518419","2025-08-14","25-179140","Yes"
"-122.658965","45.547215","2025-08-14","25-179139","Yes"
"-122.558344","45.520002","2025-08-14","25-179137","No"
"-122.680116","45.569902","2025-08-14","25-179133","No"
"-122.599704","45.475628","2025-08-14","25-179128","Yes"
"-122.539060","45.529740","2025-08-14","25-179126","No"
"-122.570493","45.498598","2025-08-14","25-179125","Yes"
"-122.687296","45.525401","2025-08-14","25-179118","No"
"-122.630462","45.496770","2025-08-14","25-179115","No"
"-122.658054","45.522285","2025-08-14","25-179113","No"
"-122.670894","45.534454","2025-08-14","25-179112","Yes"
"-122.531312","45.519130","2025-08-14","25-179106","Yes"
"-122.633311","45.499789","2025-08-14","25-179105","No"
"-122.580219","45.474488","2025-08-14","25-179098","No"
"-122.567137","45.467332","2025-08-14","25-179094","No"
"-122.677929","45.580714","2025-08-14","25-179088","No"
"-122.656673","45.519353","2025-08-14","25-179080","Yes"
"-122.661136","45.501679","2025-08-14","25-179075","No"
"-122.661837","45.503172","2025-08-14","25-179073","No"
"-122.550355","45.498159","2025-08-14","25-179065","Yes"
"-122.766938","45.643598","2025-08-14","25-179064","No"
"-122.547584","45.548081","2025-08-14","25-179062","Yes"
"-122.571452","45.530871","2025-08-14","25-179058","Yes"
"-122.660052","45.496291","2025-08-14","25-179057","No"
"-122.659076","45.493418","2025-08-14","25-179052","No"
"-122.677633","45.529887","2025-08-14","25-179039","No"
"-122.703740","45.571162","2025-08-14","25-179038","Yes"
"-122.745679","45.587914","2025-08-14","25-179033","Yes"
"-122.681848","45.513744","2025-08-14","25-179032","No"
"-122.584457","45.527784","2025-08-14","25-179027","Yes"
"-122.585186","45.571548","2025-08-14","25-179023","No"
"-122.609516","45.473567","2025-08-14","25-179022","Yes"
"-122.538028","45.556011","2025-08-14","25-179018","No"
"-122.663528","45.600542","2025-08-14","25-179016","Yes"
"-122.567600","45.490800","2025-08-14","25-179015","No"
"-122.543156","45.555628","2025-08-14","25-179012","Yes"
"-122.650892","45.494924","2025-08-14","25-179011","Yes"
"-122.616320","45.463072","2025-08-14","25-179008","Yes"
"-122.580986","45.496173","2025-08-14","25-179003","No"
"-122.589050","45.486594","2025-08-14","25-178998","No"
"-122.604712","45.483054","2025-08-14","25-178995","Yes"
"-122.626015","45.496609","2025-08-14","25-178994","No"
"-122.676972","45.522969","2025-08-14","25-178991","No"
"-122.660503","45.498239","2025-08-14","25-178990","No"
"-122.661082","45.500305","2025-08-14","25-178987","No"
"-122.660937","45.499547","2025-08-14","25-178986","No"
"-122.491915","45.550571","2025-08-14","25-178985","No"
"-122.664141","45.498812","2025-08-14","25-178983","No"
"-122.562996","45.504420","2025-08-14","25-178979","No"
"-122.508080","45.522346","2025-08-14","25-178978","No"
"-122.572173","45.496419","2025-08-14","25-178977","No"
"-122.673959","45.517989","2025-08-14","25-178974","No"
"-122.512370","45.518410","2025-08-14","25-178970","No"
"-122.684252","45.507151","2025-08-14","25-178968","No"
"-122.680830","45.512803","2025-08-14","25-178967","No"
"-122.520298","45.559466","2025-08-14","25-178961","No"
"-122.573875","45.473954","2025-08-14","25-178959","Yes"
"-122.492792","45.550440","2025-08-14","25-178955","No"
"-122.657352","45.526764","2025-08-14","25-178954","No"
"-122.755984","45.585070","2025-08-14","25-178950","Yes"
"-122.666540","45.520275","2025-08-14","25-178949","No"
"-122.607272","45.472679","2025-08-14","25-178947","Yes"
"-122.667162","45.513675","2025-08-14","25-178946","Yes"
"-122.577224","45.518780","2025-08-14","25-178944","Yes"
"-122.759940","45.586486","2025-08-14","25-178943","Yes"
"-122.510654","45.522212","2025-08-14","25-178938","Yes"
"-122.661063","45.515846","2025-08-14","25-178937","Yes"
"-122.674803","45.539610","2025-08-14","25-178936","Yes"
"-122.639310","45.499174","2025-08-14","25-178927","No"
"-122.496709","45.503619","2025-08-14","25-178925","Yes"
"-122.541337","45.562552","2025-08-14","25-178924","No"
"-122.644220","45.497052","2025-08-14","25-178923","No"
"-122.740813","45.597990","2025-08-14","25-178921","Yes"
"-122.655326","45.514290","2025-08-14","25-178918","No"
"-122.657739","45.511512","2025-08-14","25-178915","No"
"-122.633600","45.509808","2025-08-14","25-178910","Yes"
"-122.696214","45.552534","2025-08-14","25-178909","No"
"-122.672561","45.517459","2025-08-14","25-178907","No"
"-122.692314","45.584702","2025-08-14","25-178905","Yes"
"-122.494945","45.502844","2025-08-14","25-178902","Yes"
"-122.603133","45.492775","2025-08-14","25-178900","No"
"-122.677980","45.522900","2025-08-14","25-178899","No"
"-122.593627","45.488243","2025-08-14","25-178898","Yes"
"-122.648570","45.498193","2025-08-14","25-178897","No"
"-122.737020","45.593827","2025-08-14","25-178896","Yes"
"-122.684396","45.461230","2025-08-14","25-178889","Yes"
"-122.573866","45.474684","2025-08-14","25-178884","Yes"
"-122.697888","45.554372","2025-08-14","25-178882","No"
"-122.636803","45.461002","2025-08-14","25-178880","No"
"-122.598211","45.562649","2025-08-14","25-178878","Yes"
"-122.634587","45.461825","2025-08-14","25-178877","No"
"-122.555418","45.532394","2025-08-14","25-178873","Yes"
"-122.562331","45.523308","2025-08-14","25-178870","Yes"
"-122.494966","45.504574","2025-08-14","25-178869","Yes"
"-122.562159","45.524413","2025-08-14","25-178867","No"
"-122.611350","45.491780","2025-08-14","25-178866","No"
"-122.628362","45.519836","2025-08-14","25-178863","Yes"
"-122.615963","45.537899","2025-08-14","25-178859","Yes"
"-122.618910","45.537775","2025-08-14","25-178857","No"
"-122.496280","45.533657","2025-08-14","25-178854","No"
"-122.555086","45.475981","2025-08-14","25-178853","No"
"-122.590070","45.587870","2025-08-14","25-178852","No"
"-122.661120","45.504956","2025-08-14","25-178848","No"
"-122.760547","45.587104","2025-08-14","25-178846","No"
"-122.554131","45.546813","2025-08-14","25-178844","Yes"
"-122.504050","45.549947","2025-08-14","25-178841","Yes"
"-122.669874","45.522987","2025-08-14","25-178839","No"
"-122.566561","45.517698","2025-08-14","25-178832","No"
"-122.561849","45.528371","2025-08-14","25-178831","Yes"
"-122.561851","45.529123","2025-08-14","25-178829","Yes"
"-122.487382","45.504063","2025-08-14","25-178828","No"
"-122.491642","45.504767","2025-08-14","25-178827","No"
"-122.484768","45.503665","2025-08-14","25-178825","Yes"
"-122.639154","45.517294","2025-08-14","25-178822","No"
"-122.633638","45.497500","2025-08-14","25-178808","No"
"-122.592713","45.503374","2025-08-14","25-178806","Yes"
"-122.640880","45.529670","2025-08-14","25-178805","No"
"-122.594402","45.493978","2025-08-14","25-178800","Yes"
"-122.686530","45.583600","2025-08-14","25-178798","No"
"-122.511489","45.492151","2025-08-14","25-178796","No"
"-122.648572","45.517186","2025-08-14","25-178794","No"
"-122.634550","45.561461","2025-08-14","25-178791","Yes"
"-122.692137","45.586244","2025-08-14","25-178790","No"
"-122.510943","45.504561","2025-08-14","25-178788","No"
"-122.559786","45.469616","2025-08-14","25-178779","Yes"
"-122.646431","45.517050","2025-08-14","25-178776","No"
"-122.486497","45.490523","2025-08-14","25-178775","Yes"
"-122.650603","45.517195","2025-08-14","25-178774","No"
"-122.617910","45.536513","2025-08-14","25-178766","No"
"-122.657360","45.523480","2025-08-14","25-178762","No"
"-122.575246","45.580367","2025-08-14","25-178761","Yes"
"-122.580299","45.535754","2025-08-14","25-178758","Yes"
"-122.566630","45.512800","2025-08-14","25-178756","No"
"-122.653475","45.522979","2025-08-14","25-178753","No"
"-122.579731","45.463327","2025-08-14","25-178748","Yes"
"-122.666548","45.576441","2025-08-14","25-178747","Yes"
"-122.487929","45.504589","2025-08-14","25-178745","Yes"
"-122.538060","45.484984","2025-08-14","25-178739","Yes"
"-122.538908","45.504808","2025-08-14","25-178737","Yes"
"-122.692338","45.524911","2025-08-13","25-178735","No"
"-122.658201","45.510055","2025-08-13","25-178729","No"
"-122.671366","45.509675","2025-08-13","25-178726","No"
"-122.687384","45.530443","2025-08-13","25-178723","No"
"-122.688883","45.614660","2025-08-13","25-178721","Yes"
"-122.680174","45.577831","2025-08-13","25-178720","Yes"
"-122.674423","45.499324","2025-08-13","25-178719","No"
"-122.658942","45.520075","2025-08-13","25-178717","No"
"-122.600771","45.524362","2025-08-13","25-178712","Yes"
"-122.542042","45.476454","2025-08-13","25-178711","Yes"
"-122.598710","45.491973","2025-08-13","25-178710","No"
"-122.672355","45.569208","2025-08-13","25-178709","Yes"
"-122.726721","45.552259","2025-08-13","25-178708","Yes"
"-122.642508","45.528241","2025-08-13","25-178707","Yes"
"-122.659070","45.537280","2025-08-13","25-178706","Yes"
"-122.597220","45.490130","2025-08-13","25-178704","No"
"-122.560687","45.465819","2025-08-13","25-178703","Yes"
"-122.560530","45.527880","2025-08-13","25-178699","Yes"
"-122.563756","45.473878","2025-08-13","25-178697","No"
"-122.686016","45.514953","2025-08-13","25-178683","No"
"-122.570858","45.480118","2025-08-13","25-178678","No"
"-122.546235","45.547992","2025-08-13","25-178676","Yes"
"-122.694180","45.514460","2025-08-13","25-178674","Yes"
"-122.686430","45.534336","2025-08-13","25-178670","No"
"-122.572132","45.513620","2025-07-15","25-168034","No"
"-122.703168","45.543995","2025-07-15","25-168032","No"
"-122.658206","45.514443","2025-07-15","25-168031","No"
"-122.758519","45.590060","2025-07-15","25-168030","Yes"
"-122.655170","45.477230","2025-07-15","25-168028","No"
"-122.702787","45.533992","2025-07-15","25-168026","Yes"
"-122.665812","45.459260","2025-07-15","25-168022","No"
"-122.680421","45.512591","2025-07-15","25-168020","No"
"-122.572194","45.525754","2025-07-15","25-168019","Yes"
"-122.680847","45.523770","2025-07-15","25-168017","No"
"-122.642937","45.527209","2025-07-15","25-168007","Yes"
"-122.710263","45.582344","2025-07-15","25-168006","Yes"
"-122.630306","45.533768","2025-07-15","25-168003","No"
"-122.655508","45.491991","2025-07-15","25-168000","Yes"
"-122.654803","45.503416","2025-07-15","25-167996","No"
"-122.608318","45.478711","2025-07-15","25-167995","No"
"-122.561055","45.475755","2025-07-15","25-167994","Yes"
"-122.541550","45.571030","2025-07-15","25-167992","No"
"-122.620621","45.479898","2025-07-15","25-167987","Yes"
"-122.658207","45.510069","2025-07-15","25-167986","Yes"
"-122.658380","45.520630","2025-07-15","25-167983","No"
"-122.696957","45.539102","2025-07-15","25-167979","No"
"-122.681918","45.516041","2025-07-15","25-167977","No"
"-122.586713","45.465962","2025-07-15","25-167978","No"
"-122.514988","45.559165","2025-07-15","25-167976","No"
"-122.681054","45.556943","2025-07-15","25-167975","No"
"-122.679820","45.523624","2025-07-15","25-167969","No"
"-122.674913","45.517324","2025-07-15","25-167964","No"
"-122.673296","45.516121","2025-07-15","25-167963","No"
"-122.579859","45.496916","2025-07-15","25-167962","Yes"
"-122.754166","45.586241","2025-07-15","25-167960","No"
"-122.690801","45.526634","2025-07-15","25-167956","No"
"-122.656607","45.520779","2025-07-15","25-167954","Yes"
"-122.667648","45.538246","2025-07-15","25-167951","No"
"-122.623329","45.571064","2025-07-15","25-167944","Yes"
"-122.690336","45.525661","2025-07-15","25-167942","No"
"-122.585396","45.471215","2025-07-15","25-167941","Yes"
"-122.683405","45.514862","2025-07-15","25-167939","No"
"-122.685367","45.584607","2025-07-15","25-167938","Yes"
"-122.563069","45.464567","2025-07-15","25-167937","Yes"
"-122.555049","45.579051","2025-07-15","25-167936","Yes"
"-122.660347","45.535165","2025-07-15","25-167933","No"
"-122.647537","45.527394","2025-07-15","25-167931","No"
"-122.586801","45.477304","2025-07-15","25-167930","Yes"
"-122.705014","45.538027","2025-07-15","25-167929","Yes"
"-122.685847","45.515068","2025-07-15","25-167927","No"
"-122.594504","45.526157","2025-07-15","25-167926","Yes"
"-122.547829","45.553565","2025-07-15","25-167919","Yes"
"-122.686172","45.525427","2025-07-15","25-167915","No"
"-122.672825","45.533385","2025-07-15","25-167912","No"
"-122.667819","45.537143","2025-07-15","25-167911","No"
"-122.578693","45.539395","2025-07-15","25-167908","No"
"-122.496915","45.549964","2025-07-15","25-167904","Yes"
"-122.692601","45.517794","2025-07-15","25-167899","No"
"-122.761509","45.585874","2025-07-15","25-167898","Yes"
"-122.549787","45.468349","2025-07-15","25-167895","Yes"
"-122.624953","45.538219","2025-07-15","25-167891","Yes"
"-122.766278","45.583410","2025-07-15","25-167890","No"
"-122.763798","45.593059","2025-07-15","25-167889","Yes"
"-122.561060","45.525000","2025-07-15","25-167887","Yes"
"-122.686204","45.514088","2025-07-15","25-167882","No"
"-122.659011","45.527019","2025-07-15","25-167877","No"
"-122.557203","45.560805","2025-07-15","25-167873","Yes"
"-122.568606","45.463927","2025-07-15","25-167871","Yes"
"-122.646695","45.514245","2025-07-15","25-167870","No"
"-122.631290","45.543830","2025-07-15","25-167860","Yes"
"-122.558337","45.520109","2025-07-15","25-167857","No"
"-122.619647","45.536468","2025-07-15","25-167856","No"
"-122.754421","45.592385","2025-07-15","25-167850","No"
"-122.556399","45.532021","2025-07-15","25-167849","Yes"
"-122.713578","45.540491","2025-07-15","25-167848","Yes"
"-122.658459","45.491893","2025-07-15","25-167846","No"
"-122.635898","45.527992","2025-07-15","25-167845","Yes"
"-122.656673","45.519353","2025-07-15","25-167843","No"
"-122.620060","45.570088","2025-07-15","25-167842","Yes"
"-122.753495","45.583515","2025-07-14","25-167839","No"
"-122.700110","45.540660","2025-07-14","25-167838","Yes"
"-122.620582","45.485684","2025-07-14","25-167837","Yes"
"-122.687022","45.515490","2025-07-14","25-167834","No"
"-122.621050","45.563020","2025-07-14","25-167833","No"
"-122.537078","45.490959","2025-07-14","25-167829","No"
"-122.665835","45.514391","2025-07-14","25-167826","No"
"-122.688649","45.534966","2025-07-14","25-167822","No"
"-122.492554","45.493599","2025-07-14","25-167820","No"
"-122.646670","45.499250","2025-07-14","25-167819","No"
"-122.611959","45.562761","2025-07-14","25-167818","No"
"-122.688999","45.556086","2025-07-14","25-167814","No"
"-122.538763","45.533420","2025-07-14","25-167813","No"
"-122.682883","45.556233","2025-07-14","25-167812","No"
"-122.614439","45.484407","2025-07-14","25-167811","Yes"
"-122.696477","45.610923","2025-07-14","25-167810","No"
"-122.625855","45.515734","2025-07-14","25-167805","No"
"-122.522219","45.490540","2025-07-14","25-167804","Yes"
"-122.652676","45.577297","2025-07-14","25-167802","Yes"
"-122.563203","45.478967","2025-07-14","25-167798","Yes"
"-122.564093","45.467040","2025-07-14","25-167791","No"
"-122.576330","45.532162","2025-07-14","25-167790","Yes"
"-122.571080","45.462860","2025-07-14","25-167789","No"
"-122.570794","45.530891","2025-07-14","25-167788","No"
"-122.547766","45.534200","2025-07-14","25-167780","No"
"-122.564949","45.556021","2025-07-14","25-167778","Yes"
"-122.508127","45.519154","2025-07-14","25-167777","Yes"
"-122.569840","45.530861","2025-07-14","25-167770","Yes"
"-122.563098","45.519786","2025-07-14","25-167756","Yes"
"-122.628150","45.513197","2025-07-14","25-167751","Yes"
"-122.682909","45.516402","2025-07-14","25-167749","No"
"-122.496384","45.516046","2025-07-14","25-167746","No"
"-122.491075","45.504585","2025-07-14","25-167744","No"
"-122.668099","45.514358","2025-07-14","25-167743","No"
"-122.678181","45.517294","2025-07-14","25-167741","No"
"-122.685231","45.523906","2025-07-14","25-167740","No"
"-122.604396","45.497195","2025-07-14","25-167738","No"
"-122.630657","45.533104","2025-07-14","25-167737","No"
"-122.647388","45.511654","2025-07-14","25-167735","Yes"
"-122.669456","45.540997","2025-07-14","25-167734","Yes"
"-122.521128","45.518770","2025-07-14","25-167728","Yes"
"-122.657817","45.517740","2025-07-14","25-167727","No"
"-122.660961","45.536445","2025-07-14","25-167724","No"
"-122.657247","45.512305","2025-07-14","25-167721","No"
"-122.686107","45.556161","2025-07-14","25-167720","No"
"-122.557862","45.529886","2025-07-14","25-167713","Yes"
"-122.652896","45.481523","2025-07-14","25-167712","No"
"-122.573429","45.474800","2025-07-14","25-167710","Yes"
"-122.558675","45.476155","2025-07-14","25-167708","No"
"-122.661906","45.503204","2025-07-14","25-167705","No"
"-122.687455","45.526674","2025-07-14","25-167703","No"
"-122.552694","45.478417","2025-07-14","25-167699","No"
"-122.655960","45.507010","2025-07-14","25-167694","No"
"-122.670869","45.534431","2025-07-14","25-167692","Yes"
"-122.578150","45.532600","2025-07-14","25-167686","No"
"-122.642960","45.463094","2025-07-14","25-167685","No"
"-122.624150","45.507590","2025-07-14","25-167683","No"
"-122.670325","45.504200","2025-07-14","25-167678","No"
"-122.683835","45.584522","2025-07-14","25-167674","Yes"
"-122.660664","45.498897","2025-07-14","25-167672","No"
"-122.761289","45.598090","2025-07-14","25-167669","No"
"-122.633590","45.497505","2025-07-14","25-167668","Yes"
"-122.571979","45.484720","2025-07-14","25-167667","Yes"
"-122.730522","45.585990","2025-07-14","25-167661","Yes"
"-122.632465","45.496829","2025-07-14","25-167658","Yes"
"-122.676108","45.542704","2025-07-14","25-167656","No"
"-122.672675","45.539867","2025-07-14","25-167654","Yes"
"-122.496499","45.517329","2025-07-14","25-167652","Yes"
"-122.523860","45.526200","2025-07-14","25-167649","Yes"
"-122.532282","45.567590","2025-07-14","25-167646","No"
"-122.698789","45.539308","2025-07-14","25-167644","No"
"-122.679085","45.497726","2025-07-14","25-167642","No"
"-122.660240","45.518591","2025-07-14","25-167641","No"
"-122.540910","45.504083","2025-07-14","25-167640","Yes"
"-122.634342","45.486466","2025-07-14","25-167639","Yes"
"-122.611713","45.510610","2025-07-14","25-167638","Yes"
"-122.682349","45.594522","2025-07-14","25-167637","No"
"-122.568462","45.471328","2025-07-14","25-167636","No"
"-122.567398","45.471472","2025-07-14","25-167635","No"
"-122.698301","45.463486","2025-07-14","25-167634","No"
"-122.729704","45.592002","2025-07-14","25-167631","No"
"-122.698873","45.536917","2025-07-14","25-167630","No"
"-122.604777","45.483311","2025-07-14","25-167629","Yes"
"-122.657558","45.494947","2025-07-14","25-167627","No"
"-122.669783","45.525329","2025-07-14","25-167622","No"
"-122.685423","45.577035","2025-07-14","25-167621","No"
"-122.537380","45.539714","2025-07-14","25-167619","No"
"-122.637497","45.487074","2025-07-14","25-167616","Yes"
"-122.661232","45.515841","2025-07-14","25-167615","No"
"-122.661329","45.514437","2025-07-14","25-167611","No"
"-122.586110","45.467690","2025-07-14","25-167609","No"
"-122.656219","45.516533","2025-07-14","25-167606","No"
"-122.753838","45.587101","2025-07-14","25-167604","No"
"-122.542877","45.540894","2025-07-14","25-167596","Yes"
"-122.573964","45.468014","2025-07-14","25-167593","No"
"-122.637441","45.527457","2025-07-14","25-167592","No"
"-122.595999","45.490124","2025-07-14","25-167591","No"
"-122.620423","45.568638","2025-07-14","25-167590","Yes"
"-122.596060","45.496030","2025-07-14","25-167588","No"
"-122.619124","45.570227","2025-07-14","25-167586","Yes"
"-122.594445","45.463175","2025-07-14","25-167585","Yes"
"-122.622608","45.521791","2025-07-14","25-167583","Yes"
"-122.616464","45.480863","2025-07-14","25-167582","No"
"-122.625763","45.519440","2025-07-14","25-167580","No"
"-122.582005","45.497210","2025-07-14","25-167577","No"
"-122.589130","45.495663","2025-07-14","25-167578","Yes"
"-122.572065","45.481065","2025-07-14","25-167576","Yes"
"-122.563364","45.477037","2025-07-14","25-167574","No"
"-122.569715","45.470394","2025-07-14","25-167573","Yes"
"-122.654369","45.577331","2025-07-14","25-167570","Yes"
"-122.717038","45.541245","2025-07-14","25-167567","No"
"-122.647277","45.497795","2025-07-14","25-167562","No"
"-122.624323","45.463322","2025-07-14","25-167558","No"
"-122.676263","45.530504","2025-07-14","25-167556","No"
"-122.618400","45.536855","2025-07-14","25-167554","No"
"-122.759042","45.588475","2025-07-14","25-167553","No"
"-122.551093","45.576426","2025-07-14","25-167552","Yes"
"-122.763293","45.591211","2025-07-14","25-167550","Yes"
"-122.657408","45.513024","2025-07-14","25-167549","No"
"-122.563412","45.465835","2025-07-14","25-167543","Yes"
"-122.683514","45.515528","2025-07-14","25-167542","No"
"-122.677985","45.494882","2025-07-14","25-167540","Yes"
"-122.640640","45.499168","2025-07-14","25-167539","Yes"
"-122.688172","45.533796","2025-07-14","25-167538","No"
"-122.568809","45.482242","2025-07-14","25-167537","Yes"
"-122.649742","45.483398","2025-06-15","25-156709","Yes"
"-122.622185","45.563388","2025-06-15","25-156703","No"
"-122.709855","45.461783","2025-06-15","25-156702","Yes"
"-122.657869","45.509081","2025-06-15","25-156698","No"
"-122.659741","45.530869","2025-06-15","25-156690","No"
"-122.642162","45.481556","2025-06-15","25-156686","No"
"-122.560966","45.477358","2025-06-15","25-156685","No"
"-122.622861","45.499139","2025-06-15","25-156679","Yes"
"-122.678009","45.509777","2025-06-15","25-156672","No"
"-122.655261","45.511521","2025-06-15","25-156671","No"
"-122.556493","45.470215","2025-06-15","25-156667","Yes"
"-122.543107","45.531571","2025-06-15","25-156665","Yes"
"-122.513370","45.504076","2025-06-15","25-156664","No"
"-122.657568","45.535407","2025-06-14","25-156657","No"
"-122.566931","45.481434","2025-06-14","25-156655","No"
"-122.640370","45.529945","2025-06-14","25-156653","Yes"
"-122.694472","45.527725","2025-06-14","25-156648","No"
"-122.561918","45.529478","2025-06-14","25-156646","Yes"
"-122.663223","45.535873","2025-06-14","25-156642","Yes"
"-122.665819","45.536613","2025-06-14","25-156639","No"
"-122.667509","45.536895","2025-06-14","25-156638","No"
"-122.725037","45.594169","2025-06-14","25-156631","No"
"-122.515894","45.524613","2025-06-14","25-156630","Yes"
"-122.686933","45.523882","2025-06-14","25-156624","No"
"-122.688805","45.535929","2025-06-14","25-156620","No"
"-122.568595","45.466569","2025-06-14","25-156618","Yes"
"-122.614432","45.478436","2025-06-14","25-156613","Yes"
"-122.518603","45.526421","2025-06-14","25-156610","Yes"
"-122.558724","45.484047","2025-06-14","25-156605","Yes"
"-122.732737","45.586947","2025-06-14","25-156604","Yes"
"-122.662128","45.526112","2025-06-14","25-156603","No"
"-122.588099","45.491857","2025-06-14","25-156589","Yes"
"-122.640601","45.487603","2025-06-14","25-156585","Yes"
"-122.666205","45.507480","2025-06-14","25-156584","No"
"-122.604080","45.493650","2025-06-14","25-156580","No"
"-122.534686","45.551972","2025-06-14","25-156579","Yes"
"-122.537419","45.544483","2025-06-14","25-156574","No"
"-122.688006","45.556196","2025-06-14","25-156567","No"
"-122.633623","45.577922","2025-06-14","25-156563","No"
"-122.639159","45.463750","2025-06-14","25-156562","No"
"-122.668018","45.512261","2025-06-14","25-156555","No"
"-122.585610","45.468468","2025-06-14","25-156554","No"
"-122.529691","45.522323","2025-06-14","25-156553","No"
"-122.604815","45.483281","2025-06-14","25-156546","Yes"
"-122.579554","45.496910","2025-06-14","25-156541","Yes"
"-122.642537","45.516594","2025-06-14","25-156539","Yes"
"-122.583046","45.462057","2025-06-14","25-156538","No"
"-122.670003","45.468837","2025-06-14","25-156537","No"
"-122.638884","45.460319","2025-06-14","25-156536","No"
"-122.702844","45.533375","2025-06-14","25-156535","Yes"
"-122.696536","45.534251","2025-06-14","25-156534","No"
"-122.643125","45.497741","2025-06-14","25-156528","No"
"-122.689229","45.515873","2025-06-14","25-156523","No"
"-122.660465","45.567500","2025-06-14","25-156521","Yes"
"-122.668838","45.572726","2025-06-14","25-156517","Yes"
"-122.505557","45.551468","2025-06-14","25-156508","Yes"
"-122.622443","45.500443","2025-06-14","25-156504","Yes"
"-122.619551","45.536549","2025-06-14","25-156503","No"
"-122.540910","45.504083","2025-06-14","25-156497","No"
"-122.608724","45.478422","2025-06-14","25-156494","No"
"-122.628256","45.520534","2025-06-14","25-156487","No"
"-122.667447","45.516668","2025-06-14","25-156486","No"
"-122.556806","45.533532","2025-06-14","25-156483","No"
"-122.717489","45.581450","2025-06-14","25-156482","No"
"-122.597401","45.494720","2025-06-14","25-156475","Yes"
"-122.609798","45.496737","2025-06-14","25-156473","No"
"-122.661281","45.565232","2025-06-14","25-156472","No"
"-122.635172","45.464215","2025-06-14","25-156470","No"
"-122.543352","45.532264","2025-06-14","25-156468","Yes"
"-122.541948","45.536395","2025-06-14","25-156462","No"
"-122.654323","45.502501","2025-06-14","25-156460","No"
"-122.576876","45.483531","2025-06-14","25-156459","Yes"
"-122.760691","45.588452","2025-06-14","25-156458","No"
"-122.496754","45.533597","2025-06-14","25-156457","No"
"-122.579688","45.519055","2025-06-14","25-156456","No"
"-122.564021","45.503948","2025-06-14","25-156455","No"
"-122.658214","45.521517","2025-06-13","25-156450","No"
"-122.658740","45.520479","2025-06-13","25-156449","No"
"-122.653676","45.514258","2025-06-13","25-156445","No"
"-122.679623","45.525223","2025-06-13","25-156437","No"
"-122.566373","45.504445","2025-06-13","25-156420","No"
"-122.703343","45.590017","2025-06-13","25-156416","Yes"
"-122.595373","45.497316","2025-06-13","25-156415","No"
"-122.694567","45.610458","2025-06-13","25-156412","No"
"-122.530086","45.518577","2025-06-13","25-156405","No"
"-122.687346","45.532830","2025-06-13","25-156398","Yes"
"-122.687397","45.514553","2025-06-13","25-156397","No"
"-122.537697","45.512916","2025-06-13","25-156389","No"
"-122.665446","45.593628","2025-06-13","25-156388","Yes"
"-122.500284","45.550583","2025-06-13","25-156387","Yes"
"-122.503616","45.551168","2025-06-13","25-156386","Yes"
"-122.580876","45.533822","2025-06-13","25-156382","No"
"-122.579347","45.519789","2025-06-13","25-156381","Yes"
"-122.692840","45.609970","2025-06-13","25-156380","No"
"-122.484609","45.492781","2025-06-13","25-156376","Yes"
"-122.541953","45.485890","2025-06-13","25-156373","Yes"
"-122.711513","45.544148","2025-06-13","25-156372","Yes"
"-122.654457","45.510144","2025-06-13","25-156370","No"
"-122.553953","45.532193","2025-06-13","25-156369","No"
"-122.755167","45.591843","2025-06-13","25-156367","No"
"-122.641957","45.518323","2025-06-13","25-156365","No"
"-122.566438","45.475528","2025-06-13","25-156359","No"
"-122.656748","45.508656","2025-06-13","25-156352","Yes"
"-122.576260","45.511926","2025-06-13","25-156350","No"
"-122.686359","45.524915","2025-06-13","25-156345","No"
"-122.657730","45.512939","2025-06-13","25-156342","No"
"-122.566570","45.519300","2025-06-13","25-156338","Yes"
"-122.757995","45.588302","2025-06-13","25-156336","No"
"-122.589108","45.554730","2025-06-13","25-156335","No"
"-122.659769","45.552191","2025-06-13","25-156334","Yes"
"-122.541994","45.483070","2025-06-13","25-156329","Yes"
"-122.678050","45.582210","2025-06-13","25-156327","No"
"-122.695479","45.610585","2025-06-13","25-156326","No"
"-122.593225","45.563783","2025-06-13","25-156322","No"
"-122.686461","45.523175","2025-06-13","25-156321","No"
"-122.678363","45.523574","2025-06-13","25-156313","No"
"-122.688422","45.515113","2025-06-13","25-156312","No"
"-122.559550","45.503379","2025-06-13","25-156310","Yes"
"-122.688406","45.512018","2025-06-13","25-156308","No"
"-122.645532","45.529693","2025-06-13","25-156306","No"
"-122.699599","45.611860","2025-06-13","25-156303","No"
"-122.494966","45.504574","2025-06-13","25-156301","No"
"-122.676494","45.526221","2025-06-13","25-156298","No"
"-122.687443","45.530128","2025-06-13","25-156295","No"
"-122.556178","45.560475","2025-06-13","25-156294","Yes"
"-122.735418","45.593523","2025-06-13","25-156289","Yes"
"-122.691438","45.555997","2025-06-13","25-156281","No"
"-122.597860","45.489560","2025-06-13","25-156279","No"
"-122.690522","45.532939","2025-06-13","25-156270","No"
"-122.596070","45.491080","2025-06-13","25-156266","No"
"-122.647478","45.525183","2025-06-13","25-156263","No"
"-122.668250","45.513410","2025-06-13","25-156258","No"
"-122.647519","45.522888","2025-06-13","25-156252","No"
"-122.564866","45.495156","2025-06-13","25-156246","No"
"-122.684192","45.515831","2025-06-13","25-156245","No"
"-122.690950","45.533940","2025-06-13","25-156243","Yes"
"-122.562099","45.535452","2025-06-13","25-156240","No"
"-122.657335","45.510873","2025-06-13","25-156237","Yes"
"-122.698250","45.526720","2025-06-13","25-156223","No"
"-122.651185","45.517118","2025-06-13","25-156220","No"
"-122.657697","45.520797","2025-06-13","25-156218","No"
"-122.672326","45.564361","2025-06-13","25-156216","Yes"
"-122.672168","45.540872","2025-06-13","25-156212","No"
"-122.577998","45.483472","2025-06-13","25-156210","Yes"
"-122.568274","45.502624","2025-06-13","25-156207","Yes"
"-122.676403","45.524806","2025-06-13","25-156206","No"
"-122.644072","45.517083","2025-06-13","25-156204","No"
"-122.676454","45.508076","2025-06-13","25-156203","No"
"-122.628340","45.533803","2025-06-13","25-156198","No"
"-122.605485","45.526258","2025-06-13","25-156196","Yes"
"-122.575310","45.466670","2025-06-13","25-156190","No"
"-122.521720","45.518390","2025-06-13","25-156186","Yes"
"-122.622219","45.505563","2025-06-13","25-156179","Yes"
"-122.567731","45.562907","2025-06-13","25-156178","No"
"-122.597060","45.495370","2025-06-13","25-156177","Yes"
"-122.678435","45.522619","2025-06-13","25-156176","No"
"-122.762694","45.591674","2025-06-13","25-156172","Yes"
"-122.700398","45.538349","2025-06-13","25-156171","Yes"
"-122.499760","45.525100","2025-06-13","25-156169","Yes"
"-122.671932","45.500705","2025-06-13","25-156167","No"
"-122.497370","45.516170","2025-06-13","25-156166","No"
"-122.670089","45.536528","2025-06-13","25-156163","No"
"-122.660138","45.525193","2025-06-13","25-156160","No"
"-122.589108","45.479656","2025-06-13","25-156159","No"
"-122.552533","45.546815","2025-06-13","25-156157","Yes"
"-122.578803","45.533117","2025-06-13","25-156154","No"
"-122.577440","45.532468","2025-06-13","25-156153","No"
"-122.639346","45.529963","2025-06-13","25-156152","No"
"-122.649903","45.485820","2025-06-13","25-156150","No"
"-122.660959","45.508213","2025-06-13","25-156145","No"
"-122.673296","45.516121","2025-06-13","25-156142","No"
"-122.547153","45.547960","2025-06-13","25-156136","No"
"-122.560194","45.469506","2025-06-13","25-156134","Yes"
"-122.572049","45.468701","2025-06-13","25-156131","No"
"-122.642688","45.459435","2025-06-13","25-156130","No"
"-122.667879","45.464886","2025-06-13","25-156129","No"
"-122.585481","45.471212","2025-06-13","25-156128","Yes"
"-122.758902","45.589619","2025-06-13","25-156121","Yes"
"-122.710940","45.544990","2025-06-13","25-156113","Yes"
"-122.510208","45.521817","2025-06-13","25-156112","No"
"-122.648739","45.530328","2025-06-13","25-156106","No"
"-122.662247","45.547453","2025-06-13","25-156102","Yes"
"-122.623696","45.522324","2025-06-13","25-156100","Yes"
"-122.711191","45.618754","2025-06-13","25-156096","No"
"-122.654427","45.479679","2025-06-13","25-156094","No"
"-122.557762","45.560755","2025-06-13","25-156089","Yes"
"-122.688784","45.534330","2025-06-13","25-156087","No"
"-122.675877","45.543160","2025-06-13","25-156079","Yes"
"-122.693273","45.587312","2025-06-13","25-156073","No"
"-122.654302","45.522131","2025-06-13","25-156071","No"
"-122.563437","45.488006","2025-06-13","25-156069","Yes"
"-122.607331","45.541323","2025-06-13","25-156067","No"
"-122.513360","45.520178","2025-06-13","25-156066","No"
"-122.685460","45.534440","2025-06-13","25-156065","Yes"
"-122.688741","45.512681","2025-06-13","25-156062","No"
"-122.689095","45.511133","2025-06-13","25-156060","No"
"-122.655546","45.523839","2025-06-13","25-156057","No"
"-122.661639","45.535787","2025-06-13","25-156053","No"
"-122.568594","45.464712","2025-06-13","25-156051","Yes"
"-122.620582","45.485684","2025-06-12","25-156048","Yes"
"-122.648568","45.517899","2025-05-14","25-145516","No"
"-122.538960","45.504166","2025-05-14","25-145514","Yes"
"-122.629228","45.533770","2025-05-14","25-145513","No"
"-122.583580","45.490050","2025-05-14","25-145511","Yes"
"-122.519618","45.560161","2025-05-14","25-145507","No"
"-122.657553","45.535375","2025-05-14","25-145506","No"
"-122.517822","45.560330","2025-05-14","25-145505","No"
"-122.538260","45.479600","2025-05-14","25-145496","Yes"
"-122.652075","45.502012","2025-05-14","25-145495","No"
"-122.551015","45.475044","2025-05-14","25-145493","No"
"-122.680000","45.579110","2025-05-14","25-145492","Yes"
"-122.510487","45.527246","2025-05-14","25-145486","No"
"-122.519547","45.526466","2025-05-14","25-145485","Yes"
"-122.675765","45.508306","2025-05-14","25-145483","No"
"-122.608730","45.473410","2025-05-14","25-145482","Yes"
"-122.668681","45.538479","2025-05-14","25-145481","Yes"
"-122.667694","45.500904","2025-05-14","25-145478","No"
"-122.740054","45.591590","2025-05-14","25-145477","Yes"
"-122.651802","45.549173","2025-05-14","25-145475","Yes"
"-122.650699","45.517664","2025-05-14","25-145474","No"
"-122.572433","45.479283","2025-05-14","25-145469","No"
"-122.524944","45.560606","2025-05-14","25-145467","No"
"-122.585955","45.490244","2025-05-14","25-145465","No"
"-122.564217","45.514025","2025-05-14","25-145464","No"
"-122.686611","45.530730","2025-05-14","25-145459","No"
"-122.525687","45.486004","2025-05-14","25-145458","Yes"
"-122.571121","45.479344","2025-05-14","25-145451","No"
"-122.565461","45.479829","2025-05-14","25-145449","No"
"-122.622876","45.534875","2025-05-14","25-145444","No"
"-122.536223","45.553986","2025-05-14","25-145427","Yes"
"-122.643511","45.528903","2025-05-14","25-145425","No"
"-122.597089","45.526475","2025-05-14","25-145422","Yes"
"-122.666449","45.590298","2025-05-14","25-145420","Yes"
"-122.559915","45.567448","2025-05-14","25-145415","No"
"-122.558556","45.567059","2025-05-14","25-145414","No"
"-122.683682","45.525115","2025-05-14","25-145412","No"
"-122.644841","45.529832","2025-05-14","25-145410","No"
"-122.530890","45.519576","2025-05-14","25-145408","Yes"
"-122.671414","45.519851","2025-05-14","25-145397","No"
"-122.711191","45.538178","2025-05-14","25-145393","No"
"-122.607358","45.473566","2025-05-14","25-145387","Yes"
"-122.559641","45.503892","2025-05-14","25-145378","Yes"
"-122.566330","45.522440","2025-05-14","25-145375","No"
"-122.556015","45.532833","2025-05-14","25-145374","Yes"
"-122.563624","45.524573","2025-05-14","25-145369","Yes"
"-122.655798","45.514662","2025-05-14","25-145367","Yes"
"-122.667654","45.585439","2025-05-14","25-145363","No"
"-122.663834","45.590317","2025-05-14","25-145361","Yes"
"-122.668791","45.585642","2025-05-14","25-145358","No"
"-122.554867","45.475529","2025-05-14","25-145356","No"
"-122.623020","45.566580","2025-05-14","25-145355","Yes"
"-122.677701","45.588296","2025-05-14","25-145352","No"
"-122.564477","45.467782","2025-05-14","25-145337","No"
"-122.533947","45.520619","2025-05-14","25-145334","No"
"-122.641137","45.529903","2025-05-14","25-145333","Yes"
"-122.682974","45.589170","2025-05-14","25-145332","Yes"
"-122.638037","45.529907","2025-05-14","25-145328","Yes"
"-122.757239","45.608978","2025-05-14","25-145323","No"
"-122.687164","45.590818","2025-05-14","25-145322","No"
"-122.625505","45.496575","2025-05-14","25-145321","Yes"
"-122.648626","45.500318","2025-05-14","25-145316","No"
"-122.682333","45.547791","2025-05-14","25-145308","Yes"
"-122.679788","45.586104","2025-05-14","25-145307","No"
"-122.678353","45.568159","2025-05-14","25-145305","No"
"-122.675900","45.527342","2025-05-14","25-145303","No"
"-122.665114","45.531832","2025-05-14","25-145300","No"
"-122.579363","45.476790","2025-05-14","25-145299","Yes"
"-122.618156","45.536690","2025-05-14","25-145298","No"
"-122.656254","45.513580","2025-05-14","25-145295","Yes"
"-122.557672","45.534397","2025-05-14","25-145288","No"
"-122.729650","45.590995","2025-05-14","25-145284","No"
"-122.677959","45.554024","2025-05-14","25-145278","No"
"-122.638879","45.460366","2025-05-14","25-145274","No"
"-122.679176","45.555125","2025-05-14","25-145273","No"
"-122.555687","45.532089","2025-05-14","25-145271","No"
"-122.725981","45.593810","2025-05-14","25-145270","No"
"-122.614755","45.478346","2025-05-14","25-145267","Yes"
"-122.632910","45.509600","2025-05-14","25-145266","No"
"-122.573070","45.500300","2025-05-14","25-145263","Yes"
"-122.659827","45.504633","2025-05-14","25-145259","Yes"
"-122.646783","45.499122","2025-05-14","25-145258","No"
"-122.661554","45.504851","2025-05-14","25-145257","No"
"-122.671497","45.532937","2025-05-14","25-145253","No"
"-122.691388","45.524773","2025-05-14","25-145252","No"
"-122.499431","45.499301","2025-05-14","25-145250","Yes"
"-122.561934","45.528240","2025-05-14","25-145247","No"
"-122.580570","45.463265","2025-05-14","25-145244","Yes"
"-122.535620","45.564690","2025-05-14","25-145239","Yes"
"-122.561218","45.561634","2025-05-14","25-145238","No"
"-122.647286","45.516379","2025-05-14","25-145230","No"
"-122.674467","45.514458","2025-05-14","25-145227","No"
"-122.764642","45.579596","2025-05-14","25-145224","Yes"
"-122.648948","45.535814","2025-05-14","25-145223","No"
"-122.682146","45.555791","2025-05-14","25-145222","No"
"-122.686677","45.531770","2025-05-14","25-145221","No"
"-122.648186","45.517113","2025-05-14","25-145220","No"
"-122.687124","45.515329","2025-05-14","25-145219","No"
"-122.642457","45.516210","2025-05-14","25-145216","No"
"-122.673351","45.524218","2025-05-14","25-145215","No"
"-122.704936","45.537873","2025-05-14","25-145213","Yes"
"-122.555476","45.533876","2025-05-14","25-145210","Yes"
"-122.673469","45.519990","2025-05-14","25-145208","No"
"-122.581923","45.497417","2025-05-14","25-145207","Yes"
"-122.674542","45.527374","2025-05-14","25-145202","No"
"-122.537454","45.522601","2025-05-14","25-145199","No"
"-122.556455","45.533860","2025-05-14","25-145198","Yes"
"-122.661598","45.542116","2025-05-14","25-145194","Yes"
"-122.671741","45.527160","2025-05-14","25-145187","No"
"-122.690495","45.535405","2025-05-14","25-145186","No"
"-122.692909","45.535305","2025-05-14","25-145185","No"
"-122.536947","45.532383","2025-05-14","25-145179","Yes"
"-122.562728","45.519797","2025-05-14","25-145175","Yes"
"-122.542005","45.533822","2025-05-14","25-145174","Yes"
"-122.661270","45.565266","2025-05-14","25-145168","No"
"-122.667954","45.464921","2025-05-14","25-145166","No"
"-122.566835","45.482862","2025-05-14","25-145164","No"
"-122.605483","45.524822","2025-05-14","25-145160","Yes"
"-122.556427","45.508870","2025-05-14","25-145153","Yes"
"-122.572330","45.481270","2025-05-14","25-145152","Yes"
"-122.537523","45.546259","2025-05-14","25-145148","No"
"-122.697104","45.509001","2025-05-14","25-145147","Yes"
"-122.553617","45.557368","2025-05-14","25-145146","Yes"
"-122.580048","45.482231","2025-05-14","25-145138","Yes"
"-122.666652","45.544625","2025-05-14","25-145137","Yes"
"-122.604885","45.497187","2025-05-14","25-145136","No"
"-122.717981","45.468286","2025-05-14","25-145133","No"
"-122.657357","45.491709","2025-05-14","25-145131","No"
"-122.668139","45.497534","2025-05-14","25-145130","No"
"-122.673270","45.523272","2025-05-14","25-145128","No"
"-122.514467","45.477329","2025-05-14","25-145126","Yes"
"-122.486086","45.486925","2025-05-14","25-145123","No"
"-122.513285","45.477539","2025-05-14","25-145121","No"
"-122.566985","45.502008","2025-05-14","25-145120","No"
"-122.484870","45.486715","2025-05-14","25-145119","No"
"-122.566867","45.500903","2025-05-14","25-145118","No"
"-122.489982","45.486642","2025-05-14","25-145117","Yes"
"-122.689457","45.529237","2025-05-14","25-145111","No"
"-122.665340","45.459620","2025-05-14","25-145110","No"
"-122.688467","45.529976","2025-05-14","25-145109","No"
"-122.629345","45.495943","2025-05-14","25-145108","Yes"
"-122.574615","45.474859","2025-05-14","25-145107","Yes"
"-122.687516","45.531421","2025-05-14","25-145104","No"
"-122.685490","45.535686","2025-05-14","25-145103","No"
"-122.631732","45.493352","2025-05-14","25-145101","No"
"-122.556743","45.559029","2025-05-14","25-145099","Yes"
"-122.608838","45.495395","2025-05-14","25-145096","No"
"-122.660417","45.520849","2025-05-14","25-145092","No"
"-122.510331","45.503508","2025-05-14","25-145090","No"
"-122.635387","45.494729","2025-05-14","25-145089","No"
"-122.732987","45.511267","2025-05-14","25-145088","Yes"
"-122.622932","45.515790","2025-05-14","25-145081","Yes"
"-122.496922","45.534845","2025-05-14","25-145079","No"
"-122.533060","45.523850","2025-05-14","25-145078","No"
"-122.689037","45.584533","2025-05-14","25-145075","No"
"-122.523570","45.488711","2025-05-14","25-145074","No"
"-122.664659","45.589768","2025-05-14","25-145072","No"
"-122.638910","45.517360","2025-05-14","25-145071","No"
"-122.649768","45.485700","2025-05-14","25-145070","No"
"-122.558606","45.516215","2025-05-14","25-145068","No"
"-122.566311","45.491260","2025-05-13","25-145063","No"
"-122.579935","45.523510","2025-05-13","25-145061","No"
"-122.726922","45.594690","2025-05-13","25-145060","No"
"-122.627742","45.532472","2025-05-13","25-145054","No"
"-122.556106","45.487390","2025-05-13","25-145052","Yes"
"-122.720640","45.467972","2025-05-13","25-145049","No"
"-122.491075","45.504585","2025-05-13","25-145048","No"
"-122.581919","45.498799","2025-05-13","25-145039","Yes"
"-122.626010","45.496007","2025-05-13","25-145037","Yes"
"-122.539489","45.533469","2025-05-13","25-145035","No"
"-122.691203","45.523870","2025-05-13","25-145034","No"
"-122.703681","45.613731","2025-05-13","25-145026","No"
"-122.532556","45.501583","2025-05-13","25-145023","Yes"
"-122.577748","45.546337","2025-05-13","25-145022","No"
"-122.514860","45.502540","2025-05-13","25-145017","No"
"-122.677141","45.507319","2025-05-13","25-145015","No"
"-122.674364","45.523524","2025-05-13","25-145014","No"
"-122.637630","45.481820","2025-05-13","25-145012","No"
"-122.517540","45.518890","2025-05-13","25-145011","No"
"-122.659803","45.506942","2025-05-13","25-145010","Yes"
"-122.567321","45.490937","2025-05-13","25-145009","No"
"-122.703096","45.547029","2025-05-13","25-145006","No"
"-122.498594","45.548138","2025-05-13","25-145005","Yes"
"-122.699647","45.544907","2025-05-13","25-145004","No"
"-122.657670","45.514869","2025-05-13","25-145003","No"
"-122.665897","45.532467","2025-05-13","25-145000","No"
"-122.703090","45.546310","2025-05-13","25-144998","No"
"-122.578547","45.559174","2025-05-13","25-144996","Yes"
"-122.666679","45.514554","2025-05-13","25-144995","No"
"-122.706560","45.561918","2025-05-13","25-144991","No"
"-122.686638","45.528667","2025-05-13","25-144990","No"
"-122.618560","45.570950","2025-05-13","25-144986","No"
"-122.687118","45.527156","2025-05-13","25-144984","No"
"-122.667206","45.513493","2025-05-13","25-144983","No"
"-122.620667","45.486899","2025-05-13","25-144979","Yes"
"-122.660726","45.520079","2025-05-13","25-144974","Yes"
"-122.594440","45.462185","2025-05-13","25-144969","Yes"
"-122.551676","45.557196","2025-05-13","25-144968","Yes"
"-122.564638","45.496346","2025-05-13","25-144967","No"
"-122.564198","45.522514","2025-05-13","25-144963","No"
"-122.565182","45.472716","2025-05-13","25-144962","No"
"-122.665800","45.516166","2025-04-15","25-134703","No"
"-122.501163","45.547912","2025-04-15","25-134702","Yes"
"-122.670711","45.540457","2025-04-15","25-134700","Yes"
"-122.507491","45.551902","2025-04-15","25-134698","Yes"
"-122.638490","45.486610","2025-04-15","25-134696","Yes"
"-122.599153","45.492137","2025-04-15","25-134691","No"
"-122.657220","45.505547","2025-04-15","25-134690","No"
"-122.662064","45.545962","2025-04-15","25-134689","No"
"-122.596130","45.507435","2025-04-15","25-134687","No"
"-122.655450","45.511452","2025-04-15","25-134685","No"
"-122.590270","45.498120","2025-04-15","25-134683","Yes"
"-122.511185","45.552559","2025-04-15","25-134682","Yes"
"-122.673623","45.535519","2025-04-15","25-134681","No"
"-122.513344","45.518067","2025-04-15","25-134680","No"
"-122.677966","45.545113","2025-04-15","25-134679","No"
"-122.661361","45.515898","2025-04-15","25-134678","No"
"-122.510911","45.504609","2025-04-15","25-134676","No"
"-122.640140","45.516957","2025-04-15","25-134674","No"
"-122.529112","45.566839","2025-04-15","25-134672","Yes"
"-122.544336","45.489618","2025-04-15","25-134671","Yes"
"-122.649436","45.499965","2025-04-15","25-134662","No"
"-122.690771","45.514294","2025-04-15","25-134661","No"
"-122.688417","45.515129","2025-04-15","25-134660","No"
"-122.690978","45.516380","2025-04-15","25-134659","No"
"-122.689736","45.514350","2025-04-15","25-134658","No"
"-122.548928","45.547867","2025-04-15","25-134657","No"
"-122.688792","45.514550","2025-04-15","25-134656","No"
"-122.688991","45.513933","2025-04-15","25-134654","No"
"-122.688130","45.527802","2025-04-15","25-134651","No"
"-122.517053","45.518666","2025-04-15","25-134648","Yes"
"-122.568594","45.464712","2025-04-15","25-134647","Yes"
"-122.568628","45.471021","2025-04-15","25-134641","Yes"
"-122.667992","45.512534","2025-04-15","25-134639","No"
"-122.657917","45.571973","2025-04-15","25-134638","No"
"-122.577644","45.518474","2025-04-15","25-134632","No"
"-122.684079","45.461237","2025-04-15","25-134631","Yes"
"-122.562457","45.477633","2025-04-15","25-134629","No"
"-122.570558","45.562963","2025-04-15","25-134628","No"
"-122.564592","45.477632","2025-04-15","25-134627","Yes"
"-122.499430","45.506570","2025-04-15","25-134625","Yes"
"-122.727242","45.583256","2025-04-15","25-134623","Yes"
"-122.576876","45.483531","2025-04-15","25-134622","Yes"
"-122.563702","45.477595","2025-04-15","25-134621","No"
"-122.645582","45.497437","2025-04-15","25-134619","No"
"-122.597890","45.555270","2025-04-15","25-134617","No"
"-122.632908","45.531814","2025-04-15","25-134616","No"
"-122.689229","45.576907","2025-04-15","25-134613","No"
"-122.673962","45.500675","2025-04-15","25-134612","No"
"-122.692837","45.517752","2025-04-15","25-134604","No"
"-122.528400","45.484214","2025-04-15","25-134597","Yes"
"-122.623630","45.518090","2025-04-15","25-134592","No"
"-122.555081","45.494972","2025-04-15","25-134583","Yes"
"-122.689170","45.533563","2025-04-15","25-134581","No"
"-122.611843","45.498142","2025-04-15","25-134578","No"
"-122.639048","45.517346","2025-04-15","25-134576","No"
"-122.584516","45.461205","2025-04-15","25-134575","No"
"-122.636968","45.464280","2025-04-15","25-134573","Yes"
"-122.682567","45.513723","2025-04-15","25-134572","No"
"-122.703461","45.590010","2025-04-15","25-134571","Yes"
"-122.569941","45.464066","2025-04-15","25-134567","No"
"-122.686597","45.534295","2025-04-15","25-134564","No"
"-122.694446","45.527012","2025-04-15","25-134563","No"
"-122.580015","45.530365","2025-04-15","25-134556","Yes"
"-122.559193","45.522799","2025-04-15","25-134554","No"
"-122.560834","45.523173","2025-04-15","25-134552","No"
"-122.540018","45.526196","2025-04-15","25-134551","No"
"-122.510433","45.517213","2025-04-15","25-134545","Yes"
"-122.684921","45.516273","2025-04-15","25-134541","No"
"-122.608722","45.477708","2025-04-15","25-134540","Yes"
"-122.689996","45.529193","2025-04-15","25-134537","No"
"-122.537711","45.557205","2025-04-15","25-134532","No"
"-122.518306","45.526475","2025-04-15","25-134529","Yes"
"-122.484673","45.492309","2025-04-15","25-134524","Yes"
"-122.734065","45.600896","2025-04-15","25-134522","No"
"-122.687261","45.528734","2025-04-15","25-134519","No"
"-122.689025","45.532086","2025-04-15","25-134518","No"
"-122.566234","45.513449","2025-04-15","25-134517","No"
"-122.532757","45.554687","2025-04-15","25-134513","Yes"
"-122.650970","45.488118","2025-04-15","25-134512","No"
"-122.569576","45.480107","2025-04-15","25-134510","Yes"
"-122.637070","45.509410","2025-04-15","25-134509","No"
"-122.542171","45.487143","2025-04-15","25-134506","Yes"
"-122.537749","45.526293","2025-04-15","25-134502","No"
"-122.571365","45.528808","2025-04-15","25-134500","Yes"
"-122.559394","45.526660","2025-04-14","25-134499","Yes"
"-122.564925","45.492822","2025-04-14","25-134498","No"
"-122.713780","45.586480","2025-04-14","25-134496","Yes"
"-122.754622","45.584645","2025-04-14","25-134495","Yes"
"-122.631260","45.518420","2025-04-14","25-134493","No"
"-122.679176","45.531279","2025-04-14","25-134492","Yes"
"-122.758601","45.590071","2025-04-14","25-134491","Yes"
"-122.567140","45.519360","2025-04-14","25-134490","Yes"
"-122.553627","45.534043","2025-04-14","25-134489","Yes"
"-122.577435","45.532495","2025-04-14","25-134485","No"
"-122.680203","45.577649","2025-04-14","25-134479","Yes"
"-122.532400","45.567481","2025-04-14","25-134472","No"
"-122.581190","45.572506","2025-04-14","25-134470","Yes"
"-122.625380","45.489310","2025-04-14","25-134466","Yes"
"-122.542713","45.521137","2025-04-14","25-134463","Yes"
"-122.673986","45.525329","2025-04-14","25-134454","No"
"-122.673707","45.527246","2025-04-14","25-134450","No"
"-122.676937","45.523187","2025-04-14","25-134442","No"
"-122.678138","45.527389","2025-04-14","25-134436","No"
"-122.512904","45.504272","2025-04-14","25-134435","No"
"-122.494966","45.504574","2025-04-14","25-134430","No"
"-122.689701","45.512725","2025-04-14","25-134429","No"
"-122.679391","45.571083","2025-04-14","25-134426","No"
"-122.564689","45.495857","2025-04-14","25-134425","No"
"-122.564523","45.508742","2025-04-14","25-134423","No"
"-122.566025","45.522567","2025-04-14","25-134421","No"
"-122.566341","45.527607","2025-04-14","25-134420","No"
"-122.565756","45.529234","2025-04-14","25-134419","No"
"-122.673638","45.492861","2025-04-14","25-134416","No"
"-122.685187","45.524687","2025-04-14","25-134415","No"
"-122.510422","45.501753","2025-04-14","25-134410","Yes"
"-122.705406","45.546009","2025-04-14","25-134406","No"
"-122.561524","45.561348","2025-04-14","25-134404","No"
"-122.582531","45.526175","2025-04-14","25-134402","No"
"-122.531676","45.518857","2025-04-14","25-134398","Yes"
"-122.685040","45.536058","2025-04-14","25-134397","No"
"-122.658144","45.518016","2025-04-14","25-134394","No"
"-122.566835","45.479016","2025-04-14","25-134392","No"
"-122.620590","45.479190","2025-04-14","25-134389","No"
"-122.680973","45.608859","2025-04-14","25-134385","No"
"-122.579043","45.463468","2025-04-14","25-134382","No"
"-122.709834","45.541405","2025-04-14","25-134381","Yes"
"-122.700235","45.464216","2025-04-14","25-134379","Yes"
"-122.569701","45.479313","2025-04-14","25-134377","No"
"-122.531710","45.505310","2025-04-14","25-134374","No"
"-122.538960","45.504166","2025-04-14","25-134373","Yes"
"-122.597017","45.480939","2025-04-14","25-134371","Yes"
"-122.679648","45.522954","2025-04-14","25-134363","No"
"-122.675786","45.525878","2025-04-14","25-134362","No"
"-122.677438","45.526111","2025-04-14","25-134360","No"
"-122.671026","45.525859","2025-04-14","25-134359","No"
"-122.665254","45.530804","2025-04-14","25-134358","No"
"-122.516640","45.519900","2025-04-14","25-134357","No"
"-122.493310","45.561008","2025-04-14","25-134355","Yes"
"-122.595647","45.492038","2025-04-14","25-134354","Yes"
"-122.519971","45.552230","2025-04-14","25-134351","Yes"
"-122.672246","45.499326","2025-04-14","25-134348","No"
"-122.513285","45.521930","2025-04-14","25-134347","No"
"-122.513275","45.519131","2025-04-14","25-134341","No"
"-122.630518","45.531203","2025-04-14","25-134340","No"
"-122.632136","45.518303","2025-04-14","25-134335","No"
"-122.647263","45.484823","2025-04-14","25-134334","No"
"-122.623381","45.522675","2025-04-14","25-134333","No"
"-122.648760","45.500474","2025-04-14","25-134330","No"
"-122.509269","45.523652","2025-04-14","25-134329","No"
"-122.598673","45.527693","2025-04-14","25-134328","No"
"-122.691879","45.536280","2025-04-14","25-134326","No"
"-122.577971","45.525987","2025-04-14","25-134325","Yes"
"-122.666926","45.564361","2025-04-14","25-134324","Yes"
"-122.552340","45.489685","2025-04-14","25-134322","No"
"-122.579538","45.521191","2025-04-14","25-134320","No"
"-122.649849","45.487787","2025-04-14","25-134315","No"
"-122.568886","45.562083","2025-04-14","25-134314","Yes"
"-122.519225","45.554058","2025-04-14","25-134313","Yes"
"-122.548757","45.475309","2025-04-14","25-134311","No"
"-122.690270","45.528438","2025-04-14","25-134308","No"
"-122.559600","45.490090","2025-04-14","25-134301","No"
"-122.697173","45.464921","2025-04-14","25-134299","No"
"-122.572303","45.561877","2025-04-14","25-134295","Yes"
"-122.675059","45.598326","2025-04-14","25-134294","No"
"-122.670542","45.516816","2025-04-14","25-134291","No"
"-122.671733","45.507010","2025-04-14","25-134286","No"
"-122.673784","45.504987","2025-04-14","25-134284","No"
"-122.653523","45.535761","2025-04-14","25-134283","No"
"-122.538478","45.481329","2025-04-14","25-134282","Yes"
"-122.688046","45.532143","2025-04-14","25-134280","No"
"-122.527879","45.526389","2025-04-14","25-134279","Yes"
"-122.657496","45.510869","2025-04-14","25-134275","Yes"
"-122.554824","45.476822","2025-04-14","25-134272","No"
"-122.640919","45.473526","2025-04-14","25-134270","Yes"
"-122.682193","45.556097","2025-04-14","25-134269","No"
"-122.529466","45.560185","2025-04-14","25-134267","Yes"
"-122.671419","45.519917","2025-04-14","25-134266","No"
"-122.590207","45.534407","2025-04-14","25-134264","Yes"
"-122.500203","45.524690","2025-04-14","25-134263","Yes"
"-122.565247","45.472769","2025-04-14","25-134262","No"
"-122.756610","45.592340","2025-04-14","25-134258","No"
"-122.542917","45.522609","2025-04-14","25-134257","Yes"
"-122.665079","45.514441","2025-04-14","25-134254","No"
"-122.656461","45.511579","2025-04-14","25-134251","No"
"-122.667433","45.540948","2025-04-14","25-134250","Yes"
"-122.704470","45.540315","2025-04-14","25-134248","Yes"
"-122.676581","45.527341","2025-04-14","25-134247","No"
"-122.646486","45.515098","2025-04-14","25-134246","Yes"
"-122.646528","45.516392","2025-04-14","25-134244","Yes"
"-122.645633","45.516662","2025-04-14","25-134243","Yes"
"-122.648481","45.515760","2025-04-14","25-134241","Yes"
"-122.700822","45.536879","2025-04-14","25-134237","No"
"-122.698837","45.539293","2025-04-14","25-134235","No"
"-122.657810","45.514775","2025-04-14","25-134233","Yes"
"-122.694907","45.536882","2025-04-14","25-134232","No"
"-122.673876","45.524574","2025-04-14","25-134231","No"
"-122.508096","45.515885","2025-04-14","25-134230","Yes"
"-122.683468","45.531836","2025-04-14","25-134224","No"
"-122.611352","45.497508","2025-04-14","25-134223","Yes"
"-122.647347","45.498121","2025-04-14","25-134221","Yes"
"-122.672549","45.524803","2025-03-17","25-124039","No"
"-122.571293","45.484732","2025-03-17","25-124037","Yes"
"-122.607218","45.522099","2025-03-17","25-124034","Yes"
"-122.569394","45.495682","2025-03-17","25-124033","Yes"
"-122.693687","45.515437","2025-03-17","25-124026","No"
"-122.761300","45.587470","2025-03-17","25-124025","Yes"
"-122.499066","45.548130","2025-03-17","25-124022","Yes"
"-122.683731","45.598230","2025-03-17","25-124021","No"
"-122.600824","45.497301","2025-03-17","25-124020","No"
"-122.623875","45.490137","2025-03-17","25-124017","Yes"
"-122.579661","45.494870","2025-03-17","25-124016","Yes"
"-122.660787","45.534752","2025-03-17","25-124012","No"
"-122.675514","45.525933","2025-03-17","25-124009","No"
"-122.622491","45.537752","2025-03-17","25-124007","No"
"-122.754364","45.590142","2025-03-17","25-124005","No"
"-122.684788","45.531430","2025-03-17","25-124003","No"
"-122.551613","45.533827","2025-03-17","25-124002","Yes"
"-122.598818","45.492146","2025-03-17","25-124000","No"
"-122.762228","45.586495","2025-03-17","25-123995","Yes"
"-122.548010","45.502585","2025-03-17","25-123994","Yes"
"-122.563405","45.504185","2025-03-17","25-123993","No"
"-122.531405","45.555083","2025-03-17","25-123991","Yes"
"-122.660862","45.532841","2025-03-17","25-123989","No"
"-122.615200","45.512197","2025-03-17","25-123987","No"
"-122.695538","45.577779","2025-03-17","25-123986","Yes"
"-122.565939","45.516589","2025-03-17","25-123984","Yes"
"-122.603892","45.497224","2025-03-17","25-123983","No"
"-122.706990","45.461390","2025-03-17","25-123980","No"
"-122.568543","45.468021","2025-03-17","25-123979","Yes"
"-122.590234","45.482507","2025-03-17","25-123978","Yes"
"-122.519274","45.480825","2025-03-16","25-123970","No"
"-122.688209","45.529918","2025-03-16","25-123969","No"
"-122.641314","45.529813","2025-03-16","25-123968","No"
"-122.671127","45.533086","2025-03-16","25-123959","No"
"-122.667345","45.529554","2025-03-16","25-123958","No"
"-122.662090","45.516810","2025-03-16","25-123955","No"
"-122.587185","45.535425","2025-03-16","25-123954","Yes"
"-122.496057","45.549393","2025-03-16","25-123950","No"
"-122.617030","45.534202","2025-03-16","25-123949","Yes"
"-122.690356","45.527705","2025-03-16","25-123946","No"
"-122.558350","45.556090","2025-03-16","25-123945","Yes"
"-122.608709","45.496196","2025-03-16","25-123944","No"
"-122.601015","45.598858","2025-03-16","25-123942","No"
"-122.605088","45.599659","2025-03-16","25-123941","No"
"-122.608570","45.496905","2025-03-16","25-123939","No"
"-122.587970","45.497241","2025-03-16","25-123938","Yes"
"-122.727327","45.590191","2025-03-16","25-123935","Yes"
"-122.602476","45.528965","2025-03-16","25-123932","No"
"-122.660095","45.516574","2025-03-16","25-123931","No"
"-122.655535","45.523995","2025-03-16","25-123929","Yes"
"-122.651831","45.548953","2025-03-16","25-123927","Yes"
"-122.562653","45.517281","2025-03-16","25-123926","No"
"-122.558034","45.522870","2025-03-16","25-123924","No"
"-122.513123","45.522199","2025-03-16","25-123918","No"
"-122.533229","45.522622","2025-03-16","25-123914","No"
"-122.581457","45.526431","2025-03-16","25-123911","No"
"-122.625800","45.520037","2025-03-16","25-123910","Yes"
"-122.618880","45.535070","2025-03-16","25-123907","Yes"
"-122.686788","45.515802","2025-03-16","25-123905","Yes"
"-122.682680","45.531920","2025-03-16","25-123903","No"
"-122.660820","45.553728","2025-03-16","25-123900","No"
"-122.677562","45.528296","2025-03-16","25-123897","No"
"-122.688382","45.512287","2025-03-16","25-123896","No"
"-122.676483","45.526246","2025-03-16","25-123895","No"
"-122.560977","45.489953","2025-03-16","25-123893","Yes"
"-122.527417","45.492927","2025-03-16","25-123892","Yes"
"-122.532133","45.505889","2025-03-16","25-123890","Yes"
"-122.691802","45.536290","2025-03-16","25-123888","No"
"-122.690734","45.536354","2025-03-16","25-123886","No"
"-122.542427","45.526181","2025-03-16","25-123884","No"
"-122.516080","45.522620","2025-03-16","25-123883","Yes"
"-122.645670","45.528581","2025-03-16","25-123881","No"
"-122.609836","45.496827","2025-03-16","25-123880","Yes"
"-122.551235","45.498132","2025-03-16","25-123879","Yes"
"-122.549363","45.498068","2025-03-16","25-123877","Yes"
"-122.669392","45.523092","2025-03-16","25-123869","No"
"-122.673388","45.526295","2025-03-16","25-123868","No"
"-122.635565","45.498186","2025-03-16","25-123864","Yes"
"-122.582402","45.535262","2025-03-16","25-123862","No"
"-122.494976","45.494671","2025-03-16","25-123859","Yes"
"-122.694401","45.527599","2025-03-16","25-123856","No"
"-122.699518","45.524452","2025-03-16","25-123854","No"
"-122.558071","45.519402","2025-03-16","25-123853","No"
"-122.689573","45.525022","2025-03-16","25-123850","No"
"-122.655079","45.535863","2025-03-16","25-123849","No"
"-122.503282","45.533381","2025-03-16","25-123848","Yes"
"-122.603114","45.553949","2025-03-16","25-123846","No"
"-122.678863","45.527242","2025-03-16","25-123845","No"
"-122.707855","45.476105","2025-03-16","25-123844","Yes"
"-122.568685","45.489421","2025-03-16","25-123843","Yes"
"-122.564490","45.477593","2025-03-16","25-123842","No"
"-122.705232","45.546127","2025-03-16","25-123841","Yes"
"-122.659060","45.526873","2025-03-16","25-123840","No"
"-122.580090","45.534422","2025-03-16","25-123839","No"
"-122.604788","45.527474","2025-03-16","25-123837","No"
"-122.565950","45.510650","2025-03-16","25-123835","No"
"-122.566840","45.505003","2025-03-16","25-123834","No"
"-122.565408","45.497351","2025-03-16","25-123833","No"
"-122.566803","45.497870","2025-03-16","25-123832","No"
"-122.566266","45.496976","2025-03-16","25-123831","No"
"-122.629309","45.496028","2025-03-16","25-123827","Yes"
"-122.599354","45.539649","2025-03-16","25-123824","Yes"
"-122.533473","45.548014","2025-03-16","25-123822","Yes"
"-122.681921","45.577886","2025-03-16","25-123821","No"
"-122.545433","45.503997","2025-03-16","25-123817","Yes"
"-122.704900","45.545180","2025-03-16","25-123816","No"
"-122.671886","45.518406","2025-03-16","25-123815","No"
"-122.689884","45.521338","2025-03-16","25-123812","No"
"-122.758977","45.589599","2025-03-16","25-123809","Yes"
"-122.575214","45.503289","2025-03-16","25-123807","Yes"
"-122.622507","45.506152","2025-03-16","25-123806","Yes"
"-122.656263","45.511512","2025-03-16","25-123803","No"
"-122.552823","45.573078","2025-03-16","25-123800","No"
"-122.657695","45.517622","2025-03-16","25-123797","No"
"-122.637087","45.464194","2025-03-16","25-123796","Yes"
"-122.656707","45.520712","2025-03-16","25-123793","No"
"-122.662590","45.533270","2025-03-16","25-123792","No"
"-122.698445","45.588724","2025-03-16","25-123789","Yes"
"-122.664784","45.506456","2025-03-16","25-123785","No"
"-122.712600","45.536890","2025-03-15","25-123782","No"
"-122.501611","45.517745","2025-03-15","25-123779","Yes"
"-122.536894","45.531339","2025-03-15","25-123773","Yes"
"-122.718744","45.528844","2025-03-15","25-123772","No"
"-122.673002","45.517057","2025-03-15","25-123763","No"
"-122.630929","45.484729","2025-03-15","25-123762","No"
"-122.648540","45.516939","2025-03-15","25-123761","No"
"-122.591030","45.534070","2025-03-15","25-123753","No"
"-122.550380","45.491682","2025-03-15","25-123752","No"
"-122.758842","45.604500","2025-03-15","25-123751","No"
"-122.537601","45.528518","2025-03-15","25-123749","No"
"-122.564709","45.475977","2025-03-15","25-123747","No"
"-122.630549","45.496451","2025-03-15","25-123746","Yes"
"-122.631732","45.493352","2025-03-15","25-123745","Yes"
"-122.699089","45.516359","2025-03-15","25-123744","No"
"-122.649774","45.482449","2025-03-15","25-123741","Yes"
"-122.661645","45.517892","2025-03-15","25-123736","No"
"-122.661077","45.525106","2025-03-15","25-123734","No"
"-122.536435","45.522321","2025-03-15","25-123731","No"
"-122.549298","45.474434","2025-03-15","25-123729","No"
"-122.552537","45.475246","2025-03-15","25-123723","No"
"-122.684253","45.461178","2025-03-15","25-123722","Yes"
"-122.653765","45.505920","2025-03-15","25-123721","Yes"
"-122.523681","45.502738","2025-03-15","25-123718","Yes"
"-122.687566","45.570775","2025-03-15","25-123717","Yes"
"-122.555536","45.474085","2025-03-15","25-123716","No"
"-122.571121","45.519741","2025-03-15","25-123714","No"
"-122.616649","45.538999","2025-03-15","25-123711","Yes"
"-122.653964","45.528935","2025-03-15","25-123708","No"
"-122.545624","45.547420","2025-03-15","25-123706","Yes"
"-122.651297","45.487706","2025-03-15","25-123704","No"
"-122.688653","45.534622","2025-03-15","25-123702","No"
"-122.688026","45.532130","2025-03-15","25-123700","No"
"-122.762137","45.590845","2025-03-15","25-123694","No"
"-122.516208","45.520013","2025-03-15","25-123693","Yes"
"-122.761676","45.585907","2025-03-15","25-123692","Yes"
"-122.661275","45.519692","2025-03-15","25-123684","No"
"-122.676966","45.543208","2025-03-15","25-123683","No"
"-122.649661","45.531888","2025-03-15","25-123681","No"
"-122.537413","45.480603","2025-03-15","25-123679","Yes"
"-122.553855","45.489838","2025-03-15","25-123675","No"
"-122.686665","45.533920","2025-03-15","25-123671","No"
"-122.630391","45.498633","2025-03-15","25-123670","Yes"
"-122.547711","45.548044","2025-03-15","25-123668","Yes"
"-122.692633","45.532755","2025-03-15","25-123667","No"
"-122.675807","45.599097","2025-03-15","25-123657","Yes"
"-122.725546","45.583125","2025-03-15","25-123654","Yes"
"-122.662622","45.563876","2025-03-15","25-123653","Yes"
"-122.571906","45.465127","2025-03-15","25-123650","Yes"
"-122.742316","45.582670","2025-03-15","25-123649","Yes"
"-122.577957","45.483550","2025-03-15","25-123648","Yes"
"-122.583311","45.572374","2025-03-15","25-123642","No"
"-122.560413","45.495717","2025-03-15","25-123641","No"
"-122.713015","45.535309","2025-03-15","25-123634","No"
"-122.494190","45.550628","2025-03-15","25-123632","No"
"-122.686847","45.577065","2025-03-15","25-123631","Yes"
"-122.491320","45.549715","2025-03-15","25-123630","No"
"-122.584155","45.564719","2025-03-15","25-123628","No"
"-122.658116","45.520793","2025-03-15","25-123613","No"
"-122.660857","45.517524","2025-03-15","25-123612","No"
"-122.589623","45.535739","2025-03-15","25-123609","Yes"
"-122.636636","45.533050","2025-03-15","25-123604","No"
"-122.589301","45.478933","2025-03-15","25-123597","Yes"
"-122.545208","45.548500","2025-03-15","25-123593","Yes"
"-122.647204","45.465743","2025-03-15","25-123590","No"
"-122.566851","45.477501","2025-03-15","25-123583","No"
"-122.680640","45.525030","2025-03-15","25-123582","No"
"-122.508062","45.480066","2025-03-15","25-123580","No"
"-122.650450","45.491227","2025-03-15","25-123579","Yes"
"-122.513223","45.519952","2025-03-15","25-123578","Yes"
"-122.568787","45.503074","2025-03-15","25-123576","Yes"
"-122.510460","45.503561","2025-03-15","25-123575","No"
"-122.675985","45.519410","2025-03-15","25-123572","No"
"-122.674700","45.521260","2025-03-15","25-123567","No"
"-122.637554","45.497568","2025-03-15","25-123561","Yes"
"-122.588587","45.475199","2025-03-15","25-123559","Yes"
"-122.605453","45.495752","2025-03-15","25-123558","No"
"-122.678900","45.526471","2025-03-14","25-123531","No"
"-122.568480","45.479900","2025-03-14","25-123528","No"
"-122.496071","45.548166","2025-03-14","25-123527","Yes"
"-122.519294","45.553991","2025-03-14","25-123526","Yes"
"-122.567210","45.505704","2025-02-12","25-113011","No"
"-122.564560","45.508220","2025-02-12","25-113010","No"
"-122.566159","45.523653","2025-02-12","25-113009","No"
"-122.565928","45.522541","2025-02-12","25-113008","No"
"-122.566341","45.527418","2025-02-12","25-113007","No"
"-122.576590","45.466871","2025-02-12","25-113006","Yes"
"-122.696778","45.465443","2025-02-12","25-113004","No"
"-122.680227","45.577190","2025-02-12","25-113003","Yes"
"-122.701374","45.515115","2025-02-12","25-112999","No"
"-122.573583","45.488035","2025-02-12","25-112998","Yes"
"-122.685995","45.521214","2025-02-12","25-112997","No"
"-122.535547","45.544527","2025-02-12","25-112996","Yes"
"-122.686493","45.590188","2025-02-12","25-112995","No"
"-122.673784","45.504987","2025-02-12","25-112992","No"
"-122.635993","45.517474","2025-02-12","25-112991","No"
"-122.644227","45.526515","2025-02-12","25-112990","No"
"-122.659827","45.518290","2025-02-12","25-112989","No"
"-122.673093","45.518752","2025-02-12","25-112986","No"
"-122.565317","45.531402","2025-02-12","25-112985","No"
"-122.661791","45.504379","2025-02-12","25-112984","No"
"-122.563401","45.533347","2025-02-12","25-112983","No"
"-122.670691","45.540398","2025-02-12","25-112982","Yes"
"-122.656996","45.505653","2025-02-12","25-112981","No"
"-122.594373","45.479505","2025-02-12","25-112978","Yes"
"-122.631943","45.484649","2025-02-12","25-112975","Yes"
"-122.566196","45.557624","2025-02-12","25-112972","No"
"-122.561127","45.561483","2025-02-12","25-112970","No"
"-122.699245","45.553648","2025-02-12","25-112968","No"
"-122.706548","45.476037","2025-02-12","25-112967","Yes"
"-122.560810","45.582460","2025-02-12","25-112966","Yes"
"-122.697625","45.553084","2025-02-12","25-112964","No"
"-122.734762","45.586513","2025-02-12","25-112963","No"
"-122.517069","45.518508","2025-02-12","25-112962","No"
"-122.661147","45.512725","2025-02-12","25-112952","No"
"-122.559490","45.555800","2025-02-12","25-112949","Yes"
"-122.603506","45.493594","2025-02-12","25-112947","No"
"-122.576808","45.490021","2025-02-12","25-112946","Yes"
"-122.673160","45.597160","2025-02-12","25-112942","Yes"
"-122.577252","45.544507","2025-02-12","25-112938","No"
"-122.677100","45.495023","2025-02-12","25-112937","No"
"-122.748828","45.590883","2025-02-12","25-112930","Yes"
"-122.618076","45.536614","2025-02-12","25-112927","No"
"-122.665776","45.536643","2025-02-12","25-112925","No"
"-122.659473","45.532191","2025-02-12","25-112923","Yes"
"-122.686145","45.515828","2025-02-12","25-112922","No"
"-122.686467","45.527380","2025-02-12","25-112921","No"
"-122.685394","45.527106","2025-02-12","25-112920","No"
"-122.686799","45.522999","2025-02-12","25-112919","No"
"-122.553976","45.519632","2025-02-12","25-112917","Yes"
"-122.557769","45.523946","2025-02-12","25-112914","No"
"-122.688207","45.515869","2025-02-12","25-112910","No"
"-122.588110","45.479309","2025-02-12","25-112908","Yes"
"-122.572351","45.480343","2025-02-12","25-112907","No"
"-122.665411","45.525508","2025-02-12","25-112905","No"
"-122.607583","45.494622","2025-02-12","25-112904","Yes"
"-122.599210","45.499030","2025-02-12","25-112902","Yes"
"-122.653556","45.521102","2025-02-12","25-112897","Yes"
"-122.639587","45.487818","2025-02-12","25-112896","Yes"
"-122.590268","45.482557","2025-02-12","25-112892","Yes"
"-122.677245","45.531270","2025-02-12","25-112890","Yes"
"-122.532545","45.501518","2025-02-12","25-112888","Yes"
"-122.676226","45.530399","2025-02-12","25-112886","No"
"-122.678114","45.613055","2025-02-12","25-112885","No"
"-122.549379","45.476045","2025-02-12","25-112881","Yes"
"-122.572392","45.505124","2025-02-12","25-112880","Yes"
"-122.639356","45.529951","2025-02-12","25-112877","Yes"
"-122.577800","45.477581","2025-02-12","25-112876","Yes"
"-122.623829","45.500722","2025-02-12","25-112872","Yes"
"-122.547089","45.533467","2025-02-12","25-112869","Yes"
"-122.547609","45.540804","2025-02-12","25-112865","Yes"
"-122.557651","45.516832","2025-02-12","25-112864","No"
"-122.689304","45.534863","2025-02-12","25-112863","No"
"-122.727268","45.590463","2025-02-12","25-112861","Yes"
"-122.537711","45.557205","2025-02-12","25-112857","No"
"-122.521137","45.554749","2025-02-12","25-112856","Yes"
"-122.734475","45.483563","2025-02-12","25-112853","Yes"
"-122.566856","45.478929","2025-02-12","25-112852","No"
"-122.556503","45.477790","2025-02-12","25-112848","Yes"
"-122.571730","45.556617","2025-02-12","25-112846","Yes"
"-122.506706","45.519159","2025-02-12","25-112842","Yes"
"-122.510783","45.506497","2025-02-12","25-112839","Yes"
"-122.622932","45.515790","2025-02-12","25-112836","Yes"
"-122.556806","45.533532","2025-02-12","25-112835","No"
"-122.649472","45.535036","2025-02-12","25-112834","Yes"
"-122.581850","45.499004","2025-02-12","25-112831","Yes"
"-122.686376","45.528591","2025-02-12","25-112828","No"
"-122.680517","45.512577","2025-02-12","25-112825","No"
"-122.692459","45.515504","2025-02-12","25-112820","No"
"-122.651752","45.577211","2025-02-12","25-112813","No"
"-122.653531","45.576966","2025-02-12","25-112812","Yes"
"-122.662761","45.516533","2025-02-12","25-112811","No"
"-122.674845","45.514816","2025-02-12","25-112810","No"
"-122.711194","45.538866","2025-02-11","25-112801","No"
"-122.668739","45.562707","2025-02-11","25-112800","Yes"
"-122.609967","45.540120","2025-02-11","25-112799","Yes"
"-122.558056","45.533538","2025-02-11","25-112797","No"
"-122.601140","45.468450","2025-02-11","25-112796","Yes"
"-122.611221","45.506006","2025-02-11","25-112793","Yes"
"-122.672045","45.493170","2025-02-11","25-112791","No"
"-122.583519","45.524625","2025-02-11","25-112788","Yes"
"-122.498654","45.548121","2025-02-11","25-112787","Yes"
"-122.520239","45.560110","2025-02-11","25-112786","No"
"-122.629336","45.496082","2025-02-11","25-112783","Yes"
"-122.575690","45.481160","2025-02-11","25-112781","No"
"-122.728781","45.467483","2025-02-11","25-112779","Yes"
"-122.654835","45.499757","2025-02-11","25-112774","Yes"
"-122.673329","45.583770","2025-02-11","25-112772","No"
"-122.568680","45.463758","2025-02-11","25-112771","No"
"-122.516398","45.559696","2025-02-11","25-112766","No"
"-122.510127","45.501659","2025-02-11","25-112764","Yes"
"-122.484579","45.492951","2025-02-11","25-112763","Yes"
"-122.546579","45.476385","2025-02-11","25-112760","Yes"
"-122.563499","45.534192","2025-02-11","25-112759","No"
"-122.542063","45.486808","2025-02-11","25-112758","Yes"
"-122.543299","45.533519","2025-02-11","25-112757","No"
"-122.739318","45.582671","2025-02-11","25-112756","Yes"
"-122.557577","45.534358","2025-02-11","25-112755","No"
"-122.646089","45.498778","2025-02-11","25-112754","No"
"-122.541332","45.562201","2025-02-11","25-112750","No"
"-122.595433","45.488892","2025-02-11","25-112749","No"
"-122.659657","45.528638","2025-02-11","25-112743","No"
"-122.660406","45.498307","2025-02-11","25-112734","No"
"-122.676811","45.508061","2025-02-11","25-112733","No"
"-122.665325","45.518000","2025-02-11","25-112730","No"
"-122.657306","45.518703","2025-02-11","25-112723","Yes"
"-122.655745","45.523078","2025-02-11","25-112713","Yes"
"-122.655101","45.520024","2025-02-11","25-112712","No"
"-122.658035","45.525777","2025-02-11","25-112711","Yes"
"-122.559673","45.495670","2025-02-11","25-112710","No"
"-122.663652","45.515910","2025-02-11","25-112704","No"
"-122.675008","45.524418","2025-02-11","25-112702","No"
"-122.590262","45.480190","2025-02-11","25-112701","Yes"
"-122.674965","45.523719","2025-02-11","25-112700","No"
"-122.553539","45.533824","2025-02-11","25-112695","Yes"
"-122.702630","45.546020","2025-02-11","25-112688","No"
"-122.513625","45.516734","2025-02-11","25-112687","Yes"
"-122.564678","45.479734","2025-02-11","25-112686","Yes"
"-122.506103","45.551657","2025-02-11","25-112685","No"
"-122.647822","45.499953","2025-02-11","25-112682","No"
"-122.646829","45.525085","2025-02-11","25-112678","Yes"
"-122.658915","45.518833","2025-02-11","25-112674","No"
"-122.664722","45.528657","2025-02-11","25-112673","No"
"-122.579752","45.519063","2025-02-11","25-112669","No"
"-122.757052","45.588582","2025-02-11","25-112668","No"
"-122.656086","45.514304","2025-02-11","25-112666","No"
"-122.537900","45.541660","2025-02-11","25-112664","Yes"
"-122.649095","45.499569","2025-02-11","25-112661","No"
"-122.559115","45.475701","2025-02-11","25-112660","No"
"-122.651753","45.576610","2025-02-11","25-112658","Yes"
"-122.564839","45.473256","2025-02-11","25-112654","No"
"-122.654380","45.511650","2025-02-11","25-112653","No"
"-122.537140","45.544498","2025-02-11","25-112650","Yes"
"-122.566996","45.471657","2025-02-11","25-112645","No"
"-122.614424","45.480615","2025-02-11","25-112644","Yes"
"-122.665001","45.516609","2025-02-11","25-112638","No"
"-122.513221","45.522240","2025-02-11","25-112637","No"
"-122.540910","45.504083","2025-02-11","25-112636","Yes"
"-122.681092","45.506534","2025-02-11","25-112635","No"
"-122.530027","45.496693","2025-02-11","25-112633","Yes"
"-122.569946","45.469915","2025-02-11","25-112631","No"
"-122.686139","45.519064","2025-02-11","25-112630","No"
"-122.657590","45.535630","2025-02-11","25-112628","No"
"-122.570869","45.469614","2025-02-11","25-112624","No"
"-122.679060","45.522623","2025-02-11","25-112622","No"
"-122.523949","45.556504","2025-02-11","25-112617","Yes"
"-122.555050","45.562640","2025-02-11","25-112616","Yes"
"-122.568787","45.488824","2025-02-11","25-112614","Yes"
"-122.718587","45.531044","2025-02-11","25-112613","No"
"-122.558582","45.514884","2025-02-11","25-112611","No"
"-122.481771","45.486226","2025-02-11","25-112610","No"
"-122.657720","45.514365","2025-02-11","25-112606","No"
"-122.642325","45.475416","2025-02-11","25-112605","Yes"
"-122.660640","45.533645","2025-02-11","25-112604","No"
"-122.658786","45.533022","2025-02-11","25-112602","No"
"-122.659709","45.533732","2025-02-11","25-112601","No"
"-122.659709","45.533026","2025-02-11","25-112600","No"
"-122.646514","45.526039","2025-02-11","25-112597","No"
"-122.688065","45.532385","2025-02-11","25-112595","No"
"-122.713401","45.575717","2025-02-11","25-112594","Yes"
"-122.540926","45.503466","2025-02-11","25-112593","Yes"
"-122.678334","45.551190","2025-02-11","25-112591","No"
"-122.584132","45.505423","2025-02-11","25-112587","No"
"-122.674456","45.514120","2025-02-11","25-112573","No"
"-122.682341","45.513884","2025-02-11","25-112572","No"
"-122.683817","45.513741","2025-02-11","25-112571","No"
"-122.591457","45.534973","2025-02-11","25-112570","Yes"
"-122.537454","45.531252","2025-02-11","25-112563","No"
"-122.503366","45.496221","2025-02-11","25-112561","No"
"-122.523651","45.547352","2025-02-11","25-112554","Yes"
"-122.575343","45.532925","2025-02-11","25-112548","Yes"
"-122.673296","45.516121","2025-02-11","25-112543","No"
"-122.695176","45.466280","2025-02-11","25-112542","No"
"-122.661678","45.517081","2025-02-11","25-112540","No"
"-122.595280","45.511480","2025-02-11","25-112539","Yes"
"-122.661629","45.520568","2025-02-11","25-112538","No"
"-122.746655","45.581946","2025-02-11","25-112533","No"
"-122.571840","45.464984","2025-02-11","25-112526","Yes"
"-122.577221","45.467514","2025-02-11","25-112525","Yes"
"-122.661115","45.514310","2025-02-11","25-112522","No"
"-122.574538","45.464762","2025-02-11","25-112521","Yes"
"-122.685606","45.584493","2025-01-09","25-102581","Yes"
"-122.535723","45.531312","2025-01-09","25-102575","No"
"-122.680466","45.511557","2025-01-09","25-102570","No"
"-122.623644","45.484724","2025-01-09","25-102567","Yes"
"-122.662793","45.512181","2025-01-09","25-102565","No"
"-122.650557","45.487215","2025-01-09","25-102564","No"
"-122.562796","45.502011","2025-01-09","25-102563","No"
"-122.762267","45.599678","2025-01-09","25-102561","Yes"
"-122.665520","45.534186","2025-01-09","25-102560","No"
"-122.672783","45.575123","2025-01-09","25-102549","No"
"-122.689669","45.511424","2025-01-09","25-102540","No"
"-122.676886","45.509056","2025-01-09","25-102536","No"
"-122.632580","45.531150","2025-01-09","25-102534","Yes"
"-122.688379","45.515138","2025-01-09","25-102532","No"
"-122.532081","45.480011","2025-01-09","25-102526","Yes"
"-122.673949","45.517767","2025-01-09","25-102525","No"
"-122.656284","45.511569","2025-01-09","25-102522","No"
"-122.571855","45.464069","2025-01-09","25-102520","Yes"
"-122.662731","45.523652","2025-01-09","25-102519","No"
"-122.698635","45.530502","2025-01-09","25-102516","No"
"-122.500241","45.552931","2025-01-09","25-102514","Yes"
"-122.657487","45.521570","2025-01-09","25-102513","No"
"-122.680126","45.512297","2025-01-09","25-102511","No"
"-122.656399","45.502053","2025-01-09","25-102507","Yes"
"-122.588689","45.535987","2025-01-09","25-102506","Yes"
"-122.655706","45.512219","2025-01-09","25-102505","No"
"-122.756306","45.589109","2025-01-09","25-102504","No"
"-122.533920","45.520367","2025-01-09","25-102503","No"
"-122.588083","45.479279","2025-01-09","25-102500","Yes"
"-122.683923","45.479915","2025-01-09","25-102493","No"
"-122.635920","45.534670","2025-01-09","25-102487","No"
"-122.531762","45.555136","2025-01-09","25-102486","Yes"
"-122.673774","45.540385","2025-01-09","25-102485","Yes"
"-122.665932","45.540022","2025-01-09","25-102484","No"
"-122.670553","45.526652","2025-01-09","25-102480","No"
"-122.487256","45.504185","2025-01-09","25-102479","Yes"
"-122.704897","45.537513","2025-01-09","25-102476","No"
"-122.664285","45.537178","2025-01-09","25-102474","No"
"-122.607276","45.483866","2025-01-09","25-102470","Yes"
"-122.686386","45.590169","2025-01-09","25-102469","No"
"-122.677004","45.524441","2025-01-09","25-102461","No"
"-122.654692","45.512215","2025-01-09","25-102460","No"
"-122.649179","45.487616","2025-01-09","25-102458","Yes"
"-122.564820","45.476893","2025-01-09","25-102457","No"
"-122.684420","45.515050","2025-01-09","25-102456","Yes"
"-122.629810","45.491417","2025-01-09","25-102455","Yes"
"-122.557840","45.516982","2025-01-09","25-102452","No"
"-122.680166","45.581048","2025-01-09","25-102451","Yes"
"-122.662793","45.517173","2025-01-09","25-102450","No"
"-122.554718","45.560224","2025-01-09","25-102447","Yes"
"-122.659274","45.532173","2025-01-09","25-102445","Yes"
"-122.723169","45.467459","2025-01-09","25-102444","Yes"
"-122.682374","45.547717","2025-01-09","25-102443","Yes"
"-122.557529","45.502664","2025-01-09","25-102439","Yes"
"-122.510597","45.504222","2025-01-09","25-102436","Yes"
"-122.564752","45.478014","2025-01-09","25-102434","Yes"
"-122.649750","45.484616","2025-01-09","25-102433","No"
"-122.652590","45.533989","2025-01-09","25-102428","No"
"-122.655010","45.550180","2025-01-09","25-102426","Yes"
"-122.657730","45.512939","2025-01-09","25-102424","No"
"-122.654449","45.511576","2025-01-09","25-102423","No"
"-122.549875","45.498167","2025-01-09","25-102421","Yes"
"-122.580664","45.534635","2025-01-09","25-102415","No"
"-122.669748","45.522999","2025-01-09","25-102411","No"
"-122.667278","45.514899","2025-01-09","25-102410","No"
"-122.689160","45.535008","2025-01-09","25-102399","Yes"
"-122.674032","45.519120","2025-01-09","25-102396","No"
"-122.676596","45.502812","2025-01-09","25-102388","No"
"-122.690257","45.523523","2025-01-09","25-102386","No"
"-122.677004","45.507804","2025-01-09","25-102383","No"
"-122.686582","45.529303","2025-01-09","25-102382","No"
"-122.671065","45.522375","2025-01-09","25-102378","No"
"-122.630863","45.534859","2025-01-09","25-102375","No"
"-122.577370","45.532482","2025-01-09","25-102373","Yes"
"-122.653373","45.520026","2025-01-09","25-102370","Yes"
"-122.675292","45.544661","2025-01-09","25-102367","No"
"-122.708664","45.587793","2025-01-09","25-102363","Yes"
"-122.579763","45.520454","2025-01-09","25-102362","Yes"
"-122.624894","45.534208","2025-01-09","25-102358","No"
"-122.564453","45.466186","2025-01-09","25-102357","Yes"
"-122.753146","45.584005","2025-01-09","25-102354","Yes"
"-122.640306","45.528156","2025-01-09","25-102350","No"
"-122.634189","45.485134","2025-01-09","25-102349","Yes"
"-122.666323","45.528427","2025-01-09","25-102345","No"
"-122.654521","45.517976","2025-01-09","25-102342","No"
"-122.683543","45.520402","2025-01-09","25-102341","No"
"-122.564431","45.526531","2025-01-09","25-102329","No"
"-122.642291","45.475383","2025-01-09","25-102328","Yes"
"-122.571008","45.479321","2025-01-09","25-102327","Yes"
"-122.628863","45.534920","2025-01-09","25-102323","No"
"-122.661163","45.502498","2025-01-09","25-102315","No"
"-122.559174","45.545689","2025-01-09","25-102311","No"
"-122.651764","45.548929","2025-01-09","25-102309","Yes"
"-122.678484","45.572876","2025-01-09","25-102308","No"
"-122.753420","45.587130","2025-01-09","25-102299","Yes"
"-122.630990","45.505010","2025-01-09","25-102296","No"
"-122.647419","45.484240","2025-01-09","25-102293","No"
"-122.628808","45.487070","2025-01-09","25-102292","Yes"
"-122.561234","45.478094","2025-01-09","25-102290","Yes"
"-122.629824","45.484681","2025-01-09","25-102289","Yes"
"-122.603989","45.533398","2025-01-09","25-102281","Yes"
"-122.535949","45.497904","2025-01-09","25-102278","Yes"
"-122.621562","45.479485","2025-01-09","25-102272","No"
"-122.685286","45.530677","2025-01-09","25-102270","No"
"-122.513201","45.519965","2025-01-09","25-102261","No"
"-122.683972","45.594717","2025-01-09","25-102260","No"
"-122.641218","45.473840","2025-01-08","25-102255","No"
"-122.756842","45.571197","2025-01-08","25-102254","No"
"-122.579711","45.517634","2025-01-08","25-102251","Yes"
"-122.721475","45.531899","2025-01-08","25-102250","No"
"-122.687132","45.526780","2025-01-08","25-102242","No"
"-122.517122","45.519115","2025-01-08","25-102239","Yes"
"-122.569179","45.468485","2025-01-08","25-102238","Yes"
"-122.579790","45.472011","2025-01-08","25-102237","No"
"-122.580358","45.482349","2025-01-08","25-102234","Yes"
"-122.579500","45.496897","2025-01-08","25-102226","No"
"-122.683983","45.487987","2025-01-08","25-102225","No"
"-122.564544","45.507151","2025-01-08","25-102223","No"
"-122.565939","45.556498","2025-01-08","25-102221","No"
"-122.565756","45.529242","2025-01-08","25-102217","No"
"-122.558439","45.502659","2025-01-08","25-102216","Yes"
"-122.560725","45.563791","2025-01-08","25-102214","Yes"
"-122.559839","45.544695","2025-01-08","25-102211","No"
"-122.660742","45.517936","2025-01-08","25-102209","No"
"-122.560961","45.561551","2025-01-08","25-102208","No"
"-122.552726","45.577587","2025-01-08","25-102207","Yes"
"-122.599668","45.461833","2025-01-08","25-102206","Yes"
"-122.629310","45.496827","2025-01-08","25-102205","Yes"
"-122.518847","45.545376","2025-01-08","25-102202","Yes"
"-122.672748","45.521323","2025-01-08","25-102201","No"
"-122.689661","45.514332","2025-01-08","25-102196","No"
"-122.521024","45.515667","2025-01-08","25-102192","Yes"
"-122.567004","45.489806","2025-01-08","25-102190","No"
"-122.664317","45.517264","2025-01-08","25-102189","No"
"-122.562248","45.522590","2025-01-08","25-102187","Yes"
"-122.675083","45.517286","2025-01-08","25-102186","No"
"-122.658816","45.520715","2025-01-08","25-102183","No"
"-122.561967","45.526299","2025-01-08","25-102182","No"
"-122.566848","45.492879","2025-01-08","25-102179","No"
"-122.566971","45.495172","2025-01-08","25-102178","No"
"-122.566607","45.499440","2025-01-08","25-102175","No"
"-122.567009","45.506148","2025-01-08","25-102173","No"
"-122.542091","45.487288","2025-01-08","25-102171","Yes"
"-122.660409","45.525517","2025-01-08","25-102170","No"
"-122.667914","45.536907","2025-01-08","25-102168","No"
"-122.557860","45.560007","2025-01-08","25-102165","No"
"-122.618317","45.502027","2025-01-08","25-102162","Yes"
"-122.695919","45.541683","2025-01-08","25-102161","No"
"-122.660860","45.568880","2025-01-08","25-102157","Yes"
"-122.608670","45.477714","2025-01-08","25-102156","Yes"
"-122.668051","45.512323","2025-01-08","25-102153","No"
"-122.665647","45.525941","2025-01-08","25-102148","No"
"-122.577516","45.465613","2025-01-08","25-102147","No"
"-122.629765","45.490316","2025-01-08","25-102146","Yes"
"-122.666175","45.525439","2025-01-08","25-102145","Yes"
"-122.669193","45.538324","2025-01-08","25-102143","No"
"-122.663369","45.594473","2025-01-08","25-102138","No"
"-122.521009","45.518851","2025-01-08","25-102135","Yes"
"-122.648932","45.534364","2025-01-08","25-102133","No"
"-122.667643","45.510842","2025-01-08","25-102132","No"
"-122.572715","45.466227","2025-01-08","25-102131","No"
"-122.576120","45.464639","2025-01-08","25-102112","No"
"-122.757432","45.585976","2025-01-08","25-102110","Yes"
"-122.676840","45.530710","2025-01-08","25-102109","No"
"-122.546131","45.476309","2025-01-08","25-102100","Yes"
"-122.710370","45.541319","2025-01-08","25-102098","Yes"
"-122.720005","45.573812","2025-01-08","25-102093","No"
"-122.665325","45.593437","2025-01-08","25-102089","Yes"
"-122.517740","45.550006","2025-01-08","25-102079","Yes"
"-122.494961","45.500893","2025-01-08","25-102077","No"
"-122.550210","45.548169","2025-01-08","25-102075","Yes"
"-122.676379","45.537403","2025-01-08","25-102073","No"
"-122.676817","45.554829","2025-01-08","25-102071","No"
"-122.568340","45.465880","2025-01-08","25-102070","No"
"-122.537676","45.502310","2025-01-08","25-102069","Yes"
"-122.592403","45.507803","2025-01-08","25-102066","Yes"
"-122.668312","45.511485","2025-01-08","25-102063","Yes"
"-122.730480","45.553090","2025-01-08","25-102062","No"
"-122.645495","45.522881","2025-01-08","25-102061","Yes"
"-122.707948","45.586869","2025-01-08","25-102059","No"
"-122.647794","45.498801","2025-01-08","25-102058","No"
"-122.661378","45.536500","2025-01-08","25-102056","No"
"-122.694472","45.527725","2025-01-08","25-102052","No"
"-122.538865","45.504481","2025-01-08","25-102050","No"
"-122.565059","45.482268","2025-01-08","25-102049","No"
"-122.699208","45.553863","2025-01-08","25-102046","No"
"-122.575190","45.466922","2025-01-08","25-102045","No"
"-122.487900","45.515827","2025-01-08","25-102043","Yes"
"-122.578487","45.464691","2025-01-08","25-102042","No"
"-122.568594","45.464712","2025-01-08","25-102038","No"
"-122.697995","45.553391","2025-01-08","25-102034","No"
"-122.682676","45.587895","2025-01-08","25-102030","No"
"-122.646478","45.526131","2025-01-08","25-102029","Yes"
"-122.681727","45.587889","2025-01-08","25-102028","No"
"-122.667615","45.462247","2025-01-08","25-102027","No"
"-122.725557","45.593719","2025-01-08","25-102026","No"
"-122.620514","45.565320","2025-01-08","25-102025","Yes"
"-122.675483","45.586136","2025-01-08","25-102024","No"
"-122.566520","45.510005","2025-01-08","25-102023","Yes"
"-122.567044","45.479034","2025-01-08","25-102019","No"
