Encampment report id,Longitude,Latitude,People_starting_here
25-201738,-122.662648,45.536504,8
25-167834,-122.687022,45.51549,8
25-212205,-122.6981,45.53287,8
25-190485,-122.638144,45.528361,8
26-130077,-122.704861,45.539501,8
25-112930,-122.748828,45.590883,8
25-201197,-122.633743,45.516159,7
25-123849,-122.655079,45.535863,7
26-109729,-122.615399,45.504719,7
25-156679,-122.622861,45.499139,7
25-134420,-122.566341,45.527607,7
26-140560,-122.690321,45.536364,7
25-145117,-122.489982,45.486642,7
26-130048,-122.663768,45.521523,7
25-112591,-122.678334,45.55119,7
25-145168,-122.66127,45.565266,7
25-212116,-122.595219,45.493124,6
25-221866,-122.56489,45.483409,6
26-140331,-122.483874,45.486063,6
25-156470,-122.635172,45.464215,6
25-190428,-122.65553,45.521776,6
25-212376,-122.692516,45.586878,6
25-212414,-122.756081,45.585022,6
25-190475,-122.704384,45.613036,6
25-112905,-122.665411,45.525508,6
26-109553,-122.686412,45.529305,6
25-222243,-122.58232,45.48284,6
25-167994,-122.561055,45.475755,6
25-212134,-122.755147,45.584869,6
25-102470,-122.607276,45.483866,6
25-178775,-122.486497,45.490523,6
25-178762,-122.65736,45.52348,6
26-119671,-122.567017,45.5339,6
25-178857,-122.61891,45.537775,6
25-179185,-122.604579,45.493518,6
26-149676,-122.562286,45.51976,6
25-201430,-122.557767,45.555389,6
25-134308,-122.69027,45.528438,6
25-201208,-122.671306,45.532833,6
25-134373,-122.53896,45.504166,6
25-123859,-122.494976,45.494671,6
26-129784,-122.559528,45.526461,6
25-112923,-122.659473,45.532191,6
25-145507,-122.519618,45.560161,6
26-149750,-122.62322,45.50429,6
26-129810,-122.550247,45.478272,6
25-167743,-122.668099,45.514358,6
26-130144,-122.679042,45.562602,6
26-129834,-122.660916,45.536446,6
25-112669,-122.579752,45.519063,6
25-190582,-122.66512,45.59118,6
25-102354,-122.753146,45.584005,5
25-190723,-122.540324,45.48588,5
25-167812,-122.682883,45.556233,5
25-167899,-122.692601,45.517794,5
25-190816,-122.510597,45.504222,5
26-119259,-122.589912,45.535732,5
25-167810,-122.696477,45.610923,5
25-201283,-122.712135,45.544715,5
25-156618,-122.568595,45.466569,5
25-167728,-122.521128,45.51877,5
25-201447,-122.678766,45.526113,5
25-201278,-122.592074,45.480495,5
26-140330,-122.664853,45.515091,5
25-201326,-122.571901,45.514326,5
26-109741,-122.53886,45.49621,5
25-102148,-122.665647,45.525941,5
26-150015,-122.552909,45.475825,5
25-102281,-122.603989,45.533398,5
26-129806,-122.549062,45.53347,5
25-222208,-122.607559,45.497376,5
25-102153,-122.668051,45.512323,5
25-102146,-122.629765,45.490316,5
25-190737,-122.577534,45.532417,5
25-123832,-122.566803,45.49787,5
26-140468,-122.648577,45.516473,5
25-201619,-122.566151,45.482745,5
25-201633,-122.572132,45.51362,5
26-140290,-122.705711,45.562653,5
25-134394,-122.658144,45.518016,5
25-190801,-122.679171,45.563283,5
25-123900,-122.66082,45.553728,5
25-134513,-122.532757,45.554687,5
26-119754,-122.665842,45.51229,5
25-167977,-122.681918,45.516041,5
26-140216,-122.612503,45.497927,5
25-134541,-122.684921,45.516273,5
25-190718,-122.67717,45.516371,5
26-119328,-122.501206,45.502845,5
25-134545,-122.510433,45.517213,5
26-149803,-122.580086,45.531086,5
25-201711,-122.683364,45.529345,5
25-123675,-122.553855,45.489838,5
25-222022,-122.656589,45.521406,5
26-119297,-122.730154,45.585171,5
25-134519,-122.687261,45.528734,5
25-134492,-122.679176,45.531279,5
25-102458,-122.649179,45.487616,5
25-167842,-122.62006,45.570088,5
25-167942,-122.690336,45.525661,5
26-129907,-122.64235,45.459452,5
25-156580,-122.60408,45.49365,5
25-201658,-122.546509,45.519169,5
26-119753,-122.672748,45.521323,5
25-156584,-122.666205,45.50748,5
25-156585,-122.640601,45.487603,5
25-178870,-122.562331,45.523308,5
25-178839,-122.669874,45.522987,5
25-156270,-122.690522,45.532939,5
25-190490,-122.711132,45.538069,5
25-112985,-122.565317,45.531402,5
26-119403,-122.75859,45.60235,5
25-112990,-122.644227,45.526515,5
26-140165,-122.726273,45.594728,5
26-140194,-122.652161,45.522786,5
26-140564,-122.508076,45.52227,5
25-145015,-122.677141,45.507319,5
25-156537,-122.670003,45.468837,5
26-109338,-122.519856,45.475884,5
25-212148,-122.660792,45.505841,5
25-102540,-122.689669,45.511424,5
25-144986,-122.61856,45.57095,5
25-102504,-122.756306,45.589109,5
25-221975,-122.650428,45.529733,5
25-145009,-122.567321,45.490937,5
25-145005,-122.498594,45.548138,5
25-190531,-122.665814,45.517228,5
25-212228,-122.511671,45.498392,5
26-109460,-122.660792,45.505841,5
25-145274,-122.638879,45.460366,5
25-112605,-122.642325,45.475416,5
25-212300,-122.571467,45.479266,5
25-212290,-122.751253,45.564901,5
25-212244,-122.5204,45.493253,5
26-149630,-122.673757,45.521591,5
26-119425,-122.598926,45.492668,5
25-178676,-122.546235,45.547992,5
25-112554,-122.523651,45.547352,5
25-156051,-122.568594,45.464712,5
25-112666,-122.656086,45.514304,5
26-130200,-122.732145,45.588826,5
25-179307,-122.633959,45.51794,5
25-145333,-122.641137,45.529903,5
25-179310,-122.69276,45.56148,5
25-179174,-122.679756,45.510009,5
25-190321,-122.693489,45.515975,5
25-145307,-122.679788,45.586104,5
25-145263,-122.57307,45.5003,5
25-179106,-122.531312,45.51913,5
25-145465,-122.585955,45.490244,5
25-179236,-122.550699,45.516979,5
25-112636,-122.54091,45.504083,5
26-109352,-122.544607,45.533135,5
25-156136,-122.547153,45.54796,5
26-130106,-122.598085,45.532646,5
26-130108,-122.535496,45.480826,5
25-212424,-122.588754,45.535969,5
25-145506,-122.657553,45.535375,5
26-129799,-122.58456,45.53505,5
25-167593,-122.573964,45.468014,5
25-167640,-122.54091,45.504083,5
25-167813,-122.538763,45.53342,5
25-102061,-122.645495,45.522881,5
25-102162,-122.618317,45.502027,5
25-102209,-122.660742,45.517936,5
25-201245,-122.623858,45.489498,5
25-102201,-122.672748,45.521323,5
25-102190,-122.567004,45.489806,5
26-150072,-122.63929,45.48404,5
26-150066,-122.661617,45.516512,5
26-129797,-122.653461,45.545197,4
25-222205,-122.687446,45.58447,4
25-102093,-122.720005,45.573812,4
25-102110,-122.757432,45.585976,4
25-167734,-122.669456,45.540997,4
25-201421,-122.676247,45.530432,4
25-201391,-122.537679,45.531304,4
25-123983,-122.603892,45.497224,4
25-201288,-122.50808,45.522346,4
25-167791,-122.564093,45.46704,4
25-156671,-122.655261,45.511521,4
25-167672,-122.660664,45.498897,4
25-201470,-122.552682,45.498297,4
25-124034,-122.607218,45.522099,4
25-201260,-122.70001,45.57056,4
25-201356,-122.617019,45.534756,4
25-201329,-122.537636,45.533574,4
25-201306,-122.564477,45.467782,4
25-134266,-122.671419,45.519917,4
25-123821,-122.681921,45.577886,4
25-123815,-122.671886,45.518406,4
26-119593,-122.625757,45.51986,4
26-119558,-122.611558,45.498873,4
25-212431,-122.54392,45.476531,4
25-112757,-122.543299,45.533519,4
25-112749,-122.595433,45.488892,4
25-112733,-122.676811,45.508061,4
25-179008,-122.61632,45.463072,4
25-178991,-122.676972,45.522969,4
25-178990,-122.660503,45.498239,4
26-130107,-122.553284,45.477047,4
26-130103,-122.55926,45.477117,4
26-130096,-122.670716,45.533247,4
25-156131,-122.572049,45.468701,4
25-156121,-122.758902,45.589619,4
25-212456,-122.538591,45.555213,4
26-109404,-122.516624,45.499658,4
26-119488,-122.568195,45.561897,4
25-179187,-122.567902,45.497252,4
25-178985,-122.491915,45.550571,4
25-179064,-122.766938,45.643598,4
25-145486,-122.510487,45.527246,4
25-179011,-122.650892,45.494924,4
25-212337,-122.68115,45.589512,4
25-212324,-122.649291,45.490753,4
25-212321,-122.668029,45.580531,4
25-112783,-122.629336,45.496082,4
25-112779,-122.728781,45.467483,4
25-179137,-122.558344,45.520002,4
25-145505,-122.517822,45.56033,4
26-130128,-122.67737,45.51989,4
26-130115,-122.593118,45.483052,4
26-119594,-122.579556,45.482395,4
26-130199,-122.529241,45.566452,4
26-130182,-122.633608,45.497821,4
26-149701,-122.638135,45.573262,4
26-149694,-122.62151,45.53526,4
26-149693,-122.756974,45.592326,4
26-109489,-122.647403,45.523283,4
26-149687,-122.556114,45.532,4
25-145514,-122.53896,45.504166,4
25-156079,-122.675877,45.54316,4
26-130052,-122.65329,45.489972,4
25-212485,-122.671731,45.49321,4
26-109365,-122.492028,45.550484,4
25-112653,-122.65438,45.51165,4
25-178954,-122.657352,45.526764,4
25-112853,-122.734475,45.483563,4
25-112836,-122.622932,45.51579,4
26-109389,-122.499002,45.518128,4
25-112587,-122.584132,45.505423,4
25-156196,-122.605485,45.526258,4
26-119606,-122.53896,45.504166,4
25-179240,-122.557329,45.529885,4
25-145210,-122.555476,45.533876,4
25-145299,-122.579363,45.47679,4
25-212229,-122.605523,45.527176,4
25-112892,-122.590268,45.482557,4
25-112886,-122.676226,45.530399,4
25-112857,-122.537711,45.557205,4
25-190332,-122.638456,45.487072,4
26-130216,-122.675413,45.527393,4
25-179302,-122.76085,45.597407,4
25-179260,-122.67077,45.523852,4
26-119547,-122.704766,45.533947,4
25-145126,-122.514467,45.477329,4
26-119482,-122.687208,45.556245,4
26-130243,-122.618065,45.462002,4
26-130240,-122.622697,45.462921,4
26-130233,-122.576064,45.518746,4
25-145252,-122.691388,45.524773,4
25-212265,-122.660406,45.577964,4
26-109513,-122.602187,45.474039,4
25-178946,-122.667162,45.513675,4
26-119601,-122.581517,45.559227,4
25-178844,-122.554131,45.546813,4
26-119643,-122.57764,45.528416,4
25-156218,-122.657697,45.520797,4
26-109318,-122.557766,45.548106,4
25-221849,-122.541584,45.476582,4
25-221847,-122.548158,45.478177,4
25-221876,-122.530944,45.519304,4
25-221874,-122.674182,45.516453,4
25-145208,-122.673469,45.51999,4
25-190434,-122.596004,45.49027,4
25-190430,-122.560043,45.508031,4
25-190429,-122.658829,45.514706,4
25-190405,-122.686853,45.523213,4
26-140164,-122.547089,45.533467,4
25-145185,-122.692909,45.535305,4
25-145175,-122.562728,45.519797,4
26-140133,-122.603061,45.492701,4
25-212251,-122.508872,45.503722,4
25-112962,-122.517069,45.518508,4
25-112952,-122.661147,45.512725,4
25-112947,-122.603506,45.493594,4
25-145138,-122.580048,45.482231,4
25-190515,-122.686976,45.515696,4
26-140159,-122.657697,45.511941,4
25-145108,-122.629345,45.495943,4
26-119415,-122.662557,45.555372,4
25-212180,-122.587552,45.493879,4
25-112996,-122.535547,45.544527,4
25-112992,-122.673784,45.504987,4
26-119401,-122.687228,45.523575,4
25-156301,-122.494966,45.504574,4
25-156252,-122.647519,45.522888,4
25-156243,-122.69095,45.53394,4
26-119709,-122.6648,45.538109,4
25-156350,-122.57626,45.511926,4
25-156322,-122.593225,45.563783,4
25-156313,-122.678363,45.523574,4
26-119690,-122.683731,45.549118,4
25-102565,-122.662793,45.512181,4
25-221928,-122.66186,45.502695,4
25-212532,-122.6277,45.496952,4
25-212526,-122.556006,45.534096,4
25-212522,-122.529407,45.528821,4
25-212520,-122.611552,45.496732,4
25-123650,-122.571906,45.465127,4
25-144974,-122.660726,45.520079,4
26-140198,-122.689664,45.534946,4
26-140172,-122.556294,45.515419,4
25-212061,-122.67996,45.580065,4
25-212168,-122.689154,45.534996,4
25-123583,-122.566851,45.477501,4
25-123582,-122.68064,45.52503,4
25-123576,-122.568787,45.503074,4
26-140169,-122.663666,45.521526,4
25-190554,-122.551348,45.498142,4
25-190552,-122.658357,45.510039,4
25-134674,-122.64014,45.516957,4
25-190512,-122.580876,45.485419,4
25-190502,-122.674992,45.522597,4
25-190501,-122.683092,45.53412,4
25-212163,-122.670505,45.523097,4
26-109621,-122.660889,45.536414,4
25-123667,-122.692633,45.532755,4
25-123654,-122.725546,45.583125,4
25-102581,-122.685606,45.584493,4
25-178779,-122.559786,45.469616,4
25-178776,-122.646431,45.51705,4
25-168028,-122.65517,45.47723,4
26-129942,-122.657865,45.508931,4
25-102469,-122.686386,45.590169,4
25-201718,-122.686359,45.524743,4
25-212048,-122.693883,45.515211,4
25-123631,-122.686847,45.577065,4
25-123681,-122.649661,45.531888,4
25-190594,-122.563047,45.464525,4
25-134698,-122.507491,45.551902,4
25-190561,-122.655128,45.535713,4
25-178723,-122.687384,45.530443,4
25-178719,-122.674423,45.499324,4
26-129932,-122.624605,45.490658,4
25-221944,-122.629735,45.533747,4
25-222265,-122.552681,45.480404,4
25-102503,-122.53392,45.520367,4
25-156455,-122.564021,45.503948,4
26-119720,-122.664805,45.534663,4
25-156538,-122.583046,45.462057,4
25-221976,-122.510111,45.546249,4
25-167960,-122.754166,45.586241,4
26-140252,-122.558831,45.475769,4
26-140249,-122.645611,45.497445,4
26-119294,-122.581061,45.522826,4
25-134563,-122.694446,45.527012,4
26-119333,-122.570944,45.469556,4
25-134631,-122.684079,45.461237,4
25-201704,-122.635172,45.464215,4
26-140485,-122.682812,45.51495,4
26-140238,-122.640563,45.498729,4
25-134672,-122.529112,45.566839,4
25-134671,-122.544336,45.489618,4
25-190597,-122.510587,45.526463,4
25-123634,-122.713015,45.535309,4
25-212092,-122.674783,45.505884,4
25-201669,-122.643551,45.497365,4
25-201651,-122.562803,45.503524,4
25-123793,-122.656707,45.520712,4
25-123772,-122.718744,45.528844,4
26-140481,-122.594262,45.536649,4
25-134429,-122.689701,45.512725,4
25-134416,-122.673638,45.492861,4
25-134517,-122.566234,45.513449,4
25-156534,-122.696536,45.534251,4
25-156486,-122.667447,45.516668,4
25-167992,-122.54155,45.57103,4
25-221916,-122.584237,45.500082,4
25-222270,-122.537849,45.524375,4
25-102445,-122.659274,45.532173,4
26-149909,-122.54953,45.48137,4
25-221982,-122.573298,45.487966,4
25-190685,-122.630972,45.534965,4
25-190677,-122.68163,45.5769,4
26-140480,-122.729781,45.622821,4
26-140451,-122.729259,45.589694,4
25-123831,-122.566266,45.496976,4
25-156604,-122.732737,45.586947,4
25-156574,-122.537419,45.544483,4
25-102327,-122.571008,45.479321,4
26-149973,-122.592246,45.534424,4
25-222263,-122.65686,45.52661,4
25-222247,-122.648771,45.489677,4
26-149946,-122.57066,45.469899,4
25-167933,-122.660347,45.535165,4
25-134496,-122.71378,45.58648,4
25-134485,-122.577435,45.532495,4
25-134430,-122.494966,45.504574,4
25-134362,-122.675786,45.525878,4
25-134358,-122.665254,45.530804,4
25-134351,-122.519971,45.55223,4
25-134347,-122.513285,45.52193,4
25-134421,-122.566025,45.522567,4
25-123824,-122.599354,45.539649,4
25-123822,-122.533473,45.548014,4
26-109660,-122.609606,45.496793,4
25-123856,-122.694401,45.527599,4
25-123841,-122.705232,45.546127,4
25-123840,-122.65906,45.526873,4
25-201607,-122.573441,45.56198,4
25-201606,-122.596809,45.497242,4
26-140311,-122.592321,45.534454,4
26-140282,-122.508094,45.523217,4
25-190698,-122.735066,45.584569,4
25-167805,-122.625855,45.515734,4
25-190729,-122.692392,45.518361,4
25-190726,-122.509137,45.533694,4
25-201595,-122.65255,45.520462,4
25-201576,-122.635856,45.593872,4
25-123905,-122.686788,45.515802,4
25-123903,-122.68268,45.53192,4
25-123890,-122.532133,45.505889,4
25-123879,-122.551235,45.498132,4
26-140436,-122.66113,45.505678,4
25-190799,-122.677378,45.528028,4
25-190789,-122.677754,45.529099,4
25-190777,-122.774511,45.588091,4
25-190776,-122.540882,45.502461,4
25-190740,-122.561041,45.524127,4
25-134294,-122.675059,45.598326,4
25-123869,-122.669392,45.523092,4
26-140416,-122.65222,45.500414,4
26-140398,-122.585899,45.497195,4
25-123949,-122.61703,45.534202,4
26-119265,-122.568381,45.502507,4
26-129892,-122.489295,45.491011,4
25-156653,-122.64037,45.529945,4
25-156639,-122.665819,45.536613,4
25-156630,-122.515894,45.524613,4
25-222080,-122.724193,45.466514,4
25-222018,-122.68474,45.584534,4
25-222012,-122.63799,45.50458,4
25-222003,-122.58469,45.490446,4
25-102349,-122.634189,45.485134,4
25-167871,-122.568606,45.463927,4
25-167860,-122.63129,45.54383,4
25-222217,-122.660712,45.505985,4
25-123958,-122.667345,45.529554,4
26-129876,-122.757155,45.588682,4
26-129783,-122.671582,45.507093,4
25-201378,-122.553625,45.518674,4
25-102073,-122.676379,45.537403,4
26-149977,-122.622504,45.468276,4
25-102046,-122.699208,45.553863,4
25-102250,-122.721475,45.531899,4
26-129775,-122.762493,45.592046,4
26-129767,-122.732906,45.59222,4
25-222224,-122.521028,45.493326,4
25-123942,-122.601015,45.598858,4
25-201533,-122.679611,45.550755,4
25-201503,-122.650897,45.511293,4
26-109731,-122.579664,45.517703,4
26-109426,-122.677987,45.525814,4
26-109423,-122.611563,45.506648,4
25-112700,-122.674965,45.523719,4
25-112668,-122.757052,45.588582,4
26-129853,-122.696074,45.577786,4
25-167611,-122.661329,45.514437,4
25-167694,-122.65596,45.50701,4
26-129827,-122.558764,45.534055,4
25-222172,-122.522053,45.560243,4
26-150103,-122.693891,45.587187,4
25-102170,-122.660409,45.525517,4
25-102168,-122.667914,45.536907,4
26-119253,-122.648535,45.487125,4
25-123995,-122.762228,45.586495,4
25-134248,-122.70447,45.540315,4
25-201209,-122.673557,45.535391,4
25-102050,-122.538865,45.504481,3
25-102034,-122.697995,45.553391,3
26-150147,-122.692724,45.536235,3
25-102045,-122.57519,45.466922,3
25-102024,-122.675483,45.586136,3
25-167652,-122.496499,45.517329,3
25-167646,-122.532282,45.56759,3
25-102206,-122.599668,45.461833,3
25-102211,-122.559839,45.544695,3
25-222227,-122.564622,45.48435,3
25-222229,-122.527433,45.497222,3
25-222230,-122.483375,45.556693,3
25-167705,-122.661906,45.503204,3
25-167592,-122.637441,45.527457,3
25-167596,-122.542877,45.540894,3
25-167609,-122.58611,45.46769,3
25-167616,-122.637497,45.487074,3
25-167619,-122.53738,45.539714,3
25-167622,-122.669783,45.525329,3
25-167629,-122.604777,45.483311,3
25-167630,-122.698873,45.536917,3
26-129750,-122.676021,45.507398,3
26-129758,-122.653606,45.522908,3
25-123959,-122.671127,45.533086,3
25-201385,-122.622635,45.520996,3
25-201403,-122.672009,45.499339,3
25-201420,-122.634544,45.515474,3
25-201423,-122.588006,45.497436,3
26-109697,-122.664049,45.517221,3
26-109701,-122.533822,45.558802,3
25-134233,-122.65781,45.514775,3
25-134244,-122.646528,45.516392,3
25-124007,-122.622491,45.537752,3
25-201236,-122.659636,45.565528,3
26-119222,-122.673905,45.562441,3
26-119225,-122.521096,45.472876,3
26-109735,-122.573242,45.566377,3
26-109736,-122.496706,45.496981,3
26-109739,-122.6861,45.53446,3
26-140427,-122.66215,45.51729,3
25-201566,-122.689401,45.527818,3
25-201442,-122.579586,45.486547,3
25-201465,-122.700634,45.537665,3
25-123816,-122.7049,45.54518,3
26-140430,-122.737997,45.519842,3
26-140316,-122.632881,45.531946,3
26-140322,-122.647207,45.497772,3
26-140323,-122.530142,45.481884,3
26-140324,-122.56077,45.485771,3
26-140325,-122.578729,45.496874,3
25-134284,-122.673784,45.504987,3
25-134286,-122.671733,45.50701,3
25-190770,-122.560961,45.52335,3
26-140352,-122.509803,45.543475,3
25-201266,-122.571365,45.529598,3
25-123892,-122.527417,45.492927,3
26-109691,-122.649761,45.48767,3
26-109693,-122.562763,45.474487,3
26-109666,-122.666003,45.511455,3
25-201574,-122.635138,45.479919,3
25-201588,-122.680824,45.553558,3
25-190735,-122.577732,45.490239,3
25-134311,-122.548757,45.475309,3
25-134313,-122.519225,45.554058,3
25-134320,-122.579538,45.521191,3
25-134324,-122.666926,45.564361,3
25-190821,-122.513167,45.526471,3
25-201187,-122.628384,45.518973,3
26-140384,-122.682025,45.569896,3
26-140390,-122.554808,45.495517,3
26-140391,-122.601188,45.491861,3
25-134333,-122.623381,45.522675,3
25-134334,-122.647263,45.484823,3
25-134340,-122.630518,45.531203,3
26-140313,-122.602098,45.50344,3
26-109677,-122.593989,45.534849,3
25-123843,-122.568685,45.489421,3
25-123854,-122.699518,45.524452,3
25-123864,-122.635565,45.498186,3
26-109638,-122.603871,45.497331,3
26-109640,-122.59922,45.497335,3
25-134363,-122.679648,45.522954,3
25-134371,-122.597017,45.480939,3
25-134374,-122.53171,45.50531,3
25-190793,-122.535934,45.497133,3
26-140443,-122.602578,45.530946,3
25-123884,-122.542427,45.526181,3
25-190756,-122.637189,45.51888,3
25-190664,-122.673801,45.540397,3
25-123833,-122.565408,45.497351,3
25-123835,-122.56595,45.51065,3
25-123837,-122.604788,45.527474,3
25-123839,-122.58009,45.534422,3
26-140454,-122.51839,45.498748,3
26-140472,-122.698636,45.529826,3
26-140473,-122.65999,45.514463,3
26-140474,-122.716381,45.560875,3
26-140479,-122.580232,45.518993,3
25-190687,-122.568566,45.468431,3
26-140294,-122.713874,45.538311,3
25-134389,-122.62059,45.47919,3
25-134398,-122.531676,45.518857,3
25-134404,-122.561524,45.561348,3
25-201650,-122.63823,45.528436,3
25-201664,-122.593477,45.463267,3
25-201733,-122.677261,45.53045,3
25-201736,-122.679874,45.580023,3
25-201737,-122.657585,45.535061,3
25-201739,-122.631967,45.518354,3
25-134436,-122.678138,45.527389,3
25-134463,-122.542713,45.521137,3
25-134466,-122.62538,45.48931,3
25-134490,-122.56714,45.51936,3
26-140257,-122.648122,45.498901,3
26-140274,-122.657861,45.513895,3
25-190714,-122.720952,45.467676,3
25-190750,-122.673233,45.541505,3
25-190754,-122.673871,45.52121,3
25-190755,-122.675963,45.542568,3
26-119330,-122.643074,45.493698,3
25-134576,-122.639048,45.517346,3
25-134592,-122.62363,45.51809,3
26-119268,-122.540721,45.570809,3
26-119269,-122.547096,45.533741,3
26-119281,-122.536158,45.528574,3
26-119282,-122.688242,45.533789,3
26-119289,-122.732178,45.586831,3
26-140248,-122.730386,45.596828,3
25-134498,-122.564925,45.492822,3
25-134510,-122.569576,45.480107,3
25-134419,-122.565756,45.529234,3
25-134537,-122.689996,45.529193,3
25-123762,-122.630929,45.484729,3
25-123789,-122.698445,45.588724,3
25-201647,-122.647211,45.497711,3
25-134641,-122.568628,45.471021,3
25-134540,-122.608722,45.477708,3
26-119337,-122.654275,45.572063,3
26-119338,-122.650356,45.48773,3
26-119344,-122.65623,45.49032,3
25-134522,-122.734065,45.600896,3
26-119304,-122.517048,45.51842,3
26-119311,-122.67653,45.52899,3
25-190620,-122.659677,45.514531,3
25-190634,-122.579747,45.482337,3
25-190637,-122.578642,45.480611,3
25-190650,-122.582443,45.526264,3
25-190656,-122.506624,45.500801,3
25-190662,-122.63763,45.48182,3
25-190663,-122.680201,45.604698,3
26-119320,-122.489106,45.491034,3
25-134604,-122.692837,45.517752,3
26-140513,-122.656748,45.508656,3
26-140529,-122.655852,45.518078,3
25-123717,-122.687566,45.570775,3
25-123744,-122.699089,45.516359,3
25-201671,-122.6679,45.475871,3
25-201675,-122.560768,45.558783,3
25-201677,-122.587397,45.57323,3
25-201679,-122.693908,45.537095,3
25-201707,-122.636968,45.46428,3
25-212013,-122.636671,45.594068,3
25-212015,-122.657252,45.508702,3
25-212024,-122.55425,45.474958,3
25-212047,-122.62566,45.57123,3
25-134627,-122.564592,45.477632,3
25-134628,-122.570558,45.562963,3
25-123693,-122.516208,45.520013,3
25-123708,-122.653964,45.528935,3
25-201712,-122.616164,45.526414,3
25-201728,-122.538763,45.524069,3
25-123632,-122.49419,45.550628,3
25-123641,-122.560413,45.495717,3
25-190598,-122.640762,45.529973,3
26-140210,-122.676623,45.538272,3
26-140215,-122.675727,45.538189,3
25-134651,-122.68813,45.527802,3
25-134657,-122.548928,45.547867,3
25-134659,-122.690978,45.51638,3
25-134660,-122.688417,45.515129,3
26-140230,-122.56706,45.471649,3
26-140236,-122.606569,45.56264,3
26-140241,-122.729988,45.598003,3
25-190510,-122.662107,45.521573,3
26-119366,-122.513284,45.517404,3
26-119367,-122.686837,45.52861,3
26-119376,-122.643374,45.495067,3
26-119377,-122.563015,45.568137,3
25-190541,-122.663292,45.512293,3
25-190557,-122.603227,45.492383,3
25-144963,-122.564198,45.522514,3
25-144967,-122.564638,45.496346,3
26-140191,-122.75099,45.586574,3
26-140193,-122.577225,45.465642,3
26-119347,-122.616794,45.511962,3
26-119356,-122.672342,45.540929,3
25-190592,-122.567569,45.505667,3
25-123683,-122.676966,45.543208,3
25-123692,-122.761676,45.585907,3
25-190456,-122.600432,45.497465,3
25-190457,-122.557914,45.556131,3
26-140195,-122.523469,45.489072,3
26-140539,-122.583314,45.51567,3
26-140540,-122.525046,45.560769,3
26-140556,-122.615646,45.538949,3
26-109595,-122.523358,45.490553,3
26-109601,-122.660749,45.533283,3
25-201748,-122.550471,45.515629,3
26-109574,-122.667868,45.529787,3
25-212144,-122.756791,45.592555,3
25-145000,-122.665897,45.532467,3
25-134687,-122.59613,45.507435,3
25-134689,-122.662064,45.545962,3
25-190504,-122.655568,45.523905,3
25-190505,-122.513221,45.52224,3
25-190513,-122.559567,45.506696,3
25-190528,-122.577188,45.465532,3
26-140578,-122.766654,45.595847,3
26-140580,-122.625039,45.528939,3
26-140584,-122.496411,45.507199,3
25-212056,-122.656195,45.518692,3
25-212091,-122.594222,45.468642,3
25-112902,-122.59921,45.49903,3
26-140606,-122.625848,45.520287,3
26-140609,-122.537971,45.556969,3
26-149616,-122.577293,45.496831,3
25-145014,-122.674364,45.523524,3
25-145037,-122.62601,45.496007,3
25-145039,-122.581919,45.498799,3
25-145048,-122.491075,45.504585,3
25-145052,-122.556106,45.48739,3
26-109543,-122.755346,45.589997,3
26-109549,-122.60713,45.47302,3
26-109565,-122.60772,45.473614,3
26-109571,-122.674456,45.527021,3
26-109531,-122.59839,45.46956,3
25-212178,-122.63564,45.494787,3
25-212183,-122.661914,45.521112,3
25-212203,-122.680174,45.527694,3
26-119414,-122.64339,45.497827,3
25-145074,-122.52357,45.488711,3
25-145096,-122.608838,45.495395,3
25-145103,-122.68549,45.535686,3
25-145104,-122.687516,45.531421,3
25-145107,-122.574615,45.474859,3
26-140136,-122.681475,45.533997,3
26-140154,-122.733829,45.592661,3
26-140132,-122.52321,45.502008,3
25-145148,-122.537523,45.546259,3
25-145153,-122.556427,45.50887,3
25-190336,-122.668329,45.571731,3
25-190339,-122.672044,45.52451,3
26-119432,-122.687309,45.516819,3
25-190418,-122.679961,45.579524,3
25-190421,-122.599558,45.566366,3
25-190432,-122.568242,45.553505,3
25-190433,-122.620572,45.482776,3
25-145207,-122.581923,45.497417,3
25-145111,-122.689457,45.529237,3
25-190488,-122.645761,45.51355,3
25-190496,-122.611461,45.549411,3
25-112989,-122.659827,45.51829,3
25-112995,-122.686493,45.590188,3
25-190316,-122.684847,45.556055,3
25-145120,-122.566985,45.502008,3
25-145123,-122.486086,45.486925,3
25-145133,-122.717981,45.468286,3
25-212211,-122.68667,45.532905,3
25-112966,-122.56081,45.58246,3
25-112967,-122.706548,45.476037,3
25-112968,-122.699245,45.553648,3
25-112970,-122.561127,45.561483,3
25-112975,-122.631943,45.484649,3
25-112984,-122.661791,45.504379,3
25-212242,-122.64724,45.46606,3
25-212253,-122.659612,45.535781,3
26-109507,-122.628134,45.515503,3
25-145147,-122.697104,45.509001,3
26-140115,-122.591367,45.487104,3
26-119452,-122.557452,45.479371,3
25-145223,-122.648948,45.535814,3
26-109508,-122.70564,45.536127,3
26-109509,-122.59264,45.503402,3
25-112910,-122.688207,45.515869,3
25-112925,-122.665776,45.536643,3
25-112927,-122.618076,45.536614,3
26-149653,-122.725949,45.593939,3
26-109524,-122.732821,45.554618,3
25-212266,-122.691187,45.528505,3
25-212270,-122.661356,45.578812,3
25-145247,-122.561934,45.52824,3
26-119470,-122.568503,45.510031,3
26-119471,-122.637382,45.485767,3
25-190308,-122.681577,45.552087,3
25-190314,-122.585847,45.497219,3
25-112869,-122.547089,45.533467,3
25-112888,-122.532545,45.501518,3
25-212239,-122.76367,45.59176,3
25-212331,-122.634292,45.461814,3
25-212335,-122.634304,45.485733,3
26-109459,-122.673356,45.506913,3
25-112820,-122.692459,45.515504,3
25-145267,-122.614755,45.478346,3
25-145295,-122.656254,45.51358,3
25-145303,-122.6759,45.527342,3
25-145215,-122.673351,45.524218,3
25-145219,-122.687124,45.515329,3
25-179249,-122.680871,45.533452,3
25-190357,-122.672924,45.523255,3
25-190371,-122.566867,45.519393,3
25-190376,-122.513105,45.518903,3
26-130215,-122.578773,45.546339,3
26-119530,-122.488042,45.486251,3
26-119540,-122.580812,45.546352,3
25-179272,-122.657418,45.509304,3
25-179288,-122.670051,45.536538,3
25-179162,-122.566621,45.509005,3
26-130218,-122.597548,45.497935,3
25-145332,-122.682974,45.58917,3
25-145334,-122.533947,45.520619,3
25-145358,-122.668791,45.585642,3
25-145258,-122.646783,45.499122,3
25-190328,-122.656823,45.507441,3
25-190335,-122.674383,45.524848,3
26-149669,-122.650608,45.500103,3
26-149671,-122.636302,45.517889,3
25-112861,-122.727268,45.590463,3
26-130141,-122.673375,45.509166,3
25-178974,-122.673959,45.517989,3
25-179235,-122.627372,45.504591,3
26-119503,-122.555544,45.532275,3
25-112825,-122.680517,45.512577,3
25-112835,-122.556806,45.533532,3
26-149682,-122.635614,45.490309,3
26-149683,-122.672331,45.521261,3
26-109491,-122.616799,45.537752,3
25-212263,-122.649445,45.47658,3
26-149719,-122.537676,45.50231,3
26-149722,-122.688308,45.525699,3
26-119518,-122.634431,45.485443,3
26-130159,-122.534975,45.522642,3
25-145375,-122.56633,45.52244,3
26-130204,-122.729696,45.590996,3
25-179128,-122.599704,45.475628,3
25-179141,-122.547834,45.502571,3
25-112763,-122.484579,45.492951,3
25-112764,-122.510127,45.501659,3
25-112774,-122.654835,45.499757,3
25-112787,-122.498654,45.548121,3
25-212379,-122.680108,45.562657,3
25-212382,-122.518598,45.477007,3
25-212329,-122.585725,45.497177,3
26-109440,-122.549357,45.497398,3
26-109443,-122.622281,45.533984,3
25-212342,-122.648454,45.515737,3
25-212352,-122.653528,45.577219,3
25-145474,-122.650699,45.517664,3
25-145483,-122.675765,45.508306,3
25-145493,-122.551015,45.475044,3
25-178998,-122.58905,45.486594,3
25-212362,-122.62061,45.50449,3
25-212364,-122.53715,45.48277,3
25-112799,-122.609967,45.54012,3
25-112730,-122.665325,45.518,3
25-112755,-122.557577,45.534358,3
26-149706,-122.50586,45.52431,3
26-149709,-122.682669,45.58895,3
25-212418,-122.651705,45.516685,3
25-212419,-122.684079,45.530717,3
26-109407,-122.511034,45.480612,3
26-119569,-122.570112,45.502642,3
26-119581,-122.670577,45.495955,3
26-130123,-122.68161,45.51263,3
25-145496,-122.53826,45.4796,3
25-179105,-122.633311,45.499789,3
25-178898,-122.593627,45.488243,3
25-145511,-122.58358,45.49005,3
25-156062,-122.688741,45.512681,3
26-149733,-122.567124,45.568645,3
25-112687,-122.513625,45.516734,3
25-112688,-122.70263,45.54602,3
25-112701,-122.590262,45.48019,3
26-109439,-122.719517,45.581591,3
25-212451,-122.660503,45.523719,3
25-212453,-122.686345,45.527161,3
25-212460,-122.553,45.53704,3
25-156100,-122.623696,45.522324,3
25-156106,-122.648739,45.530328,3
26-130087,-122.590159,45.549864,3
26-119597,-122.727022,45.594935,3
25-178995,-122.604712,45.483054,3
25-178961,-122.520298,45.559466,3
25-112630,-122.686139,45.519064,3
25-112633,-122.530027,45.496693,3
25-112650,-122.53714,45.544498,3
26-149747,-122.5139,45.50357,3
26-149753,-122.562082,45.528998,3
25-212416,-122.496373,45.516211,3
25-212417,-122.533967,45.526167,3
26-149791,-122.562221,45.464288,3
25-212498,-122.537749,45.526293,3
26-130051,-122.496864,45.501757,3
26-130085,-122.621199,45.516355,3
25-156142,-122.673296,45.516121,3
25-156166,-122.49737,45.51617,3
25-156087,-122.688784,45.53433,3
25-178897,-122.64857,45.498193,3
25-212500,-122.681386,45.511719,3
25-212508,-122.66156,45.50458,3
26-109375,-122.657349,45.515768,3
26-149764,-122.562205,45.523864,3
26-149774,-122.633319,45.484689,3
25-112594,-122.713401,45.575717,3
25-112600,-122.659709,45.533026,3
25-221850,-122.584679,45.496528,3
26-109325,-122.49731,45.50594,3
25-156198,-122.62834,45.533803,3
25-156216,-122.672326,45.564361,3
26-130031,-122.68019,45.578147,3
26-130035,-122.758597,45.590365,3
26-119619,-122.65631,45.508719,3
25-178859,-122.615963,45.537899,3
25-178937,-122.661063,45.515846,3
26-119652,-122.537923,45.556493,3
26-119666,-122.659662,45.511322,3
26-119677,-122.71555,45.467258,3
25-178822,-122.639154,45.517294,3
25-178828,-122.487382,45.504063,3
25-178745,-122.487929,45.504589,3
25-178748,-122.579731,45.463327,3
25-178756,-122.56663,45.5128,3
26-129985,-122.647894,45.498165,3
26-130001,-122.660012,45.46504,3
26-130007,-122.630657,45.533104,3
25-156258,-122.66825,45.51341,3
25-156298,-122.676494,45.526221,3
25-178905,-122.692314,45.584702,3
26-119616,-122.513272,45.518053,3
25-156190,-122.57531,45.46667,3
25-156415,-122.595373,45.497316,3
25-167996,-122.654803,45.503416,3
25-178670,-122.68643,45.534336,3
25-156303,-122.699599,45.61186,3
26-109339,-122.611481,45.510681,3
25-112611,-122.558582,45.514884,3
25-112522,-122.661115,45.51431,3
25-112548,-122.575343,45.532925,3
25-112561,-122.503366,45.496221,3
26-149779,-122.55991,45.5556,3
26-149788,-122.510622,45.498054,3
26-149790,-122.580455,45.56539,3
25-221875,-122.727494,45.467543,3
25-221881,-122.675526,45.502734,3
25-221894,-122.602877,45.506366,3
25-178788,-122.510943,45.504561,3
25-178706,-122.65907,45.53728,3
25-178707,-122.642508,45.528241,3
25-178709,-122.672355,45.569208,3
26-149824,-122.60409,45.55412,3
25-102526,-122.532081,45.480011,3
25-102549,-122.672783,45.575123,3
25-102563,-122.562796,45.502011,3
25-212525,-122.644061,45.575147,3
25-221918,-122.660361,45.599562,3
25-221931,-122.501582,45.52619,3
26-129953,-122.689422,45.535003,3
25-156373,-122.541953,45.48589,3
25-156381,-122.579347,45.519789,3
25-156382,-122.580876,45.533822,3
25-156397,-122.687397,45.514553,3
25-156398,-122.687346,45.53283,3
25-102480,-122.670553,45.526652,3
25-102486,-122.531762,45.555136,3
25-221932,-122.691434,45.517884,3
25-221933,-122.662128,45.508285,3
25-221872,-122.636674,45.496906,3
25-221963,-122.639555,45.488178,3
25-221965,-122.660766,45.536414,3
25-156457,-122.496754,45.533597,3
25-156458,-122.760691,45.588452,3
25-156459,-122.576876,45.483531,3
25-156460,-122.654323,45.502501,3
25-156462,-122.541948,45.536395,3
26-129928,-122.621444,45.535102,3
26-129936,-122.708552,45.468302,3
26-129937,-122.563923,45.557885,3
26-129941,-122.651689,45.52271,3
25-222273,-122.647333,45.486018,3
26-109309,-122.607545,45.530813,3
25-221905,-122.658813,45.492315,3
25-222231,-122.575709,45.480563,3
25-222241,-122.476835,45.549107,3
25-222244,-122.498948,45.520075,3
25-156483,-122.556806,45.533532,3
25-156494,-122.608724,45.478422,3
25-156541,-122.579554,45.49691,3
25-156420,-122.566373,45.504445,3
25-167995,-122.608318,45.478711,3
25-178674,-122.69418,45.51446,3
25-156449,-122.65874,45.520479,3
25-156456,-122.579688,45.519055,3
25-102476,-122.704897,45.537513,3
25-102479,-122.487256,45.504185,3
26-149929,-122.686544,45.532864,3
26-149948,-122.575074,45.567872,3
26-149957,-122.576421,45.53068,3
25-222254,-122.677311,45.528128,3
25-222259,-122.55657,45.494927,3
25-222260,-122.521336,45.503193,3
25-222069,-122.560945,45.524042,3
25-221990,-122.693979,45.466968,3
25-102328,-122.642291,45.475383,3
26-119763,-122.650665,45.533978,3
26-119764,-122.673108,45.520656,3
26-129721,-122.570996,45.496193,3
26-129918,-122.533919,45.520282,3
25-156579,-122.534686,45.551972,3
25-167983,-122.65838,45.52063,3
25-102447,-122.554718,45.560224,3
25-221994,-122.493923,45.482667,3
25-222010,-122.662648,45.536504,3
25-222014,-122.61545,45.477724,3
25-222072,-122.5346,45.56559,3
25-222076,-122.67473,45.512702,3
25-222100,-122.537536,45.482438,3
25-222105,-122.537558,45.478429,3
25-156642,-122.663223,45.535873,3
26-129897,-122.67317,45.52331,3
26-129901,-122.558906,45.521681,3
25-167843,-122.656673,45.519353,3
25-167915,-122.686172,45.525427,3
25-167919,-122.547829,45.553565,3
25-167941,-122.585396,45.471215,3
25-102388,-122.676596,45.502812,3
25-102424,-122.65773,45.512939,3
26-129796,-122.637085,45.518574,3
25-167845,-122.635898,45.527992,3
25-167848,-122.713578,45.540491,3
25-167788,-122.570794,45.530891,3
25-167586,-122.619124,45.570227,3
25-156685,-122.560966,45.477358,3
25-156690,-122.659741,45.530869,3
25-156703,-122.622185,45.563388,3
25-167549,-122.657408,45.513024,3
25-167790,-122.57633,45.532162,3
26-129727,-122.647278,45.522254,3
26-129744,-122.760134,45.58805,3
25-167873,-122.557203,45.560805,3
25-102342,-122.654521,45.517976,3
25-102226,-122.5795,45.496897,3
25-221992,-122.662321,45.524439,3
25-102254,-122.756842,45.571197,3
25-102289,-122.629824,45.484681,3
26-149980,-122.580358,45.568157,3
26-149983,-122.583556,45.463284,3
25-222128,-122.541203,45.516802,3
25-222036,-122.67187,45.526963,3
25-222041,-122.55895,45.484069,3
25-222054,-122.520892,45.526456,3
25-102178,-122.566971,45.495172,3
25-102070,-122.56834,45.46588,3
26-149998,-122.63906,45.48798,3
26-129862,-122.57593,45.479384,3
26-129883,-122.677947,45.518135,3
25-167567,-122.717038,45.541245,3
25-167582,-122.616464,45.480863,3
25-167585,-122.594445,45.463175,3
25-167642,-122.679085,45.497726,3
25-222135,-122.707989,45.589731,3
25-222139,-122.726973,45.593012,3
25-222145,-122.671672,45.532974,3
25-222158,-122.560898,45.523413,3
25-222190,-122.537574,45.495304,3
25-222197,-122.665014,45.536463,3
25-102133,-122.648932,45.534364,3
25-102135,-122.521009,45.518851,3
26-150049,-122.49459,45.5039,3
26-150073,-122.563397,45.477171,3
26-150087,-122.687449,45.529281,3
25-167738,-122.604396,45.497195,3
25-167667,-122.571979,45.48472,3
25-167588,-122.59606,45.49603,3
26-150029,-122.580471,45.496889,3
25-201336,-122.663681,45.522443,3
25-124016,-122.579661,45.49487,3
25-124025,-122.7613,45.58747,3
26-140337,-122.56272,45.468632,3
26-140369,-122.58138,45.48119,3
26-140382,-122.705426,45.587823,3
26-150075,-122.676505,45.523238,3
25-222207,-122.57799,45.462388,3
25-102156,-122.60867,45.477714,3
25-102165,-122.55786,45.560007,3
26-150089,-122.68636,45.527874,3
26-150109,-122.550977,45.489784,3
26-129833,-122.578515,45.507349,3
26-129839,-122.640654,45.497657,3
26-129843,-122.639211,45.514141,3
25-167641,-122.66024,45.518591,3
26-150146,-122.569351,45.491046,2
26-150064,-122.657263,45.518729,2
26-150042,-122.570906,45.467554,2
26-150035,-122.592688,45.497566,2
26-150033,-122.525756,45.465212,2
25-102143,-122.669193,45.538324,2
25-102138,-122.663369,45.594473,2
25-102221,-122.565939,45.556498,2
25-102147,-122.577516,45.465613,2
25-102157,-122.66086,45.56888,2
25-102171,-122.542091,45.487288,2
26-150000,-122.667739,45.533954,2
26-150013,-122.698765,45.527646,2
26-150019,-122.654755,45.518256,2
26-150027,-122.570917,45.536758,2
25-102186,-122.675083,45.517286,2
25-102202,-122.518847,45.545376,2
25-102207,-122.552726,45.577587,2
25-102208,-122.560961,45.561551,2
25-222081,-122.620447,45.5347,2
25-222106,-122.645754,45.499292,2
25-222107,-122.553423,45.565339,2
25-222114,-122.67654,45.52899,2
25-167749,-122.682909,45.516402,2
25-167751,-122.62815,45.513197,2
25-167668,-122.63359,45.497505,2
25-167658,-122.632465,45.496829,2
25-167606,-122.656219,45.516533,2
26-129848,-122.67498,45.54269,2
26-129852,-122.53633,45.512886,2
25-167669,-122.761289,45.59809,2
25-167674,-122.683835,45.584522,2
25-167678,-122.670325,45.5042,2
25-167686,-122.57815,45.5326,2
25-167699,-122.552694,45.478417,2
25-167703,-122.687455,45.526674,2
26-129809,-122.551701,45.47518,2
26-129816,-122.65075,45.522272,2
26-129822,-122.648104,45.51711,2
26-129777,-122.764274,45.593636,2
26-129854,-122.597243,45.489979,2
26-129857,-122.55706,45.55735,2
26-129863,-122.660299,45.521034,2
26-129882,-122.705076,45.612296,2
25-167553,-122.759042,45.588475,2
25-167556,-122.676263,45.530504,2
25-167562,-122.647277,45.497795,2
25-167574,-122.563364,45.477037,2
25-167576,-122.572065,45.481065,2
25-167583,-122.622608,45.521791,2
25-167713,-122.557862,45.529886,2
25-167720,-122.686107,45.556161,2
25-167735,-122.647388,45.511654,2
25-167737,-122.630657,45.533104,2
25-167744,-122.491075,45.504585,2
25-167770,-122.56984,45.530861,2
25-167777,-122.508127,45.519154,2
25-167778,-122.564949,45.556021,2
25-167780,-122.547766,45.5342,2
25-156686,-122.642162,45.481556,2
25-156702,-122.709855,45.461783,2
25-156709,-122.649742,45.483398,2
25-167538,-122.688172,45.533796,2
25-167539,-122.64064,45.499168,2
25-167540,-122.677985,45.494882,2
25-167543,-122.563412,45.465835,2
25-167550,-122.763293,45.591211,2
25-167798,-122.563203,45.478967,2
25-167802,-122.652676,45.577297,2
26-129763,-122.508127,45.519154,2
26-129766,-122.683902,45.530153,2
25-167898,-122.761509,45.585874,2
25-156620,-122.688805,45.535929,2
25-156631,-122.725037,45.594169,2
25-156638,-122.667509,45.536895,2
25-156664,-122.51337,45.504076,2
25-156667,-122.556493,45.470215,2
26-129888,-122.56121,45.52216,2
26-129889,-122.641491,45.519317,2
26-129893,-122.736238,45.58652,2
26-129903,-122.696664,45.588118,2
25-167904,-122.496915,45.549964,2
25-167814,-122.688999,45.556086,2
25-167818,-122.611959,45.562761,2
25-167826,-122.665835,45.514391,2
25-167839,-122.753495,45.583515,2
25-167846,-122.658459,45.491893,2
26-129908,-122.663797,45.515811,2
26-129922,-122.650267,45.500386,2
25-156546,-122.604815,45.483281,2
25-156567,-122.688006,45.556196,2
25-156589,-122.588099,45.491857,2
25-156605,-122.558724,45.484047,2
25-156610,-122.518603,45.526421,2
26-129722,-122.659174,45.514319,2
26-129725,-122.647037,45.465032,2
26-129738,-122.612292,45.511296,2
25-167850,-122.754421,45.592385,2
25-167856,-122.619647,45.536468,2
25-167857,-122.558337,45.520109,2
25-167870,-122.646695,45.514245,2
25-167887,-122.56106,45.525,2
25-167890,-122.766278,45.58341,2
25-156487,-122.628256,45.520534,2
25-156497,-122.54091,45.504083,2
25-156504,-122.622443,45.500443,2
25-156523,-122.689229,45.515873,2
25-156535,-122.702844,45.533375,2
25-156536,-122.638884,45.460319,2
25-156416,-122.703343,45.590017,2
25-156445,-122.653676,45.514258,2
25-167927,-122.685847,45.515068,2
25-167930,-122.586801,45.477304,2
25-167936,-122.555049,45.579051,2
25-167937,-122.563069,45.464567,2
25-167951,-122.667648,45.538246,2
26-119761,-122.697987,45.465187,2
26-119767,-122.55322,45.474469,2
26-129904,-122.578714,45.497414,2
25-168034,-122.572132,45.51362,2
26-119717,-122.550366,45.478242,2
26-119718,-122.537588,45.527979,2
26-119722,-122.52312,45.490555,2
26-119727,-122.605308,45.492706,2
25-156472,-122.661281,45.565232,2
26-129935,-122.482957,45.500383,2
26-119729,-122.507831,45.515922,2
26-119732,-122.602304,45.474096,2
26-119736,-122.677599,45.516396,2
26-119740,-122.60751,45.47292,2
26-119743,-122.525926,45.554082,2
25-167962,-122.579859,45.496916,2
25-167969,-122.67982,45.523624,2
25-167975,-122.681054,45.556943,2
25-167976,-122.514988,45.559165,2
25-178721,-122.688883,45.61466,2
25-178729,-122.658201,45.510055,2
26-129946,-122.5282,45.481491,2
26-129955,-122.542922,45.533448,2
26-129965,-122.56749,45.48253,2
25-156372,-122.711513,45.544148,2
25-156386,-122.503616,45.551168,2
25-156388,-122.665446,45.593628,2
25-156412,-122.694567,45.610458,2
25-156310,-122.55955,45.503379,2
25-168000,-122.655508,45.491991,2
25-168003,-122.630306,45.533768,2
25-168007,-122.642937,45.527209,2
25-168017,-122.680847,45.52377,2
25-168031,-122.658206,45.514443,2
25-168032,-122.703168,45.543995,2
25-156336,-122.757995,45.588302,2
25-156338,-122.56657,45.5193,2
25-156345,-122.686359,45.524915,2
25-156352,-122.656748,45.508656,2
25-156367,-122.755167,45.591843,2
25-156369,-122.553953,45.532193,2
26-129966,-122.643363,45.498207,2
26-129967,-122.496475,45.495358,2
26-129982,-122.499036,45.52647,2
26-119699,-122.500616,45.494493,2
26-119703,-122.748941,45.590917,2
25-178683,-122.686016,45.514953,2
25-178697,-122.563756,45.473878,2
25-178699,-122.56053,45.52788,2
25-178711,-122.542042,45.476454,2
25-178720,-122.680174,45.577831,2
26-129986,-122.738925,45.597363,2
26-129993,-122.685403,45.530036,2
26-129999,-122.654523,45.508709,2
26-130002,-122.612529,45.498123,2
26-130005,-122.696579,45.527104,2
25-156246,-122.564866,45.495156,2
25-178766,-122.61791,45.536513,2
25-178774,-122.650603,45.517195,2
26-119676,-122.560832,45.476074,2
26-119679,-122.562067,45.4754,2
26-119682,-122.678481,45.523734,2
26-119691,-122.518306,45.526475,2
25-156312,-122.688422,45.515113,2
25-156327,-122.67805,45.58221,2
25-156334,-122.659769,45.552191,2
25-156335,-122.589108,45.55473,2
25-178869,-122.494966,45.504574,2
25-178878,-122.598211,45.562649,2
25-178790,-122.692137,45.586244,2
25-178791,-122.63455,45.561461,2
25-178796,-122.511489,45.492151,2
25-178798,-122.68653,45.5836,2
25-178800,-122.594402,45.493978,2
25-178805,-122.64088,45.52967,2
25-178808,-122.633638,45.4975,2
25-178825,-122.484768,45.503665,2
25-178827,-122.491642,45.504767,2
25-178831,-122.561849,45.528371,2
25-178739,-122.53806,45.484984,2
25-178747,-122.666548,45.576441,2
25-178753,-122.653475,45.522979,2
25-178761,-122.575246,45.580367,2
25-178923,-122.64422,45.497052,2
26-119609,-122.690785,45.53566,2
26-119611,-122.628196,45.515737,2
26-119618,-122.659161,45.532229,2
25-156306,-122.645532,45.529693,2
25-156178,-122.567731,45.562907,2
25-156207,-122.568274,45.502624,2
25-156212,-122.672168,45.540872,2
25-156223,-122.69825,45.52672,2
25-156240,-122.562099,45.535452,2
26-130034,-122.639533,45.497444,2
26-130047,-122.666788,45.519365,2
26-119632,-122.679868,45.550725,2
26-119640,-122.587437,45.493785,2
25-178841,-122.50405,45.549947,2
25-178852,-122.59007,45.58787,2
25-178959,-122.573875,45.473954,2
25-178967,-122.68083,45.512803,2
26-130055,-122.503588,45.551303,2
26-130081,-122.538738,45.55534,2
26-130083,-122.651145,45.521534,2
25-156150,-122.649903,45.48582,2
25-156154,-122.578803,45.533117,2
25-156157,-122.552533,45.546815,2
25-156167,-122.671932,45.500705,2
25-178884,-122.573866,45.474684,2
25-178889,-122.684396,45.46123,2
25-178900,-122.603133,45.492775,2
25-178907,-122.672561,45.517459,2
25-178910,-122.6336,45.509808,2
25-178918,-122.655326,45.51429,2
25-178921,-122.740813,45.59799,2
25-156060,-122.689095,45.511133,2
25-156066,-122.51336,45.520178,2
25-156096,-122.711191,45.618754,2
25-156113,-122.71094,45.54499,2
25-156130,-122.642688,45.459435,2
25-156134,-122.560194,45.469506,2
26-130094,-122.67667,45.526268,2
26-130110,-122.510455,45.513774,2
26-119602,-122.77745,45.62434,2
26-119603,-122.56427,45.466444,2
26-119604,-122.559609,45.469668,2
25-178927,-122.63931,45.499174,2
25-178936,-122.674803,45.53961,2
25-178947,-122.607272,45.472679,2
25-178949,-122.66654,45.520275,2
25-178955,-122.492792,45.55044,2
25-179057,-122.660052,45.496291,2
25-178970,-122.51237,45.51841,2
25-178978,-122.50808,45.522346,2
25-178979,-122.562996,45.50442,2
25-178983,-122.664141,45.498812,2
25-178986,-122.660937,45.499547,2
25-178987,-122.661082,45.500305,2
25-178994,-122.626015,45.496609,2
26-119568,-122.648449,45.498241,2
26-119583,-122.641486,45.520017,2
26-119586,-122.661849,45.521621,2
26-119591,-122.502381,45.500832,2
26-119596,-122.661104,45.501394,2
26-130113,-122.585501,45.4745,2
25-145513,-122.629228,45.53377,2
25-156057,-122.655546,45.523839,2
25-179144,-122.633747,45.510792,2
25-156069,-122.563437,45.488006,2
25-145451,-122.571121,45.479344,2
25-145459,-122.686611,45.53073,2
25-145478,-122.667694,45.500904,2
25-145482,-122.60873,45.47341,2
25-145485,-122.519547,45.526466,2
25-145495,-122.652075,45.502012,2
26-130139,-122.617459,45.53773,2
26-130145,-122.679155,45.564832,2
25-179012,-122.543156,45.555628,2
25-179015,-122.5676,45.4908,2
25-179016,-122.663528,45.600542,2
25-179022,-122.609516,45.473567,2
25-179032,-122.681848,45.513744,2
25-179033,-122.745679,45.587914,2
26-119526,-122.69417,45.52796,2
26-130161,-122.647454,45.488862,2
26-130162,-122.497993,45.517388,2
26-130173,-122.648331,45.515538,2
25-145374,-122.556015,45.532833,2
25-145378,-122.559641,45.503892,2
25-145393,-122.711191,45.538178,2
25-145415,-122.559915,45.567448,2
25-145449,-122.565461,45.479829,2
26-130207,-122.555875,45.529062,2
26-119529,-122.669173,45.503691,2
26-119549,-122.674347,45.524101,2
25-179088,-122.677929,45.580714,2
25-179118,-122.687296,45.525401,2
25-179126,-122.53906,45.52974,2
25-179139,-122.658965,45.547215,2
26-130224,-122.673587,45.52147,2
26-130227,-122.693717,45.532745,2
25-145308,-122.682333,45.547791,2
25-145316,-122.648626,45.500318,2
25-145321,-122.625505,45.496575,2
25-145352,-122.677701,45.588296,2
25-145356,-122.554867,45.475529,2
25-145367,-122.655798,45.514662,2
25-145259,-122.659827,45.504633,2
25-179173,-122.66267,45.47169,2
25-179178,-122.678111,45.561206,2
25-179197,-122.693273,45.587312,2
26-119491,-122.574915,45.474449,2
26-119515,-122.530891,45.519063,2
26-119516,-122.65125,45.57753,2
26-119521,-122.647365,45.463647,2
25-190311,-122.668042,45.512324,2
25-190318,-122.592432,45.551135,2
25-190320,-122.673844,45.512272,2
25-145266,-122.63291,45.5096,2
25-145284,-122.72965,45.590995,2
25-145288,-122.557672,45.534397,2
25-145298,-122.618156,45.53669,2
25-145300,-122.665114,45.531832,2
25-145216,-122.642457,45.51621,2
25-179253,-122.571775,45.474555,2
25-179283,-122.674341,45.585487,2
25-179293,-122.764288,45.587367,2
25-179316,-122.56219,45.469096,2
25-179319,-122.659425,45.51302,2
25-179320,-122.64105,45.47331,2
25-179154,-122.732874,45.554488,2
26-119456,-122.62264,45.484726,2
26-119462,-122.665891,45.528437,2
26-119463,-122.729131,45.595129,2
25-145221,-122.686677,45.53177,2
25-145224,-122.764642,45.579596,2
25-145227,-122.674467,45.514458,2
25-145230,-122.647286,45.516379,2
25-145238,-122.561218,45.561634,2
25-145244,-122.58057,45.463265,2
26-130246,-122.65869,45.524809,2
26-130250,-122.52886,45.52209,2
26-130259,-122.68196,45.588822,2
26-130260,-122.537388,45.539704,2
26-119475,-122.54446,45.489557,2
26-119477,-122.563377,45.487283,2
25-190309,-122.568535,45.465511,2
25-145136,-122.604885,45.497187,2
26-140109,-122.676778,45.546243,2
26-140121,-122.66328,45.562475,2
26-140125,-122.56825,45.47354,2
25-145152,-122.57233,45.48127,2
25-145186,-122.690495,45.535405,2
25-145187,-122.671741,45.52716,2
25-145198,-122.556455,45.53386,2
25-145199,-122.537454,45.522601,2
25-190441,-122.579602,45.518322,2
25-190338,-122.672586,45.526427,2
25-190345,-122.675783,45.528005,2
25-190354,-122.671476,45.522984,2
25-190359,-122.674319,45.523458,2
25-190369,-122.591254,45.486478,2
25-190387,-122.555489,45.532466,2
25-145078,-122.53306,45.52385,2
25-145079,-122.496922,45.534845,2
25-145092,-122.660417,45.520849,2
25-145099,-122.556743,45.559029,2
25-145110,-122.66534,45.45962,2
26-140135,-122.655712,45.506651,2
26-119422,-122.646335,45.522214,2
26-119424,-122.725339,45.594558,2
26-119434,-122.749541,45.589717,2
25-190389,-122.612518,45.497887,2
25-190419,-122.646416,45.499943,2
25-145118,-122.566867,45.500903,2
25-145119,-122.48487,45.486715,2
25-145121,-122.513285,45.477539,2
25-145130,-122.668139,45.497534,2
25-145131,-122.657357,45.491709,2
25-190507,-122.584655,45.460991,2
25-190521,-122.557724,45.523952,2
25-190444,-122.629073,45.532473,2
25-190452,-122.670979,45.534591,2
26-140177,-122.583189,45.462063,2
25-145012,-122.63763,45.48182,2
25-145017,-122.51486,45.50254,2
25-145023,-122.532556,45.501583,2
25-145035,-122.539489,45.533469,2
25-145054,-122.627742,45.532472,2
25-145068,-122.558606,45.516215,2
25-190462,-122.571899,45.500296,2
25-190464,-122.634856,45.506019,2
25-190470,-122.672401,45.534708,2
26-119409,-122.690066,45.554011,2
26-119411,-122.594138,45.534715,2
25-144968,-122.551676,45.557196,2
26-140180,-122.650656,45.519144,2
26-140183,-122.636081,45.517145,2
26-140201,-122.650683,45.499599,2
25-144979,-122.620667,45.486899,2
25-144983,-122.667206,45.513493,2
25-144995,-122.666679,45.514554,2
25-144998,-122.70309,45.54631,2
25-145003,-122.65767,45.514869,2
25-145010,-122.659803,45.506942,2
25-145011,-122.51754,45.51889,2
25-134681,-122.673623,45.535519,2
25-134683,-122.59027,45.49812,2
25-190576,-122.609761,45.496763,2
25-190577,-122.666842,45.514393,2
25-190498,-122.71193,45.54424,2
26-140206,-122.649012,45.535761,2
25-134647,-122.568594,45.464712,2
25-134658,-122.689736,45.51435,2
25-134661,-122.690771,45.514294,2
25-134680,-122.513344,45.518067,2
25-134597,-122.5284,45.484214,2
25-190617,-122.567403,45.479415,2
26-119374,-122.595643,45.497451,2
26-119392,-122.676691,45.522734,2
25-190549,-122.592626,45.487916,2
25-190560,-122.523841,45.557468,2
25-190565,-122.644393,45.529059,2
25-134690,-122.65722,45.505547,2
25-134691,-122.599153,45.492137,2
25-134700,-122.670711,45.540457,2
25-134702,-122.501163,45.547912,2
26-140223,-122.659293,45.512959,2
26-140224,-122.655692,45.514357,2
26-140225,-122.568203,45.470995,2
25-134619,-122.645582,45.497437,2
25-134622,-122.576876,45.483531,2
25-134625,-122.49943,45.50657,2
25-134629,-122.562457,45.477633,2
25-134632,-122.577644,45.518474,2
25-134638,-122.657917,45.571973,2
25-134639,-122.667992,45.512534,2
25-134551,-122.540018,45.526196,2
25-190581,-122.579813,45.464188,2
25-190584,-122.58248,45.53549,2
25-190588,-122.602165,45.543614,2
25-190589,-122.542113,45.476572,2
25-190613,-122.657222,45.52664,2
25-134500,-122.571365,45.528808,2
25-134506,-122.542171,45.487143,2
25-134512,-122.65097,45.488118,2
25-134518,-122.689025,45.532086,2
25-134524,-122.484673,45.492309,2
25-134529,-122.518306,45.526475,2
26-119310,-122.680532,45.511189,2
25-190640,-122.570327,45.469659,2
25-190647,-122.562717,45.52038,2
25-190660,-122.557688,45.534341,2
25-134554,-122.559193,45.522799,2
25-134571,-122.703461,45.59001,2
25-134573,-122.636968,45.46428,2
25-134575,-122.584516,45.461205,2
25-134583,-122.555081,45.494972,2
26-140218,-122.571765,45.469035,2
26-140300,-122.62295,45.49749,2
25-134402,-122.582531,45.526175,2
25-134406,-122.705406,45.546009,2
25-134415,-122.685187,45.524687,2
25-134532,-122.537711,45.557205,2
25-134426,-122.679391,45.571083,2
25-134479,-122.680203,45.577649,2
26-140268,-122.661104,45.501341,2
25-190701,-122.68636,45.527874,2
25-190703,-122.564709,45.475977,2
25-190717,-122.579125,45.546409,2
26-119275,-122.587791,45.496257,2
26-119279,-122.558536,45.516447,2
26-119286,-122.48654,45.497699,2
26-119288,-122.600907,45.504401,2
26-140244,-122.537636,45.533574,2
26-140306,-122.538081,45.557645,2
26-140308,-122.757231,45.591319,2
25-134341,-122.513275,45.519131,2
25-134348,-122.672246,45.499326,2
25-134354,-122.595647,45.492038,2
25-134377,-122.569701,45.479313,2
25-134379,-122.700235,45.464216,2
25-134381,-122.709834,45.541405,2
25-190742,-122.558114,45.528074,2
25-190743,-122.656817,45.514084,2
25-190746,-122.629647,45.502255,2
25-190758,-122.525754,45.526527,2
25-190670,-122.56015,45.52454,2
25-190690,-122.548631,45.557194,2
26-140279,-122.757604,45.58851,2
26-140287,-122.567165,45.479405,2
26-140315,-122.625748,45.519639,2
26-140321,-122.691107,45.555098,2
26-140328,-122.562506,45.47759,2
25-134258,-122.75661,45.59234,2
25-134263,-122.500203,45.52469,2
25-134264,-122.590207,45.534407,2
25-134270,-122.640919,45.473526,2
25-134282,-122.538478,45.481329,2
25-190761,-122.667165,45.485211,2
25-190766,-122.513534,45.514037,2
25-190769,-122.716694,45.48457,2
25-190786,-122.56796,45.51867,2
25-134299,-122.697173,45.464921,2
25-134314,-122.568886,45.562083,2
25-134315,-122.649849,45.487787,2
26-140305,-122.616423,45.562701,2
25-201254,-122.691438,45.555997,2
26-109744,-122.68624,45.53205,2
26-109747,-122.677463,45.523757,2
26-119212,-122.67673,45.528186,2
26-119221,-122.695615,45.562738,2
26-119224,-122.501636,45.503907,2
26-119257,-122.632756,45.529441,2
26-119260,-122.649232,45.482575,2
25-190802,-122.750153,45.586793,2
25-190808,-122.551467,45.546786,2
25-190809,-122.696246,45.532612,2
25-190815,-122.513905,45.504169,2
25-201189,-122.676132,45.521472,2
25-201204,-122.70126,45.57599,2
25-201206,-122.528633,45.531773,2
25-190759,-122.578229,45.503429,2
25-201223,-122.588719,45.565585,2
25-134224,-122.683468,45.531836,2
25-134237,-122.700822,45.536879,2
25-134241,-122.648481,45.51576,2
25-134243,-122.645633,45.516662,2
25-134246,-122.646486,45.515098,2
25-134247,-122.676581,45.527341,2
25-134251,-122.656461,45.511579,2
25-134254,-122.665079,45.514441,2
25-124000,-122.598818,45.492146,2
25-124005,-122.754364,45.590142,2
25-124009,-122.675514,45.525933,2
25-201229,-122.599295,45.565262,2
25-201232,-122.750303,45.596061,2
25-201233,-122.655566,45.53361,2
25-201234,-122.579937,45.496892,2
25-134221,-122.647347,45.498121,2
25-134223,-122.611352,45.497508,2
26-140334,-122.659339,45.515031,2
26-140335,-122.521131,45.561912,2
26-140336,-122.568455,45.466115,2
26-140350,-122.634228,45.518025,2
25-201261,-122.639775,45.481735,2
25-201264,-122.69821,45.5285,2
25-201265,-122.67081,45.52445,2
25-201279,-122.65922,45.53725,2
25-201282,-122.545011,45.523309,2
25-201287,-122.558466,45.516128,2
25-201289,-122.560969,45.469356,2
25-201300,-122.67945,45.56687,2
25-201213,-122.66159,45.547901,2
25-201222,-122.659929,45.518587,2
25-201413,-122.68355,45.5302,2
25-201426,-122.646936,45.537445,2
26-109707,-122.58634,45.560957,2
26-109711,-122.59149,45.53544,2
26-109714,-122.627614,45.496395,2
26-109719,-122.757835,45.588148,2
26-109728,-122.592756,45.534195,2
26-109733,-122.588622,45.475126,2
25-201324,-122.713472,45.585368,2
25-201332,-122.552825,45.534165,2
25-201347,-122.637068,45.520748,2
25-201352,-122.639618,45.49794,2
25-201364,-122.668394,45.538125,2
25-124020,-122.600824,45.497301,2
25-124021,-122.683731,45.59823,2
25-124033,-122.569394,45.495682,2
25-201487,-122.609074,45.474833,2
25-201488,-122.499034,45.518121,2
25-201491,-122.617462,45.481337,2
25-201373,-122.691075,45.514332,2
25-201382,-122.632809,45.526404,2
26-140355,-122.661325,45.517076,2
26-140371,-122.64144,45.522153,2
26-140376,-122.651657,45.502197,2
26-140381,-122.632838,45.511929,2
25-123950,-122.496057,45.549393,2
25-123979,-122.568543,45.468021,2
25-123980,-122.70699,45.46139,2
25-123986,-122.695538,45.577779,2
25-123989,-122.660862,45.532841,2
25-123910,-122.6258,45.520037,2
25-123918,-122.513123,45.522199,2
25-201553,-122.683151,45.59554,2
25-201558,-122.622199,45.482056,2
25-201563,-122.754772,45.592172,2
25-123926,-122.562653,45.517281,2
25-123927,-122.651831,45.548953,2
25-123929,-122.655535,45.523995,2
25-123935,-122.727327,45.590191,2
25-123941,-122.605088,45.599659,2
25-123944,-122.608709,45.496196,2
26-140406,-122.488031,45.504998,2
26-140418,-122.648183,45.471929,2
25-201431,-122.67296,45.52226,2
25-201432,-122.690831,45.517579,2
25-201443,-122.677342,45.496346,2
25-201474,-122.57165,45.53074,2
25-201481,-122.62366,45.50617,2
25-123845,-122.678863,45.527242,2
25-123853,-122.558071,45.519402,2
25-123862,-122.582402,45.535262,2
26-140434,-122.577656,45.534331,2
26-140437,-122.735011,45.446203,2
25-123877,-122.549363,45.498068,2
25-123886,-122.690734,45.536354,2
25-123893,-122.560977,45.489953,2
25-123897,-122.677562,45.528296,2
26-109699,-122.59734,45.4896,2
26-109704,-122.483912,45.485979,2
26-109705,-122.563385,45.504651,2
25-201523,-122.547584,45.548081,2
25-201526,-122.694095,45.527814,2
25-201535,-122.6914,45.535093,2
25-201544,-122.585192,45.497301,2
26-109647,-122.594569,45.479333,2
26-109648,-122.578148,45.499179,2
26-109654,-122.67667,45.526275,2
26-109656,-122.661929,45.52183,2
26-140460,-122.532546,45.522534,2
26-140462,-122.562669,45.47622,2
26-140463,-122.676687,45.531955,2
26-109663,-122.630446,45.532297,2
26-109664,-122.659628,45.593559,2
25-201571,-122.608664,45.476661,2
25-201575,-122.62581,45.519574,2
25-201604,-122.681373,45.52279,2
25-201614,-122.671572,45.536644,2
26-109680,-122.71765,45.531906,2
26-109682,-122.578403,45.530331,2
25-123844,-122.707855,45.476105,2
25-201701,-122.664338,45.517272,2
25-201702,-122.556371,45.560528,2
25-201630,-122.66274,45.522955,2
25-201641,-122.673914,45.525948,2
25-201643,-122.652966,45.577181,2
26-140476,-122.581465,45.5228,2
26-140478,-122.49043,45.50428,2
25-123761,-122.64854,45.516939,2
25-123763,-122.673002,45.517057,2
25-123773,-122.536894,45.531339,2
25-123797,-122.657695,45.517622,2
25-123800,-122.552823,45.573078,2
25-123807,-122.575214,45.503289,2
25-201655,-122.539869,45.476493,2
25-201670,-122.638099,45.518577,2
26-109645,-122.662325,45.516546,2
25-201735,-122.534536,45.522617,2
25-201746,-122.566808,45.519431,2
26-140491,-122.572301,45.480155,2
26-140499,-122.655112,45.513584,2
26-140500,-122.645869,45.525065,2
26-140510,-122.556004,45.494914,2
26-140511,-122.53269,45.4976,2
26-140515,-122.691643,45.537023,2
26-140518,-122.558807,45.534037,2
26-140521,-122.659859,45.51799,2
26-140528,-122.687418,45.52857,2
25-123721,-122.653765,45.50592,2
25-123722,-122.684253,45.461178,2
25-201684,-122.688281,45.524986,2
25-201688,-122.497795,45.548233,2
25-201690,-122.556155,45.53426,2
25-212023,-122.587185,45.535425,2
25-212037,-122.48138,45.552266,2
25-212046,-122.57199,45.53234,2
25-123747,-122.564709,45.475977,2
25-123751,-122.758842,45.6045,2
25-123671,-122.686665,45.53392,2
25-123684,-122.661275,45.519692,2
25-123700,-122.688026,45.53213,2
25-123704,-122.651297,45.487706,2
25-123716,-122.555536,45.474085,2
25-123628,-122.584155,45.564719,2
25-123630,-122.49132,45.549715,2
25-212049,-122.594739,45.497265,2
25-201722,-122.564706,45.482704,2
25-201727,-122.672036,45.52334,2
25-201732,-122.532309,45.567587,2
26-109583,-122.675004,45.52963,2
26-109586,-122.49946,45.5054,2
26-109587,-122.571723,45.503748,2
26-109589,-122.537835,45.556087,2
26-109592,-122.68186,45.52932,2
25-123648,-122.577957,45.48355,2
25-123653,-122.662622,45.563876,2
25-123670,-122.630391,45.498633,2
26-140534,-122.57593,45.479384,2
26-140544,-122.677626,45.520716,2
26-140550,-122.678018,45.507868,2
26-109594,-122.66484,45.506527,2
26-109609,-122.656625,45.525765,2
26-109617,-122.656914,45.535721,2
25-201749,-122.624272,45.506693,2
25-212017,-122.657788,45.509721,2
26-109567,-122.562259,45.468941,2
25-212146,-122.586275,45.481525,2
26-140563,-122.596709,45.510482,2
25-113010,-122.56456,45.50822,2
25-123528,-122.56848,45.4799,2
25-123567,-122.6747,45.52126,2
25-123572,-122.675985,45.51941,2
25-123575,-122.51046,45.503561,2
25-123579,-122.65045,45.491227,2
25-123580,-122.508062,45.480066,2
25-123590,-122.647204,45.465743,2
25-212074,-122.65203,45.49693,2
25-212082,-122.743783,45.58854,2
25-212115,-122.670786,45.526476,2
25-212118,-122.578148,45.475667,2
25-212121,-122.562342,45.521297,2
25-112963,-122.734762,45.586513,2
25-112964,-122.697625,45.553084,2
25-112978,-122.594373,45.479505,2
25-112981,-122.656996,45.505653,2
25-112983,-122.563401,45.533347,2
26-140585,-122.597267,45.485421,2
26-140587,-122.612261,45.511377,2
26-140592,-122.562991,45.519786,2
26-140604,-122.640386,45.497051,2
26-149614,-122.734374,45.586956,2
25-112998,-122.573583,45.488035,2
25-113006,-122.57659,45.466871,2
26-109544,-122.616367,45.505118,2
26-109545,-122.689219,45.522967,2
26-109555,-122.501717,45.517691,2
26-109556,-122.671493,45.523616,2
25-112937,-122.6771,45.495023,2
25-112946,-122.576808,45.490021,2
26-149628,-122.73638,45.58664,2
26-149635,-122.56126,45.52385,2
26-149649,-122.547563,45.548066,2
26-149651,-122.72663,45.593462,2
26-149655,-122.570606,45.46929,2
26-149663,-122.558701,45.521753,2
26-109515,-122.512116,45.522798,2
26-109516,-122.513232,45.523596,2
26-109534,-122.53642,45.49225,2
26-109541,-122.681506,45.592653,2
25-212172,-122.673821,45.540212,2
25-212173,-122.694419,45.5263,2
25-212192,-122.636545,45.494541,2
25-212212,-122.742532,45.582417,2
25-212298,-122.56772,45.47994,2
25-212301,-122.542915,45.51126,2
26-149665,-122.65447,45.50921,2
25-112872,-122.623829,45.500722,2
25-112876,-122.5778,45.477581,2
25-112880,-122.572392,45.505124,2
25-112885,-122.678114,45.613055,2
25-112890,-122.677245,45.53127,2
25-112897,-122.653556,45.521102,2
25-112812,-122.653531,45.576966,2
25-212224,-122.579961,45.497507,2
25-212234,-122.672677,45.518902,2
25-212236,-122.765109,45.594002,2
25-212252,-122.547471,45.489696,2
26-109512,-122.736034,45.586851,2
25-112921,-122.686467,45.52738,2
25-212333,-122.614803,45.538027,2
26-109452,-122.672,45.56704,2
26-109465,-122.53755,45.494165,2
25-112813,-122.651752,45.577211,2
25-112828,-122.686376,45.528591,2
25-112831,-122.58185,45.499004,2
25-112852,-122.566856,45.478929,2
26-149674,-122.758911,45.590517,2
26-149678,-122.648621,45.524112,2
26-149690,-122.519252,45.487453,2
26-109481,-122.687974,45.55606,2
25-212258,-122.705,45.612371,2
25-212264,-122.614884,45.550458,2
25-212281,-122.637119,45.516068,2
25-212286,-122.650241,45.532903,2
25-212287,-122.60556,45.49726,2
25-112713,-122.655745,45.523078,2
25-112734,-122.660406,45.498307,2
25-112756,-122.739318,45.582671,2
26-149707,-122.536389,45.502264,2
26-149718,-122.667563,45.585449,2
26-149691,-122.484711,45.490488,2
25-112760,-122.546579,45.476385,2
25-112766,-122.516398,45.559696,2
25-112772,-122.673329,45.58377,2
25-112788,-122.583519,45.524625,2
25-112793,-122.611221,45.506006,2
25-112797,-122.558056,45.533538,2
25-212309,-122.667975,45.535155,2
25-212310,-122.604074,45.497467,2
25-212320,-122.572639,45.486879,2
25-212325,-122.667375,45.58535,2
25-212430,-122.61593,45.512817,2
26-109418,-122.586801,45.526569,2
26-149725,-122.516157,45.560258,2
26-149732,-122.559856,45.49062,2
26-149739,-122.564104,45.568386,2
25-112654,-122.564839,45.473256,2
25-112658,-122.651753,45.57661,2
25-112674,-122.658915,45.518833,2
25-112686,-122.564678,45.479734,2
25-112614,-122.568787,45.488824,2
26-109429,-122.564918,45.550447,2
26-109430,-122.686113,45.51805,2
26-109433,-122.644099,45.483551,2
26-109437,-122.659263,45.53224,2
25-212351,-122.621646,45.536593,2
25-112702,-122.675008,45.524418,2
25-212463,-122.606397,45.496688,2
25-212467,-122.676703,45.511888,2
25-112616,-122.55505,45.56264,2
25-112628,-122.65759,45.53563,2
25-112637,-122.513221,45.52224,2
25-112638,-122.665001,45.516609,2
25-112645,-122.566996,45.471657,2
26-149742,-122.560276,45.567634,2
26-149743,-122.559319,45.567349,2
26-149762,-122.67385,45.5207,2
25-212475,-122.558056,45.533538,2
25-212388,-122.560596,45.494208,2
25-212394,-122.51473,45.52663,2
25-212399,-122.492071,45.482902,2
25-212415,-122.7517,45.591778,2
25-212420,-122.626954,45.512407,2
26-149766,-122.563578,45.524315,2
26-149771,-122.570901,45.496336,2
25-112571,-122.683817,45.513741,2
25-112593,-122.540926,45.503466,2
25-112601,-122.659709,45.533732,2
25-112604,-122.66064,45.533645,2
25-112606,-122.65772,45.514365,2
25-112610,-122.481771,45.486226,2
26-109390,-122.571412,45.491023,2
26-109395,-122.555548,45.520301,2
26-109398,-122.669992,45.468361,2
26-109406,-122.662565,45.505918,2
25-212445,-122.584623,45.526108,2
25-212449,-122.49669,45.503841,2
25-212454,-122.732799,45.581188,2
25-212459,-122.596288,45.49608,2
25-112521,-122.574538,45.464762,2
25-112525,-122.577221,45.467514,2
25-112538,-122.661629,45.520568,2
25-112539,-122.59528,45.51148,2
25-112543,-122.673296,45.516121,2
26-149784,-122.65395,45.499609,2
26-109343,-122.679661,45.523656,2
26-109344,-122.680224,45.523175,2
26-109349,-122.666591,45.52012,2
26-109364,-122.694894,45.524099,2
25-212480,-122.591763,45.547153,2
25-212505,-122.706739,45.533206,2
25-212515,-122.754476,45.590102,2
26-109372,-122.51918,45.509521,2
26-109381,-122.537255,45.502226,2
26-149765,-122.556581,45.513907,2
25-221904,-122.67468,45.58165,2
25-212519,-122.529522,45.522324,2
26-149799,-122.647204,45.465743,2
26-149804,-122.638577,45.490297,2
26-149805,-122.760667,45.601027,2
26-149810,-122.629105,45.494848,2
26-149816,-122.726611,45.600118,2
26-149835,-122.666259,45.537028,2
25-102519,-122.662731,45.523652,2
25-102525,-122.673949,45.517767,2
25-102536,-122.676886,45.509056,2
25-102560,-122.66552,45.534186,2
25-212530,-122.631507,45.498292,2
25-212537,-122.557418,45.476795,2
26-109329,-122.533865,45.522534,2
26-109341,-122.683473,45.597047,2
26-109313,-122.650375,45.500292,2
25-221911,-122.694851,45.528372,2
25-221914,-122.563613,45.52348,2
25-221925,-122.657542,45.494784,2
25-102564,-122.650557,45.487215,2
25-102474,-122.664285,45.537178,2
25-102485,-122.673774,45.540385,2
25-102493,-122.683923,45.479915,2
25-102500,-122.588083,45.479279,2
25-102507,-122.656399,45.502053,2
25-102513,-122.657487,45.52157,2
25-221862,-122.609777,45.496767,2
25-221864,-122.542673,45.539602,2
25-221865,-122.600099,45.491322,2
25-221870,-122.638047,45.495962,2
25-221900,-122.536632,45.521284,2
26-149838,-122.665712,45.535694,2
26-149858,-122.637477,45.484732,2
26-149863,-122.573572,45.467363,2
26-149870,-122.568342,45.534062,2
26-149883,-122.59712,45.478865,2
25-102433,-122.64975,45.484616,2
25-102439,-122.557529,45.502664,2
25-102451,-122.680166,45.581048,2
25-102455,-122.62981,45.491417,2
25-102456,-122.68442,45.51505,2
25-102460,-122.654692,45.512215,2
25-102461,-122.677004,45.524441,2
26-109285,-122.659103,45.527993,2
26-109297,-122.5541,45.54679,2
26-109302,-122.552952,45.472818,2
26-109304,-122.566277,45.468419,2
25-222242,-122.532671,45.521845,2
25-222246,-122.478558,45.55105,2
25-102362,-122.579763,45.520454,2
25-102363,-122.708664,45.587793,2
25-102367,-122.675292,45.544661,2
25-102399,-122.68916,45.535008,2
25-102410,-122.667278,45.514899,2
25-102421,-122.549875,45.498167,2
25-102423,-122.654449,45.511576,2
26-149940,-122.648792,45.487614,2
26-149954,-122.656251,45.510027,2
26-149958,-122.58127,45.53297,2
25-221945,-122.552549,45.518548,2
25-221964,-122.675003,45.555588,2
25-221974,-122.561967,45.526299,2
25-221981,-122.600946,45.475825,2
25-222049,-122.618912,45.535128,2
25-222050,-122.599615,45.479159,2
25-222060,-122.556782,45.558868,2
25-221987,-122.78581,45.59698,2
25-221989,-122.6578,45.518208,2
26-149962,-122.508021,45.522768,2
26-149971,-122.667753,45.535029,2
26-149975,-122.590703,45.480098,2
26-149976,-122.544422,45.529893,2
25-102292,-122.628808,45.48707,2
25-102308,-122.678484,45.572876,2
25-102309,-122.651764,45.548929,2
25-102357,-122.564453,45.466186,2
25-102223,-122.564544,45.507151,2
25-222008,-122.580898,45.495045,2
25-222232,-122.510709,45.519156,2
25-222117,-122.67339,45.52094,2
25-222122,-122.695852,45.536257,2
25-102237,-122.57979,45.472011,2
25-102238,-122.569179,45.468485,2
25-102251,-122.579711,45.517634,2
25-102255,-122.641218,45.47384,2
25-102260,-122.683972,45.594717,2
25-102261,-122.513201,45.519965,2
25-102278,-122.535949,45.497904,2
25-102290,-122.561234,45.478094,2
26-149986,-122.491534,45.504583,2
25-222023,-122.682749,45.555471,2
25-222029,-122.659877,45.508653,2
25-222037,-122.591936,45.463268,2
25-222039,-122.681364,45.530119,2
25-222045,-122.544538,45.535344,2
25-102109,-122.67684,45.53071,2
25-102038,-122.568594,45.464712,2
25-102026,-122.725557,45.593719,2
26-150086,-122.679233,45.527291,2
26-150076,-122.625924,45.514681,2
25-102052,-122.694472,45.527725,2
25-222199,-122.661694,45.516078,2
25-222129,-122.601154,45.497278,2
25-222133,-122.572816,45.468381,2
25-222136,-122.494966,45.504574,2
25-222165,-122.560726,45.526297,2
25-222211,-122.709652,45.541345,2
25-222213,-122.620409,45.535649,2
25-222215,-122.648631,45.485961,2
25-222216,-122.659242,45.504946,2
25-102217,-122.565756,45.529242,2
26-129825,-122.630188,45.533761,2
26-129842,-122.698016,45.53879,2
25-167636,-122.568462,45.471328,2
25-167639,-122.634342,45.486466,2
25-167644,-122.698789,45.539308,2
25-167654,-122.672675,45.539867,2
25-167656,-122.676108,45.542704,2
25-102059,-122.707948,45.586869,2
25-102062,-122.73048,45.55309,2
25-102069,-122.537676,45.50231,2
26-150096,-122.574114,45.495928,2
26-150097,-122.665969,45.552372,2
26-150106,-122.676232,45.525151,2
26-150131,-122.661275,45.464119,2
26-150133,-122.692747,45.535534,2
25-222181,-122.553625,45.55849,2
25-102023,-122.56652,45.510005,1
25-102028,-122.681727,45.587889,1
25-102043,-122.4879,45.515827,1
25-102049,-122.565059,45.482268,1
25-102056,-122.661378,45.5365,1
25-102058,-122.647794,45.498801,1
25-102066,-122.592403,45.507803,1
26-150092,-122.686123,45.524321,1
25-102214,-122.560725,45.563791,1
25-102205,-122.62931,45.496827,1
25-102196,-122.689661,45.514332,1
25-102189,-122.664317,45.517264,1
25-102187,-122.562248,45.52259,1
26-150021,-122.511077,45.504515,1
26-150012,-122.661136,45.566561,1
26-150008,-122.680142,45.524421,1
26-150005,-122.496831,45.502741,1
26-149997,-122.638488,45.528642,1
25-102234,-122.580358,45.482349,1
25-102225,-122.683983,45.487987,1
25-102350,-122.640306,45.528156,1
25-102345,-122.666323,45.528427,1
25-102341,-122.683543,45.520402,1
25-102329,-122.564431,45.526531,1
25-222121,-122.739038,45.582859,1
25-222091,-122.594274,45.534471,1
25-222073,-122.63921,45.58012,1
25-222228,-122.53895,45.53113,1
25-222225,-122.634877,45.560287,1
25-222220,-122.66091,45.51668,1
25-222209,-122.617284,45.528988,1
25-222160,-122.564743,45.547161,1
25-222159,-122.539869,45.476493,1
25-222157,-122.669442,45.547303,1
25-222155,-122.665808,45.518557,1
25-222153,-122.646636,45.499856,1
25-222151,-122.664623,45.52006,1
25-222142,-122.648497,45.515858,1
25-222132,-122.585213,45.505539,1
25-222202,-122.699532,45.568259,1
25-221970,-122.521175,45.554868,1
25-221942,-122.602151,45.481381,1
25-221941,-122.743303,45.437541,1
25-221937,-122.65803,45.50578,1
25-222239,-122.539516,45.524047,1
25-222235,-122.612594,45.497869,1
25-222234,-122.663072,45.515765,1
25-222020,-122.68737,45.590811,1
25-222013,-122.63712,45.530681,1
25-222000,-122.530241,45.505824,1
25-221993,-122.550902,45.477827,1
25-222070,-122.567114,45.478631,1
25-222052,-122.64743,45.486935,1
25-222048,-122.496867,45.497337,1
25-222035,-122.614616,45.49791,1
25-222127,-122.610053,45.477712,1
25-221935,-122.499058,45.519152,1
25-221924,-122.66159,45.547901,1
25-221915,-122.537679,45.531304,1
25-221913,-122.698923,45.530633,1
25-221912,-122.660703,45.507426,1
25-221906,-122.55716,45.55943,1
26-109317,-122.571228,45.481373,1
26-109314,-122.698896,45.539511,1
26-109310,-122.542715,45.531579,1
26-109295,-122.556589,45.475147,1
26-109292,-122.555484,45.475211,1
26-109291,-122.538908,45.557643,1
25-222278,-122.609206,45.478403,1
25-222267,-122.511085,45.505001,1
25-221983,-122.661506,45.519306,1
25-221980,-122.651807,45.475307,1
25-212489,-122.531144,45.533541,1
25-212487,-122.606134,45.497731,1
25-212479,-122.64162,45.461032,1
25-212476,-122.685742,45.595223,1
26-109361,-122.484823,45.550568,1
26-109348,-122.673631,45.515464,1
26-109336,-122.569603,45.470449,1
26-109323,-122.650788,45.486854,1
25-221858,-122.681108,45.483394,1
25-221857,-122.565461,45.47272,1
25-221845,-122.536512,45.532361,1
25-212539,-122.567414,45.478877,1
25-212523,-122.67683,45.52754,1
25-221902,-122.493452,45.504241,1
25-221869,-122.742023,45.600441,1
25-221863,-122.567476,45.479606,1
25-212450,-122.494973,45.503751,1
25-212446,-122.52857,45.52057,1
25-212440,-122.61483,45.538988,1
25-212438,-122.645666,45.498121,1
26-109405,-122.677679,45.569911,1
26-109402,-122.510709,45.519156,1
26-109400,-122.536724,45.532414,1
26-109399,-122.644399,45.47905,1
26-109382,-122.55681,45.532782,1
26-109373,-122.606188,45.498087,1
26-109368,-122.491491,45.549762,1
25-212514,-122.601026,45.464476,1
25-212507,-122.56707,45.51554,1
25-212503,-122.654678,45.514355,1
25-212501,-122.628901,45.553656,1
25-212492,-122.747998,45.604331,1
25-212381,-122.558154,45.517032,1
25-212378,-122.664505,45.516467,1
25-212368,-122.676027,45.542734,1
25-212366,-122.53754,45.4778,1
25-212344,-122.658796,45.514161,1
25-212340,-122.665282,45.579285,1
25-212338,-122.637725,45.527209,1
26-109444,-122.572293,45.482261,1
26-109438,-122.585997,45.559575,1
26-109432,-122.568718,45.489498,1
26-109431,-122.56485,45.482954,1
26-109422,-122.610455,45.511727,1
25-212436,-122.701889,45.512156,1
25-212435,-122.661704,45.513813,1
25-212432,-122.537151,45.480415,1
25-212469,-122.630317,45.533774,1
25-212271,-122.630666,45.535159,1
26-109490,-122.676931,45.527609,1
26-109480,-122.684766,45.514667,1
26-109478,-122.676221,45.510355,1
26-109477,-122.757155,45.588702,1
26-109473,-122.564622,45.48435,1
26-109468,-122.537808,45.493187,1
26-109458,-122.537103,45.476537,1
26-109449,-122.688028,45.515298,1
26-109447,-122.571452,45.530871,1
25-212336,-122.634326,45.487535,1
25-212330,-122.485328,45.553842,1
25-212323,-122.74758,45.59247,1
25-212313,-122.563739,45.520646,1
25-212305,-122.662579,45.535435,1
25-212303,-122.689295,45.524967,1
25-212199,-122.580541,45.465165,1
25-212196,-122.667056,45.518532,1
25-212195,-122.624116,45.571303,1
25-212194,-122.666139,45.532584,1
26-109537,-122.556004,45.478875,1
26-109535,-122.573193,45.482043,1
26-109532,-122.608602,45.496912,1
26-109517,-122.650638,45.533991,1
26-109494,-122.658167,45.524317,1
25-212249,-122.693336,45.516165,1
25-212243,-122.678436,45.525805,1
25-212233,-122.695269,45.528385,1
25-212232,-122.686376,45.528591,1
25-212214,-122.586355,45.503456,1
25-212278,-122.557981,45.537625,1
25-212273,-122.57792,45.511969,1
25-212166,-122.692459,45.535477,1
25-212165,-122.662077,45.582006,1
25-212156,-122.56058,45.495095,1
25-212152,-122.642395,45.519398,1
25-212145,-122.575595,45.480573,1
25-212143,-122.670267,45.485291,1
25-212140,-122.686887,45.582392,1
25-212139,-122.677474,45.507968,1
25-212130,-122.652419,45.523,1
26-109575,-122.660261,45.525096,1
26-109562,-122.496722,45.512724,1
26-109561,-122.585762,45.497199,1
26-109558,-122.657236,45.501689,1
26-109550,-122.59375,45.52436,1
25-212213,-122.674305,45.523687,1
25-212206,-122.76372,45.645031,1
25-212038,-122.602377,45.529257,1
25-212028,-122.560932,45.522964,1
25-212022,-122.58534,45.485193,1
25-212014,-122.656031,45.479288,1
26-109603,-122.602788,45.492774,1
26-109598,-122.652594,45.529851,1
26-109597,-122.664942,45.513189,1
26-109581,-122.671795,45.526818,1
26-109578,-122.67584,45.525871,1
25-212111,-122.750201,45.596063,1
25-212105,-122.568553,45.533458,1
25-212104,-122.681314,45.52868,1
25-212076,-122.677633,45.523277,1
25-212069,-122.618119,45.505702,1
25-212063,-122.664354,45.526733,1
25-212169,-122.546039,45.548005,1
25-201584,-122.64347,45.57868,1
26-109665,-122.702313,45.464414,1
26-109657,-122.50156,45.521944,1
26-109634,-122.647569,45.57953,1
26-109631,-122.671484,45.520284,1
26-109623,-122.6535,45.503465,1
25-201644,-122.6876,45.5622,1
25-201638,-122.658682,45.51936,1
25-201620,-122.59429,45.534883,1
25-201709,-122.532188,45.483385,1
25-201700,-122.504087,45.549433,1
25-201694,-122.677299,45.521342,1
25-201691,-122.67554,45.526647,1
25-201686,-122.53236,45.49697,1
25-201724,-122.68939,45.58175,1
25-201723,-122.669874,45.523059,1
25-201537,-122.689491,45.534544,1
25-201519,-122.673876,45.513685,1
25-201501,-122.692652,45.535442,1
25-201500,-122.639512,45.462478,1
25-201496,-122.570604,45.497397,1
26-109700,-122.563096,45.464879,1
26-109696,-122.640901,45.497254,1
26-109674,-122.608042,45.497483,1
26-109673,-122.588109,45.477628,1
26-109672,-122.568519,45.523775,1
26-109670,-122.684423,45.515388,1
25-201609,-122.66113,45.516219,1
25-201608,-122.567255,45.489939,1
25-201599,-122.660728,45.519748,1
25-201590,-122.672469,45.567436,1
25-201585,-122.513877,45.503491,1
25-201358,-122.686222,45.525405,1
25-201341,-122.649291,45.490585,1
25-201334,-122.565912,45.472355,1
26-109730,-122.60806,45.527773,1
26-109726,-122.572381,45.532073,1
26-109724,-122.519818,45.551979,1
26-109721,-122.673208,45.541806,1
25-201398,-122.577993,45.51124,1
25-201396,-122.665558,45.513732,1
25-201387,-122.496743,45.50367,1
25-201372,-122.685646,45.590115,1
25-201477,-122.625848,45.520287,1
25-201475,-122.58105,45.56768,1
25-201450,-122.667,45.53977,1
25-201444,-122.737069,45.597044,1
25-201546,-122.555568,45.532676,1
25-190804,-122.54905,45.49783,1
26-119220,-122.690892,45.469786,1
26-119218,-122.573347,45.467377,1
26-109743,-122.67654,45.52899,1
26-109742,-122.567478,45.5047,1
25-201244,-122.485294,45.490518,1
25-201231,-122.677441,45.507824,1
25-201227,-122.656211,45.519305,1
25-201218,-122.547311,45.534157,1
25-201211,-122.66021,45.526413,1
25-201305,-122.568566,45.468431,1
25-201275,-122.680333,45.527079,1
25-201258,-122.659913,45.504501,1
25-201368,-122.731898,45.588893,1
25-201367,-122.567954,45.518991,1
25-201359,-122.53475,45.4827,1
25-190631,-122.579597,45.486523,1
26-119283,-122.762411,45.587489,1
26-119277,-122.648819,45.464227,1
25-190694,-122.65772,45.514365,1
25-190686,-122.617465,45.480626,1
25-190680,-122.487291,45.504287,1
25-190676,-122.561084,45.475617,1
25-190739,-122.65508,45.52333,1
25-190727,-122.691531,45.585428,1
25-190794,-122.590175,45.473666,1
25-190792,-122.498367,45.550039,1
25-190775,-122.56245,45.504387,1
25-190762,-122.664499,45.498255,1
25-201205,-122.555151,45.579085,1
25-201184,-122.537227,45.512938,1
25-201181,-122.672578,45.546327,1
25-190605,-122.568603,45.482818,1
25-190596,-122.639861,45.529973,1
25-190590,-122.503896,45.551356,1
25-190586,-122.659758,45.512945,1
26-119355,-122.681757,45.528997,1
26-119354,-122.672675,45.539817,1
26-119345,-122.618274,45.512244,1
26-119343,-122.494485,45.494957,1
26-119341,-122.547807,45.473993,1
26-119335,-122.67599,45.54132,1
26-119318,-122.560757,45.558971,1
25-190651,-122.518188,45.55045,1
25-190645,-122.537679,45.531304,1
25-190643,-122.555654,45.518684,1
25-190641,-122.524181,45.553683,1
25-190636,-122.620581,45.48135,1
25-190579,-122.610877,45.522932,1
25-190575,-122.677218,45.521868,1
25-190566,-122.656576,45.521007,1
25-190543,-122.532669,45.481535,1
25-190533,-122.663784,45.517237,1
26-119397,-122.668139,45.512546,1
26-119395,-122.610916,45.490166,1
26-119390,-122.68633,45.55038,1
26-119388,-122.678098,45.503495,1
26-119386,-122.694816,45.536996,1
26-119375,-122.662098,45.564986,1
26-119373,-122.661629,45.519774,1
26-119369,-122.654028,45.480672,1
26-119368,-122.659822,45.520346,1
26-119364,-122.665028,45.512986,1
25-190618,-122.54497,45.57179,1
25-190413,-122.546591,45.533654,1
25-190397,-122.540104,45.532442,1
25-190396,-122.540265,45.533075,1
26-119433,-122.596838,45.496737,1
26-119431,-122.689728,45.534766,1
26-119423,-122.556272,45.567271,1
26-119408,-122.697602,45.553296,1
26-119402,-122.60124,45.55641,1
25-190495,-122.647049,45.579588,1
25-190487,-122.614878,45.551172,1
25-190445,-122.63591,45.534412,1
25-190442,-122.578478,45.48192,1
25-190524,-122.684777,45.51963,1
25-190509,-122.762821,45.590486,1
25-190500,-122.691182,45.555694,1
25-190499,-122.608727,45.479163,1
25-190319,-122.646544,45.517179,1
25-190313,-122.584698,45.485568,1
25-179321,-122.65656,45.51432,1
26-119483,-122.72385,45.59476,1
26-119460,-122.657641,45.520383,1
26-119458,-122.484944,45.486581,1
26-119457,-122.553654,45.48988,1
26-119447,-122.571394,45.530889,1
26-119438,-122.538186,45.557074,1
26-119435,-122.77909,45.623805,1
25-190374,-122.561899,45.524136,1
25-190367,-122.579273,45.503499,1
25-190360,-122.662673,45.523086,1
25-190355,-122.623397,45.523624,1
25-190349,-122.675864,45.526712,1
25-190438,-122.659822,45.520275,1
25-179098,-122.580219,45.474488,1
25-179080,-122.656673,45.519353,1
25-179075,-122.661136,45.501679,1
26-119541,-122.690806,45.534868,1
26-119528,-122.567221,45.497569,1
26-119525,-122.68958,45.5263,1
25-179218,-122.654334,45.527878,1
25-179208,-122.731619,45.591155,1
25-179202,-122.574051,45.496458,1
25-179192,-122.638241,45.511559,1
25-179176,-122.600314,45.497361,1
25-179165,-122.676522,45.503667,1
25-179281,-122.76217,45.586516,1
25-179279,-122.679246,45.51279,1
25-190330,-122.639588,45.487076,1
25-190329,-122.65568,45.50667,1
25-178944,-122.577224,45.51878,1
25-178943,-122.75994,45.586486,1
25-178938,-122.510654,45.522212,1
26-119552,-122.679353,45.551429,1
25-179003,-122.580986,45.496173,1
25-178977,-122.572173,45.496419,1
25-179065,-122.550355,45.498159,1
25-179062,-122.547584,45.548081,1
25-179058,-122.571452,45.530871,1
25-179039,-122.677633,45.529887,1
25-179027,-122.584457,45.527784,1
25-179023,-122.585186,45.571548,1
25-179018,-122.538028,45.556011,1
25-179140,-122.557968,45.518419,1
25-179133,-122.680116,45.569902,1
25-179113,-122.658054,45.522285,1
25-178848,-122.66112,45.504956,1
25-178846,-122.760547,45.587104,1
26-119639,-122.506056,45.526566,1
26-119636,-122.537368,45.539734,1
26-119634,-122.662627,45.518053,1
26-119629,-122.579704,45.486538,1
26-119621,-122.673458,45.479806,1
26-119617,-122.539015,45.505215,1
26-119605,-122.611389,45.479167,1
25-178925,-122.496709,45.503619,1
25-178909,-122.696214,45.552534,1
25-178902,-122.494945,45.502844,1
25-178899,-122.67798,45.5229,1
25-178896,-122.73702,45.593827,1
25-178968,-122.684252,45.507151,1
25-178950,-122.755984,45.58507,1
25-178704,-122.59722,45.49013,1
26-119674,-122.58933,45.485538,1
26-119660,-122.579688,45.472063,1
26-119659,-122.691793,45.554563,1
26-119645,-122.573777,45.474236,1
25-178758,-122.580299,45.535754,1
25-178737,-122.538908,45.504808,1
25-178832,-122.566561,45.517698,1
25-178829,-122.561851,45.529123,1
25-178794,-122.648572,45.517186,1
25-178882,-122.697888,45.554372,1
25-178867,-122.562159,45.524413,1
25-178866,-122.61135,45.49178,1
25-178863,-122.628362,45.519836,1
25-178854,-122.49628,45.533657,1
25-178853,-122.555086,45.475981,1
25-167978,-122.586713,45.465962,1
25-167964,-122.674913,45.517324,1
25-167963,-122.673296,45.516121,1
25-167956,-122.690801,45.526634,1
25-167954,-122.656607,45.520779,1
26-119759,-122.534262,45.558843,1
26-119744,-122.662633,45.561621,1
26-119739,-122.49923,45.52717,1
26-119730,-122.508095,45.513815,1
25-168030,-122.758519,45.59006,1
25-168026,-122.702787,45.533992,1
25-168022,-122.665812,45.45926,1
25-168020,-122.680421,45.512591,1
25-168019,-122.572194,45.525754,1
25-178726,-122.671366,45.509675,1
25-178717,-122.658942,45.520075,1
25-167891,-122.624953,45.538219,1
25-167889,-122.763798,45.593059,1
25-167877,-122.659011,45.527019,1
26-129749,-122.555767,45.490694,1
26-129735,-122.516989,45.518404,1
26-129729,-122.5301,45.55549,1
26-129716,-122.678944,45.580169,1
26-119766,-122.649975,45.48516,1
26-119760,-122.659669,45.565991,1
25-167944,-122.623329,45.571064,1
25-167938,-122.685367,45.584607,1
25-167931,-122.647537,45.527394,1
25-167926,-122.594504,45.526157,1
25-167911,-122.667819,45.537143,1
25-167908,-122.578693,45.539395,1
25-167979,-122.696957,45.539102,1
25-167721,-122.657247,45.512305,1
26-129792,-122.609633,45.478306,1
26-129780,-122.690775,45.535464,1
26-129772,-122.70627,45.58458,1
26-129764,-122.588877,45.560957,1
26-129761,-122.69996,45.50649,1
25-167804,-122.522219,45.49054,1
25-167789,-122.57108,45.46286,1
25-167756,-122.563098,45.519786,1
25-167849,-122.556399,45.532021,1
25-167837,-122.620582,45.485684,1
25-167833,-122.62105,45.56302,1
25-167822,-122.688649,45.534966,1
25-167820,-122.492554,45.493599,1
25-167819,-122.64667,45.49925,1
25-167895,-122.549787,45.468349,1
25-167637,-122.682349,45.594522,1
25-167635,-122.567398,45.471472,1
25-167634,-122.698301,45.463486,1
25-167631,-122.729704,45.592002,1
26-129844,-122.657869,45.503941,1
26-129836,-122.682577,45.582899,1
26-129819,-122.601505,45.492381,1
25-167712,-122.652896,45.481523,1
25-167710,-122.573429,45.4748,1
25-167708,-122.558675,45.476155,1
25-167685,-122.64296,45.463094,1
25-167683,-122.62415,45.50759,1
25-167746,-122.496384,45.516046,1
25-167741,-122.678181,45.517294,1
25-167740,-122.685231,45.523906,1
25-167724,-122.660961,45.536445,1
25-167573,-122.569715,45.470394,1
25-167570,-122.654369,45.577331,1
25-167558,-122.624323,45.463322,1
25-167554,-122.6184,45.536855,1
25-167552,-122.551093,45.576426,1
26-129879,-122.660964,45.464992,1
26-129877,-122.542126,45.526647,1
26-129870,-122.687449,45.529281,1
26-129867,-122.581751,45.481046,1
26-129860,-122.577432,45.481153,1
26-129856,-122.761893,45.586331,1
25-167621,-122.685423,45.577035,1
25-167615,-122.661232,45.515841,1
25-167604,-122.753838,45.587101,1
25-167590,-122.620423,45.568638,1
25-167661,-122.730522,45.58599,1
25-156562,-122.639159,45.46375,1
25-156555,-122.668018,45.512261,1
25-156553,-122.529691,45.522323,1
26-129900,-122.688634,45.534277,1
26-129899,-122.68313,45.507704,1
26-129887,-122.6535,45.59751,1
26-129886,-122.659505,45.462956,1
25-156665,-122.543107,45.531571,1
25-156657,-122.657568,45.535407,1
25-156655,-122.566931,45.481434,1
25-156646,-122.561918,45.529478,1
25-156624,-122.686933,45.523882,1
25-156613,-122.614432,45.478436,1
25-167537,-122.568809,45.482242,1
25-156672,-122.678009,45.509777,1
25-167580,-122.625763,45.51944,1
25-156380,-122.69284,45.60997,1
25-156376,-122.484609,45.492781,1
25-156370,-122.654457,45.510144,1
26-129964,-122.559657,45.48409,1
26-129959,-122.558056,45.533538,1
26-129949,-122.75695,45.5931,1
26-129948,-122.71736,45.472867,1
26-129938,-122.666597,45.572554,1
25-156482,-122.717489,45.58145,1
25-156468,-122.543352,45.532264,1
25-156437,-122.679623,45.525223,1
25-156528,-122.643125,45.497741,1
25-156521,-122.660465,45.5675,1
25-156517,-122.668838,45.572726,1
25-156603,-122.662128,45.526112,1
25-156563,-122.633623,45.577922,1
25-156295,-122.687443,45.530128,1
25-156294,-122.556178,45.560475,1
25-156289,-122.735418,45.593523,1
25-156281,-122.691438,45.555997,1
25-156266,-122.59607,45.49108,1
25-156245,-122.684192,45.515831,1
26-130011,-122.53331,45.51921,1
26-129989,-122.672774,45.539604,1
26-129981,-122.606127,45.498456,1
26-129973,-122.649285,45.498178,1
26-129969,-122.498707,45.504679,1
25-156359,-122.566438,45.475528,1
25-156329,-122.541994,45.48307,1
25-156405,-122.530086,45.518577,1
25-156389,-122.537697,45.512916,1
25-156387,-122.500284,45.550583,1
25-156163,-122.670089,45.536528,1
25-156160,-122.660138,45.525193,1
25-156159,-122.589108,45.479656,1
25-156153,-122.57744,45.532468,1
25-156145,-122.660959,45.508213,1
26-130074,-122.743413,45.585933,1
26-130056,-122.658993,45.464791,1
26-130028,-122.681945,45.579764,1
26-130022,-122.567178,45.478571,1
25-156237,-122.657335,45.510873,1
25-156220,-122.651185,45.517118,1
25-156210,-122.577998,45.483472,1
25-156204,-122.644072,45.517083,1
25-156203,-122.676454,45.508076,1
25-156186,-122.52172,45.51839,1
25-156308,-122.688406,45.512018,1
25-156053,-122.661639,45.535787,1
25-145516,-122.648568,45.517899,1
26-130135,-122.659872,45.465682,1
26-130117,-122.734559,45.554974,1
26-130104,-122.557452,45.477382,1
26-130098,-122.666719,45.533803,1
25-156128,-122.585481,45.471212,1
25-156112,-122.510208,45.521817,1
25-156102,-122.662247,45.547453,1
25-156089,-122.557762,45.560755,1
25-156073,-122.693273,45.587312,1
25-156071,-122.654302,45.522131,1
25-156177,-122.59706,45.49537,1
25-156172,-122.762694,45.591674,1
25-156171,-122.700398,45.538349,1
25-156169,-122.49976,45.5251,1
25-145397,-122.671414,45.519851,1
25-145387,-122.607358,45.473566,1
25-145369,-122.563624,45.524573,1
26-130191,-122.672457,45.525639,1
26-130189,-122.695294,45.539062,1
26-130179,-122.578658,45.533827,1
26-130163,-122.664604,45.520148,1
26-130154,-122.659789,45.519064,1
26-130152,-122.723576,45.519147,1
26-130149,-122.50143,45.51761,1
25-145492,-122.68,45.57911,1
25-145477,-122.740054,45.59159,1
25-145475,-122.651802,45.549173,1
25-145464,-122.564217,45.514025,1
25-145458,-122.525687,45.486004,1
25-156067,-122.607331,45.541323,1
25-145323,-122.757239,45.608978,1
25-145322,-122.687164,45.590818,1
26-130232,-122.564753,45.475764,1
26-130225,-122.68002,45.50863,1
26-130219,-122.727585,45.592726,1
26-130217,-122.728824,45.591675,1
26-130213,-122.689589,45.577454,1
26-130206,-122.508042,45.520125,1
26-130203,-122.560279,45.494261,1
25-145444,-122.622876,45.534875,1
25-145425,-122.643511,45.528903,1
25-145422,-122.597089,45.526475,1
25-145420,-122.666449,45.590298,1
25-145414,-122.558556,45.567059,1
25-145412,-122.683682,45.525115,1
25-145410,-122.644841,45.529832,1
25-145179,-122.536947,45.532383,1
25-145174,-122.542005,45.533822,1
25-145164,-122.566835,45.482862,1
25-145160,-122.605483,45.524822,1
26-130249,-122.614739,45.538993,1
26-130236,-122.667677,45.560527,1
26-130234,-122.694387,45.526954,1
25-145250,-122.499431,45.499301,1
25-145222,-122.682146,45.555791,1
25-145213,-122.704936,45.537873,1
25-145270,-122.725981,45.59381,1
25-145257,-122.661554,45.504851,1
25-145363,-122.667654,45.585439,1
25-145355,-122.62302,45.56658,1
25-145337,-122.564477,45.467782,1
25-145328,-122.638037,45.529907,1
25-145034,-122.691203,45.52387,1
25-145022,-122.577748,45.546337,1
26-140170,-122.663287,45.516482,1
26-140167,-122.649932,45.474865,1
26-140160,-122.70825,45.53782,1
26-140149,-122.640576,45.487692,1
26-140147,-122.696106,45.537363,1
26-140143,-122.683323,45.515888,1
26-140141,-122.568487,45.523233,1
25-145109,-122.688467,45.529976,1
25-145090,-122.510331,45.503508,1
25-145089,-122.635387,45.494729,1
25-145071,-122.63891,45.51736,1
25-145070,-122.649768,45.4857,1
25-145146,-122.553617,45.557368,1
25-145128,-122.67327,45.523272,1
25-134662,-122.649436,45.499965,1
25-134656,-122.688792,45.51455,1
26-140213,-122.561049,45.476843,1
26-140209,-122.542828,45.504195,1
26-140205,-122.657622,45.459721,1
26-140202,-122.686253,45.525021,1
25-144962,-122.565182,45.472716,1
25-134696,-122.63849,45.48661,1
25-134685,-122.65545,45.511452,1
25-134682,-122.511185,45.552559,1
25-145006,-122.703096,45.547029,1
25-145004,-122.699647,45.544907,1
25-144996,-122.578547,45.559174,1
25-144984,-122.687118,45.527156,1
25-145061,-122.579935,45.52351,1
25-145049,-122.72064,45.467972,1
25-134509,-122.63707,45.50941,1
25-134499,-122.559394,45.52666,1
26-140245,-122.564093,45.46704,1
26-140227,-122.672935,45.521021,1
26-140226,-122.663489,45.464363,1
26-140219,-122.60088,45.556669,1
25-134572,-122.682567,45.513723,1
25-134567,-122.569941,45.464066,1
25-134564,-122.686597,45.534295,1
25-134552,-122.560834,45.523173,1
25-134623,-122.727242,45.583256,1
25-134621,-122.563702,45.477595,1
25-134612,-122.673962,45.500675,1
25-134679,-122.677966,45.545113,1
25-134678,-122.661361,45.515898,1
25-134676,-122.510911,45.504609,1
25-134423,-122.564523,45.508742,1
25-134410,-122.510422,45.501753,1
25-134392,-122.566835,45.479016,1
25-134382,-122.579043,45.463468,1
26-140292,-122.659827,45.520162,1
26-140284,-122.553817,45.5045,1
26-140265,-122.571722,45.50361,1
26-140261,-122.660058,45.496758,1
26-140258,-122.659687,45.496213,1
26-140256,-122.664649,45.520075,1
26-140253,-122.657686,45.465823,1
25-134493,-122.63126,45.51842,1
25-134491,-122.758601,45.590071,1
25-134470,-122.58119,45.572506,1
25-134454,-122.673986,45.525329,1
25-134435,-122.512904,45.504272,1
25-134280,-122.688046,45.532143,1
25-134275,-122.657496,45.510869,1
25-134272,-122.554824,45.476822,1
25-134269,-122.682193,45.556097,1
25-134267,-122.529466,45.560185,1
25-134262,-122.565247,45.472769,1
26-140319,-122.540367,45.521082,1
26-140318,-122.542921,45.52107,1
26-140304,-122.657295,45.505841,1
25-134335,-122.632136,45.518303,1
25-134329,-122.509269,45.523652,1
25-134322,-122.55234,45.489685,1
25-134301,-122.5596,45.49009,1
25-134359,-122.671026,45.525859,1
25-134355,-122.49331,45.561008,1
25-134425,-122.564689,45.495857,1
25-123978,-122.590234,45.482507,1
25-123970,-122.519274,45.480825,1
25-123969,-122.688209,45.529918,1
25-123968,-122.641314,45.529813,1
26-140358,-122.683146,45.557562,1
26-140354,-122.555459,45.50422,1
25-124039,-122.672549,45.524803,1
25-124022,-122.499066,45.54813,1
25-124003,-122.684788,45.53143,1
25-134257,-122.542917,45.522609,1
25-134250,-122.667433,45.540948,1
25-134235,-122.698837,45.539293,1
25-134231,-122.673876,45.524574,1
25-134230,-122.508096,45.515885,1
25-134291,-122.670542,45.516816,1
25-134283,-122.653523,45.535761,1
25-123895,-122.676483,45.526246,1
25-123888,-122.691802,45.53629,1
25-123880,-122.609836,45.496827,1
26-140433,-122.715418,45.48549,1
26-140403,-122.690715,45.535523,1
26-140392,-122.676927,45.508516,1
25-123946,-122.690356,45.527705,1
25-123945,-122.55835,45.55609,1
25-123939,-122.60857,45.496905,1
25-123938,-122.58797,45.497241,1
25-123914,-122.533229,45.522622,1
25-123911,-122.581457,45.526431,1
25-123993,-122.563405,45.504185,1
25-123991,-122.531405,45.555083,1
25-123987,-122.6152,45.512197,1
25-123984,-122.565939,45.516589,1
25-123792,-122.66259,45.53327,1
25-123785,-122.664784,45.506456,1
25-123782,-122.7126,45.53689,1
25-123779,-122.501611,45.517745,1
26-140449,-122.696729,45.536073,1
26-140446,-122.645984,45.523612,1
25-123834,-122.56684,45.505003,1
25-123827,-122.629309,45.496028,1
25-123817,-122.545433,45.503997,1
25-123812,-122.689884,45.521338,1
25-123809,-122.758977,45.589599,1
25-123868,-122.673388,45.526295,1
25-123850,-122.689573,45.525022,1
25-123846,-122.603114,45.553949,1
25-123907,-122.61888,45.53507,1
25-123896,-122.688382,45.512287,1
25-123753,-122.59103,45.53407,1
25-123752,-122.55038,45.491682,1
25-123749,-122.537601,45.528518,1
25-123745,-122.631732,45.493352,1
25-123741,-122.649774,45.482449,1
25-123736,-122.661645,45.517892,1
25-123734,-122.661077,45.525106,1
25-123729,-122.549298,45.474434,1
25-123723,-122.552537,45.475246,1
25-123718,-122.523681,45.502738,1
26-140527,-122.564517,45.47795,1
26-140503,-122.688083,45.533633,1
26-140497,-122.646453,45.513661,1
26-140494,-122.688017,45.590662,1
25-123806,-122.622507,45.506152,1
25-123796,-122.637087,45.464194,1
25-123527,-122.496071,45.548166,1
26-140577,-122.631406,45.496372,1
26-140575,-122.513341,45.517354,1
26-140568,-122.611389,45.479167,1
26-140555,-122.568573,45.465217,1
26-140554,-122.687896,45.524978,1
26-140549,-122.519762,45.560217,1
25-123668,-122.547711,45.548044,1
25-123642,-122.583311,45.572374,1
25-123609,-122.589623,45.535739,1
25-123604,-122.636636,45.53305,1
25-123711,-122.616649,45.538999,1
25-123706,-122.545624,45.54742,1
25-123702,-122.688653,45.534622,1
25-123694,-122.762137,45.590845,1
25-123679,-122.537413,45.480603,1
25-113004,-122.696778,45.465443,1
25-113003,-122.680227,45.57719,1
25-112999,-122.701374,45.515115,1
25-112997,-122.685995,45.521214,1
25-112991,-122.635993,45.517474,1
25-112986,-122.673093,45.518752,1
26-149618,-122.656992,45.501728,1
26-149612,-122.679128,45.52444,1
26-140607,-122.492505,45.483123,1
26-140605,-122.651586,45.522189,1
26-140600,-122.537802,45.495674,1
26-140588,-122.68887,45.551338,1
25-123597,-122.589301,45.478933,1
25-123578,-122.513223,45.519952,1
25-123559,-122.588587,45.475199,1
25-123531,-122.6789,45.526471,1
25-112863,-122.689304,45.534863,1
26-149667,-122.51142,45.49875,1
26-149644,-122.72766,45.592678,1
26-149639,-122.66223,45.5208,1
26-149634,-122.677613,45.554302,1
26-149621,-122.732027,45.588886,1
25-112942,-122.67316,45.59716,1
25-112938,-122.577252,45.544507,1
25-112922,-122.686145,45.515828,1
25-112917,-122.553976,45.519632,1
25-112908,-122.58811,45.479309,1
25-112907,-122.572351,45.480343,1
25-112982,-122.670691,45.540398,1
25-112949,-122.55949,45.5558,1
25-113008,-122.565928,45.522541,1
25-113007,-122.566341,45.527418,1
25-112786,-122.520239,45.56011,1
25-112771,-122.56868,45.463758,1
26-149703,-122.630869,45.52029,1
26-149696,-122.496867,45.497337,1
26-149688,-122.591261,45.487364,1
26-149685,-122.757155,45.588702,1
26-149680,-122.680221,45.52656,1
25-112856,-122.521137,45.554749,1
25-112846,-122.57173,45.556617,1
25-112842,-122.506706,45.519159,1
25-112811,-122.662761,45.516533,1
25-112801,-122.711194,45.538866,1
25-112800,-122.668739,45.562707,1
25-112881,-122.549379,45.476045,1
25-112877,-122.639356,45.529951,1
25-112864,-122.557651,45.516832,1
25-112664,-122.5379,45.54166,1
25-112660,-122.559115,45.475701,1
26-149730,-122.631539,45.484578,1
26-149727,-122.56922,45.55563,1
26-149721,-122.518297,45.560262,1
26-149715,-122.69793,45.540541,1
26-149708,-122.655635,45.522915,1
26-149705,-122.661165,45.465382,1
25-112759,-122.563499,45.534192,1
25-112758,-122.542063,45.486808,1
25-112754,-122.646089,45.498778,1
25-112743,-122.659657,45.528638,1
25-112712,-122.655101,45.520024,1
25-112711,-122.658035,45.525777,1
25-112710,-122.559673,45.49567,1
25-112796,-122.60114,45.46845,1
25-112597,-122.646514,45.526039,1
25-112595,-122.688065,45.532385,1
25-112573,-122.674456,45.51412,1
26-149776,-122.685292,45.526467,1
26-149769,-122.653091,45.520035,1
26-149767,-122.654358,45.51996,1
26-149746,-122.682846,45.601477,1
26-149741,-122.677744,45.571496,1
25-112644,-122.614424,45.480615,1
25-112635,-122.681092,45.506534,1
25-112624,-122.570869,45.469614,1
25-112617,-122.523949,45.556504,1
25-112613,-122.718587,45.531044,1
25-112695,-122.553539,45.533824,1
25-112682,-122.647822,45.499953,1
25-112673,-122.664722,45.528657,1
25-102570,-122.680466,45.511557,1
25-102561,-122.762267,45.599678,1
25-102534,-122.63258,45.53115,1
25-102532,-122.688379,45.515138,1
25-102522,-122.656284,45.511569,1
25-102514,-122.500241,45.552931,1
26-149834,-122.581442,45.465032,1
26-149832,-122.5809,45.494922,1
26-149822,-122.56245,45.47721,1
25-112570,-122.591457,45.534973,1
25-112563,-122.537454,45.531252,1
25-112542,-122.695176,45.46628,1
25-112533,-122.746655,45.581946,1
25-112526,-122.57184,45.464984,1
25-102575,-122.535723,45.531312,1
25-112602,-122.658786,45.533022,1
25-102444,-122.723169,45.467459,1
25-102443,-122.682374,45.547717,1
25-102436,-122.510597,45.504222,1
25-102434,-122.564752,45.478014,1
26-149912,-122.668147,45.513761,1
26-149911,-122.677327,45.52126,1
26-149903,-122.508888,45.503998,1
26-149894,-122.574195,45.466231,1
26-149893,-122.699111,45.526279,1
26-149892,-122.569774,45.556575,1
26-149888,-122.606606,45.532352,1
26-149865,-122.574034,45.467978,1
26-149859,-122.543414,45.530114,1
26-149840,-122.50187,45.51761,1
25-102505,-122.655706,45.512219,1
25-102487,-122.63592,45.53467,1
25-102311,-122.559174,45.545689,1
25-102299,-122.75342,45.58713,1
25-102293,-122.647419,45.48424,1
26-149936,-122.597117,45.477985,1
26-149931,-122.711099,45.538543,1
26-149928,-122.504701,45.504341,1
26-149919,-122.678039,45.530151,1
25-102383,-122.677004,45.507804,1
25-102382,-122.686582,45.529303,1
25-102378,-122.671065,45.522375,1
25-102375,-122.630863,45.534859,1
25-102373,-122.57737,45.532482,1
25-102370,-122.653373,45.520026,1
25-102358,-122.624894,45.534208,1
25-102457,-122.56482,45.476893,1
25-102450,-122.662793,45.517173,1
26-150099,-122.615495,45.497151,1
26-150088,-122.687418,45.52857,1
26-150067,-122.67623,45.53746,1
26-150046,-122.68708,45.536472,1
26-150032,-122.578513,45.496779,1
25-102132,-122.667643,45.510842,1
25-102131,-122.572715,45.466227,1
25-102112,-122.57612,45.464639,1
25-102089,-122.665325,45.593437,1
25-102079,-122.51774,45.550006,1
25-102077,-122.494961,45.500893,1
25-102071,-122.676817,45.554829,1
25-102183,-122.658816,45.520715,1
25-102179,-122.566848,45.492879,1
25-102175,-122.566607,45.49944,1
25-102173,-122.567009,45.506148,1
25-222200,-122.685407,45.593054,1
25-222198,-122.564549,45.479038,1
25-222195,-122.661232,45.504888,1
25-222194,-122.662224,45.590218,1
25-222192,-122.662777,45.535659,1
25-222185,-122.530032,45.496711,1
25-222180,-122.653531,45.576966,1
25-222176,-122.677569,45.52661,1
25-222171,-122.667616,45.585414,1
25-222170,-122.520897,45.560247,1
25-102027,-122.667615,45.462247,1
26-150130,-122.52476,45.56492,1
26-150129,-122.660968,45.504883,1
26-150121,-122.656701,45.515074,1
26-150117,-122.517251,45.504605,1
26-150115,-122.679012,45.525912,1
