"date_gmt","time_gmt","aqsid","site_name","gmt_offset","parameter","units","value","agency"
"08/01/26","00:00","410050004","Portland - Spangler","-8","PM2.5","UG/M3","2.4","Oregon Dept. of Environmental Quality"
"08/01/26","00:00","410050102","Multorpor","-8","PM2.5","UG/M3","4.1","Oregon Dept. of Environmental Quality"
"08/01/26","00:00","410670004","Hillsboro - Hare Fie","-8","PM2.5","UG/M3","2.2","Oregon Dept. of Environmental Quality"
"08/01/26","00:00","410670005","Portland Near Road","-8","PM2.5","UG/M3","2.7","Oregon Dept. of Environmental Quality"
"08/01/26","00:00","410670111","Beaverton - Highland","-8","PM2.5","UG/M3","2.1","Oregon Dept. of Environmental Quality"
"08/01/26","01:00","410050004","Portland - Spangler","-8","PM2.5","UG/M3","2.9","Oregon Dept. of Environmental Quality"
"08/01/26","01:00","410050102","Multorpor","-8","PM2.5","UG/M3","3.4","Oregon Dept. of Environmental Quality"
"08/01/26","01:00","410670004","Hillsboro - Hare Fie","-8","PM2.5","UG/M3","2.3","Oregon Dept. of Environmental Quality"
"08/01/26","01:00","410670005","Portland Near Road","-8","PM2.5","UG/M3","3.5","Oregon Dept. of Environmental Quality"
"08/01/26","01:00","410670111","Beaverton - Highland","-8","PM2.5","UG/M3","2.3","Oregon Dept. of Environmental Quality"
"08/01/26","02:00","410050004","Portland - Spangler","-8","PM2.5","UG/M3","3.1","Oregon Dept. of Environmental Quality"
"08/01/26","02:00","410050102","Multorpor","-8","PM2.5","UG/M3","2.9","Oregon Dept. of Environmental Quality"
"08/01/26","02:00","410670004","Hillsboro - Hare Fie","-8","PM2.5","UG/M3","3.2","Oregon Dept. of Environmental Quality"
"08/01/26","02:00","410670005","Portland Near Road","-8","PM2.5","UG/M3","4.6","Oregon Dept. of Environmental Quality"
"08/01/26","02:00","410670111","Beaverton - Highland","-8","PM2.5","UG/M3","2.9","Oregon Dept. of Environmental Quality"
"08/01/26","03:00","410050004","Portland - Spangler","-8","PM2.5","UG/M3","3.8","Oregon Dept. of Environmental Quality"
"08/01/26","03:00","410050102","Multorpor","-8","PM2.5","UG/M3","2.6","Oregon Dept. of Environmental Quality"
"08/01/26","03:00","410670004","Hillsboro - Hare Fie","-8","PM2.5","UG/M3","2.6","Oregon Dept. of Environmental Quality"
"08/01/26","03:00","410670005","Portland Near Road","-8","PM2.5","UG/M3","4.3","Oregon Dept. of Environmental Quality"
"08/01/26","03:00","410670111","Beaverton - Highland","-8","PM2.5","UG/M3","2.9","Oregon Dept. of Environmental Quality"
"08/01/26","04:00","410050004","Portland - Spangler","-8","PM2.5","UG/M3","3.2","Oregon Dept. of Environmental Quality"
"08/01/26","04:00","410050102","Multorpor","-8","PM2.5","UG/M3","2.5","Oregon Dept. of Environmental Quality"
"08/01/26","04:00","410670004","Hillsboro - Hare Fie","-8","PM2.5","UG/M3","2.2","Oregon Dept. of Environmental Quality"
"08/01/26","04:00","410670005","Portland Near Road","-8","PM2.5","UG/M3","3.4","Oregon Dept. of Environmental Quality"
"08/01/26","04:00","410670111","Beaverton - Highland","-8","PM2.5","UG/M3","2.5","Oregon Dept. of Environmental Quality"
"08/01/26","05:00","410050004","Portland - Spangler","-8","PM2.5","UG/M3","2.7","Oregon Dept. of Environmental Quality"
"08/01/26","05:00","410050102","Multorpor","-8","PM2.5","UG/M3","2.6","Oregon Dept. of Environmental Quality"
"08/01/26","05:00","410670004","Hillsboro - Hare Fie","-8","PM2.5","UG/M3","2","Oregon Dept. of Environmental Quality"
"08/01/26","05:00","410670005","Portland Near Road","-8","PM2.5","UG/M3","3","Oregon Dept. of Environmental Quality"
"08/01/26","05:00","410670111","Beaverton - Highland","-8","PM2.5","UG/M3","2.1","Oregon Dept. of Environmental Quality"
"08/01/26","06:00","410050004","Portland - Spangler","-8","PM2.5","UG/M3","2.3","Oregon Dept. of Environmental Quality"
"08/01/26","06:00","410050102","Multorpor","-8","PM2.5","UG/M3","2.8","Oregon Dept. of Environmental Quality"
"08/01/26","06:00","410670004","Hillsboro - Hare Fie","-8","PM2.5","UG/M3","2.1","Oregon Dept. of Environmental Quality"
"08/01/26","06:00","410670005","Portland Near Road","-8","PM2.5","UG/M3","2.8","Oregon Dept. of Environmental Quality"
"08/01/26","06:00","410670111","Beaverton - Highland","-8","PM2.5","UG/M3","2.1","Oregon Dept. of Environmental Quality"
"08/01/26","07:00","410050004","Portland - Spangler","-8","PM2.5","UG/M3","2.1","Oregon Dept. of Environmental Quality"
"08/01/26","07:00","410050102","Multorpor","-8","PM2.5","UG/M3","2.9","Oregon Dept. of Environmental Quality"
"08/01/26","07:00","410670004","Hillsboro - Hare Fie","-8","PM2.5","UG/M3","2","Oregon Dept. of Environmental Quality"
"08/01/26","07:00","410670005","Portland Near Road","-8","PM2.5","UG/M3","2.6","Oregon Dept. of Environmental Quality"
"08/01/26","07:00","410670111","Beaverton - Highland","-8","PM2.5","UG/M3","2","Oregon Dept. of Environmental Quality"
"08/01/26","08:00","410050004","Portland - Spangler","-8","PM2.5","UG/M3","2","Oregon Dept. of Environmental Quality"
"08/01/26","08:00","410050102","Multorpor","-8","PM2.5","UG/M3","2.7","Oregon Dept. of Environmental Quality"
"08/01/26","08:00","410670004","Hillsboro - Hare Fie","-8","PM2.5","UG/M3","1.8","Oregon Dept. of Environmental Quality"
"08/01/26","08:00","410670005","Portland Near Road","-8","PM2.5","UG/M3","2.3","Oregon Dept. of Environmental Quality"
"08/01/26","08:00","410670111","Beaverton - Highland","-8","PM2.5","UG/M3","2","Oregon Dept. of Environmental Quality"
"08/01/26","09:00","410050004","Portland - Spangler","-8","PM2.5","UG/M3","2","Oregon Dept. of Environmental Quality"
"08/01/26","09:00","410050102","Multorpor","-8","PM2.5","UG/M3","2.4","Oregon Dept. of Environmental Quality"
"08/01/26","09:00","410670004","Hillsboro - Hare Fie","-8","PM2.5","UG/M3","1.9","Oregon Dept. of Environmental Quality"
"08/01/26","09:00","410670005","Portland Near Road","-8","PM2.5","UG/M3","2.1","Oregon Dept. of Environmental Quality"
"08/01/26","09:00","410670111","Beaverton - Highland","-8","PM2.5","UG/M3","2","Oregon Dept. of Environmental Quality"
"08/01/26","10:00","410050004","Portland - Spangler","-8","PM2.5","UG/M3","1.8","Oregon Dept. of Environmental Quality"
"08/01/26","10:00","410050102","Multorpor","-8","PM2.5","UG/M3","2.3","Oregon Dept. of Environmental Quality"
"08/01/26","10:00","410670004","Hillsboro - Hare Fie","-8","PM2.5","UG/M3","2.1","Oregon Dept. of Environmental Quality"
"08/01/26","10:00","410670005","Portland Near Road","-8","PM2.5","UG/M3","2.1","Oregon Dept. of Environmental Quality"
"08/01/26","10:00","410670111","Beaverton - Highland","-8","PM2.5","UG/M3","2","Oregon Dept. of Environmental Quality"
"08/01/26","11:00","410050004","Portland - Spangler","-8","PM2.5","UG/M3","1.8","Oregon Dept. of Environmental Quality"
"08/01/26","11:00","410050102","Multorpor","-8","PM2.5","UG/M3","2.2","Oregon Dept. of Environmental Quality"
"08/01/26","11:00","410670004","Hillsboro - Hare Fie","-8","PM2.5","UG/M3","2.2","Oregon Dept. of Environmental Quality"
"08/01/26","11:00","410670005","Portland Near Road","-8","PM2.5","UG/M3","2.1","Oregon Dept. of Environmental Quality"
"08/01/26","11:00","410670111","Beaverton - Highland","-8","PM2.5","UG/M3","2","Oregon Dept. of Environmental Quality"
"08/01/26","12:00","410050004","Portland - Spangler","-8","PM2.5","UG/M3","1.7","Oregon Dept. of Environmental Quality"
"08/01/26","12:00","410050102","Multorpor","-8","PM2.5","UG/M3","2.2","Oregon Dept. of Environmental Quality"
"08/01/26","12:00","410670004","Hillsboro - Hare Fie","-8","PM2.5","UG/M3","2.1","Oregon Dept. of Environmental Quality"
"08/01/26","12:00","410670005","Portland Near Road","-8","PM2.5","UG/M3","1.9","Oregon Dept. of Environmental Quality"
"08/01/26","12:00","410670111","Beaverton - Highland","-8","PM2.5","UG/M3","1.9","Oregon Dept. of Environmental Quality"
"08/01/26","13:00","410050004","Portland - Spangler","-8","PM2.5","UG/M3","1.9","Oregon Dept. of Environmental Quality"
"08/01/26","13:00","410050102","Multorpor","-8","PM2.5","UG/M3","2.3","Oregon Dept. of Environmental Quality"
"08/01/26","13:00","410670004","Hillsboro - Hare Fie","-8","PM2.5","UG/M3","2.2","Oregon Dept. of Environmental Quality"
"08/01/26","13:00","410670005","Portland Near Road","-8","PM2.5","UG/M3","2.1","Oregon Dept. of Environmental Quality"
"08/01/26","13:00","410670111","Beaverton - Highland","-8","PM2.5","UG/M3","1.8","Oregon Dept. of Environmental Quality"
"08/01/26","14:00","410050004","Portland - Spangler","-8","PM2.5","UG/M3","2.3","Oregon Dept. of Environmental Quality"
"08/01/26","14:00","410050102","Multorpor","-8","PM2.5","UG/M3","2.3","Oregon Dept. of Environmental Quality"
"08/01/26","14:00","410670004","Hillsboro - Hare Fie","-8","PM2.5","UG/M3","2.2","Oregon Dept. of Environmental Quality"
"08/01/26","14:00","410670005","Portland Near Road","-8","PM2.5","UG/M3","2.1","Oregon Dept. of Environmental Quality"
"08/01/26","14:00","410670111","Beaverton - Highland","-8","PM2.5","UG/M3","1.7","Oregon Dept. of Environmental Quality"
"08/01/26","15:00","410050004","Portland - Spangler","-8","PM2.5","UG/M3","2.4","Oregon Dept. of Environmental Quality"
"08/01/26","15:00","410050102","Multorpor","-8","PM2.5","UG/M3","2.2","Oregon Dept. of Environmental Quality"
"08/01/26","15:00","410670004","Hillsboro - Hare Fie","-8","PM2.5","UG/M3","1.8","Oregon Dept. of Environmental Quality"
"08/01/26","15:00","410670005","Portland Near Road","-8","PM2.5","UG/M3","2.2","Oregon Dept. of Environmental Quality"
"08/01/26","15:00","410670111","Beaverton - Highland","-8","PM2.5","UG/M3","1.6","Oregon Dept. of Environmental Quality"
"08/01/26","16:00","410050004","Portland - Spangler","-8","PM2.5","UG/M3","2","Oregon Dept. of Environmental Quality"
"08/01/26","16:00","410050102","Multorpor","-8","PM2.5","UG/M3","2.2","Oregon Dept. of Environmental Quality"
"08/01/26","16:00","410670004","Hillsboro - Hare Fie","-8","PM2.5","UG/M3","1.8","Oregon Dept. of Environmental Quality"
"08/01/26","16:00","410670005","Portland Near Road","-8","PM2.5","UG/M3","2.6","Oregon Dept. of Environmental Quality"
"08/01/26","16:00","410670111","Beaverton - Highland","-8","PM2.5","UG/M3","1.7","Oregon Dept. of Environmental Quality"
"08/01/26","17:00","410050004","Portland - Spangler","-8","PM2.5","UG/M3","2","Oregon Dept. of Environmental Quality"
"08/01/26","17:00","410050102","Multorpor","-8","PM2.5","UG/M3","2.2","Oregon Dept. of Environmental Quality"
"08/01/26","17:00","410670004","Hillsboro - Hare Fie","-8","PM2.5","UG/M3","1.6","Oregon Dept. of Environmental Quality"
"08/01/26","17:00","410670005","Portland Near Road","-8","PM2.5","UG/M3","2.8","Oregon Dept. of Environmental Quality"
"08/01/26","17:00","410670111","Beaverton - Highland","-8","PM2.5","UG/M3","1.7","Oregon Dept. of Environmental Quality"
"08/01/26","18:00","410050004","Portland - Spangler","-8","PM2.5","UG/M3","2","Oregon Dept. of Environmental Quality"
"08/01/26","18:00","410050102","Multorpor","-8","PM2.5","UG/M3","2.2","Oregon Dept. of Environmental Quality"
"08/01/26","18:00","410670004","Hillsboro - Hare Fie","-8","PM2.5","UG/M3","1.7","Oregon Dept. of Environmental Quality"
"08/01/26","18:00","410670005","Portland Near Road","-8","PM2.5","UG/M3","2.7","Oregon Dept. of Environmental Quality"
"08/01/26","18:00","410670111","Beaverton - Highland","-8","PM2.5","UG/M3","1.7","Oregon Dept. of Environmental Quality"
"08/01/26","19:00","410050004","Portland - Spangler","-8","PM2.5","UG/M3","2.1","Oregon Dept. of Environmental Quality"
"08/01/26","19:00","410050102","Multorpor","-8","PM2.5","UG/M3","2.2","Oregon Dept. of Environmental Quality"
"08/01/26","19:00","410670004","Hillsboro - Hare Fie","-8","PM2.5","UG/M3","1.6","Oregon Dept. of Environmental Quality"
"08/01/26","19:00","410670005","Portland Near Road","-8","PM2.5","UG/M3","2.4","Oregon Dept. of Environmental Quality"
"08/01/26","19:00","410670111","Beaverton - Highland","-8","PM2.5","UG/M3","1.7","Oregon Dept. of Environmental Quality"
"08/01/26","20:00","410050004","Portland - Spangler","-8","PM2.5","UG/M3","2.3","Oregon Dept. of Environmental Quality"
"08/01/26","20:00","410050102","Multorpor","-8","PM2.5","UG/M3","2.2","Oregon Dept. of Environmental Quality"
"08/01/26","20:00","410670004","Hillsboro - Hare Fie","-8","PM2.5","UG/M3","1.6","Oregon Dept. of Environmental Quality"
"08/01/26","20:00","410670005","Portland Near Road","-8","PM2.5","UG/M3","2.1","Oregon Dept. of Environmental Quality"
"08/01/26","20:00","410670111","Beaverton - Highland","-8","PM2.5","UG/M3","1.7","Oregon Dept. of Environmental Quality"
"08/01/26","21:00","410050004","Portland - Spangler","-8","PM2.5","UG/M3","2.2","Oregon Dept. of Environmental Quality"
"08/01/26","21:00","410050102","Multorpor","-8","PM2.5","UG/M3","2.2","Oregon Dept. of Environmental Quality"
"08/01/26","21:00","410510080","Portland - SE Lafaye","-8","PM2.5","UG/M3","2.3","Oregon Dept. of Environmental Quality"
"08/01/26","21:00","410670004","Hillsboro - Hare Fie","-8","PM2.5","UG/M3","1.4","Oregon Dept. of Environmental Quality"
"08/01/26","21:00","410670005","Portland Near Road","-8","PM2.5","UG/M3","2.2","Oregon Dept. of Environmental Quality"
"08/01/26","21:00","410670111","Beaverton - Highland","-8","PM2.5","UG/M3","1.6","Oregon Dept. of Environmental Quality"
"08/01/26","22:00","410050004","Portland - Spangler","-8","PM2.5","UG/M3","2","Oregon Dept. of Environmental Quality"
"08/01/26","22:00","410050102","Multorpor","-8","PM2.5","UG/M3","2.3","Oregon Dept. of Environmental Quality"
"08/01/26","22:00","410510080","Portland - SE Lafaye","-8","PM2.5","UG/M3","2.8","Oregon Dept. of Environmental Quality"
"08/01/26","22:00","410670004","Hillsboro - Hare Fie","-8","PM2.5","UG/M3","1.8","Oregon Dept. of Environmental Quality"
"08/01/26","22:00","410670005","Portland Near Road","-8","PM2.5","UG/M3","2","Oregon Dept. of Environmental Quality"
"08/01/26","22:00","410670111","Beaverton - Highland","-8","PM2.5","UG/M3","1.5","Oregon Dept. of Environmental Quality"
"08/01/26","23:00","410050004","Portland - Spangler","-8","PM2.5","UG/M3","1.8","Oregon Dept. of Environmental Quality"
"08/01/26","23:00","410050102","Multorpor","-8","PM2.5","UG/M3","2.2","Oregon Dept. of Environmental Quality"
"08/01/26","23:00","410510080","Portland - SE Lafaye","-8","PM2.5","UG/M3","2.9","Oregon Dept. of Environmental Quality"
"08/01/26","23:00","410670004","Hillsboro - Hare Fie","-8","PM2.5","UG/M3","2.1","Oregon Dept. of Environmental Quality"
"08/01/26","23:00","410670005","Portland Near Road","-8","PM2.5","UG/M3","2.4","Oregon Dept. of Environmental Quality"
"08/01/26","23:00","410670111","Beaverton - Highland","-8","PM2.5","UG/M3","2","Oregon Dept. of Environmental Quality"
"08/02/26","00:00","410050004","Portland - Spangler","-8","PM2.5","UG/M3","2.1","Oregon Dept. of Environmental Quality"
"08/02/26","00:00","410050102","Multorpor","-8","PM2.5","UG/M3","2.2","Oregon Dept. of Environmental Quality"
"08/02/26","00:00","410510080","Portland - SE Lafaye","-8","PM2.5","UG/M3","3.2","Oregon Dept. of Environmental Quality"
"08/02/26","00:00","410670004","Hillsboro - Hare Fie","-8","PM2.5","UG/M3","2.4","Oregon Dept. of Environmental Quality"
"08/02/26","00:00","410670005","Portland Near Road","-8","PM2.5","UG/M3","2.6","Oregon Dept. of Environmental Quality"
"08/02/26","00:00","410670111","Beaverton - Highland","-8","PM2.5","UG/M3","2.2","Oregon Dept. of Environmental Quality"
"08/02/26","01:00","410050004","Portland - Spangler","-8","PM2.5","UG/M3","2.4","Oregon Dept. of Environmental Quality"
"08/02/26","01:00","410050102","Multorpor","-8","PM2.5","UG/M3","2.2","Oregon Dept. of Environmental Quality"
"08/02/26","01:00","410510080","Portland - SE Lafaye","-8","PM2.5","UG/M3","3.2","Oregon Dept. of Environmental Quality"
"08/02/26","01:00","410670004","Hillsboro - Hare Fie","-8","PM2.5","UG/M3","2.4","Oregon Dept. of Environmental Quality"
"08/02/26","01:00","410670005","Portland Near Road","-8","PM2.5","UG/M3","2.9","Oregon Dept. of Environmental Quality"
"08/02/26","01:00","410670111","Beaverton - Highland","-8","PM2.5","UG/M3","2.3","Oregon Dept. of Environmental Quality"
"08/02/26","02:00","410050004","Portland - Spangler","-8","PM2.5","UG/M3","2.5","Oregon Dept. of Environmental Quality"
"08/02/26","02:00","410050102","Multorpor","-8","PM2.5","UG/M3","2.3","Oregon Dept. of Environmental Quality"
"08/02/26","02:00","410510080","Portland - SE Lafaye","-8","PM2.5","UG/M3","2.8","Oregon Dept. of Environmental Quality"
"08/02/26","02:00","410670004","Hillsboro - Hare Fie","-8","PM2.5","UG/M3","2.4","Oregon Dept. of Environmental Quality"
"08/02/26","02:00","410670005","Portland Near Road","-8","PM2.5","UG/M3","3","Oregon Dept. of Environmental Quality"
"08/02/26","02:00","410670111","Beaverton - Highland","-8","PM2.5","UG/M3","2.4","Oregon Dept. of Environmental Quality"
"08/02/26","03:00","410050004","Portland - Spangler","-8","PM2.5","UG/M3","2.7","Oregon Dept. of Environmental Quality"
"08/02/26","03:00","410050102","Multorpor","-8","PM2.5","UG/M3","2.3","Oregon Dept. of Environmental Quality"
"08/02/26","03:00","410510080","Portland - SE Lafaye","-8","PM2.5","UG/M3","3.1","Oregon Dept. of Environmental Quality"
"08/02/26","03:00","410670004","Hillsboro - Hare Fie","-8","PM2.5","UG/M3","2.6","Oregon Dept. of Environmental Quality"
"08/02/26","03:00","410670005","Portland Near Road","-8","PM2.5","UG/M3","3.1","Oregon Dept. of Environmental Quality"
"08/02/26","03:00","410670111","Beaverton - Highland","-8","PM2.5","UG/M3","2.4","Oregon Dept. of Environmental Quality"
"08/02/26","04:00","410050004","Portland - Spangler","-8","PM2.5","UG/M3","2.8","Oregon Dept. of Environmental Quality"
"08/02/26","04:00","410050102","Multorpor","-8","PM2.5","UG/M3","2.3","Oregon Dept. of Environmental Quality"
"08/02/26","04:00","410510080","Portland - SE Lafaye","-8","PM2.5","UG/M3","3.3","Oregon Dept. of Environmental Quality"
"08/02/26","04:00","410670004","Hillsboro - Hare Fie","-8","PM2.5","UG/M3","2.9","Oregon Dept. of Environmental Quality"
"08/02/26","04:00","410670005","Portland Near Road","-8","PM2.5","UG/M3","3.2","Oregon Dept. of Environmental Quality"
"08/02/26","04:00","410670111","Beaverton - Highland","-8","PM2.5","UG/M3","2.7","Oregon Dept. of Environmental Quality"
"08/02/26","05:00","410050004","Portland - Spangler","-8","PM2.5","UG/M3","2.8","Oregon Dept. of Environmental Quality"
"08/02/26","05:00","410050102","Multorpor","-8","PM2.5","UG/M3","2.2","Oregon Dept. of Environmental Quality"
"08/02/26","05:00","410510080","Portland - SE Lafaye","-8","PM2.5","UG/M3","3.3","Oregon Dept. of Environmental Quality"
"08/02/26","05:00","410670004","Hillsboro - Hare Fie","-8","PM2.5","UG/M3","3","Oregon Dept. of Environmental Quality"
"08/02/26","05:00","410670005","Portland Near Road","-8","PM2.5","UG/M3","3.5","Oregon Dept. of Environmental Quality"
"08/02/26","05:00","410670111","Beaverton - Highland","-8","PM2.5","UG/M3","2.8","Oregon Dept. of Environmental Quality"
"08/02/26","06:00","410050004","Portland - Spangler","-8","PM2.5","UG/M3","2.9","Oregon Dept. of Environmental Quality"
"08/02/26","06:00","410050102","Multorpor","-8","PM2.5","UG/M3","2.3","Oregon Dept. of Environmental Quality"
"08/02/26","06:00","410510080","Portland - SE Lafaye","-8","PM2.5","UG/M3","3.6","Oregon Dept. of Environmental Quality"
"08/02/26","06:00","410670004","Hillsboro - Hare Fie","-8","PM2.5","UG/M3","3","Oregon Dept. of Environmental Quality"
"08/02/26","06:00","410670005","Portland Near Road","-8","PM2.5","UG/M3","3.6","Oregon Dept. of Environmental Quality"
"08/02/26","06:00","410670111","Beaverton - Highland","-8","PM2.5","UG/M3","2.9","Oregon Dept. of Environmental Quality"
"08/02/26","07:00","410050004","Portland - Spangler","-8","PM2.5","UG/M3","3.1","Oregon Dept. of Environmental Quality"
"08/02/26","07:00","410050102","Multorpor","-8","PM2.5","UG/M3","2.2","Oregon Dept. of Environmental Quality"
"08/02/26","07:00","410510080","Portland - SE Lafaye","-8","PM2.5","UG/M3","3.6","Oregon Dept. of Environmental Quality"
"08/02/26","07:00","410670004","Hillsboro - Hare Fie","-8","PM2.5","UG/M3","3.3","Oregon Dept. of Environmental Quality"
"08/02/26","07:00","410670005","Portland Near Road","-8","PM2.5","UG/M3","3.6","Oregon Dept. of Environmental Quality"
"08/02/26","07:00","410670111","Beaverton - Highland","-8","PM2.5","UG/M3","3","Oregon Dept. of Environmental Quality"
"08/02/26","08:00","410050004","Portland - Spangler","-8","PM2.5","UG/M3","3.2","Oregon Dept. of Environmental Quality"
"08/02/26","08:00","410050102","Multorpor","-8","PM2.5","UG/M3","2.2","Oregon Dept. of Environmental Quality"
"08/02/26","08:00","410510080","Portland - SE Lafaye","-8","PM2.5","UG/M3","3.8","Oregon Dept. of Environmental Quality"
"08/02/26","08:00","410670004","Hillsboro - Hare Fie","-8","PM2.5","UG/M3","3.1","Oregon Dept. of Environmental Quality"
"08/02/26","08:00","410670005","Portland Near Road","-8","PM2.5","UG/M3","3.8","Oregon Dept. of Environmental Quality"
"08/02/26","08:00","410670111","Beaverton - Highland","-8","PM2.5","UG/M3","3.3","Oregon Dept. of Environmental Quality"
"08/02/26","09:00","410050004","Portland - Spangler","-8","PM2.5","UG/M3","3.4","Oregon Dept. of Environmental Quality"
"08/02/26","09:00","410050102","Multorpor","-8","PM2.5","UG/M3","2.2","Oregon Dept. of Environmental Quality"
"08/02/26","09:00","410510080","Portland - SE Lafaye","-8","PM2.5","UG/M3","4.4","Oregon Dept. of Environmental Quality"
"08/02/26","09:00","410670004","Hillsboro - Hare Fie","-8","PM2.5","UG/M3","3.3","Oregon Dept. of Environmental Quality"
"08/02/26","09:00","410670005","Portland Near Road","-8","PM2.5","UG/M3","4.1","Oregon Dept. of Environmental Quality"
"08/02/26","09:00","410670111","Beaverton - Highland","-8","PM2.5","UG/M3","4.5","Oregon Dept. of Environmental Quality"
"08/02/26","10:00","410050004","Portland - Spangler","-8","PM2.5","UG/M3","3.4","Oregon Dept. of Environmental Quality"
"08/02/26","10:00","410050102","Multorpor","-8","PM2.5","UG/M3","2.2","Oregon Dept. of Environmental Quality"
"08/02/26","10:00","410510080","Portland - SE Lafaye","-8","PM2.5","UG/M3","5.4","Oregon Dept. of Environmental Quality"
"08/02/26","10:00","410670004","Hillsboro - Hare Fie","-8","PM2.5","UG/M3","3.3","Oregon Dept. of Environmental Quality"
"08/02/26","10:00","410670005","Portland Near Road","-8","PM2.5","UG/M3","4.1","Oregon Dept. of Environmental Quality"
"08/02/26","10:00","410670111","Beaverton - Highland","-8","PM2.5","UG/M3","5","Oregon Dept. of Environmental Quality"
"08/02/26","11:00","410050004","Portland - Spangler","-8","PM2.5","UG/M3","3.5","Oregon Dept. of Environmental Quality"
"08/02/26","11:00","410050102","Multorpor","-8","PM2.5","UG/M3","2.2","Oregon Dept. of Environmental Quality"
"08/02/26","11:00","410510080","Portland - SE Lafaye","-8","PM2.5","UG/M3","4.9","Oregon Dept. of Environmental Quality"
"08/02/26","11:00","410670004","Hillsboro - Hare Fie","-8","PM2.5","UG/M3","3.3","Oregon Dept. of Environmental Quality"
"08/02/26","11:00","410670005","Portland Near Road","-8","PM2.5","UG/M3","4","Oregon Dept. of Environmental Quality"
"08/02/26","11:00","410670111","Beaverton - Highland","-8","PM2.5","UG/M3","3.4","Oregon Dept. of Environmental Quality"
"08/02/26","12:00","410050004","Portland - Spangler","-8","PM2.5","UG/M3","3.5","Oregon Dept. of Environmental Quality"
"08/02/26","12:00","410050102","Multorpor","-8","PM2.5","UG/M3","2.2","Oregon Dept. of Environmental Quality"
"08/02/26","12:00","410510080","Portland - SE Lafaye","-8","PM2.5","UG/M3","4","Oregon Dept. of Environmental Quality"
"08/02/26","12:00","410670004","Hillsboro - Hare Fie","-8","PM2.5","UG/M3","3.3","Oregon Dept. of Environmental Quality"
"08/02/26","12:00","410670005","Portland Near Road","-8","PM2.5","UG/M3","4.3","Oregon Dept. of Environmental Quality"
"08/02/26","12:00","410670111","Beaverton - Highland","-8","PM2.5","UG/M3","3.5","Oregon Dept. of Environmental Quality"
"08/02/26","13:00","410050004","Portland - Spangler","-8","PM2.5","UG/M3","3.6","Oregon Dept. of Environmental Quality"
"08/02/26","13:00","410050102","Multorpor","-8","PM2.5","UG/M3","2.3","Oregon Dept. of Environmental Quality"
"08/02/26","13:00","410510080","Portland - SE Lafaye","-8","PM2.5","UG/M3","4","Oregon Dept. of Environmental Quality"
"08/02/26","13:00","410670004","Hillsboro - Hare Fie","-8","PM2.5","UG/M3","3.3","Oregon Dept. of Environmental Quality"
"08/02/26","13:00","410670005","Portland Near Road","-8","PM2.5","UG/M3","4.2","Oregon Dept. of Environmental Quality"
"08/02/26","13:00","410670111","Beaverton - Highland","-8","PM2.5","UG/M3","3.5","Oregon Dept. of Environmental Quality"
"08/02/26","14:00","410050004","Portland - Spangler","-8","PM2.5","UG/M3","3.6","Oregon Dept. of Environmental Quality"
"08/02/26","14:00","410050102","Multorpor","-8","PM2.5","UG/M3","2.2","Oregon Dept. of Environmental Quality"
"08/02/26","14:00","410510080","Portland - SE Lafaye","-8","PM2.5","UG/M3","3.9","Oregon Dept. of Environmental Quality"
"08/02/26","14:00","410670004","Hillsboro - Hare Fie","-8","PM2.5","UG/M3","3.4","Oregon Dept. of Environmental Quality"
"08/02/26","14:00","410670005","Portland Near Road","-8","PM2.5","UG/M3","4.5","Oregon Dept. of Environmental Quality"
"08/02/26","14:00","410670111","Beaverton - Highland","-8","PM2.5","UG/M3","3.5","Oregon Dept. of Environmental Quality"
"08/02/26","15:00","410050004","Portland - Spangler","-8","PM2.5","UG/M3","3.6","Oregon Dept. of Environmental Quality"
"08/02/26","15:00","410050102","Multorpor","-8","PM2.5","UG/M3","2.2","Oregon Dept. of Environmental Quality"
"08/02/26","15:00","410510080","Portland - SE Lafaye","-8","PM2.5","UG/M3","3.9","Oregon Dept. of Environmental Quality"
"08/02/26","15:00","410670004","Hillsboro - Hare Fie","-8","PM2.5","UG/M3","3.8","Oregon Dept. of Environmental Quality"
"08/02/26","15:00","410670005","Portland Near Road","-8","PM2.5","UG/M3","4.4","Oregon Dept. of Environmental Quality"
"08/02/26","15:00","410670111","Beaverton - Highland","-8","PM2.5","UG/M3","3.3","Oregon Dept. of Environmental Quality"
"08/02/26","16:00","410050004","Portland - Spangler","-8","PM2.5","UG/M3","3.4","Oregon Dept. of Environmental Quality"
"08/02/26","16:00","410050102","Multorpor","-8","PM2.5","UG/M3","2.2","Oregon Dept. of Environmental Quality"
"08/02/26","16:00","410510080","Portland - SE Lafaye","-8","PM2.5","UG/M3","3.8","Oregon Dept. of Environmental Quality"
"08/02/26","16:00","410670004","Hillsboro - Hare Fie","-8","PM2.5","UG/M3","3.4","Oregon Dept. of Environmental Quality"
"08/02/26","16:00","410670005","Portland Near Road","-8","PM2.5","UG/M3","4.2","Oregon Dept. of Environmental Quality"
"08/02/26","16:00","410670111","Beaverton - Highland","-8","PM2.5","UG/M3","3.2","Oregon Dept. of Environmental Quality"
"08/02/26","17:00","410050004","Portland - Spangler","-8","PM2.5","UG/M3","3.2","Oregon Dept. of Environmental Quality"
"08/02/26","17:00","410050102","Multorpor","-8","PM2.5","UG/M3","2.2","Oregon Dept. of Environmental Quality"
"08/02/26","17:00","410510080","Portland - SE Lafaye","-8","PM2.5","UG/M3","3.8","Oregon Dept. of Environmental Quality"
"08/02/26","17:00","410670004","Hillsboro - Hare Fie","-8","PM2.5","UG/M3","3.3","Oregon Dept. of Environmental Quality"
"08/02/26","17:00","410670005","Portland Near Road","-8","PM2.5","UG/M3","4.1","Oregon Dept. of Environmental Quality"
"08/02/26","17:00","410670111","Beaverton - Highland","-8","PM2.5","UG/M3","3.1","Oregon Dept. of Environmental Quality"
"08/02/26","18:00","410050004","Portland - Spangler","-8","PM2.5","UG/M3","3.4","Oregon Dept. of Environmental Quality"
"08/02/26","18:00","410050102","Multorpor","-8","PM2.5","UG/M3","2.2","Oregon Dept. of Environmental Quality"
"08/02/26","18:00","410510080","Portland - SE Lafaye","-8","PM2.5","UG/M3","3.7","Oregon Dept. of Environmental Quality"
"08/02/26","18:00","410670004","Hillsboro - Hare Fie","-8","PM2.5","UG/M3","3.3","Oregon Dept. of Environmental Quality"
"08/02/26","18:00","410670005","Portland Near Road","-8","PM2.5","UG/M3","3.9","Oregon Dept. of Environmental Quality"
"08/02/26","18:00","410670111","Beaverton - Highland","-8","PM2.5","UG/M3","3","Oregon Dept. of Environmental Quality"
"08/02/26","19:00","410050004","Portland - Spangler","-8","PM2.5","UG/M3","3.3","Oregon Dept. of Environmental Quality"
"08/02/26","19:00","410050102","Multorpor","-8","PM2.5","UG/M3","2.2","Oregon Dept. of Environmental Quality"
"08/02/26","19:00","410510080","Portland - SE Lafaye","-8","PM2.5","UG/M3","3.6","Oregon Dept. of Environmental Quality"
"08/02/26","19:00","410670004","Hillsboro - Hare Fie","-8","PM2.5","UG/M3","3","Oregon Dept. of Environmental Quality"
"08/02/26","19:00","410670005","Portland Near Road","-8","PM2.5","UG/M3","3.9","Oregon Dept. of Environmental Quality"
"08/02/26","19:00","410670111","Beaverton - Highland","-8","PM2.5","UG/M3","3.2","Oregon Dept. of Environmental Quality"
"08/02/26","20:00","410050004","Portland - Spangler","-8","PM2.5","UG/M3","3.4","Oregon Dept. of Environmental Quality"
"08/02/26","20:00","410050102","Multorpor","-8","PM2.5","UG/M3","2.4","Oregon Dept. of Environmental Quality"
"08/02/26","20:00","410510080","Portland - SE Lafaye","-8","PM2.5","UG/M3","3.6","Oregon Dept. of Environmental Quality"
"08/02/26","20:00","410670004","Hillsboro - Hare Fie","-8","PM2.5","UG/M3","3.2","Oregon Dept. of Environmental Quality"
"08/02/26","20:00","410670005","Portland Near Road","-8","PM2.5","UG/M3","4","Oregon Dept. of Environmental Quality"
"08/02/26","20:00","410670111","Beaverton - Highland","-8","PM2.5","UG/M3","3.1","Oregon Dept. of Environmental Quality"
"08/02/26","21:00","410050004","Portland - Spangler","-8","PM2.5","UG/M3","3.3","Oregon Dept. of Environmental Quality"
"08/02/26","21:00","410050102","Multorpor","-8","PM2.5","UG/M3","2.4","Oregon Dept. of Environmental Quality"
"08/02/26","21:00","410510080","Portland - SE Lafaye","-8","PM2.5","UG/M3","3.2","Oregon Dept. of Environmental Quality"
"08/02/26","21:00","410670004","Hillsboro - Hare Fie","-8","PM2.5","UG/M3","3.2","Oregon Dept. of Environmental Quality"
"08/02/26","21:00","410670005","Portland Near Road","-8","PM2.5","UG/M3","3.7","Oregon Dept. of Environmental Quality"
"08/02/26","21:00","410670111","Beaverton - Highland","-8","PM2.5","UG/M3","3.2","Oregon Dept. of Environmental Quality"
"08/02/26","22:00","410050004","Portland - Spangler","-8","PM2.5","UG/M3","3.2","Oregon Dept. of Environmental Quality"
"08/02/26","22:00","410050102","Multorpor","-8","PM2.5","UG/M3","2.5","Oregon Dept. of Environmental Quality"
"08/02/26","22:00","410510080","Portland - SE Lafaye","-8","PM2.5","UG/M3","3.4","Oregon Dept. of Environmental Quality"
"08/02/26","22:00","410670004","Hillsboro - Hare Fie","-8","PM2.5","UG/M3","3.3","Oregon Dept. of Environmental Quality"
"08/02/26","22:00","410670005","Portland Near Road","-8","PM2.5","UG/M3","4","Oregon Dept. of Environmental Quality"
"08/02/26","22:00","410670111","Beaverton - Highland","-8","PM2.5","UG/M3","3.1","Oregon Dept. of Environmental Quality"
"08/02/26","23:00","410050004","Portland - Spangler","-8","PM2.5","UG/M3","3.2","Oregon Dept. of Environmental Quality"
"08/02/26","23:00","410050102","Multorpor","-8","PM2.5","UG/M3","2.6","Oregon Dept. of Environmental Quality"
"08/02/26","23:00","410510080","Portland - SE Lafaye","-8","PM2.5","UG/M3","3.9","Oregon Dept. of Environmental Quality"
"08/02/26","23:00","410670004","Hillsboro - Hare Fie","-8","PM2.5","UG/M3","3","Oregon Dept. of Environmental Quality"
"08/02/26","23:00","410670005","Portland Near Road","-8","PM2.5","UG/M3","4","Oregon Dept. of Environmental Quality"
"08/02/26","23:00","410670111","Beaverton - Highland","-8","PM2.5","UG/M3","3.1","Oregon Dept. of Environmental Quality"
"08/03/26","00:00","410050004","Portland - Spangler","-8","PM2.5","UG/M3","4.5","Oregon Dept. of Environmental Quality"
"08/03/26","00:00","410050102","Multorpor","-8","PM2.5","UG/M3","2.6","Oregon Dept. of Environmental Quality"
"08/03/26","00:00","410510080","Portland - SE Lafaye","-8","PM2.5","UG/M3","3.6","Oregon Dept. of Environmental Quality"
"08/03/26","00:00","410670004","Hillsboro - Hare Fie","-8","PM2.5","UG/M3","3.4","Oregon Dept. of Environmental Quality"
"08/03/26","00:00","410670005","Portland Near Road","-8","PM2.5","UG/M3","4.1","Oregon Dept. of Environmental Quality"
"08/03/26","00:00","410670111","Beaverton - Highland","-8","PM2.5","UG/M3","3.3","Oregon Dept. of Environmental Quality"
"08/03/26","01:00","410050004","Portland - Spangler","-8","PM2.5","UG/M3","6.4","Oregon Dept. of Environmental Quality"
"08/03/26","01:00","410050102","Multorpor","-8","PM2.5","UG/M3","2.6","Oregon Dept. of Environmental Quality"
"08/03/26","01:00","410510080","Portland - SE Lafaye","-8","PM2.5","UG/M3","3.6","Oregon Dept. of Environmental Quality"
"08/03/26","01:00","410670004","Hillsboro - Hare Fie","-8","PM2.5","UG/M3","3.7","Oregon Dept. of Environmental Quality"
"08/03/26","01:00","410670005","Portland Near Road","-8","PM2.5","UG/M3","4","Oregon Dept. of Environmental Quality"
"08/03/26","01:00","410670111","Beaverton - Highland","-8","PM2.5","UG/M3","3.2","Oregon Dept. of Environmental Quality"
"08/03/26","02:00","410050004","Portland - Spangler","-8","PM2.5","UG/M3","3.9","Oregon Dept. of Environmental Quality"
"08/03/26","02:00","410050102","Multorpor","-8","PM2.5","UG/M3","2.7","Oregon Dept. of Environmental Quality"
"08/03/26","02:00","410510080","Portland - SE Lafaye","-8","PM2.5","UG/M3","4.8","Oregon Dept. of Environmental Quality"
"08/03/26","02:00","410670004","Hillsboro - Hare Fie","-8","PM2.5","UG/M3","3.8","Oregon Dept. of Environmental Quality"
"08/03/26","02:00","410670005","Portland Near Road","-8","PM2.5","UG/M3","4.3","Oregon Dept. of Environmental Quality"
"08/03/26","02:00","410670111","Beaverton - Highland","-8","PM2.5","UG/M3","3.5","Oregon Dept. of Environmental Quality"
"08/03/26","03:00","410050004","Portland - Spangler","-8","PM2.5","UG/M3","3.8","Oregon Dept. of Environmental Quality"
"08/03/26","03:00","410050102","Multorpor","-8","PM2.5","UG/M3","2.6","Oregon Dept. of Environmental Quality"
"08/03/26","03:00","410510080","Portland - SE Lafaye","-8","PM2.5","UG/M3","4.1","Oregon Dept. of Environmental Quality"
"08/03/26","03:00","410670004","Hillsboro - Hare Fie","-8","PM2.5","UG/M3","3.5","Oregon Dept. of Environmental Quality"
"08/03/26","03:00","410670005","Portland Near Road","-8","PM2.5","UG/M3","4.8","Oregon Dept. of Environmental Quality"
"08/03/26","03:00","410670111","Beaverton - Highland","-8","PM2.5","UG/M3","3.4","Oregon Dept. of Environmental Quality"
"08/03/26","04:00","410050004","Portland - Spangler","-8","PM2.5","UG/M3","4","Oregon Dept. of Environmental Quality"
"08/03/26","04:00","410050102","Multorpor","-8","PM2.5","UG/M3","2.8","Oregon Dept. of Environmental Quality"
"08/03/26","04:00","410510080","Portland - SE Lafaye","-8","PM2.5","UG/M3","3.4","Oregon Dept. of Environmental Quality"
"08/03/26","04:00","410670004","Hillsboro - Hare Fie","-8","PM2.5","UG/M3","3.2","Oregon Dept. of Environmental Quality"
"08/03/26","04:00","410670005","Portland Near Road","-8","PM2.5","UG/M3","4.3","Oregon Dept. of Environmental Quality"
"08/03/26","04:00","410670111","Beaverton - Highland","-8","PM2.5","UG/M3","3.2","Oregon Dept. of Environmental Quality"
"08/03/26","05:00","410050004","Portland - Spangler","-8","PM2.5","UG/M3","3.9","Oregon Dept. of Environmental Quality"
"08/03/26","05:00","410050102","Multorpor","-8","PM2.5","UG/M3","2.9","Oregon Dept. of Environmental Quality"
"08/03/26","05:00","410510080","Portland - SE Lafaye","-8","PM2.5","UG/M3","3.1","Oregon Dept. of Environmental Quality"
"08/03/26","05:00","410670004","Hillsboro - Hare Fie","-8","PM2.5","UG/M3","2.9","Oregon Dept. of Environmental Quality"
"08/03/26","05:00","410670005","Portland Near Road","-8","PM2.5","UG/M3","4","Oregon Dept. of Environmental Quality"
"08/03/26","05:00","410670111","Beaverton - Highland","-8","PM2.5","UG/M3","3","Oregon Dept. of Environmental Quality"
"08/03/26","06:00","410050004","Portland - Spangler","-8","PM2.5","UG/M3","3.6","Oregon Dept. of Environmental Quality"
"08/03/26","06:00","410050102","Multorpor","-8","PM2.5","UG/M3","2.3","Oregon Dept. of Environmental Quality"
"08/03/26","06:00","410510080","Portland - SE Lafaye","-8","PM2.5","UG/M3","3","Oregon Dept. of Environmental Quality"
"08/03/26","06:00","410670004","Hillsboro - Hare Fie","-8","PM2.5","UG/M3","2.6","Oregon Dept. of Environmental Quality"
"08/03/26","06:00","410670005","Portland Near Road","-8","PM2.5","UG/M3","4","Oregon Dept. of Environmental Quality"
"08/03/26","06:00","410670111","Beaverton - Highland","-8","PM2.5","UG/M3","3","Oregon Dept. of Environmental Quality"
"08/03/26","07:00","410050004","Portland - Spangler","-8","PM2.5","UG/M3","3.5","Oregon Dept. of Environmental Quality"
"08/03/26","07:00","410050102","Multorpor","-8","PM2.5","UG/M3","2.7","Oregon Dept. of Environmental Quality"
"08/03/26","07:00","410510080","Portland - SE Lafaye","-8","PM2.5","UG/M3","3.1","Oregon Dept. of Environmental Quality"
"08/03/26","07:00","410670004","Hillsboro - Hare Fie","-8","PM2.5","UG/M3","2.6","Oregon Dept. of Environmental Quality"
"08/03/26","07:00","410670005","Portland Near Road","-8","PM2.5","UG/M3","3.7","Oregon Dept. of Environmental Quality"
"08/03/26","07:00","410670111","Beaverton - Highland","-8","PM2.5","UG/M3","2.9","Oregon Dept. of Environmental Quality"
"08/03/26","08:00","410050004","Portland - Spangler","-8","PM2.5","UG/M3","3.1","Oregon Dept. of Environmental Quality"
"08/03/26","08:00","410050102","Multorpor","-8","PM2.5","UG/M3","2.6","Oregon Dept. of Environmental Quality"
"08/03/26","08:00","410510080","Portland - SE Lafaye","-8","PM2.5","UG/M3","3.2","Oregon Dept. of Environmental Quality"
"08/03/26","08:00","410670004","Hillsboro - Hare Fie","-8","PM2.5","UG/M3","2.7","Oregon Dept. of Environmental Quality"
"08/03/26","08:00","410670005","Portland Near Road","-8","PM2.5","UG/M3","3.7","Oregon Dept. of Environmental Quality"
"08/03/26","08:00","410670111","Beaverton - Highland","-8","PM2.5","UG/M3","2.9","Oregon Dept. of Environmental Quality"
"08/03/26","09:00","410050004","Portland - Spangler","-8","PM2.5","UG/M3","3.2","Oregon Dept. of Environmental Quality"
"08/03/26","09:00","410050102","Multorpor","-8","PM2.5","UG/M3","2.4","Oregon Dept. of Environmental Quality"
"08/03/26","09:00","410510080","Portland - SE Lafaye","-8","PM2.5","UG/M3","3.4","Oregon Dept. of Environmental Quality"
"08/03/26","09:00","410670004","Hillsboro - Hare Fie","-8","PM2.5","UG/M3","2.9","Oregon Dept. of Environmental Quality"
"08/03/26","09:00","410670005","Portland Near Road","-8","PM2.5","UG/M3","3.6","Oregon Dept. of Environmental Quality"
"08/03/26","09:00","410670111","Beaverton - Highland","-8","PM2.5","UG/M3","2.9","Oregon Dept. of Environmental Quality"
"08/03/26","10:00","410050004","Portland - Spangler","-8","PM2.5","UG/M3","3.3","Oregon Dept. of Environmental Quality"
"08/03/26","10:00","410050102","Multorpor","-8","PM2.5","UG/M3","2.4","Oregon Dept. of Environmental Quality"
"08/03/26","10:00","410510080","Portland - SE Lafaye","-8","PM2.5","UG/M3","3.4","Oregon Dept. of Environmental Quality"
"08/03/26","10:00","410670004","Hillsboro - Hare Fie","-8","PM2.5","UG/M3","3","Oregon Dept. of Environmental Quality"
"08/03/26","10:00","410670005","Portland Near Road","-8","PM2.5","UG/M3","3.7","Oregon Dept. of Environmental Quality"
"08/03/26","10:00","410670111","Beaverton - Highland","-8","PM2.5","UG/M3","2.9","Oregon Dept. of Environmental Quality"
"08/03/26","11:00","410050004","Portland - Spangler","-8","PM2.5","UG/M3","3.4","Oregon Dept. of Environmental Quality"
"08/03/26","11:00","410050102","Multorpor","-8","PM2.5","UG/M3","6.2","Oregon Dept. of Environmental Quality"
"08/03/26","11:00","410510080","Portland - SE Lafaye","-8","PM2.5","UG/M3","3.7","Oregon Dept. of Environmental Quality"
"08/03/26","11:00","410670004","Hillsboro - Hare Fie","-8","PM2.5","UG/M3","3","Oregon Dept. of Environmental Quality"
"08/03/26","11:00","410670005","Portland Near Road","-8","PM2.5","UG/M3","3.7","Oregon Dept. of Environmental Quality"
"08/03/26","11:00","410670111","Beaverton - Highland","-8","PM2.5","UG/M3","3","Oregon Dept. of Environmental Quality"
"08/03/26","12:00","410050004","Portland - Spangler","-8","PM2.5","UG/M3","3.5","Oregon Dept. of Environmental Quality"
"08/03/26","12:00","410050102","Multorpor","-8","PM2.5","UG/M3","32.1","Oregon Dept. of Environmental Quality"
"08/03/26","12:00","410510080","Portland - SE Lafaye","-8","PM2.5","UG/M3","3.9","Oregon Dept. of Environmental Quality"
"08/03/26","12:00","410670004","Hillsboro - Hare Fie","-8","PM2.5","UG/M3","3.1","Oregon Dept. of Environmental Quality"
"08/03/26","12:00","410670005","Portland Near Road","-8","PM2.5","UG/M3","4.2","Oregon Dept. of Environmental Quality"
"08/03/26","12:00","410670111","Beaverton - Highland","-8","PM2.5","UG/M3","3.1","Oregon Dept. of Environmental Quality"
"08/03/26","13:00","410050004","Portland - Spangler","-8","PM2.5","UG/M3","3.9","Oregon Dept. of Environmental Quality"
"08/03/26","13:00","410050102","Multorpor","-8","PM2.5","UG/M3","53.4","Oregon Dept. of Environmental Quality"
"08/03/26","13:00","410510080","Portland - SE Lafaye","-8","PM2.5","UG/M3","4.1","Oregon Dept. of Environmental Quality"
"08/03/26","13:00","410670004","Hillsboro - Hare Fie","-8","PM2.5","UG/M3","3.4","Oregon Dept. of Environmental Quality"
"08/03/26","13:00","410670005","Portland Near Road","-8","PM2.5","UG/M3","5.1","Oregon Dept. of Environmental Quality"
"08/03/26","13:00","410670111","Beaverton - Highland","-8","PM2.5","UG/M3","3.3","Oregon Dept. of Environmental Quality"
"08/03/26","14:00","410050004","Portland - Spangler","-8","PM2.5","UG/M3","4.3","Oregon Dept. of Environmental Quality"
"08/03/26","14:00","410050102","Multorpor","-8","PM2.5","UG/M3","182.6","Oregon Dept. of Environmental Quality"
"08/03/26","14:00","410510080","Portland - SE Lafaye","-8","PM2.5","UG/M3","4.3","Oregon Dept. of Environmental Quality"
"08/03/26","14:00","410670004","Hillsboro - Hare Fie","-8","PM2.5","UG/M3","3","Oregon Dept. of Environmental Quality"
"08/03/26","14:00","410670005","Portland Near Road","-8","PM2.5","UG/M3","5.1","Oregon Dept. of Environmental Quality"
"08/03/26","14:00","410670111","Beaverton - Highland","-8","PM2.5","UG/M3","3.3","Oregon Dept. of Environmental Quality"
"08/03/26","15:00","410050004","Portland - Spangler","-8","PM2.5","UG/M3","4.2","Oregon Dept. of Environmental Quality"
"08/03/26","15:00","410050102","Multorpor","-8","PM2.5","UG/M3","84.4","Oregon Dept. of Environmental Quality"
"08/03/26","15:00","410510080","Portland - SE Lafaye","-8","PM2.5","UG/M3","4.1","Oregon Dept. of Environmental Quality"
"08/03/26","15:00","410670004","Hillsboro - Hare Fie","-8","PM2.5","UG/M3","2.8","Oregon Dept. of Environmental Quality"
"08/03/26","15:00","410670005","Portland Near Road","-8","PM2.5","UG/M3","4.8","Oregon Dept. of Environmental Quality"
"08/03/26","15:00","410670111","Beaverton - Highland","-8","PM2.5","UG/M3","3.2","Oregon Dept. of Environmental Quality"
"08/03/26","16:00","410050004","Portland - Spangler","-8","PM2.5","UG/M3","5.2","Oregon Dept. of Environmental Quality"
"08/03/26","16:00","410050102","Multorpor","-8","PM2.5","UG/M3","15.8","Oregon Dept. of Environmental Quality"
"08/03/26","16:00","410510080","Portland - SE Lafaye","-8","PM2.5","UG/M3","4.2","Oregon Dept. of Environmental Quality"
"08/03/26","16:00","410670004","Hillsboro - Hare Fie","-8","PM2.5","UG/M3","3.3","Oregon Dept. of Environmental Quality"
"08/03/26","16:00","410670005","Portland Near Road","-8","PM2.5","UG/M3","4.6","Oregon Dept. of Environmental Quality"
"08/03/26","16:00","410670111","Beaverton - Highland","-8","PM2.5","UG/M3","3.4","Oregon Dept. of Environmental Quality"
"08/03/26","17:00","410050004","Portland - Spangler","-8","PM2.5","UG/M3","6.4","Oregon Dept. of Environmental Quality"
"08/03/26","17:00","410050102","Multorpor","-8","PM2.5","UG/M3","8.9","Oregon Dept. of Environmental Quality"
"08/03/26","17:00","410510080","Portland - SE Lafaye","-8","PM2.5","UG/M3","4.9","Oregon Dept. of Environmental Quality"
"08/03/26","17:00","410670004","Hillsboro - Hare Fie","-8","PM2.5","UG/M3","5.7","Oregon Dept. of Environmental Quality"
"08/03/26","17:00","410670005","Portland Near Road","-8","PM2.5","UG/M3","6.3","Oregon Dept. of Environmental Quality"
"08/03/26","17:00","410670111","Beaverton - Highland","-8","PM2.5","UG/M3","5.8","Oregon Dept. of Environmental Quality"
"08/03/26","18:00","410050004","Portland - Spangler","-8","PM2.5","UG/M3","9.5","Oregon Dept. of Environmental Quality"
"08/03/26","18:00","410050102","Multorpor","-8","PM2.5","UG/M3","4.9","Oregon Dept. of Environmental Quality"
"08/03/26","18:00","410510080","Portland - SE Lafaye","-8","PM2.5","UG/M3","9.8","Oregon Dept. of Environmental Quality"
"08/03/26","18:00","410670004","Hillsboro - Hare Fie","-8","PM2.5","UG/M3","24.2","Oregon Dept. of Environmental Quality"
"08/03/26","18:00","410670005","Portland Near Road","-8","PM2.5","UG/M3","17","Oregon Dept. of Environmental Quality"
"08/03/26","18:00","410670111","Beaverton - Highland","-8","PM2.5","UG/M3","14.7","Oregon Dept. of Environmental Quality"
"08/03/26","19:00","410050004","Portland - Spangler","-8","PM2.5","UG/M3","16.3","Oregon Dept. of Environmental Quality"
"08/03/26","19:00","410050102","Multorpor","-8","PM2.5","UG/M3","7.3","Oregon Dept. of Environmental Quality"
"08/03/26","19:00","410510080","Portland - SE Lafaye","-8","PM2.5","UG/M3","16.2","Oregon Dept. of Environmental Quality"
"08/03/26","19:00","410670004","Hillsboro - Hare Fie","-8","PM2.5","UG/M3","40.5","Oregon Dept. of Environmental Quality"
"08/03/26","19:00","410670005","Portland Near Road","-8","PM2.5","UG/M3","22.7","Oregon Dept. of Environmental Quality"
"08/03/26","19:00","410670111","Beaverton - Highland","-8","PM2.5","UG/M3","27.9","Oregon Dept. of Environmental Quality"
"08/03/26","20:00","410050004","Portland - Spangler","-8","PM2.5","UG/M3","22.1","Oregon Dept. of Environmental Quality"
"08/03/26","20:00","410050102","Multorpor","-8","PM2.5","UG/M3","20.9","Oregon Dept. of Environmental Quality"
"08/03/26","20:00","410510080","Portland - SE Lafaye","-8","PM2.5","UG/M3","26.6","Oregon Dept. of Environmental Quality"
"08/03/26","20:00","410670004","Hillsboro - Hare Fie","-8","PM2.5","UG/M3","51.8","Oregon Dept. of Environmental Quality"
"08/03/26","20:00","410670005","Portland Near Road","-8","PM2.5","UG/M3","25.5","Oregon Dept. of Environmental Quality"
"08/03/26","20:00","410670111","Beaverton - Highland","-8","PM2.5","UG/M3","43","Oregon Dept. of Environmental Quality"
"08/03/26","21:00","410050004","Portland - Spangler","-8","PM2.5","UG/M3","30.4","Oregon Dept. of Environmental Quality"
"08/03/26","21:00","410050102","Multorpor","-8","PM2.5","UG/M3","41.2","Oregon Dept. of Environmental Quality"
"08/03/26","21:00","410510080","Portland - SE Lafaye","-8","PM2.5","UG/M3","34","Oregon Dept. of Environmental Quality"
"08/03/26","21:00","410670004","Hillsboro - Hare Fie","-8","PM2.5","UG/M3","48.4","Oregon Dept. of Environmental Quality"
"08/03/26","21:00","410670005","Portland Near Road","-8","PM2.5","UG/M3","33","Oregon Dept. of Environmental Quality"
"08/03/26","21:00","410670111","Beaverton - Highland","-8","PM2.5","UG/M3","44.5","Oregon Dept. of Environmental Quality"
"08/03/26","22:00","410050004","Portland - Spangler","-8","PM2.5","UG/M3","34.8","Oregon Dept. of Environmental Quality"
"08/03/26","22:00","410050102","Multorpor","-8","PM2.5","UG/M3","45","Oregon Dept. of Environmental Quality"
"08/03/26","22:00","410510080","Portland - SE Lafaye","-8","PM2.5","UG/M3","32.7","Oregon Dept. of Environmental Quality"
"08/03/26","22:00","410670004","Hillsboro - Hare Fie","-8","PM2.5","UG/M3","42.6","Oregon Dept. of Environmental Quality"
"08/03/26","22:00","410670005","Portland Near Road","-8","PM2.5","UG/M3","36.5","Oregon Dept. of Environmental Quality"
"08/03/26","22:00","410670111","Beaverton - Highland","-8","PM2.5","UG/M3","40.3","Oregon Dept. of Environmental Quality"
"08/03/26","23:00","410050004","Portland - Spangler","-8","PM2.5","UG/M3","33.2","Oregon Dept. of Environmental Quality"
"08/03/26","23:00","410050102","Multorpor","-8","PM2.5","UG/M3","129.4","Oregon Dept. of Environmental Quality"
"08/03/26","23:00","410510080","Portland - SE Lafaye","-8","PM2.5","UG/M3","32.5","Oregon Dept. of Environmental Quality"
"08/03/26","23:00","410670004","Hillsboro - Hare Fie","-8","PM2.5","UG/M3","37.3","Oregon Dept. of Environmental Quality"
"08/03/26","23:00","410670005","Portland Near Road","-8","PM2.5","UG/M3","34.8","Oregon Dept. of Environmental Quality"
"08/03/26","23:00","410670111","Beaverton - Highland","-8","PM2.5","UG/M3","38.5","Oregon Dept. of Environmental Quality"
"08/04/26","00:00","410050004","Portland - Spangler","-8","PM2.5","UG/M3","32.1","Oregon Dept. of Environmental Quality"
"08/04/26","00:00","410050102","Multorpor","-8","PM2.5","UG/M3","237.5","Oregon Dept. of Environmental Quality"
"08/04/26","00:00","410510080","Portland - SE Lafaye","-8","PM2.5","UG/M3","31.6","Oregon Dept. of Environmental Quality"
"08/04/26","00:00","410670004","Hillsboro - Hare Fie","-8","PM2.5","UG/M3","40.6","Oregon Dept. of Environmental Quality"
"08/04/26","00:00","410670005","Portland Near Road","-8","PM2.5","UG/M3","34.1","Oregon Dept. of Environmental Quality"
"08/04/26","00:00","410670111","Beaverton - Highland","-8","PM2.5","UG/M3","37.5","Oregon Dept. of Environmental Quality"
"08/04/26","01:00","410050004","Portland - Spangler","-8","PM2.5","UG/M3","32.3","Oregon Dept. of Environmental Quality"
"08/04/26","01:00","410050102","Multorpor","-8","PM2.5","UG/M3","209.2","Oregon Dept. of Environmental Quality"
"08/04/26","01:00","410510080","Portland - SE Lafaye","-8","PM2.5","UG/M3","31.9","Oregon Dept. of Environmental Quality"
"08/04/26","01:00","410670004","Hillsboro - Hare Fie","-8","PM2.5","UG/M3","40.5","Oregon Dept. of Environmental Quality"
"08/04/26","01:00","410670005","Portland Near Road","-8","PM2.5","UG/M3","34.1","Oregon Dept. of Environmental Quality"
"08/04/26","01:00","410670111","Beaverton - Highland","-8","PM2.5","UG/M3","37","Oregon Dept. of Environmental Quality"
"08/04/26","02:00","410050004","Portland - Spangler","-8","PM2.5","UG/M3","33","Oregon Dept. of Environmental Quality"
"08/04/26","02:00","410050102","Multorpor","-8","PM2.5","UG/M3","159.3","Oregon Dept. of Environmental Quality"
"08/04/26","02:00","410510080","Portland - SE Lafaye","-8","PM2.5","UG/M3","32.8","Oregon Dept. of Environmental Quality"
"08/04/26","02:00","410670004","Hillsboro - Hare Fie","-8","PM2.5","UG/M3","41.9","Oregon Dept. of Environmental Quality"
"08/04/26","02:00","410670005","Portland Near Road","-8","PM2.5","UG/M3","33","Oregon Dept. of Environmental Quality"
"08/04/26","02:00","410670111","Beaverton - Highland","-8","PM2.5","UG/M3","35.4","Oregon Dept. of Environmental Quality"
"08/04/26","03:00","410050004","Portland - Spangler","-8","PM2.5","UG/M3","33.1","Oregon Dept. of Environmental Quality"
"08/04/26","03:00","410050102","Multorpor","-8","PM2.5","UG/M3","81.9","Oregon Dept. of Environmental Quality"
"08/04/26","03:00","410510080","Portland - SE Lafaye","-8","PM2.5","UG/M3","29.4","Oregon Dept. of Environmental Quality"
"08/04/26","03:00","410670004","Hillsboro - Hare Fie","-8","PM2.5","UG/M3","40.4","Oregon Dept. of Environmental Quality"
"08/04/26","03:00","410670005","Portland Near Road","-8","PM2.5","UG/M3","29.1","Oregon Dept. of Environmental Quality"
"08/04/26","03:00","410670111","Beaverton - Highland","-8","PM2.5","UG/M3","30.9","Oregon Dept. of Environmental Quality"
"08/04/26","04:00","410050004","Portland - Spangler","-8","PM2.5","UG/M3","29.4","Oregon Dept. of Environmental Quality"
"08/04/26","04:00","410050102","Multorpor","-8","PM2.5","UG/M3","112.1","Oregon Dept. of Environmental Quality"
"08/04/26","04:00","410510080","Portland - SE Lafaye","-8","PM2.5","UG/M3","32","Oregon Dept. of Environmental Quality"
"08/04/26","04:00","410670004","Hillsboro - Hare Fie","-8","PM2.5","UG/M3","38.4","Oregon Dept. of Environmental Quality"
"08/04/26","04:00","410670005","Portland Near Road","-8","PM2.5","UG/M3","30.1","Oregon Dept. of Environmental Quality"
"08/04/26","04:00","410670111","Beaverton - Highland","-8","PM2.5","UG/M3","37.1","Oregon Dept. of Environmental Quality"
"08/04/26","05:00","410050004","Portland - Spangler","-8","PM2.5","UG/M3","33.6","Oregon Dept. of Environmental Quality"
"08/04/26","05:00","410050102","Multorpor","-8","PM2.5","UG/M3","114.7","Oregon Dept. of Environmental Quality"
"08/04/26","05:00","410510080","Portland - SE Lafaye","-8","PM2.5","UG/M3","38.4","Oregon Dept. of Environmental Quality"
"08/04/26","05:00","410670004","Hillsboro - Hare Fie","-8","PM2.5","UG/M3","41.4","Oregon Dept. of Environmental Quality"
"08/04/26","05:00","410670005","Portland Near Road","-8","PM2.5","UG/M3","35.6","Oregon Dept. of Environmental Quality"
"08/04/26","05:00","410670111","Beaverton - Highland","-8","PM2.5","UG/M3","40.9","Oregon Dept. of Environmental Quality"
"08/04/26","06:00","410050004","Portland - Spangler","-8","PM2.5","UG/M3","37.9","Oregon Dept. of Environmental Quality"
"08/04/26","06:00","410050102","Multorpor","-8","PM2.5","UG/M3","168.5","Oregon Dept. of Environmental Quality"
"08/04/26","06:00","410510080","Portland - SE Lafaye","-8","PM2.5","UG/M3","37.8","Oregon Dept. of Environmental Quality"
"08/04/26","06:00","410670004","Hillsboro - Hare Fie","-8","PM2.5","UG/M3","38.7","Oregon Dept. of Environmental Quality"
"08/04/26","06:00","410670005","Portland Near Road","-8","PM2.5","UG/M3","36.3","Oregon Dept. of Environmental Quality"
"08/04/26","06:00","410670111","Beaverton - Highland","-8","PM2.5","UG/M3","39.3","Oregon Dept. of Environmental Quality"
"08/04/26","07:00","410050004","Portland - Spangler","-8","PM2.5","UG/M3","37.9","Oregon Dept. of Environmental Quality"
"08/04/26","07:00","410050102","Multorpor","-8","PM2.5","UG/M3","195.4","Oregon Dept. of Environmental Quality"
"08/04/26","07:00","410510080","Portland - SE Lafaye","-8","PM2.5","UG/M3","36.6","Oregon Dept. of Environmental Quality"
"08/04/26","07:00","410670004","Hillsboro - Hare Fie","-8","PM2.5","UG/M3","38","Oregon Dept. of Environmental Quality"
"08/04/26","07:00","410670005","Portland Near Road","-8","PM2.5","UG/M3","35.4","Oregon Dept. of Environmental Quality"
"08/04/26","07:00","410670111","Beaverton - Highland","-8","PM2.5","UG/M3","39.2","Oregon Dept. of Environmental Quality"
"08/04/26","08:00","410050004","Portland - Spangler","-8","PM2.5","UG/M3","37.4","Oregon Dept. of Environmental Quality"
"08/04/26","08:00","410050102","Multorpor","-8","PM2.5","UG/M3","249.7","Oregon Dept. of Environmental Quality"
"08/04/26","08:00","410510080","Portland - SE Lafaye","-8","PM2.5","UG/M3","37.2","Oregon Dept. of Environmental Quality"
"08/04/26","08:00","410670004","Hillsboro - Hare Fie","-8","PM2.5","UG/M3","38.7","Oregon Dept. of Environmental Quality"
"08/04/26","08:00","410670005","Portland Near Road","-8","PM2.5","UG/M3","35.4","Oregon Dept. of Environmental Quality"
"08/04/26","08:00","410670111","Beaverton - Highland","-8","PM2.5","UG/M3","39.9","Oregon Dept. of Environmental Quality"
"08/04/26","09:00","410050004","Portland - Spangler","-8","PM2.5","UG/M3","38","Oregon Dept. of Environmental Quality"
"08/04/26","09:00","410050102","Multorpor","-8","PM2.5","UG/M3","314","Oregon Dept. of Environmental Quality"
"08/04/26","09:00","410510080","Portland - SE Lafaye","-8","PM2.5","UG/M3","35.3","Oregon Dept. of Environmental Quality"
"08/04/26","09:00","410670004","Hillsboro - Hare Fie","-8","PM2.5","UG/M3","38.5","Oregon Dept. of Environmental Quality"
"08/04/26","09:00","410670005","Portland Near Road","-8","PM2.5","UG/M3","34","Oregon Dept. of Environmental Quality"
"08/04/26","09:00","410670111","Beaverton - Highland","-8","PM2.5","UG/M3","40.7","Oregon Dept. of Environmental Quality"
"08/04/26","10:00","410050004","Portland - Spangler","-8","PM2.5","UG/M3","36.2","Oregon Dept. of Environmental Quality"
"08/04/26","10:00","410050102","Multorpor","-8","PM2.5","UG/M3","223.6","Oregon Dept. of Environmental Quality"
"08/04/26","10:00","410510080","Portland - SE Lafaye","-8","PM2.5","UG/M3","32.1","Oregon Dept. of Environmental Quality"
"08/04/26","10:00","410670004","Hillsboro - Hare Fie","-8","PM2.5","UG/M3","38","Oregon Dept. of Environmental Quality"
"08/04/26","10:00","410670005","Portland Near Road","-8","PM2.5","UG/M3","34.1","Oregon Dept. of Environmental Quality"
"08/04/26","10:00","410670111","Beaverton - Highland","-8","PM2.5","UG/M3","41.4","Oregon Dept. of Environmental Quality"
"08/04/26","11:00","410050004","Portland - Spangler","-8","PM2.5","UG/M3","32.9","Oregon Dept. of Environmental Quality"
"08/04/26","11:00","410050102","Multorpor","-8","PM2.5","UG/M3","124.8","Oregon Dept. of Environmental Quality"
"08/04/26","11:00","410510080","Portland - SE Lafaye","-8","PM2.5","UG/M3","28.2","Oregon Dept. of Environmental Quality"
"08/04/26","11:00","410670004","Hillsboro - Hare Fie","-8","PM2.5","UG/M3","37.2","Oregon Dept. of Environmental Quality"
"08/04/26","11:00","410670005","Portland Near Road","-8","PM2.5","UG/M3","34.8","Oregon Dept. of Environmental Quality"
"08/04/26","11:00","410670111","Beaverton - Highland","-8","PM2.5","UG/M3","42.1","Oregon Dept. of Environmental Quality"
"08/04/26","12:00","410050004","Portland - Spangler","-8","PM2.5","UG/M3","31.1","Oregon Dept. of Environmental Quality"
"08/04/26","12:00","410050102","Multorpor","-8","PM2.5","UG/M3","105.2","Oregon Dept. of Environmental Quality"
"08/04/26","12:00","410510080","Portland - SE Lafaye","-8","PM2.5","UG/M3","26.5","Oregon Dept. of Environmental Quality"
"08/04/26","12:00","410670004","Hillsboro - Hare Fie","-8","PM2.5","UG/M3","35.3","Oregon Dept. of Environmental Quality"
"08/04/26","12:00","410670005","Portland Near Road","-8","PM2.5","UG/M3","35.5","Oregon Dept. of Environmental Quality"
"08/04/26","12:00","410670111","Beaverton - Highland","-8","PM2.5","UG/M3","40.6","Oregon Dept. of Environmental Quality"
"08/04/26","13:00","410050004","Portland - Spangler","-8","PM2.5","UG/M3","31.2","Oregon Dept. of Environmental Quality"
"08/04/26","13:00","410050102","Multorpor","-8","PM2.5","UG/M3","70.5","Oregon Dept. of Environmental Quality"
"08/04/26","13:00","410510080","Portland - SE Lafaye","-8","PM2.5","UG/M3","26.2","Oregon Dept. of Environmental Quality"
"08/04/26","13:00","410670004","Hillsboro - Hare Fie","-8","PM2.5","UG/M3","33.8","Oregon Dept. of Environmental Quality"
"08/04/26","13:00","410670005","Portland Near Road","-8","PM2.5","UG/M3","36.3","Oregon Dept. of Environmental Quality"
"08/04/26","13:00","410670111","Beaverton - Highland","-8","PM2.5","UG/M3","37.6","Oregon Dept. of Environmental Quality"
"08/04/26","14:00","410050004","Portland - Spangler","-8","PM2.5","UG/M3","34.2","Oregon Dept. of Environmental Quality"
"08/04/26","14:00","410050102","Multorpor","-8","PM2.5","UG/M3","68.2","Oregon Dept. of Environmental Quality"
"08/04/26","14:00","410510080","Portland - SE Lafaye","-8","PM2.5","UG/M3","26.9","Oregon Dept. of Environmental Quality"
"08/04/26","14:00","410670004","Hillsboro - Hare Fie","-8","PM2.5","UG/M3","31.5","Oregon Dept. of Environmental Quality"
"08/04/26","14:00","410670005","Portland Near Road","-8","PM2.5","UG/M3","35.8","Oregon Dept. of Environmental Quality"
"08/04/26","14:00","410670111","Beaverton - Highland","-8","PM2.5","UG/M3","34.7","Oregon Dept. of Environmental Quality"
"08/04/26","15:00","410050004","Portland - Spangler","-8","PM2.5","UG/M3","38.4","Oregon Dept. of Environmental Quality"
"08/04/26","15:00","410050102","Multorpor","-8","PM2.5","UG/M3","46.7","Oregon Dept. of Environmental Quality"
"08/04/26","15:00","410510080","Portland - SE Lafaye","-8","PM2.5","UG/M3","28.6","Oregon Dept. of Environmental Quality"
"08/04/26","15:00","410670004","Hillsboro - Hare Fie","-8","PM2.5","UG/M3","29.7","Oregon Dept. of Environmental Quality"
"08/04/26","15:00","410670005","Portland Near Road","-8","PM2.5","UG/M3","34","Oregon Dept. of Environmental Quality"
"08/04/26","15:00","410670111","Beaverton - Highland","-8","PM2.5","UG/M3","33.8","Oregon Dept. of Environmental Quality"
"08/04/26","16:00","410050004","Portland - Spangler","-8","PM2.5","UG/M3","44.2","Oregon Dept. of Environmental Quality"
"08/04/26","16:00","410050102","Multorpor","-8","PM2.5","UG/M3","40.4","Oregon Dept. of Environmental Quality"
"08/04/26","16:00","410510080","Portland - SE Lafaye","-8","PM2.5","UG/M3","30.4","Oregon Dept. of Environmental Quality"
"08/04/26","16:00","410670004","Hillsboro - Hare Fie","-8","PM2.5","UG/M3","30.9","Oregon Dept. of Environmental Quality"
"08/04/26","16:00","410670005","Portland Near Road","-8","PM2.5","UG/M3","36.5","Oregon Dept. of Environmental Quality"
"08/04/26","16:00","410670111","Beaverton - Highland","-8","PM2.5","UG/M3","37.3","Oregon Dept. of Environmental Quality"
"08/04/26","17:00","410050004","Portland - Spangler","-8","PM2.5","UG/M3","48.8","Oregon Dept. of Environmental Quality"
"08/04/26","17:00","410050102","Multorpor","-8","PM2.5","UG/M3","48.7","Oregon Dept. of Environmental Quality"
"08/04/26","17:00","410510080","Portland - SE Lafaye","-8","PM2.5","UG/M3","33.9","Oregon Dept. of Environmental Quality"
"08/04/26","17:00","410670004","Hillsboro - Hare Fie","-8","PM2.5","UG/M3","43.1","Oregon Dept. of Environmental Quality"
"08/04/26","17:00","410670005","Portland Near Road","-8","PM2.5","UG/M3","43.2","Oregon Dept. of Environmental Quality"
"08/04/26","17:00","410670111","Beaverton - Highland","-8","PM2.5","UG/M3","44.9","Oregon Dept. of Environmental Quality"
"08/04/26","18:00","410050004","Portland - Spangler","-8","PM2.5","UG/M3","60.5","Oregon Dept. of Environmental Quality"
"08/04/26","18:00","410050102","Multorpor","-8","PM2.5","UG/M3","44.4","Oregon Dept. of Environmental Quality"
"08/04/26","18:00","410510080","Portland - SE Lafaye","-8","PM2.5","UG/M3","38","Oregon Dept. of Environmental Quality"
"08/04/26","18:00","410670004","Hillsboro - Hare Fie","-8","PM2.5","UG/M3","58.6","Oregon Dept. of Environmental Quality"
"08/04/26","18:00","410670005","Portland Near Road","-8","PM2.5","UG/M3","47.5","Oregon Dept. of Environmental Quality"
"08/04/26","18:00","410670111","Beaverton - Highland","-8","PM2.5","UG/M3","52.5","Oregon Dept. of Environmental Quality"
"08/04/26","19:00","410050004","Portland - Spangler","-8","PM2.5","UG/M3","67.4","Oregon Dept. of Environmental Quality"
"08/04/26","19:00","410050102","Multorpor","-8","PM2.5","UG/M3","37.9","Oregon Dept. of Environmental Quality"
"08/04/26","19:00","410510080","Portland - SE Lafaye","-8","PM2.5","UG/M3","42.6","Oregon Dept. of Environmental Quality"
"08/04/26","19:00","410670004","Hillsboro - Hare Fie","-8","PM2.5","UG/M3","61.5","Oregon Dept. of Environmental Quality"
"08/04/26","19:00","410670005","Portland Near Road","-8","PM2.5","UG/M3","50.6","Oregon Dept. of Environmental Quality"
"08/04/26","19:00","410670111","Beaverton - Highland","-8","PM2.5","UG/M3","59.5","Oregon Dept. of Environmental Quality"
"08/04/26","20:00","410050004","Portland - Spangler","-8","PM2.5","UG/M3","95.9","Oregon Dept. of Environmental Quality"
"08/04/26","20:00","410050102","Multorpor","-8","PM2.5","UG/M3","39","Oregon Dept. of Environmental Quality"
"08/04/26","20:00","410510080","Portland - SE Lafaye","-8","PM2.5","UG/M3","50.3","Oregon Dept. of Environmental Quality"
"08/04/26","20:00","410670004","Hillsboro - Hare Fie","-8","PM2.5","UG/M3","64.9","Oregon Dept. of Environmental Quality"
"08/04/26","20:00","410670005","Portland Near Road","-8","PM2.5","UG/M3","55.7","Oregon Dept. of Environmental Quality"
"08/04/26","20:00","410670111","Beaverton - Highland","-8","PM2.5","UG/M3","65.4","Oregon Dept. of Environmental Quality"
"08/04/26","21:00","410050004","Portland - Spangler","-8","PM2.5","UG/M3","116.6","Oregon Dept. of Environmental Quality"
"08/04/26","21:00","410050102","Multorpor","-8","PM2.5","UG/M3","41.1","Oregon Dept. of Environmental Quality"
"08/04/26","21:00","410510080","Portland - SE Lafaye","-8","PM2.5","UG/M3","54.6","Oregon Dept. of Environmental Quality"
"08/04/26","21:00","410670004","Hillsboro - Hare Fie","-8","PM2.5","UG/M3","71.1","Oregon Dept. of Environmental Quality"
"08/04/26","21:00","410670005","Portland Near Road","-8","PM2.5","UG/M3","64.4","Oregon Dept. of Environmental Quality"
"08/04/26","21:00","410670111","Beaverton - Highland","-8","PM2.5","UG/M3","67.1","Oregon Dept. of Environmental Quality"
"08/04/26","22:00","410050004","Portland - Spangler","-8","PM2.5","UG/M3","116.4","Oregon Dept. of Environmental Quality"
"08/04/26","22:00","410050102","Multorpor","-8","PM2.5","UG/M3","42","Oregon Dept. of Environmental Quality"
"08/04/26","22:00","410510080","Portland - SE Lafaye","-8","PM2.5","UG/M3","94.8","Oregon Dept. of Environmental Quality"
"08/04/26","22:00","410670004","Hillsboro - Hare Fie","-8","PM2.5","UG/M3","64","Oregon Dept. of Environmental Quality"
"08/04/26","22:00","410670005","Portland Near Road","-8","PM2.5","UG/M3","74.4","Oregon Dept. of Environmental Quality"
"08/04/26","22:00","410670111","Beaverton - Highland","-8","PM2.5","UG/M3","67.5","Oregon Dept. of Environmental Quality"
"08/04/26","23:00","410050004","Portland - Spangler","-8","PM2.5","UG/M3","125.1","Oregon Dept. of Environmental Quality"
"08/04/26","23:00","410050102","Multorpor","-8","PM2.5","UG/M3","43.8","Oregon Dept. of Environmental Quality"
"08/04/26","23:00","410510080","Portland - SE Lafaye","-8","PM2.5","UG/M3","90.1","Oregon Dept. of Environmental Quality"
"08/04/26","23:00","410670004","Hillsboro - Hare Fie","-8","PM2.5","UG/M3","60.3","Oregon Dept. of Environmental Quality"
"08/04/26","23:00","410670005","Portland Near Road","-8","PM2.5","UG/M3","73.5","Oregon Dept. of Environmental Quality"
"08/04/26","23:00","410670111","Beaverton - Highland","-8","PM2.5","UG/M3","68.3","Oregon Dept. of Environmental Quality"
"08/05/26","00:00","410050004","Portland - Spangler","-8","PM2.5","UG/M3","157.5","Oregon Dept. of Environmental Quality"
"08/05/26","00:00","410050102","Multorpor","-8","PM2.5","UG/M3","44.8","Oregon Dept. of Environmental Quality"
"08/05/26","00:00","410510080","Portland - SE Lafaye","-8","PM2.5","UG/M3","58.7","Oregon Dept. of Environmental Quality"
"08/05/26","00:00","410670004","Hillsboro - Hare Fie","-8","PM2.5","UG/M3","56.1","Oregon Dept. of Environmental Quality"
"08/05/26","00:00","410670005","Portland Near Road","-8","PM2.5","UG/M3","61.9","Oregon Dept. of Environmental Quality"
"08/05/26","00:00","410670111","Beaverton - Highland","-8","PM2.5","UG/M3","63.3","Oregon Dept. of Environmental Quality"
"08/05/26","01:00","410050004","Portland - Spangler","-8","PM2.5","UG/M3","143","Oregon Dept. of Environmental Quality"
"08/05/26","01:00","410050102","Multorpor","-8","PM2.5","UG/M3","71","Oregon Dept. of Environmental Quality"
"08/05/26","01:00","410510080","Portland - SE Lafaye","-8","PM2.5","UG/M3","53.2","Oregon Dept. of Environmental Quality"
"08/05/26","01:00","410670004","Hillsboro - Hare Fie","-8","PM2.5","UG/M3","55.2","Oregon Dept. of Environmental Quality"
"08/05/26","01:00","410670005","Portland Near Road","-8","PM2.5","UG/M3","54.8","Oregon Dept. of Environmental Quality"
"08/05/26","01:00","410670111","Beaverton - Highland","-8","PM2.5","UG/M3","58.8","Oregon Dept. of Environmental Quality"
"08/05/26","02:00","410050004","Portland - Spangler","-8","PM2.5","UG/M3","85.9","Oregon Dept. of Environmental Quality"
"08/05/26","02:00","410050102","Multorpor","-8","PM2.5","UG/M3","120.4","Oregon Dept. of Environmental Quality"
"08/05/26","02:00","410510080","Portland - SE Lafaye","-8","PM2.5","UG/M3","51.1","Oregon Dept. of Environmental Quality"
"08/05/26","02:00","410670004","Hillsboro - Hare Fie","-8","PM2.5","UG/M3","53.3","Oregon Dept. of Environmental Quality"
"08/05/26","02:00","410670005","Portland Near Road","-8","PM2.5","UG/M3","51.7","Oregon Dept. of Environmental Quality"
"08/05/26","02:00","410670111","Beaverton - Highland","-8","PM2.5","UG/M3","56.2","Oregon Dept. of Environmental Quality"
"08/05/26","03:00","410050004","Portland - Spangler","-8","PM2.5","UG/M3","51.8","Oregon Dept. of Environmental Quality"
"08/05/26","03:00","410050102","Multorpor","-8","PM2.5","UG/M3","145.4","Oregon Dept. of Environmental Quality"
"08/05/26","03:00","410510080","Portland - SE Lafaye","-8","PM2.5","UG/M3","50.3","Oregon Dept. of Environmental Quality"
"08/05/26","03:00","410670004","Hillsboro - Hare Fie","-8","PM2.5","UG/M3","55","Oregon Dept. of Environmental Quality"
"08/05/26","03:00","410670005","Portland Near Road","-8","PM2.5","UG/M3","51.6","Oregon Dept. of Environmental Quality"
"08/05/26","03:00","410670111","Beaverton - Highland","-8","PM2.5","UG/M3","56.5","Oregon Dept. of Environmental Quality"
"08/05/26","04:00","410050004","Portland - Spangler","-8","PM2.5","UG/M3","50.4","Oregon Dept. of Environmental Quality"
"08/05/26","04:00","410050102","Multorpor","-8","PM2.5","UG/M3","393.2","Oregon Dept. of Environmental Quality"
"08/05/26","04:00","410510080","Portland - SE Lafaye","-8","PM2.5","UG/M3","51.4","Oregon Dept. of Environmental Quality"
"08/05/26","04:00","410670004","Hillsboro - Hare Fie","-8","PM2.5","UG/M3","54.7","Oregon Dept. of Environmental Quality"
"08/05/26","04:00","410670005","Portland Near Road","-8","PM2.5","UG/M3","49.8","Oregon Dept. of Environmental Quality"
"08/05/26","04:00","410670111","Beaverton - Highland","-8","PM2.5","UG/M3","57.2","Oregon Dept. of Environmental Quality"
"08/05/26","05:00","410050004","Portland - Spangler","-8","PM2.5","UG/M3","52.8","Oregon Dept. of Environmental Quality"
"08/05/26","05:00","410510080","Portland - SE Lafaye","-8","PM2.5","UG/M3","54.4","Oregon Dept. of Environmental Quality"
"08/05/26","05:00","410670004","Hillsboro - Hare Fie","-8","PM2.5","UG/M3","51.3","Oregon Dept. of Environmental Quality"
"08/05/26","05:00","410670005","Portland Near Road","-8","PM2.5","UG/M3","50.7","Oregon Dept. of Environmental Quality"
"08/05/26","05:00","410670111","Beaverton - Highland","-8","PM2.5","UG/M3","55.2","Oregon Dept. of Environmental Quality"
"08/05/26","06:00","410050004","Portland - Spangler","-8","PM2.5","UG/M3","53.6","Oregon Dept. of Environmental Quality"
"08/05/26","06:00","410510080","Portland - SE Lafaye","-8","PM2.5","UG/M3","52","Oregon Dept. of Environmental Quality"
"08/05/26","06:00","410670004","Hillsboro - Hare Fie","-8","PM2.5","UG/M3","43.2","Oregon Dept. of Environmental Quality"
"08/05/26","06:00","410670005","Portland Near Road","-8","PM2.5","UG/M3","50.7","Oregon Dept. of Environmental Quality"
"08/05/26","06:00","410670111","Beaverton - Highland","-8","PM2.5","UG/M3","58.7","Oregon Dept. of Environmental Quality"
"08/05/26","07:00","410050004","Portland - Spangler","-8","PM2.5","UG/M3","52.6","Oregon Dept. of Environmental Quality"
"08/05/26","07:00","410050102","Multorpor","-8","PM2.5","UG/M3","533.4","Oregon Dept. of Environmental Quality"
"08/05/26","07:00","410510080","Portland - SE Lafaye","-8","PM2.5","UG/M3","52.2","Oregon Dept. of Environmental Quality"
"08/05/26","07:00","410670004","Hillsboro - Hare Fie","-8","PM2.5","UG/M3","38.8","Oregon Dept. of Environmental Quality"
"08/05/26","07:00","410670005","Portland Near Road","-8","PM2.5","UG/M3","50.9","Oregon Dept. of Environmental Quality"
"08/05/26","07:00","410670111","Beaverton - Highland","-8","PM2.5","UG/M3","55.1","Oregon Dept. of Environmental Quality"
"08/05/26","08:00","410050004","Portland - Spangler","-8","PM2.5","UG/M3","58.5","Oregon Dept. of Environmental Quality"
"08/05/26","08:00","410050102","Multorpor","-8","PM2.5","UG/M3","504.9","Oregon Dept. of Environmental Quality"
"08/05/26","08:00","410510080","Portland - SE Lafaye","-8","PM2.5","UG/M3","53.3","Oregon Dept. of Environmental Quality"
"08/05/26","08:00","410670004","Hillsboro - Hare Fie","-8","PM2.5","UG/M3","40","Oregon Dept. of Environmental Quality"
"08/05/26","08:00","410670005","Portland Near Road","-8","PM2.5","UG/M3","52.4","Oregon Dept. of Environmental Quality"
"08/05/26","08:00","410670111","Beaverton - Highland","-8","PM2.5","UG/M3","51.6","Oregon Dept. of Environmental Quality"
"08/05/26","09:00","410050004","Portland - Spangler","-8","PM2.5","UG/M3","84.3","Oregon Dept. of Environmental Quality"
"08/05/26","09:00","410050102","Multorpor","-8","PM2.5","UG/M3","149.9","Oregon Dept. of Environmental Quality"
"08/05/26","09:00","410510080","Portland - SE Lafaye","-8","PM2.5","UG/M3","52.8","Oregon Dept. of Environmental Quality"
"08/05/26","09:00","410670004","Hillsboro - Hare Fie","-8","PM2.5","UG/M3","41.2","Oregon Dept. of Environmental Quality"
"08/05/26","09:00","410670005","Portland Near Road","-8","PM2.5","UG/M3","50.6","Oregon Dept. of Environmental Quality"
"08/05/26","09:00","410670111","Beaverton - Highland","-8","PM2.5","UG/M3","49.6","Oregon Dept. of Environmental Quality"
"08/05/26","10:00","410050004","Portland - Spangler","-8","PM2.5","UG/M3","82.4","Oregon Dept. of Environmental Quality"
"08/05/26","10:00","410050102","Multorpor","-8","PM2.5","UG/M3","50.8","Oregon Dept. of Environmental Quality"
"08/05/26","10:00","410510080","Portland - SE Lafaye","-8","PM2.5","UG/M3","54","Oregon Dept. of Environmental Quality"
"08/05/26","10:00","410670004","Hillsboro - Hare Fie","-8","PM2.5","UG/M3","41","Oregon Dept. of Environmental Quality"
"08/05/26","10:00","410670005","Portland Near Road","-8","PM2.5","UG/M3","49.6","Oregon Dept. of Environmental Quality"
"08/05/26","10:00","410670111","Beaverton - Highland","-8","PM2.5","UG/M3","48.2","Oregon Dept. of Environmental Quality"
"08/05/26","11:00","410050004","Portland - Spangler","-8","PM2.5","UG/M3","84.5","Oregon Dept. of Environmental Quality"
"08/05/26","11:00","410050102","Multorpor","-8","PM2.5","UG/M3","46.8","Oregon Dept. of Environmental Quality"
"08/05/26","11:00","410510080","Portland - SE Lafaye","-8","PM2.5","UG/M3","55.1","Oregon Dept. of Environmental Quality"
"08/05/26","11:00","410670004","Hillsboro - Hare Fie","-8","PM2.5","UG/M3","39.6","Oregon Dept. of Environmental Quality"
"08/05/26","11:00","410670005","Portland Near Road","-8","PM2.5","UG/M3","49.2","Oregon Dept. of Environmental Quality"
"08/05/26","11:00","410670111","Beaverton - Highland","-8","PM2.5","UG/M3","47.1","Oregon Dept. of Environmental Quality"
"08/05/26","12:00","410050004","Portland - Spangler","-8","PM2.5","UG/M3","85.1","Oregon Dept. of Environmental Quality"
"08/05/26","12:00","410050102","Multorpor","-8","PM2.5","UG/M3","49","Oregon Dept. of Environmental Quality"
"08/05/26","12:00","410510080","Portland - SE Lafaye","-8","PM2.5","UG/M3","58.7","Oregon Dept. of Environmental Quality"
"08/05/26","12:00","410670004","Hillsboro - Hare Fie","-8","PM2.5","UG/M3","39.6","Oregon Dept. of Environmental Quality"
"08/05/26","12:00","410670005","Portland Near Road","-8","PM2.5","UG/M3","49.5","Oregon Dept. of Environmental Quality"
"08/05/26","12:00","410670111","Beaverton - Highland","-8","PM2.5","UG/M3","46.9","Oregon Dept. of Environmental Quality"
"08/05/26","13:00","410050004","Portland - Spangler","-8","PM2.5","UG/M3","90.3","Oregon Dept. of Environmental Quality"
"08/05/26","13:00","410050102","Multorpor","-8","PM2.5","UG/M3","59.7","Oregon Dept. of Environmental Quality"
"08/05/26","13:00","410510080","Portland - SE Lafaye","-8","PM2.5","UG/M3","58.6","Oregon Dept. of Environmental Quality"
"08/05/26","13:00","410670004","Hillsboro - Hare Fie","-8","PM2.5","UG/M3","39.4","Oregon Dept. of Environmental Quality"
"08/05/26","13:00","410670005","Portland Near Road","-8","PM2.5","UG/M3","49","Oregon Dept. of Environmental Quality"
"08/05/26","13:00","410670111","Beaverton - Highland","-8","PM2.5","UG/M3","47.7","Oregon Dept. of Environmental Quality"
"08/05/26","14:00","410050004","Portland - Spangler","-8","PM2.5","UG/M3","91.1","Oregon Dept. of Environmental Quality"
"08/05/26","14:00","410050102","Multorpor","-8","PM2.5","UG/M3","75.8","Oregon Dept. of Environmental Quality"
"08/05/26","14:00","410510080","Portland - SE Lafaye","-8","PM2.5","UG/M3","56.3","Oregon Dept. of Environmental Quality"
"08/05/26","14:00","410670004","Hillsboro - Hare Fie","-8","PM2.5","UG/M3","39.8","Oregon Dept. of Environmental Quality"
"08/05/26","14:00","410670005","Portland Near Road","-8","PM2.5","UG/M3","51.1","Oregon Dept. of Environmental Quality"
"08/05/26","14:00","410670111","Beaverton - Highland","-8","PM2.5","UG/M3","49.9","Oregon Dept. of Environmental Quality"
"08/05/26","15:00","410050004","Portland - Spangler","-8","PM2.5","UG/M3","76.3","Oregon Dept. of Environmental Quality"
"08/05/26","15:00","410050102","Multorpor","-8","PM2.5","UG/M3","63.2","Oregon Dept. of Environmental Quality"
"08/05/26","15:00","410510080","Portland - SE Lafaye","-8","PM2.5","UG/M3","54.7","Oregon Dept. of Environmental Quality"
"08/05/26","15:00","410670004","Hillsboro - Hare Fie","-8","PM2.5","UG/M3","43.8","Oregon Dept. of Environmental Quality"
"08/05/26","15:00","410670005","Portland Near Road","-8","PM2.5","UG/M3","50.3","Oregon Dept. of Environmental Quality"
"08/05/26","15:00","410670111","Beaverton - Highland","-8","PM2.5","UG/M3","51.4","Oregon Dept. of Environmental Quality"
"08/05/26","16:00","410050004","Portland - Spangler","-8","PM2.5","UG/M3","61.2","Oregon Dept. of Environmental Quality"
"08/05/26","16:00","410050102","Multorpor","-8","PM2.5","UG/M3","58","Oregon Dept. of Environmental Quality"
"08/05/26","16:00","410510080","Portland - SE Lafaye","-8","PM2.5","UG/M3","52.2","Oregon Dept. of Environmental Quality"
"08/05/26","16:00","410670004","Hillsboro - Hare Fie","-8","PM2.5","UG/M3","45.4","Oregon Dept. of Environmental Quality"
"08/05/26","16:00","410670005","Portland Near Road","-8","PM2.5","UG/M3","48.3","Oregon Dept. of Environmental Quality"
"08/05/26","16:00","410670111","Beaverton - Highland","-8","PM2.5","UG/M3","51.7","Oregon Dept. of Environmental Quality"
"08/05/26","17:00","410050004","Portland - Spangler","-8","PM2.5","UG/M3","71.9","Oregon Dept. of Environmental Quality"
"08/05/26","17:00","410050102","Multorpor","-8","PM2.5","UG/M3","55.1","Oregon Dept. of Environmental Quality"
"08/05/26","17:00","410510080","Portland - SE Lafaye","-8","PM2.5","UG/M3","52.3","Oregon Dept. of Environmental Quality"
"08/05/26","17:00","410670004","Hillsboro - Hare Fie","-8","PM2.5","UG/M3","48","Oregon Dept. of Environmental Quality"
"08/05/26","17:00","410670005","Portland Near Road","-8","PM2.5","UG/M3","48.9","Oregon Dept. of Environmental Quality"
"08/05/26","17:00","410670111","Beaverton - Highland","-8","PM2.5","UG/M3","52.6","Oregon Dept. of Environmental Quality"
"08/05/26","18:00","410050004","Portland - Spangler","-8","PM2.5","UG/M3","82.9","Oregon Dept. of Environmental Quality"
"08/05/26","18:00","410050102","Multorpor","-8","PM2.5","UG/M3","51.1","Oregon Dept. of Environmental Quality"
"08/05/26","18:00","410510080","Portland - SE Lafaye","-8","PM2.5","UG/M3","53","Oregon Dept. of Environmental Quality"
"08/05/26","18:00","410670004","Hillsboro - Hare Fie","-8","PM2.5","UG/M3","50.6","Oregon Dept. of Environmental Quality"
"08/05/26","18:00","410670005","Portland Near Road","-8","PM2.5","UG/M3","52.2","Oregon Dept. of Environmental Quality"
"08/05/26","18:00","410670111","Beaverton - Highland","-8","PM2.5","UG/M3","55.6","Oregon Dept. of Environmental Quality"
"08/05/26","19:00","410050004","Portland - Spangler","-8","PM2.5","UG/M3","82.4","Oregon Dept. of Environmental Quality"
"08/05/26","19:00","410050102","Multorpor","-8","PM2.5","UG/M3","45","Oregon Dept. of Environmental Quality"
"08/05/26","19:00","410510080","Portland - SE Lafaye","-8","PM2.5","UG/M3","58.4","Oregon Dept. of Environmental Quality"
"08/05/26","19:00","410670004","Hillsboro - Hare Fie","-8","PM2.5","UG/M3","52.6","Oregon Dept. of Environmental Quality"
"08/05/26","19:00","410670005","Portland Near Road","-8","PM2.5","UG/M3","54.2","Oregon Dept. of Environmental Quality"
"08/05/26","19:00","410670111","Beaverton - Highland","-8","PM2.5","UG/M3","60.6","Oregon Dept. of Environmental Quality"
"08/05/26","20:00","410050004","Portland - Spangler","-8","PM2.5","UG/M3","105.4","Oregon Dept. of Environmental Quality"
"08/05/26","20:00","410050102","Multorpor","-8","PM2.5","UG/M3","42.6","Oregon Dept. of Environmental Quality"
"08/05/26","20:00","410510080","Portland - SE Lafaye","-8","PM2.5","UG/M3","61.7","Oregon Dept. of Environmental Quality"
"08/05/26","20:00","410670004","Hillsboro - Hare Fie","-8","PM2.5","UG/M3","55.3","Oregon Dept. of Environmental Quality"
"08/05/26","20:00","410670005","Portland Near Road","-8","PM2.5","UG/M3","56.5","Oregon Dept. of Environmental Quality"
"08/05/26","20:00","410670111","Beaverton - Highland","-8","PM2.5","UG/M3","62.2","Oregon Dept. of Environmental Quality"
"08/05/26","21:00","410050004","Portland - Spangler","-8","PM2.5","UG/M3","113","Oregon Dept. of Environmental Quality"
"08/05/26","21:00","410050102","Multorpor","-8","PM2.5","UG/M3","52.7","Oregon Dept. of Environmental Quality"
"08/05/26","21:00","410510080","Portland - SE Lafaye","-8","PM2.5","UG/M3","62.9","Oregon Dept. of Environmental Quality"
"08/05/26","21:00","410670004","Hillsboro - Hare Fie","-8","PM2.5","UG/M3","61","Oregon Dept. of Environmental Quality"
"08/05/26","21:00","410670005","Portland Near Road","-8","PM2.5","UG/M3","61.4","Oregon Dept. of Environmental Quality"
"08/05/26","21:00","410670111","Beaverton - Highland","-8","PM2.5","UG/M3","64.7","Oregon Dept. of Environmental Quality"
"08/05/26","22:00","410050004","Portland - Spangler","-8","PM2.5","UG/M3","99.2","Oregon Dept. of Environmental Quality"
"08/05/26","22:00","410050102","Multorpor","-8","PM2.5","UG/M3","56.9","Oregon Dept. of Environmental Quality"
"08/05/26","22:00","410510080","Portland - SE Lafaye","-8","PM2.5","UG/M3","63.3","Oregon Dept. of Environmental Quality"
"08/05/26","22:00","410670004","Hillsboro - Hare Fie","-8","PM2.5","UG/M3","67.1","Oregon Dept. of Environmental Quality"
"08/05/26","22:00","410670005","Portland Near Road","-8","PM2.5","UG/M3","68.9","Oregon Dept. of Environmental Quality"
"08/05/26","22:00","410670111","Beaverton - Highland","-8","PM2.5","UG/M3","75.7","Oregon Dept. of Environmental Quality"
"08/05/26","23:00","410050004","Portland - Spangler","-8","PM2.5","UG/M3","85.2","Oregon Dept. of Environmental Quality"
"08/05/26","23:00","410050102","Multorpor","-8","PM2.5","UG/M3","53.4","Oregon Dept. of Environmental Quality"
"08/05/26","23:00","410510080","Portland - SE Lafaye","-8","PM2.5","UG/M3","69.7","Oregon Dept. of Environmental Quality"
"08/05/26","23:00","410670004","Hillsboro - Hare Fie","-8","PM2.5","UG/M3","79","Oregon Dept. of Environmental Quality"
"08/05/26","23:00","410670005","Portland Near Road","-8","PM2.5","UG/M3","70.8","Oregon Dept. of Environmental Quality"
"08/05/26","23:00","410670111","Beaverton - Highland","-8","PM2.5","UG/M3","93.7","Oregon Dept. of Environmental Quality"
"08/06/26","00:00","410050004","Portland - Spangler","-8","PM2.5","UG/M3","81.8","Oregon Dept. of Environmental Quality"
"08/06/26","00:00","410050102","Multorpor","-8","PM2.5","UG/M3","53.4","Oregon Dept. of Environmental Quality"
"08/06/26","00:00","410510080","Portland - SE Lafaye","-8","PM2.5","UG/M3","70.1","Oregon Dept. of Environmental Quality"
"08/06/26","00:00","410670004","Hillsboro - Hare Fie","-8","PM2.5","UG/M3","76.1","Oregon Dept. of Environmental Quality"
"08/06/26","00:00","410670005","Portland Near Road","-8","PM2.5","UG/M3","90.3","Oregon Dept. of Environmental Quality"
"08/06/26","00:00","410670111","Beaverton - Highland","-8","PM2.5","UG/M3","91.4","Oregon Dept. of Environmental Quality"
"08/06/26","01:00","410050004","Portland - Spangler","-8","PM2.5","UG/M3","93.6","Oregon Dept. of Environmental Quality"
"08/06/26","01:00","410050102","Multorpor","-8","PM2.5","UG/M3","52","Oregon Dept. of Environmental Quality"
"08/06/26","01:00","410510080","Portland - SE Lafaye","-8","PM2.5","UG/M3","70.5","Oregon Dept. of Environmental Quality"
"08/06/26","01:00","410670004","Hillsboro - Hare Fie","-8","PM2.5","UG/M3","62.8","Oregon Dept. of Environmental Quality"
"08/06/26","01:00","410670005","Portland Near Road","-8","PM2.5","UG/M3","74.7","Oregon Dept. of Environmental Quality"
"08/06/26","01:00","410670111","Beaverton - Highland","-8","PM2.5","UG/M3","79.7","Oregon Dept. of Environmental Quality"
"08/06/26","02:00","410050004","Portland - Spangler","-8","PM2.5","UG/M3","98.8","Oregon Dept. of Environmental Quality"
"08/06/26","02:00","410050102","Multorpor","-8","PM2.5","UG/M3","51.7","Oregon Dept. of Environmental Quality"
"08/06/26","02:00","410510080","Portland - SE Lafaye","-8","PM2.5","UG/M3","69.7","Oregon Dept. of Environmental Quality"
"08/06/26","02:00","410670004","Hillsboro - Hare Fie","-8","PM2.5","UG/M3","63.4","Oregon Dept. of Environmental Quality"
"08/06/26","02:00","410670005","Portland Near Road","-8","PM2.5","UG/M3","67.5","Oregon Dept. of Environmental Quality"
"08/06/26","02:00","410670111","Beaverton - Highland","-8","PM2.5","UG/M3","85.4","Oregon Dept. of Environmental Quality"
"08/06/26","03:00","410050004","Portland - Spangler","-8","PM2.5","UG/M3","98.6","Oregon Dept. of Environmental Quality"
"08/06/26","03:00","410050102","Multorpor","-8","PM2.5","UG/M3","59","Oregon Dept. of Environmental Quality"
"08/06/26","03:00","410510080","Portland - SE Lafaye","-8","PM2.5","UG/M3","71","Oregon Dept. of Environmental Quality"
"08/06/26","03:00","410670004","Hillsboro - Hare Fie","-8","PM2.5","UG/M3","75.2","Oregon Dept. of Environmental Quality"
"08/06/26","03:00","410670005","Portland Near Road","-8","PM2.5","UG/M3","68.5","Oregon Dept. of Environmental Quality"
"08/06/26","03:00","410670111","Beaverton - Highland","-8","PM2.5","UG/M3","82.8","Oregon Dept. of Environmental Quality"
"08/06/26","04:00","410050004","Portland - Spangler","-8","PM2.5","UG/M3","95.4","Oregon Dept. of Environmental Quality"
"08/06/26","04:00","410050102","Multorpor","-8","PM2.5","UG/M3","61.8","Oregon Dept. of Environmental Quality"
"08/06/26","04:00","410510080","Portland - SE Lafaye","-8","PM2.5","UG/M3","71.1","Oregon Dept. of Environmental Quality"
"08/06/26","04:00","410670004","Hillsboro - Hare Fie","-8","PM2.5","UG/M3","41.9","Oregon Dept. of Environmental Quality"
"08/06/26","04:00","410670005","Portland Near Road","-8","PM2.5","UG/M3","70.2","Oregon Dept. of Environmental Quality"
"08/06/26","04:00","410670111","Beaverton - Highland","-8","PM2.5","UG/M3","81.2","Oregon Dept. of Environmental Quality"
"08/06/26","05:00","410050004","Portland - Spangler","-8","PM2.5","UG/M3","100.5","Oregon Dept. of Environmental Quality"
"08/06/26","05:00","410050102","Multorpor","-8","PM2.5","UG/M3","99.4","Oregon Dept. of Environmental Quality"
"08/06/26","05:00","410510080","Portland - SE Lafaye","-8","PM2.5","UG/M3","59.6","Oregon Dept. of Environmental Quality"
"08/06/26","05:00","410670004","Hillsboro - Hare Fie","-8","PM2.5","UG/M3","39.4","Oregon Dept. of Environmental Quality"
"08/06/26","05:00","410670005","Portland Near Road","-8","PM2.5","UG/M3","71.2","Oregon Dept. of Environmental Quality"
"08/06/26","05:00","410670111","Beaverton - Highland","-8","PM2.5","UG/M3","54.3","Oregon Dept. of Environmental Quality"
"08/06/26","06:00","410050004","Portland - Spangler","-8","PM2.5","UG/M3","91.9","Oregon Dept. of Environmental Quality"
"08/06/26","06:00","410050102","Multorpor","-8","PM2.5","UG/M3","74.5","Oregon Dept. of Environmental Quality"
"08/06/26","06:00","410510080","Portland - SE Lafaye","-8","PM2.5","UG/M3","51.6","Oregon Dept. of Environmental Quality"
"08/06/26","06:00","410670004","Hillsboro - Hare Fie","-8","PM2.5","UG/M3","37.9","Oregon Dept. of Environmental Quality"
"08/06/26","06:00","410670005","Portland Near Road","-8","PM2.5","UG/M3","72.3","Oregon Dept. of Environmental Quality"
"08/06/26","06:00","410670111","Beaverton - Highland","-8","PM2.5","UG/M3","45","Oregon Dept. of Environmental Quality"
"08/06/26","07:00","410050004","Portland - Spangler","-8","PM2.5","UG/M3","90.4","Oregon Dept. of Environmental Quality"
"08/06/26","07:00","410050102","Multorpor","-8","PM2.5","UG/M3","48.3","Oregon Dept. of Environmental Quality"
"08/06/26","07:00","410510080","Portland - SE Lafaye","-8","PM2.5","UG/M3","53","Oregon Dept. of Environmental Quality"
"08/06/26","07:00","410670004","Hillsboro - Hare Fie","-8","PM2.5","UG/M3","36.1","Oregon Dept. of Environmental Quality"
"08/06/26","07:00","410670005","Portland Near Road","-8","PM2.5","UG/M3","74","Oregon Dept. of Environmental Quality"
"08/06/26","07:00","410670111","Beaverton - Highland","-8","PM2.5","UG/M3","44.3","Oregon Dept. of Environmental Quality"
"08/06/26","08:00","410050004","Portland - Spangler","-8","PM2.5","UG/M3","90.8","Oregon Dept. of Environmental Quality"
"08/06/26","08:00","410050102","Multorpor","-8","PM2.5","UG/M3","51","Oregon Dept. of Environmental Quality"
"08/06/26","08:00","410510080","Portland - SE Lafaye","-8","PM2.5","UG/M3","55","Oregon Dept. of Environmental Quality"
"08/06/26","08:00","410670004","Hillsboro - Hare Fie","-8","PM2.5","UG/M3","36.7","Oregon Dept. of Environmental Quality"
"08/06/26","08:00","410670005","Portland Near Road","-8","PM2.5","UG/M3","72.8","Oregon Dept. of Environmental Quality"
"08/06/26","08:00","410670111","Beaverton - Highland","-8","PM2.5","UG/M3","47.9","Oregon Dept. of Environmental Quality"
"08/06/26","09:00","410050004","Portland - Spangler","-8","PM2.5","UG/M3","90","Oregon Dept. of Environmental Quality"
"08/06/26","09:00","410050102","Multorpor","-8","PM2.5","UG/M3","47.6","Oregon Dept. of Environmental Quality"
"08/06/26","09:00","410510080","Portland - SE Lafaye","-8","PM2.5","UG/M3","55.5","Oregon Dept. of Environmental Quality"
"08/06/26","09:00","410670004","Hillsboro - Hare Fie","-8","PM2.5","UG/M3","36.6","Oregon Dept. of Environmental Quality"
"08/06/26","09:00","410670005","Portland Near Road","-8","PM2.5","UG/M3","71.4","Oregon Dept. of Environmental Quality"
"08/06/26","09:00","410670111","Beaverton - Highland","-8","PM2.5","UG/M3","47","Oregon Dept. of Environmental Quality"
"08/06/26","10:00","410050004","Portland - Spangler","-8","PM2.5","UG/M3","60.1","Oregon Dept. of Environmental Quality"
"08/06/26","10:00","410050102","Multorpor","-8","PM2.5","UG/M3","43.6","Oregon Dept. of Environmental Quality"
"08/06/26","10:00","410510080","Portland - SE Lafaye","-8","PM2.5","UG/M3","53.5","Oregon Dept. of Environmental Quality"
"08/06/26","10:00","410670004","Hillsboro - Hare Fie","-8","PM2.5","UG/M3","35.5","Oregon Dept. of Environmental Quality"
"08/06/26","10:00","410670005","Portland Near Road","-8","PM2.5","UG/M3","70.5","Oregon Dept. of Environmental Quality"
"08/06/26","10:00","410670111","Beaverton - Highland","-8","PM2.5","UG/M3","44.4","Oregon Dept. of Environmental Quality"
"08/06/26","11:00","410050004","Portland - Spangler","-8","PM2.5","UG/M3","51.5","Oregon Dept. of Environmental Quality"
"08/06/26","11:00","410050102","Multorpor","-8","PM2.5","UG/M3","35.3","Oregon Dept. of Environmental Quality"
"08/06/26","11:00","410510080","Portland - SE Lafaye","-8","PM2.5","UG/M3","50.6","Oregon Dept. of Environmental Quality"
"08/06/26","11:00","410670004","Hillsboro - Hare Fie","-8","PM2.5","UG/M3","34.8","Oregon Dept. of Environmental Quality"
"08/06/26","11:00","410670005","Portland Near Road","-8","PM2.5","UG/M3","68.6","Oregon Dept. of Environmental Quality"
"08/06/26","11:00","410670111","Beaverton - Highland","-8","PM2.5","UG/M3","44.2","Oregon Dept. of Environmental Quality"
"08/06/26","12:00","410050004","Portland - Spangler","-8","PM2.5","UG/M3","49","Oregon Dept. of Environmental Quality"
"08/06/26","12:00","410050102","Multorpor","-8","PM2.5","UG/M3","36.2","Oregon Dept. of Environmental Quality"
"08/06/26","12:00","410510080","Portland - SE Lafaye","-8","PM2.5","UG/M3","47","Oregon Dept. of Environmental Quality"
"08/06/26","12:00","410670004","Hillsboro - Hare Fie","-8","PM2.5","UG/M3","34.4","Oregon Dept. of Environmental Quality"
"08/06/26","12:00","410670005","Portland Near Road","-8","PM2.5","UG/M3","65.8","Oregon Dept. of Environmental Quality"
"08/06/26","12:00","410670111","Beaverton - Highland","-8","PM2.5","UG/M3","41.8","Oregon Dept. of Environmental Quality"
"08/06/26","13:00","410050004","Portland - Spangler","-8","PM2.5","UG/M3","46.1","Oregon Dept. of Environmental Quality"
"08/06/26","13:00","410050102","Multorpor","-8","PM2.5","UG/M3","36.9","Oregon Dept. of Environmental Quality"
"08/06/26","13:00","410510080","Portland - SE Lafaye","-8","PM2.5","UG/M3","31.4","Oregon Dept. of Environmental Quality"
"08/06/26","13:00","410670004","Hillsboro - Hare Fie","-8","PM2.5","UG/M3","34","Oregon Dept. of Environmental Quality"
"08/06/26","13:00","410670005","Portland Near Road","-8","PM2.5","UG/M3","64","Oregon Dept. of Environmental Quality"
"08/06/26","13:00","410670111","Beaverton - Highland","-8","PM2.5","UG/M3","40.6","Oregon Dept. of Environmental Quality"
"08/06/26","14:00","410050004","Portland - Spangler","-8","PM2.5","UG/M3","33.2","Oregon Dept. of Environmental Quality"
"08/06/26","14:00","410050102","Multorpor","-8","PM2.5","UG/M3","38.3","Oregon Dept. of Environmental Quality"
"08/06/26","14:00","410510080","Portland - SE Lafaye","-8","PM2.5","UG/M3","18.3","Oregon Dept. of Environmental Quality"
"08/06/26","14:00","410670004","Hillsboro - Hare Fie","-8","PM2.5","UG/M3","34.2","Oregon Dept. of Environmental Quality"
"08/06/26","14:00","410670005","Portland Near Road","-8","PM2.5","UG/M3","52.1","Oregon Dept. of Environmental Quality"
"08/06/26","14:00","410670111","Beaverton - Highland","-8","PM2.5","UG/M3","38.1","Oregon Dept. of Environmental Quality"
"08/06/26","15:00","410050004","Portland - Spangler","-8","PM2.5","UG/M3","29.5","Oregon Dept. of Environmental Quality"
"08/06/26","15:00","410050102","Multorpor","-8","PM2.5","UG/M3","30.8","Oregon Dept. of Environmental Quality"
"08/06/26","15:00","410510080","Portland - SE Lafaye","-8","PM2.5","UG/M3","20.8","Oregon Dept. of Environmental Quality"
"08/06/26","15:00","410670004","Hillsboro - Hare Fie","-8","PM2.5","UG/M3","33.3","Oregon Dept. of Environmental Quality"
"08/06/26","15:00","410670005","Portland Near Road","-8","PM2.5","UG/M3","40.6","Oregon Dept. of Environmental Quality"
"08/06/26","15:00","410670111","Beaverton - Highland","-8","PM2.5","UG/M3","42.7","Oregon Dept. of Environmental Quality"
"08/06/26","16:00","410050004","Portland - Spangler","-8","PM2.5","UG/M3","32.8","Oregon Dept. of Environmental Quality"
"08/06/26","16:00","410050102","Multorpor","-8","PM2.5","UG/M3","29.7","Oregon Dept. of Environmental Quality"
"08/06/26","16:00","410510080","Portland - SE Lafaye","-8","PM2.5","UG/M3","33.5","Oregon Dept. of Environmental Quality"
"08/06/26","16:00","410670004","Hillsboro - Hare Fie","-8","PM2.5","UG/M3","33","Oregon Dept. of Environmental Quality"
"08/06/26","16:00","410670005","Portland Near Road","-8","PM2.5","UG/M3","35.9","Oregon Dept. of Environmental Quality"
"08/06/26","16:00","410670111","Beaverton - Highland","-8","PM2.5","UG/M3","37.1","Oregon Dept. of Environmental Quality"
"08/06/26","17:00","410050004","Portland - Spangler","-8","PM2.5","UG/M3","34.8","Oregon Dept. of Environmental Quality"
"08/06/26","17:00","410050102","Multorpor","-8","PM2.5","UG/M3","26.2","Oregon Dept. of Environmental Quality"
"08/06/26","17:00","410510080","Portland - SE Lafaye","-8","PM2.5","UG/M3","41.9","Oregon Dept. of Environmental Quality"
"08/06/26","17:00","410670004","Hillsboro - Hare Fie","-8","PM2.5","UG/M3","35.5","Oregon Dept. of Environmental Quality"
"08/06/26","17:00","410670005","Portland Near Road","-8","PM2.5","UG/M3","38.3","Oregon Dept. of Environmental Quality"
"08/06/26","17:00","410670111","Beaverton - Highland","-8","PM2.5","UG/M3","32.8","Oregon Dept. of Environmental Quality"
"08/06/26","18:00","410050004","Portland - Spangler","-8","PM2.5","UG/M3","35.5","Oregon Dept. of Environmental Quality"
"08/06/26","18:00","410050102","Multorpor","-8","PM2.5","UG/M3","27.3","Oregon Dept. of Environmental Quality"
"08/06/26","18:00","410510080","Portland - SE Lafaye","-8","PM2.5","UG/M3","40.1","Oregon Dept. of Environmental Quality"
"08/06/26","18:00","410670004","Hillsboro - Hare Fie","-8","PM2.5","UG/M3","36.3","Oregon Dept. of Environmental Quality"
"08/06/26","18:00","410670005","Portland Near Road","-8","PM2.5","UG/M3","40.2","Oregon Dept. of Environmental Quality"
"08/06/26","18:00","410670111","Beaverton - Highland","-8","PM2.5","UG/M3","33.1","Oregon Dept. of Environmental Quality"
"08/06/26","19:00","410050004","Portland - Spangler","-8","PM2.5","UG/M3","41.7","Oregon Dept. of Environmental Quality"
"08/06/26","19:00","410050102","Multorpor","-8","PM2.5","UG/M3","20.8","Oregon Dept. of Environmental Quality"
"08/06/26","19:00","410510080","Portland - SE Lafaye","-8","PM2.5","UG/M3","42.6","Oregon Dept. of Environmental Quality"
"08/06/26","19:00","410670004","Hillsboro - Hare Fie","-8","PM2.5","UG/M3","38.8","Oregon Dept. of Environmental Quality"
"08/06/26","19:00","410670005","Portland Near Road","-8","PM2.5","UG/M3","41.3","Oregon Dept. of Environmental Quality"
"08/06/26","19:00","410670111","Beaverton - Highland","-8","PM2.5","UG/M3","38.1","Oregon Dept. of Environmental Quality"
"08/06/26","20:00","410050004","Portland - Spangler","-8","PM2.5","UG/M3","47.1","Oregon Dept. of Environmental Quality"
"08/06/26","20:00","410050102","Multorpor","-8","PM2.5","UG/M3","26","Oregon Dept. of Environmental Quality"
"08/06/26","20:00","410510080","Portland - SE Lafaye","-8","PM2.5","UG/M3","52.6","Oregon Dept. of Environmental Quality"
"08/06/26","20:00","410670004","Hillsboro - Hare Fie","-8","PM2.5","UG/M3","43","Oregon Dept. of Environmental Quality"
"08/06/26","20:00","410670005","Portland Near Road","-8","PM2.5","UG/M3","42.9","Oregon Dept. of Environmental Quality"
"08/06/26","20:00","410670111","Beaverton - Highland","-8","PM2.5","UG/M3","42.4","Oregon Dept. of Environmental Quality"
"08/06/26","21:00","410050004","Portland - Spangler","-8","PM2.5","UG/M3","54.1","Oregon Dept. of Environmental Quality"
"08/06/26","21:00","410050102","Multorpor","-8","PM2.5","UG/M3","29.5","Oregon Dept. of Environmental Quality"
"08/06/26","21:00","410510080","Portland - SE Lafaye","-8","PM2.5","UG/M3","56.6","Oregon Dept. of Environmental Quality"
"08/06/26","21:00","410670004","Hillsboro - Hare Fie","-8","PM2.5","UG/M3","43.2","Oregon Dept. of Environmental Quality"
"08/06/26","21:00","410670005","Portland Near Road","-8","PM2.5","UG/M3","46","Oregon Dept. of Environmental Quality"
"08/06/26","21:00","410670111","Beaverton - Highland","-8","PM2.5","UG/M3","51.9","Oregon Dept. of Environmental Quality"
"08/06/26","22:00","410050004","Portland - Spangler","-8","PM2.5","UG/M3","54","Oregon Dept. of Environmental Quality"
"08/06/26","22:00","410050102","Multorpor","-8","PM2.5","UG/M3","29.7","Oregon Dept. of Environmental Quality"
"08/06/26","22:00","410510080","Portland - SE Lafaye","-8","PM2.5","UG/M3","43.6","Oregon Dept. of Environmental Quality"
"08/06/26","22:00","410670004","Hillsboro - Hare Fie","-8","PM2.5","UG/M3","36.2","Oregon Dept. of Environmental Quality"
"08/06/26","22:00","410670005","Portland Near Road","-8","PM2.5","UG/M3","42.4","Oregon Dept. of Environmental Quality"
"08/06/26","22:00","410670111","Beaverton - Highland","-8","PM2.5","UG/M3","41.2","Oregon Dept. of Environmental Quality"
"08/06/26","23:00","410050004","Portland - Spangler","-8","PM2.5","UG/M3","45.4","Oregon Dept. of Environmental Quality"
"08/06/26","23:00","410050102","Multorpor","-8","PM2.5","UG/M3","27.5","Oregon Dept. of Environmental Quality"
"08/06/26","23:00","410510080","Portland - SE Lafaye","-8","PM2.5","UG/M3","33.3","Oregon Dept. of Environmental Quality"
"08/06/26","23:00","410670004","Hillsboro - Hare Fie","-8","PM2.5","UG/M3","32.7","Oregon Dept. of Environmental Quality"
"08/06/26","23:00","410670005","Portland Near Road","-8","PM2.5","UG/M3","38.9","Oregon Dept. of Environmental Quality"
"08/06/26","23:00","410670111","Beaverton - Highland","-8","PM2.5","UG/M3","38.2","Oregon Dept. of Environmental Quality"
"08/07/26","00:00","410050004","Portland - Spangler","-8","PM2.5","UG/M3","40.2","Oregon Dept. of Environmental Quality"
"08/07/26","00:00","410050102","Multorpor","-8","PM2.5","UG/M3","25.8","Oregon Dept. of Environmental Quality"
"08/07/26","00:00","410510080","Portland - SE Lafaye","-8","PM2.5","UG/M3","33.3","Oregon Dept. of Environmental Quality"
"08/07/26","00:00","410670004","Hillsboro - Hare Fie","-8","PM2.5","UG/M3","32.4","Oregon Dept. of Environmental Quality"
"08/07/26","00:00","410670005","Portland Near Road","-8","PM2.5","UG/M3","34.3","Oregon Dept. of Environmental Quality"
"08/07/26","00:00","410670111","Beaverton - Highland","-8","PM2.5","UG/M3","32.3","Oregon Dept. of Environmental Quality"
"08/07/26","01:00","410050004","Portland - Spangler","-8","PM2.5","UG/M3","35.7","Oregon Dept. of Environmental Quality"
"08/07/26","01:00","410050102","Multorpor","-8","PM2.5","UG/M3","26.6","Oregon Dept. of Environmental Quality"
"08/07/26","01:00","410510080","Portland - SE Lafaye","-8","PM2.5","UG/M3","28.1","Oregon Dept. of Environmental Quality"
"08/07/26","01:00","410670004","Hillsboro - Hare Fie","-8","PM2.5","UG/M3","31.5","Oregon Dept. of Environmental Quality"
"08/07/26","01:00","410670005","Portland Near Road","-8","PM2.5","UG/M3","27.8","Oregon Dept. of Environmental Quality"
"08/07/26","01:00","410670111","Beaverton - Highland","-8","PM2.5","UG/M3","33.3","Oregon Dept. of Environmental Quality"
"08/07/26","02:00","410050004","Portland - Spangler","-8","PM2.5","UG/M3","32.3","Oregon Dept. of Environmental Quality"
"08/07/26","02:00","410050102","Multorpor","-8","PM2.5","UG/M3","26.3","Oregon Dept. of Environmental Quality"
"08/07/26","02:00","410510080","Portland - SE Lafaye","-8","PM2.5","UG/M3","23.3","Oregon Dept. of Environmental Quality"
"08/07/26","02:00","410670004","Hillsboro - Hare Fie","-8","PM2.5","UG/M3","27.2","Oregon Dept. of Environmental Quality"
"08/07/26","02:00","410670005","Portland Near Road","-8","PM2.5","UG/M3","28.3","Oregon Dept. of Environmental Quality"
"08/07/26","02:00","410670111","Beaverton - Highland","-8","PM2.5","UG/M3","24.8","Oregon Dept. of Environmental Quality"
"08/07/26","03:00","410050004","Portland - Spangler","-8","PM2.5","UG/M3","26.6","Oregon Dept. of Environmental Quality"
"08/07/26","03:00","410050102","Multorpor","-8","PM2.5","UG/M3","26.7","Oregon Dept. of Environmental Quality"
"08/07/26","03:00","410510080","Portland - SE Lafaye","-8","PM2.5","UG/M3","23","Oregon Dept. of Environmental Quality"
"08/07/26","03:00","410670004","Hillsboro - Hare Fie","-8","PM2.5","UG/M3","15.8","Oregon Dept. of Environmental Quality"
"08/07/26","03:00","410670005","Portland Near Road","-8","PM2.5","UG/M3","22.7","Oregon Dept. of Environmental Quality"
"08/07/26","03:00","410670111","Beaverton - Highland","-8","PM2.5","UG/M3","16.2","Oregon Dept. of Environmental Quality"
"08/07/26","04:00","410050004","Portland - Spangler","-8","PM2.5","UG/M3","22.8","Oregon Dept. of Environmental Quality"
"08/07/26","04:00","410050102","Multorpor","-8","PM2.5","UG/M3","20","Oregon Dept. of Environmental Quality"
"08/07/26","04:00","410510080","Portland - SE Lafaye","-8","PM2.5","UG/M3","21","Oregon Dept. of Environmental Quality"
"08/07/26","04:00","410670004","Hillsboro - Hare Fie","-8","PM2.5","UG/M3","9.4","Oregon Dept. of Environmental Quality"
"08/07/26","04:00","410670005","Portland Near Road","-8","PM2.5","UG/M3","22","Oregon Dept. of Environmental Quality"
"08/07/26","04:00","410670111","Beaverton - Highland","-8","PM2.5","UG/M3","16.2","Oregon Dept. of Environmental Quality"
"08/07/26","05:00","410050004","Portland - Spangler","-8","PM2.5","UG/M3","21.8","Oregon Dept. of Environmental Quality"
"08/07/26","05:00","410050102","Multorpor","-8","PM2.5","UG/M3","19.5","Oregon Dept. of Environmental Quality"
"08/07/26","05:00","410510080","Portland - SE Lafaye","-8","PM2.5","UG/M3","16.2","Oregon Dept. of Environmental Quality"
"08/07/26","05:00","410670004","Hillsboro - Hare Fie","-8","PM2.5","UG/M3","8.1","Oregon Dept. of Environmental Quality"
"08/07/26","05:00","410670005","Portland Near Road","-8","PM2.5","UG/M3","24","Oregon Dept. of Environmental Quality"
"08/07/26","05:00","410670111","Beaverton - Highland","-8","PM2.5","UG/M3","12.4","Oregon Dept. of Environmental Quality"
"08/07/26","06:00","410050004","Portland - Spangler","-8","PM2.5","UG/M3","30.2","Oregon Dept. of Environmental Quality"
"08/07/26","06:00","410050102","Multorpor","-8","PM2.5","UG/M3","20.7","Oregon Dept. of Environmental Quality"
"08/07/26","06:00","410510080","Portland - SE Lafaye","-8","PM2.5","UG/M3","15.5","Oregon Dept. of Environmental Quality"
"08/07/26","06:00","410670004","Hillsboro - Hare Fie","-8","PM2.5","UG/M3","8.1","Oregon Dept. of Environmental Quality"
"08/07/26","06:00","410670005","Portland Near Road","-8","PM2.5","UG/M3","22.9","Oregon Dept. of Environmental Quality"
"08/07/26","06:00","410670111","Beaverton - Highland","-8","PM2.5","UG/M3","10.3","Oregon Dept. of Environmental Quality"
"08/07/26","07:00","410050004","Portland - Spangler","-8","PM2.5","UG/M3","28.1","Oregon Dept. of Environmental Quality"
"08/07/26","07:00","410050102","Multorpor","-8","PM2.5","UG/M3","19.4","Oregon Dept. of Environmental Quality"
"08/07/26","07:00","410510080","Portland - SE Lafaye","-8","PM2.5","UG/M3","15.2","Oregon Dept. of Environmental Quality"
"08/07/26","07:00","410670004","Hillsboro - Hare Fie","-8","PM2.5","UG/M3","9","Oregon Dept. of Environmental Quality"
"08/07/26","07:00","410670005","Portland Near Road","-8","PM2.5","UG/M3","21.7","Oregon Dept. of Environmental Quality"
"08/07/26","07:00","410670111","Beaverton - Highland","-8","PM2.5","UG/M3","8.9","Oregon Dept. of Environmental Quality"
"08/07/26","08:00","410050004","Portland - Spangler","-8","PM2.5","UG/M3","26.7","Oregon Dept. of Environmental Quality"
"08/07/26","08:00","410050102","Multorpor","-8","PM2.5","UG/M3","10.1","Oregon Dept. of Environmental Quality"
"08/07/26","08:00","410510080","Portland - SE Lafaye","-8","PM2.5","UG/M3","14","Oregon Dept. of Environmental Quality"
"08/07/26","08:00","410670004","Hillsboro - Hare Fie","-8","PM2.5","UG/M3","9.9","Oregon Dept. of Environmental Quality"
"08/07/26","08:00","410670005","Portland Near Road","-8","PM2.5","UG/M3","21","Oregon Dept. of Environmental Quality"
"08/07/26","08:00","410670111","Beaverton - Highland","-8","PM2.5","UG/M3","8.6","Oregon Dept. of Environmental Quality"
"08/07/26","09:00","410050004","Portland - Spangler","-8","PM2.5","UG/M3","27","Oregon Dept. of Environmental Quality"
"08/07/26","09:00","410050102","Multorpor","-8","PM2.5","UG/M3","10","Oregon Dept. of Environmental Quality"
"08/07/26","09:00","410510080","Portland - SE Lafaye","-8","PM2.5","UG/M3","13.5","Oregon Dept. of Environmental Quality"
"08/07/26","09:00","410670004","Hillsboro - Hare Fie","-8","PM2.5","UG/M3","9.3","Oregon Dept. of Environmental Quality"
"08/07/26","09:00","410670005","Portland Near Road","-8","PM2.5","UG/M3","21.4","Oregon Dept. of Environmental Quality"
"08/07/26","09:00","410670111","Beaverton - Highland","-8","PM2.5","UG/M3","8.6","Oregon Dept. of Environmental Quality"
"08/07/26","10:00","410050004","Portland - Spangler","-8","PM2.5","UG/M3","19.2","Oregon Dept. of Environmental Quality"
"08/07/26","10:00","410050102","Multorpor","-8","PM2.5","UG/M3","11.5","Oregon Dept. of Environmental Quality"
"08/07/26","10:00","410510080","Portland - SE Lafaye","-8","PM2.5","UG/M3","13.4","Oregon Dept. of Environmental Quality"
"08/07/26","10:00","410670004","Hillsboro - Hare Fie","-8","PM2.5","UG/M3","9.1","Oregon Dept. of Environmental Quality"
"08/07/26","10:00","410670005","Portland Near Road","-8","PM2.5","UG/M3","22.7","Oregon Dept. of Environmental Quality"
"08/07/26","10:00","410670111","Beaverton - Highland","-8","PM2.5","UG/M3","8.8","Oregon Dept. of Environmental Quality"
"08/07/26","11:00","410050004","Portland - Spangler","-8","PM2.5","UG/M3","15.3","Oregon Dept. of Environmental Quality"
"08/07/26","11:00","410050102","Multorpor","-8","PM2.5","UG/M3","18.3","Oregon Dept. of Environmental Quality"
"08/07/26","11:00","410510080","Portland - SE Lafaye","-8","PM2.5","UG/M3","12.5","Oregon Dept. of Environmental Quality"
"08/07/26","11:00","410670004","Hillsboro - Hare Fie","-8","PM2.5","UG/M3","8.9","Oregon Dept. of Environmental Quality"
"08/07/26","11:00","410670005","Portland Near Road","-8","PM2.5","UG/M3","21.5","Oregon Dept. of Environmental Quality"
"08/07/26","11:00","410670111","Beaverton - Highland","-8","PM2.5","UG/M3","14.1","Oregon Dept. of Environmental Quality"
"08/07/26","12:00","410050004","Portland - Spangler","-8","PM2.5","UG/M3","16.4","Oregon Dept. of Environmental Quality"
"08/07/26","12:00","410050102","Multorpor","-8","PM2.5","UG/M3","20.4","Oregon Dept. of Environmental Quality"
"08/07/26","12:00","410510080","Portland - SE Lafaye","-8","PM2.5","UG/M3","12.1","Oregon Dept. of Environmental Quality"
"08/07/26","12:00","410670004","Hillsboro - Hare Fie","-8","PM2.5","UG/M3","8.3","Oregon Dept. of Environmental Quality"
"08/07/26","12:00","410670005","Portland Near Road","-8","PM2.5","UG/M3","22.3","Oregon Dept. of Environmental Quality"
"08/07/26","12:00","410670111","Beaverton - Highland","-8","PM2.5","UG/M3","16.4","Oregon Dept. of Environmental Quality"
"08/07/26","13:00","410050004","Portland - Spangler","-8","PM2.5","UG/M3","11.5","Oregon Dept. of Environmental Quality"
"08/07/26","13:00","410050102","Multorpor","-8","PM2.5","UG/M3","23.9","Oregon Dept. of Environmental Quality"
"08/07/26","13:00","410510080","Portland - SE Lafaye","-8","PM2.5","UG/M3","11.2","Oregon Dept. of Environmental Quality"
"08/07/26","13:00","410670004","Hillsboro - Hare Fie","-8","PM2.5","UG/M3","8","Oregon Dept. of Environmental Quality"
"08/07/26","13:00","410670005","Portland Near Road","-8","PM2.5","UG/M3","18.4","Oregon Dept. of Environmental Quality"
"08/07/26","13:00","410670111","Beaverton - Highland","-8","PM2.5","UG/M3","18.3","Oregon Dept. of Environmental Quality"
"08/07/26","14:00","410050004","Portland - Spangler","-8","PM2.5","UG/M3","9.7","Oregon Dept. of Environmental Quality"
"08/07/26","14:00","410050102","Multorpor","-8","PM2.5","UG/M3","24.4","Oregon Dept. of Environmental Quality"
"08/07/26","14:00","410510080","Portland - SE Lafaye","-8","PM2.5","UG/M3","10.6","Oregon Dept. of Environmental Quality"
"08/07/26","14:00","410670004","Hillsboro - Hare Fie","-8","PM2.5","UG/M3","7.7","Oregon Dept. of Environmental Quality"
"08/07/26","14:00","410670005","Portland Near Road","-8","PM2.5","UG/M3","18","Oregon Dept. of Environmental Quality"
"08/07/26","14:00","410670111","Beaverton - Highland","-8","PM2.5","UG/M3","17.3","Oregon Dept. of Environmental Quality"
"08/07/26","15:00","410050004","Portland - Spangler","-8","PM2.5","UG/M3","12.5","Oregon Dept. of Environmental Quality"
"08/07/26","15:00","410050102","Multorpor","-8","PM2.5","UG/M3","24.9","Oregon Dept. of Environmental Quality"
"08/07/26","15:00","410510080","Portland - SE Lafaye","-8","PM2.5","UG/M3","11.3","Oregon Dept. of Environmental Quality"
"08/07/26","15:00","410670004","Hillsboro - Hare Fie","-8","PM2.5","UG/M3","7.7","Oregon Dept. of Environmental Quality"
"08/07/26","15:00","410670005","Portland Near Road","-8","PM2.5","UG/M3","14.4","Oregon Dept. of Environmental Quality"
"08/07/26","15:00","410670111","Beaverton - Highland","-8","PM2.5","UG/M3","13.1","Oregon Dept. of Environmental Quality"
"08/07/26","16:00","410050004","Portland - Spangler","-8","PM2.5","UG/M3","17","Oregon Dept. of Environmental Quality"
"08/07/26","16:00","410050102","Multorpor","-8","PM2.5","UG/M3","24.1","Oregon Dept. of Environmental Quality"
"08/07/26","16:00","410510080","Portland - SE Lafaye","-8","PM2.5","UG/M3","13.2","Oregon Dept. of Environmental Quality"
"08/07/26","16:00","410670004","Hillsboro - Hare Fie","-8","PM2.5","UG/M3","9.4","Oregon Dept. of Environmental Quality"
"08/07/26","16:00","410670005","Portland Near Road","-8","PM2.5","UG/M3","15","Oregon Dept. of Environmental Quality"
"08/07/26","16:00","410670111","Beaverton - Highland","-8","PM2.5","UG/M3","13.6","Oregon Dept. of Environmental Quality"
"08/07/26","17:00","410050004","Portland - Spangler","-8","PM2.5","UG/M3","18.4","Oregon Dept. of Environmental Quality"
"08/07/26","17:00","410050102","Multorpor","-8","PM2.5","UG/M3","23.2","Oregon Dept. of Environmental Quality"
"08/07/26","17:00","410510080","Portland - SE Lafaye","-8","PM2.5","UG/M3","14.2","Oregon Dept. of Environmental Quality"
"08/07/26","17:00","410670004","Hillsboro - Hare Fie","-8","PM2.5","UG/M3","10.5","Oregon Dept. of Environmental Quality"
"08/07/26","17:00","410670005","Portland Near Road","-8","PM2.5","UG/M3","18.2","Oregon Dept. of Environmental Quality"
"08/07/26","17:00","410670111","Beaverton - Highland","-8","PM2.5","UG/M3","16.8","Oregon Dept. of Environmental Quality"
"08/07/26","18:00","410050004","Portland - Spangler","-8","PM2.5","UG/M3","17.4","Oregon Dept. of Environmental Quality"
"08/07/26","18:00","410050102","Multorpor","-8","PM2.5","UG/M3","16.1","Oregon Dept. of Environmental Quality"
"08/07/26","18:00","410510080","Portland - SE Lafaye","-8","PM2.5","UG/M3","16.6","Oregon Dept. of Environmental Quality"
"08/07/26","18:00","410670004","Hillsboro - Hare Fie","-8","PM2.5","UG/M3","13.9","Oregon Dept. of Environmental Quality"
"08/07/26","18:00","410670005","Portland Near Road","-8","PM2.5","UG/M3","20.1","Oregon Dept. of Environmental Quality"
"08/07/26","18:00","410670111","Beaverton - Highland","-8","PM2.5","UG/M3","18.3","Oregon Dept. of Environmental Quality"
"08/07/26","19:00","410050004","Portland - Spangler","-8","PM2.5","UG/M3","17.3","Oregon Dept. of Environmental Quality"
"08/07/26","19:00","410050102","Multorpor","-8","PM2.5","UG/M3","11.3","Oregon Dept. of Environmental Quality"
"08/07/26","19:00","410510080","Portland - SE Lafaye","-8","PM2.5","UG/M3","17","Oregon Dept. of Environmental Quality"
"08/07/26","19:00","410670004","Hillsboro - Hare Fie","-8","PM2.5","UG/M3","17.9","Oregon Dept. of Environmental Quality"
"08/07/26","19:00","410670005","Portland Near Road","-8","PM2.5","UG/M3","21.8","Oregon Dept. of Environmental Quality"
"08/07/26","19:00","410670111","Beaverton - Highland","-8","PM2.5","UG/M3","19.4","Oregon Dept. of Environmental Quality"
"08/07/26","20:00","410050004","Portland - Spangler","-8","PM2.5","UG/M3","19.6","Oregon Dept. of Environmental Quality"
"08/07/26","20:00","410050102","Multorpor","-8","PM2.5","UG/M3","11.5","Oregon Dept. of Environmental Quality"
"08/07/26","20:00","410510080","Portland - SE Lafaye","-8","PM2.5","UG/M3","17.7","Oregon Dept. of Environmental Quality"
"08/07/26","20:00","410670004","Hillsboro - Hare Fie","-8","PM2.5","UG/M3","18.4","Oregon Dept. of Environmental Quality"
"08/07/26","20:00","410670005","Portland Near Road","-8","PM2.5","UG/M3","22.6","Oregon Dept. of Environmental Quality"
"08/07/26","20:00","410670111","Beaverton - Highland","-8","PM2.5","UG/M3","20.3","Oregon Dept. of Environmental Quality"
"08/07/26","21:00","410050004","Portland - Spangler","-8","PM2.5","UG/M3","22.1","Oregon Dept. of Environmental Quality"
"08/07/26","21:00","410050102","Multorpor","-8","PM2.5","UG/M3","13.1","Oregon Dept. of Environmental Quality"
"08/07/26","21:00","410510080","Portland - SE Lafaye","-8","PM2.5","UG/M3","20","Oregon Dept. of Environmental Quality"
"08/07/26","21:00","410670004","Hillsboro - Hare Fie","-8","PM2.5","UG/M3","13.8","Oregon Dept. of Environmental Quality"
"08/07/26","21:00","410670005","Portland Near Road","-8","PM2.5","UG/M3","22.4","Oregon Dept. of Environmental Quality"
"08/07/26","21:00","410670111","Beaverton - Highland","-8","PM2.5","UG/M3","18.3","Oregon Dept. of Environmental Quality"
"08/07/26","22:00","410050004","Portland - Spangler","-8","PM2.5","UG/M3","23.2","Oregon Dept. of Environmental Quality"
"08/07/26","22:00","410050102","Multorpor","-8","PM2.5","UG/M3","14.9","Oregon Dept. of Environmental Quality"
"08/07/26","22:00","410510080","Portland - SE Lafaye","-8","PM2.5","UG/M3","13.6","Oregon Dept. of Environmental Quality"
"08/07/26","22:00","410670004","Hillsboro - Hare Fie","-8","PM2.5","UG/M3","10.5","Oregon Dept. of Environmental Quality"
"08/07/26","22:00","410670005","Portland Near Road","-8","PM2.5","UG/M3","22","Oregon Dept. of Environmental Quality"
"08/07/26","22:00","410670111","Beaverton - Highland","-8","PM2.5","UG/M3","13.8","Oregon Dept. of Environmental Quality"
"08/07/26","23:00","410050004","Portland - Spangler","-8","PM2.5","UG/M3","22.2","Oregon Dept. of Environmental Quality"
"08/07/26","23:00","410050102","Multorpor","-8","PM2.5","UG/M3","14.5","Oregon Dept. of Environmental Quality"
"08/07/26","23:00","410510080","Portland - SE Lafaye","-8","PM2.5","UG/M3","13.6","Oregon Dept. of Environmental Quality"
"08/07/26","23:00","410670004","Hillsboro - Hare Fie","-8","PM2.5","UG/M3","10.6","Oregon Dept. of Environmental Quality"
"08/07/26","23:00","410670005","Portland Near Road","-8","PM2.5","UG/M3","15.3","Oregon Dept. of Environmental Quality"
"08/07/26","23:00","410670111","Beaverton - Highland","-8","PM2.5","UG/M3","12.3","Oregon Dept. of Environmental Quality"
"08/08/26","00:00","410050004","Portland - Spangler","-8","PM2.5","UG/M3","18.2","Oregon Dept. of Environmental Quality"
"08/08/26","00:00","410050102","Multorpor","-8","PM2.5","UG/M3","12.4","Oregon Dept. of Environmental Quality"
"08/08/26","00:00","410510080","Portland - SE Lafaye","-8","PM2.5","UG/M3","13.1","Oregon Dept. of Environmental Quality"
"08/08/26","00:00","410670004","Hillsboro - Hare Fie","-8","PM2.5","UG/M3","10.5","Oregon Dept. of Environmental Quality"
"08/08/26","00:00","410670005","Portland Near Road","-8","PM2.5","UG/M3","15.9","Oregon Dept. of Environmental Quality"
"08/08/26","00:00","410670111","Beaverton - Highland","-8","PM2.5","UG/M3","12.1","Oregon Dept. of Environmental Quality"
"08/08/26","01:00","410050004","Portland - Spangler","-8","PM2.5","UG/M3","13.6","Oregon Dept. of Environmental Quality"
"08/08/26","01:00","410050102","Multorpor","-8","PM2.5","UG/M3","12.4","Oregon Dept. of Environmental Quality"
"08/08/26","01:00","410510080","Portland - SE Lafaye","-8","PM2.5","UG/M3","12.9","Oregon Dept. of Environmental Quality"
"08/08/26","01:00","410670004","Hillsboro - Hare Fie","-8","PM2.5","UG/M3","12.4","Oregon Dept. of Environmental Quality"
"08/08/26","01:00","410670005","Portland Near Road","-8","PM2.5","UG/M3","14.4","Oregon Dept. of Environmental Quality"
"08/08/26","01:00","410670111","Beaverton - Highland","-8","PM2.5","UG/M3","11.2","Oregon Dept. of Environmental Quality"
"08/08/26","02:00","410050004","Portland - Spangler","-8","PM2.5","UG/M3","11.5","Oregon Dept. of Environmental Quality"
"08/08/26","02:00","410050102","Multorpor","-8","PM2.5","UG/M3","12.8","Oregon Dept. of Environmental Quality"
"08/08/26","02:00","410510080","Portland - SE Lafaye","-8","PM2.5","UG/M3","15.9","Oregon Dept. of Environmental Quality"
"08/08/26","02:00","410670004","Hillsboro - Hare Fie","-8","PM2.5","UG/M3","12.9","Oregon Dept. of Environmental Quality"
"08/08/26","02:00","410670005","Portland Near Road","-8","PM2.5","UG/M3","16","Oregon Dept. of Environmental Quality"
"08/08/26","02:00","410670111","Beaverton - Highland","-8","PM2.5","UG/M3","14.4","Oregon Dept. of Environmental Quality"
"08/08/26","03:00","410050004","Portland - Spangler","-8","PM2.5","UG/M3","13.2","Oregon Dept. of Environmental Quality"
"08/08/26","03:00","410050102","Multorpor","-8","PM2.5","UG/M3","7.5","Oregon Dept. of Environmental Quality"
"08/08/26","03:00","410510080","Portland - SE Lafaye","-8","PM2.5","UG/M3","18","Oregon Dept. of Environmental Quality"
"08/08/26","03:00","410670004","Hillsboro - Hare Fie","-8","PM2.5","UG/M3","19","Oregon Dept. of Environmental Quality"
"08/08/26","03:00","410670005","Portland Near Road","-8","PM2.5","UG/M3","18.3","Oregon Dept. of Environmental Quality"
"08/08/26","03:00","410670111","Beaverton - Highland","-8","PM2.5","UG/M3","15","Oregon Dept. of Environmental Quality"
"08/08/26","04:00","410050004","Portland - Spangler","-8","PM2.5","UG/M3","15.8","Oregon Dept. of Environmental Quality"
"08/08/26","04:00","410050102","Multorpor","-8","PM2.5","UG/M3","6.5","Oregon Dept. of Environmental Quality"
"08/08/26","04:00","410510080","Portland - SE Lafaye","-8","PM2.5","UG/M3","17.3","Oregon Dept. of Environmental Quality"
"08/08/26","04:00","410670004","Hillsboro - Hare Fie","-8","PM2.5","UG/M3","20.9","Oregon Dept. of Environmental Quality"
"08/08/26","04:00","410670005","Portland Near Road","-8","PM2.5","UG/M3","19.7","Oregon Dept. of Environmental Quality"
"08/08/26","04:00","410670111","Beaverton - Highland","-8","PM2.5","UG/M3","17.3","Oregon Dept. of Environmental Quality"
"08/08/26","05:00","410050004","Portland - Spangler","-8","PM2.5","UG/M3","16.3","Oregon Dept. of Environmental Quality"
"08/08/26","05:00","410050102","Multorpor","-8","PM2.5","UG/M3","6.1","Oregon Dept. of Environmental Quality"
"08/08/26","05:00","410510080","Portland - SE Lafaye","-8","PM2.5","UG/M3","17.1","Oregon Dept. of Environmental Quality"
"08/08/26","05:00","410670004","Hillsboro - Hare Fie","-8","PM2.5","UG/M3","20.5","Oregon Dept. of Environmental Quality"
"08/08/26","05:00","410670005","Portland Near Road","-8","PM2.5","UG/M3","22.1","Oregon Dept. of Environmental Quality"
"08/08/26","05:00","410670111","Beaverton - Highland","-8","PM2.5","UG/M3","18.8","Oregon Dept. of Environmental Quality"
"08/08/26","06:00","410050004","Portland - Spangler","-8","PM2.5","UG/M3","16.2","Oregon Dept. of Environmental Quality"
"08/08/26","06:00","410050102","Multorpor","-8","PM2.5","UG/M3","5.4","Oregon Dept. of Environmental Quality"
"08/08/26","06:00","410510080","Portland - SE Lafaye","-8","PM2.5","UG/M3","14.8","Oregon Dept. of Environmental Quality"
"08/08/26","06:00","410670004","Hillsboro - Hare Fie","-8","PM2.5","UG/M3","14.5","Oregon Dept. of Environmental Quality"
"08/08/26","06:00","410670005","Portland Near Road","-8","PM2.5","UG/M3","23.5","Oregon Dept. of Environmental Quality"
"08/08/26","06:00","410670111","Beaverton - Highland","-8","PM2.5","UG/M3","18","Oregon Dept. of Environmental Quality"
"08/08/26","07:00","410050004","Portland - Spangler","-8","PM2.5","UG/M3","15.7","Oregon Dept. of Environmental Quality"
"08/08/26","07:00","410050102","Multorpor","-8","PM2.5","UG/M3","2.3","Oregon Dept. of Environmental Quality"
"08/08/26","07:00","410510080","Portland - SE Lafaye","-8","PM2.5","UG/M3","12.9","Oregon Dept. of Environmental Quality"
"08/08/26","07:00","410670004","Hillsboro - Hare Fie","-8","PM2.5","UG/M3","9","Oregon Dept. of Environmental Quality"
"08/08/26","07:00","410670005","Portland Near Road","-8","PM2.5","UG/M3","25.5","Oregon Dept. of Environmental Quality"
"08/08/26","07:00","410670111","Beaverton - Highland","-8","PM2.5","UG/M3","14.6","Oregon Dept. of Environmental Quality"
"08/08/26","08:00","410050004","Portland - Spangler","-8","PM2.5","UG/M3","12.5","Oregon Dept. of Environmental Quality"
"08/08/26","08:00","410050102","Multorpor","-8","PM2.5","UG/M3","2.3","Oregon Dept. of Environmental Quality"
"08/08/26","08:00","410510080","Portland - SE Lafaye","-8","PM2.5","UG/M3","12.3","Oregon Dept. of Environmental Quality"
"08/08/26","08:00","410670004","Hillsboro - Hare Fie","-8","PM2.5","UG/M3","9.2","Oregon Dept. of Environmental Quality"
"08/08/26","08:00","410670005","Portland Near Road","-8","PM2.5","UG/M3","23.8","Oregon Dept. of Environmental Quality"
"08/08/26","08:00","410670111","Beaverton - Highland","-8","PM2.5","UG/M3","13.9","Oregon Dept. of Environmental Quality"
"08/08/26","09:00","410050004","Portland - Spangler","-8","PM2.5","UG/M3","12.6","Oregon Dept. of Environmental Quality"
"08/08/26","09:00","410050102","Multorpor","-8","PM2.5","UG/M3","5.5","Oregon Dept. of Environmental Quality"
"08/08/26","09:00","410510080","Portland - SE Lafaye","-8","PM2.5","UG/M3","11.7","Oregon Dept. of Environmental Quality"
"08/08/26","09:00","410670004","Hillsboro - Hare Fie","-8","PM2.5","UG/M3","9.3","Oregon Dept. of Environmental Quality"
"08/08/26","09:00","410670005","Portland Near Road","-8","PM2.5","UG/M3","19.5","Oregon Dept. of Environmental Quality"
"08/08/26","09:00","410670111","Beaverton - Highland","-8","PM2.5","UG/M3","12.7","Oregon Dept. of Environmental Quality"
"08/08/26","10:00","410050004","Portland - Spangler","-8","PM2.5","UG/M3","9.9","Oregon Dept. of Environmental Quality"
"08/08/26","10:00","410050102","Multorpor","-8","PM2.5","UG/M3","10.9","Oregon Dept. of Environmental Quality"
"08/08/26","10:00","410510080","Portland - SE Lafaye","-8","PM2.5","UG/M3","10.2","Oregon Dept. of Environmental Quality"
"08/08/26","10:00","410670004","Hillsboro - Hare Fie","-8","PM2.5","UG/M3","9.8","Oregon Dept. of Environmental Quality"
"08/08/26","10:00","410670005","Portland Near Road","-8","PM2.5","UG/M3","17.1","Oregon Dept. of Environmental Quality"
"08/08/26","10:00","410670111","Beaverton - Highland","-8","PM2.5","UG/M3","12.9","Oregon Dept. of Environmental Quality"
"08/08/26","11:00","410050004","Portland - Spangler","-8","PM2.5","UG/M3","8.9","Oregon Dept. of Environmental Quality"
"08/08/26","11:00","410050102","Multorpor","-8","PM2.5","UG/M3","5.7","Oregon Dept. of Environmental Quality"
"08/08/26","11:00","410510080","Portland - SE Lafaye","-8","PM2.5","UG/M3","8.5","Oregon Dept. of Environmental Quality"
"08/08/26","11:00","410670004","Hillsboro - Hare Fie","-8","PM2.5","UG/M3","9.4","Oregon Dept. of Environmental Quality"
"08/08/26","11:00","410670005","Portland Near Road","-8","PM2.5","UG/M3","15.2","Oregon Dept. of Environmental Quality"
"08/08/26","11:00","410670111","Beaverton - Highland","-8","PM2.5","UG/M3","13.3","Oregon Dept. of Environmental Quality"
"08/08/26","12:00","410050004","Portland - Spangler","-8","PM2.5","UG/M3","7.5","Oregon Dept. of Environmental Quality"
"08/08/26","12:00","410050102","Multorpor","-8","PM2.5","UG/M3","8.6","Oregon Dept. of Environmental Quality"
"08/08/26","12:00","410510080","Portland - SE Lafaye","-8","PM2.5","UG/M3","7.2","Oregon Dept. of Environmental Quality"
"08/08/26","12:00","410670004","Hillsboro - Hare Fie","-8","PM2.5","UG/M3","9","Oregon Dept. of Environmental Quality"
"08/08/26","12:00","410670005","Portland Near Road","-8","PM2.5","UG/M3","11","Oregon Dept. of Environmental Quality"
"08/08/26","12:00","410670111","Beaverton - Highland","-8","PM2.5","UG/M3","13.2","Oregon Dept. of Environmental Quality"
"08/08/26","13:00","410050004","Portland - Spangler","-8","PM2.5","UG/M3","8","Oregon Dept. of Environmental Quality"
"08/08/26","13:00","410050102","Multorpor","-8","PM2.5","UG/M3","8.6","Oregon Dept. of Environmental Quality"
"08/08/26","13:00","410510080","Portland - SE Lafaye","-8","PM2.5","UG/M3","6.8","Oregon Dept. of Environmental Quality"
"08/08/26","13:00","410670004","Hillsboro - Hare Fie","-8","PM2.5","UG/M3","9.2","Oregon Dept. of Environmental Quality"
"08/08/26","13:00","410670005","Portland Near Road","-8","PM2.5","UG/M3","8.8","Oregon Dept. of Environmental Quality"
"08/08/26","13:00","410670111","Beaverton - Highland","-8","PM2.5","UG/M3","12.2","Oregon Dept. of Environmental Quality"
"08/08/26","14:00","410050004","Portland - Spangler","-8","PM2.5","UG/M3","6.2","Oregon Dept. of Environmental Quality"
"08/08/26","14:00","410050102","Multorpor","-8","PM2.5","UG/M3","6","Oregon Dept. of Environmental Quality"
"08/08/26","14:00","410510080","Portland - SE Lafaye","-8","PM2.5","UG/M3","6.1","Oregon Dept. of Environmental Quality"
"08/08/26","14:00","410670004","Hillsboro - Hare Fie","-8","PM2.5","UG/M3","8.8","Oregon Dept. of Environmental Quality"
"08/08/26","14:00","410670005","Portland Near Road","-8","PM2.5","UG/M3","7.9","Oregon Dept. of Environmental Quality"
"08/08/26","14:00","410670111","Beaverton - Highland","-8","PM2.5","UG/M3","7.4","Oregon Dept. of Environmental Quality"
"08/08/26","15:00","410050004","Portland - Spangler","-8","PM2.5","UG/M3","5.7","Oregon Dept. of Environmental Quality"
"08/08/26","15:00","410050102","Multorpor","-8","PM2.5","UG/M3","11.7","Oregon Dept. of Environmental Quality"
"08/08/26","15:00","410510080","Portland - SE Lafaye","-8","PM2.5","UG/M3","6","Oregon Dept. of Environmental Quality"
"08/08/26","15:00","410670004","Hillsboro - Hare Fie","-8","PM2.5","UG/M3","8.4","Oregon Dept. of Environmental Quality"
"08/08/26","15:00","410670005","Portland Near Road","-8","PM2.5","UG/M3","7.4","Oregon Dept. of Environmental Quality"
"08/08/26","15:00","410670111","Beaverton - Highland","-8","PM2.5","UG/M3","6.8","Oregon Dept. of Environmental Quality"
"08/08/26","16:00","410050004","Portland - Spangler","-8","PM2.5","UG/M3","5.8","Oregon Dept. of Environmental Quality"
"08/08/26","16:00","410050102","Multorpor","-8","PM2.5","UG/M3","11.3","Oregon Dept. of Environmental Quality"
"08/08/26","16:00","410510080","Portland - SE Lafaye","-8","PM2.5","UG/M3","6","Oregon Dept. of Environmental Quality"
"08/08/26","16:00","410670004","Hillsboro - Hare Fie","-8","PM2.5","UG/M3","7.3","Oregon Dept. of Environmental Quality"
"08/08/26","16:00","410670005","Portland Near Road","-8","PM2.5","UG/M3","6.9","Oregon Dept. of Environmental Quality"
"08/08/26","16:00","410670111","Beaverton - Highland","-8","PM2.5","UG/M3","6.4","Oregon Dept. of Environmental Quality"
"08/08/26","17:00","410050004","Portland - Spangler","-8","PM2.5","UG/M3","5.9","Oregon Dept. of Environmental Quality"
"08/08/26","17:00","410050102","Multorpor","-8","PM2.5","UG/M3","10.9","Oregon Dept. of Environmental Quality"
"08/08/26","17:00","410510080","Portland - SE Lafaye","-8","PM2.5","UG/M3","6.3","Oregon Dept. of Environmental Quality"
"08/08/26","17:00","410670004","Hillsboro - Hare Fie","-8","PM2.5","UG/M3","6.2","Oregon Dept. of Environmental Quality"
"08/08/26","17:00","410670005","Portland Near Road","-8","PM2.5","UG/M3","6.8","Oregon Dept. of Environmental Quality"
"08/08/26","17:00","410670111","Beaverton - Highland","-8","PM2.5","UG/M3","5","Oregon Dept. of Environmental Quality"
"08/08/26","18:00","410050004","Portland - Spangler","-8","PM2.5","UG/M3","5.3","Oregon Dept. of Environmental Quality"
"08/08/26","18:00","410050102","Multorpor","-8","PM2.5","UG/M3","8.6","Oregon Dept. of Environmental Quality"
"08/08/26","18:00","410510080","Portland - SE Lafaye","-8","PM2.5","UG/M3","5.7","Oregon Dept. of Environmental Quality"
"08/08/26","18:00","410670004","Hillsboro - Hare Fie","-8","PM2.5","UG/M3","4.9","Oregon Dept. of Environmental Quality"
"08/08/26","18:00","410670005","Portland Near Road","-8","PM2.5","UG/M3","5.7","Oregon Dept. of Environmental Quality"
"08/08/26","18:00","410670111","Beaverton - Highland","-8","PM2.5","UG/M3","3.9","Oregon Dept. of Environmental Quality"
"08/08/26","19:00","410050004","Portland - Spangler","-8","PM2.5","UG/M3","4.8","Oregon Dept. of Environmental Quality"
"08/08/26","19:00","410050102","Multorpor","-8","PM2.5","UG/M3","7.5","Oregon Dept. of Environmental Quality"
"08/08/26","19:00","410510080","Portland - SE Lafaye","-8","PM2.5","UG/M3","4.7","Oregon Dept. of Environmental Quality"
"08/08/26","19:00","410670004","Hillsboro - Hare Fie","-8","PM2.5","UG/M3","4.1","Oregon Dept. of Environmental Quality"
"08/08/26","19:00","410670005","Portland Near Road","-8","PM2.5","UG/M3","3.4","Oregon Dept. of Environmental Quality"
"08/08/26","19:00","410670111","Beaverton - Highland","-8","PM2.5","UG/M3","2.9","Oregon Dept. of Environmental Quality"
"08/08/26","20:00","410050004","Portland - Spangler","-8","PM2.5","UG/M3","3","Oregon Dept. of Environmental Quality"
"08/08/26","20:00","410050102","Multorpor","-8","PM2.5","UG/M3","7.2","Oregon Dept. of Environmental Quality"
"08/08/26","20:00","410510080","Portland - SE Lafaye","-8","PM2.5","UG/M3","3","Oregon Dept. of Environmental Quality"
"08/08/26","20:00","410670004","Hillsboro - Hare Fie","-8","PM2.5","UG/M3","3","Oregon Dept. of Environmental Quality"
"08/08/26","20:00","410670005","Portland Near Road","-8","PM2.5","UG/M3","2.9","Oregon Dept. of Environmental Quality"
"08/08/26","20:00","410670111","Beaverton - Highland","-8","PM2.5","UG/M3","3.2","Oregon Dept. of Environmental Quality"
"08/08/26","21:00","410050004","Portland - Spangler","-8","PM2.5","UG/M3","2.4","Oregon Dept. of Environmental Quality"
"08/08/26","21:00","410050102","Multorpor","-8","PM2.5","UG/M3","6.1","Oregon Dept. of Environmental Quality"
"08/08/26","21:00","410510080","Portland - SE Lafaye","-8","PM2.5","UG/M3","3.5","Oregon Dept. of Environmental Quality"
"08/08/26","21:00","410670004","Hillsboro - Hare Fie","-8","PM2.5","UG/M3","2.1","Oregon Dept. of Environmental Quality"
"08/08/26","21:00","410670005","Portland Near Road","-8","PM2.5","UG/M3","3.4","Oregon Dept. of Environmental Quality"
"08/08/26","21:00","410670111","Beaverton - Highland","-8","PM2.5","UG/M3","3.4","Oregon Dept. of Environmental Quality"
"08/08/26","22:00","410050004","Portland - Spangler","-8","PM2.5","UG/M3","2.7","Oregon Dept. of Environmental Quality"
"08/08/26","22:00","410050102","Multorpor","-8","PM2.5","UG/M3","5.7","Oregon Dept. of Environmental Quality"
"08/08/26","22:00","410510080","Portland - SE Lafaye","-8","PM2.5","UG/M3","3.5","Oregon Dept. of Environmental Quality"
"08/08/26","22:00","410670004","Hillsboro - Hare Fie","-8","PM2.5","UG/M3","1.9","Oregon Dept. of Environmental Quality"
"08/08/26","22:00","410670005","Portland Near Road","-8","PM2.5","UG/M3","3.6","Oregon Dept. of Environmental Quality"
"08/08/26","22:00","410670111","Beaverton - Highland","-8","PM2.5","UG/M3","3","Oregon Dept. of Environmental Quality"
"08/08/26","23:00","410050004","Portland - Spangler","-8","PM2.5","UG/M3","2.9","Oregon Dept. of Environmental Quality"
"08/08/26","23:00","410050102","Multorpor","-8","PM2.5","UG/M3","3.4","Oregon Dept. of Environmental Quality"
"08/08/26","23:00","410510080","Portland - SE Lafaye","-8","PM2.5","UG/M3","2.8","Oregon Dept. of Environmental Quality"
"08/08/26","23:00","410670004","Hillsboro - Hare Fie","-8","PM2.5","UG/M3","2.1","Oregon Dept. of Environmental Quality"
"08/08/26","23:00","410670005","Portland Near Road","-8","PM2.5","UG/M3","3.4","Oregon Dept. of Environmental Quality"
"08/08/26","23:00","410670111","Beaverton - Highland","-8","PM2.5","UG/M3","3","Oregon Dept. of Environmental Quality"
"08/09/26","00:00","410050004","Portland - Spangler","-8","PM2.5","UG/M3","3.3","Oregon Dept. of Environmental Quality"
"08/09/26","00:00","410050102","Multorpor","-8","PM2.5","UG/M3","2.3","Oregon Dept. of Environmental Quality"
"08/09/26","00:00","410510080","Portland - SE Lafaye","-8","PM2.5","UG/M3","2.3","Oregon Dept. of Environmental Quality"
"08/09/26","00:00","410670004","Hillsboro - Hare Fie","-8","PM2.5","UG/M3","2.3","Oregon Dept. of Environmental Quality"
"08/09/26","00:00","410670005","Portland Near Road","-8","PM2.5","UG/M3","3.4","Oregon Dept. of Environmental Quality"
"08/09/26","00:00","410670111","Beaverton - Highland","-8","PM2.5","UG/M3","2.6","Oregon Dept. of Environmental Quality"
"08/09/26","01:00","410050004","Portland - Spangler","-8","PM2.5","UG/M3","3.1","Oregon Dept. of Environmental Quality"
"08/09/26","01:00","410050102","Multorpor","-8","PM2.5","UG/M3","1.6","Oregon Dept. of Environmental Quality"
"08/09/26","01:00","410510080","Portland - SE Lafaye","-8","PM2.5","UG/M3","2.9","Oregon Dept. of Environmental Quality"
"08/09/26","01:00","410670004","Hillsboro - Hare Fie","-8","PM2.5","UG/M3","2.7","Oregon Dept. of Environmental Quality"
"08/09/26","01:00","410670005","Portland Near Road","-8","PM2.5","UG/M3","3.2","Oregon Dept. of Environmental Quality"
"08/09/26","01:00","410670111","Beaverton - Highland","-8","PM2.5","UG/M3","2.8","Oregon Dept. of Environmental Quality"
"08/09/26","02:00","410050004","Portland - Spangler","-8","PM2.5","UG/M3","2.8","Oregon Dept. of Environmental Quality"
"08/09/26","02:00","410050102","Multorpor","-8","PM2.5","UG/M3","1.7","Oregon Dept. of Environmental Quality"
"08/09/26","02:00","410510080","Portland - SE Lafaye","-8","PM2.5","UG/M3","3.7","Oregon Dept. of Environmental Quality"
"08/09/26","02:00","410670004","Hillsboro - Hare Fie","-8","PM2.5","UG/M3","2.7","Oregon Dept. of Environmental Quality"
"08/09/26","02:00","410670005","Portland Near Road","-8","PM2.5","UG/M3","3.5","Oregon Dept. of Environmental Quality"
"08/09/26","02:00","410670111","Beaverton - Highland","-8","PM2.5","UG/M3","3","Oregon Dept. of Environmental Quality"
"08/09/26","03:00","410050004","Portland - Spangler","-8","PM2.5","UG/M3","3.3","Oregon Dept. of Environmental Quality"
"08/09/26","03:00","410050102","Multorpor","-8","PM2.5","UG/M3","1.6","Oregon Dept. of Environmental Quality"
"08/09/26","03:00","410510080","Portland - SE Lafaye","-8","PM2.5","UG/M3","3.6","Oregon Dept. of Environmental Quality"
"08/09/26","03:00","410670004","Hillsboro - Hare Fie","-8","PM2.5","UG/M3","2.3","Oregon Dept. of Environmental Quality"
"08/09/26","03:00","410670005","Portland Near Road","-8","PM2.5","UG/M3","3.7","Oregon Dept. of Environmental Quality"
"08/09/26","03:00","410670111","Beaverton - Highland","-8","PM2.5","UG/M3","3","Oregon Dept. of Environmental Quality"
"08/09/26","04:00","410050004","Portland - Spangler","-8","PM2.5","UG/M3","3.4","Oregon Dept. of Environmental Quality"
"08/09/26","04:00","410050102","Multorpor","-8","PM2.5","UG/M3","1.7","Oregon Dept. of Environmental Quality"
"08/09/26","04:00","410510080","Portland - SE Lafaye","-8","PM2.5","UG/M3","3","Oregon Dept. of Environmental Quality"
"08/09/26","04:00","410670004","Hillsboro - Hare Fie","-8","PM2.5","UG/M3","2.3","Oregon Dept. of Environmental Quality"
"08/09/26","04:00","410670005","Portland Near Road","-8","PM2.5","UG/M3","3.6","Oregon Dept. of Environmental Quality"
"08/09/26","04:00","410670111","Beaverton - Highland","-8","PM2.5","UG/M3","3.1","Oregon Dept. of Environmental Quality"
"08/09/26","05:00","410050004","Portland - Spangler","-8","PM2.5","UG/M3","3.1","Oregon Dept. of Environmental Quality"
"08/09/26","05:00","410050102","Multorpor","-8","PM2.5","UG/M3","2.2","Oregon Dept. of Environmental Quality"
"08/09/26","05:00","410510080","Portland - SE Lafaye","-8","PM2.5","UG/M3","3","Oregon Dept. of Environmental Quality"
"08/09/26","05:00","410670004","Hillsboro - Hare Fie","-8","PM2.5","UG/M3","2.4","Oregon Dept. of Environmental Quality"
"08/09/26","05:00","410670005","Portland Near Road","-8","PM2.5","UG/M3","3.6","Oregon Dept. of Environmental Quality"
"08/09/26","05:00","410670111","Beaverton - Highland","-8","PM2.5","UG/M3","2.9","Oregon Dept. of Environmental Quality"
"08/09/26","06:00","410050004","Portland - Spangler","-8","PM2.5","UG/M3","2.8","Oregon Dept. of Environmental Quality"
"08/09/26","06:00","410050102","Multorpor","-8","PM2.5","UG/M3","1.7","Oregon Dept. of Environmental Quality"
"08/09/26","06:00","410510080","Portland - SE Lafaye","-8","PM2.5","UG/M3","3.1","Oregon Dept. of Environmental Quality"
"08/09/26","06:00","410670004","Hillsboro - Hare Fie","-8","PM2.5","UG/M3","2.4","Oregon Dept. of Environmental Quality"
"08/09/26","06:00","410670005","Portland Near Road","-8","PM2.5","UG/M3","3.3","Oregon Dept. of Environmental Quality"
"08/09/26","06:00","410670111","Beaverton - Highland","-8","PM2.5","UG/M3","2.7","Oregon Dept. of Environmental Quality"
"08/09/26","07:00","410050004","Portland - Spangler","-8","PM2.5","UG/M3","2.9","Oregon Dept. of Environmental Quality"
"08/09/26","07:00","410050102","Multorpor","-8","PM2.5","UG/M3","1.5","Oregon Dept. of Environmental Quality"
"08/09/26","07:00","410510080","Portland - SE Lafaye","-8","PM2.5","UG/M3","3.2","Oregon Dept. of Environmental Quality"
"08/09/26","07:00","410670004","Hillsboro - Hare Fie","-8","PM2.5","UG/M3","2.8","Oregon Dept. of Environmental Quality"
"08/09/26","07:00","410670005","Portland Near Road","-8","PM2.5","UG/M3","3.4","Oregon Dept. of Environmental Quality"
"08/09/26","07:00","410670111","Beaverton - Highland","-8","PM2.5","UG/M3","2.8","Oregon Dept. of Environmental Quality"
"08/09/26","08:00","410050004","Portland - Spangler","-8","PM2.5","UG/M3","3.1","Oregon Dept. of Environmental Quality"
"08/09/26","08:00","410050102","Multorpor","-8","PM2.5","UG/M3","1.5","Oregon Dept. of Environmental Quality"
"08/09/26","08:00","410510080","Portland - SE Lafaye","-8","PM2.5","UG/M3","3.4","Oregon Dept. of Environmental Quality"
"08/09/26","08:00","410670004","Hillsboro - Hare Fie","-8","PM2.5","UG/M3","3.1","Oregon Dept. of Environmental Quality"
"08/09/26","08:00","410670005","Portland Near Road","-8","PM2.5","UG/M3","3.5","Oregon Dept. of Environmental Quality"
"08/09/26","08:00","410670111","Beaverton - Highland","-8","PM2.5","UG/M3","2.7","Oregon Dept. of Environmental Quality"
"08/09/26","09:00","410050004","Portland - Spangler","-8","PM2.5","UG/M3","3.2","Oregon Dept. of Environmental Quality"
"08/09/26","09:00","410050102","Multorpor","-8","PM2.5","UG/M3","1.5","Oregon Dept. of Environmental Quality"
"08/09/26","09:00","410510080","Portland - SE Lafaye","-8","PM2.5","UG/M3","4.1","Oregon Dept. of Environmental Quality"
"08/09/26","09:00","410670004","Hillsboro - Hare Fie","-8","PM2.5","UG/M3","3.3","Oregon Dept. of Environmental Quality"
"08/09/26","09:00","410670005","Portland Near Road","-8","PM2.5","UG/M3","3.5","Oregon Dept. of Environmental Quality"
"08/09/26","09:00","410670111","Beaverton - Highland","-8","PM2.5","UG/M3","2.7","Oregon Dept. of Environmental Quality"
"08/09/26","10:00","410050004","Portland - Spangler","-8","PM2.5","UG/M3","3.2","Oregon Dept. of Environmental Quality"
"08/09/26","10:00","410050102","Multorpor","-8","PM2.5","UG/M3","1.5","Oregon Dept. of Environmental Quality"
"08/09/26","10:00","410510080","Portland - SE Lafaye","-8","PM2.5","UG/M3","5.5","Oregon Dept. of Environmental Quality"
"08/09/26","10:00","410670004","Hillsboro - Hare Fie","-8","PM2.5","UG/M3","3.2","Oregon Dept. of Environmental Quality"
"08/09/26","10:00","410670005","Portland Near Road","-8","PM2.5","UG/M3","3.6","Oregon Dept. of Environmental Quality"
"08/09/26","10:00","410670111","Beaverton - Highland","-8","PM2.5","UG/M3","2.7","Oregon Dept. of Environmental Quality"
"08/09/26","11:00","410050004","Portland - Spangler","-8","PM2.5","UG/M3","3.3","Oregon Dept. of Environmental Quality"
"08/09/26","11:00","410050102","Multorpor","-8","PM2.5","UG/M3","1.5","Oregon Dept. of Environmental Quality"
"08/09/26","11:00","410510080","Portland - SE Lafaye","-8","PM2.5","UG/M3","4.1","Oregon Dept. of Environmental Quality"
"08/09/26","11:00","410670004","Hillsboro - Hare Fie","-8","PM2.5","UG/M3","2.8","Oregon Dept. of Environmental Quality"
"08/09/26","11:00","410670005","Portland Near Road","-8","PM2.5","UG/M3","3.7","Oregon Dept. of Environmental Quality"
"08/09/26","11:00","410670111","Beaverton - Highland","-8","PM2.5","UG/M3","2.6","Oregon Dept. of Environmental Quality"
"08/09/26","12:00","410050004","Portland - Spangler","-8","PM2.5","UG/M3","3.3","Oregon Dept. of Environmental Quality"
"08/09/26","12:00","410050102","Multorpor","-8","PM2.5","UG/M3","1.5","Oregon Dept. of Environmental Quality"
"08/09/26","12:00","410510080","Portland - SE Lafaye","-8","PM2.5","UG/M3","4.3","Oregon Dept. of Environmental Quality"
"08/09/26","12:00","410670004","Hillsboro - Hare Fie","-8","PM2.5","UG/M3","2.8","Oregon Dept. of Environmental Quality"
"08/09/26","12:00","410670005","Portland Near Road","-8","PM2.5","UG/M3","3.8","Oregon Dept. of Environmental Quality"
"08/09/26","12:00","410670111","Beaverton - Highland","-8","PM2.5","UG/M3","2.7","Oregon Dept. of Environmental Quality"
"08/09/26","13:00","410050004","Portland - Spangler","-8","PM2.5","UG/M3","3.6","Oregon Dept. of Environmental Quality"
"08/09/26","13:00","410050102","Multorpor","-8","PM2.5","UG/M3","1.8","Oregon Dept. of Environmental Quality"
"08/09/26","13:00","410510080","Portland - SE Lafaye","-8","PM2.5","UG/M3","4.4","Oregon Dept. of Environmental Quality"
"08/09/26","13:00","410670004","Hillsboro - Hare Fie","-8","PM2.5","UG/M3","2.8","Oregon Dept. of Environmental Quality"
"08/09/26","13:00","410670005","Portland Near Road","-8","PM2.5","UG/M3","4.2","Oregon Dept. of Environmental Quality"
"08/09/26","13:00","410670111","Beaverton - Highland","-8","PM2.5","UG/M3","2.7","Oregon Dept. of Environmental Quality"
"08/09/26","14:00","410050004","Portland - Spangler","-8","PM2.5","UG/M3","3.8","Oregon Dept. of Environmental Quality"
"08/09/26","14:00","410050102","Multorpor","-8","PM2.5","UG/M3","1.7","Oregon Dept. of Environmental Quality"
"08/09/26","14:00","410510080","Portland - SE Lafaye","-8","PM2.5","UG/M3","4.3","Oregon Dept. of Environmental Quality"
"08/09/26","14:00","410670004","Hillsboro - Hare Fie","-8","PM2.5","UG/M3","2.9","Oregon Dept. of Environmental Quality"
"08/09/26","14:00","410670005","Portland Near Road","-8","PM2.5","UG/M3","4.8","Oregon Dept. of Environmental Quality"
"08/09/26","14:00","410670111","Beaverton - Highland","-8","PM2.5","UG/M3","3.4","Oregon Dept. of Environmental Quality"
"08/09/26","15:00","410050004","Portland - Spangler","-8","PM2.5","UG/M3","3.9","Oregon Dept. of Environmental Quality"
"08/09/26","15:00","410050102","Multorpor","-8","PM2.5","UG/M3","1.6","Oregon Dept. of Environmental Quality"
"08/09/26","15:00","410510080","Portland - SE Lafaye","-8","PM2.5","UG/M3","4.2","Oregon Dept. of Environmental Quality"
"08/09/26","15:00","410670004","Hillsboro - Hare Fie","-8","PM2.5","UG/M3","3.3","Oregon Dept. of Environmental Quality"
"08/09/26","15:00","410670005","Portland Near Road","-8","PM2.5","UG/M3","4.2","Oregon Dept. of Environmental Quality"
"08/09/26","15:00","410670111","Beaverton - Highland","-8","PM2.5","UG/M3","3.3","Oregon Dept. of Environmental Quality"
"08/09/26","16:00","410050004","Portland - Spangler","-8","PM2.5","UG/M3","4","Oregon Dept. of Environmental Quality"
"08/09/26","16:00","410050102","Multorpor","-8","PM2.5","UG/M3","1.5","Oregon Dept. of Environmental Quality"
"08/09/26","16:00","410510080","Portland - SE Lafaye","-8","PM2.5","UG/M3","4.5","Oregon Dept. of Environmental Quality"
"08/09/26","16:00","410670004","Hillsboro - Hare Fie","-8","PM2.5","UG/M3","3.3","Oregon Dept. of Environmental Quality"
"08/09/26","16:00","410670005","Portland Near Road","-8","PM2.5","UG/M3","4","Oregon Dept. of Environmental Quality"
"08/09/26","16:00","410670111","Beaverton - Highland","-8","PM2.5","UG/M3","3.1","Oregon Dept. of Environmental Quality"
"08/09/26","17:00","410050004","Portland - Spangler","-8","PM2.5","UG/M3","4","Oregon Dept. of Environmental Quality"
"08/09/26","17:00","410050102","Multorpor","-8","PM2.5","UG/M3","1.5","Oregon Dept. of Environmental Quality"
"08/09/26","17:00","410510080","Portland - SE Lafaye","-8","PM2.5","UG/M3","4.6","Oregon Dept. of Environmental Quality"
"08/09/26","17:00","410670004","Hillsboro - Hare Fie","-8","PM2.5","UG/M3","3.2","Oregon Dept. of Environmental Quality"
"08/09/26","17:00","410670005","Portland Near Road","-8","PM2.5","UG/M3","4.3","Oregon Dept. of Environmental Quality"
"08/09/26","17:00","410670111","Beaverton - Highland","-8","PM2.5","UG/M3","3.2","Oregon Dept. of Environmental Quality"
"08/09/26","18:00","410050004","Portland - Spangler","-8","PM2.5","UG/M3","3.9","Oregon Dept. of Environmental Quality"
"08/09/26","18:00","410050102","Multorpor","-8","PM2.5","UG/M3","1.5","Oregon Dept. of Environmental Quality"
"08/09/26","18:00","410510080","Portland - SE Lafaye","-8","PM2.5","UG/M3","4.4","Oregon Dept. of Environmental Quality"
"08/09/26","18:00","410670004","Hillsboro - Hare Fie","-8","PM2.5","UG/M3","3.1","Oregon Dept. of Environmental Quality"
"08/09/26","18:00","410670005","Portland Near Road","-8","PM2.5","UG/M3","4.5","Oregon Dept. of Environmental Quality"
"08/09/26","18:00","410670111","Beaverton - Highland","-8","PM2.5","UG/M3","3.5","Oregon Dept. of Environmental Quality"
"08/09/26","19:00","410050004","Portland - Spangler","-8","PM2.5","UG/M3","4.2","Oregon Dept. of Environmental Quality"
"08/09/26","19:00","410050102","Multorpor","-8","PM2.5","UG/M3","1.6","Oregon Dept. of Environmental Quality"
"08/09/26","19:00","410510080","Portland - SE Lafaye","-8","PM2.5","UG/M3","4.3","Oregon Dept. of Environmental Quality"
"08/09/26","19:00","410670004","Hillsboro - Hare Fie","-8","PM2.5","UG/M3","3.3","Oregon Dept. of Environmental Quality"
"08/09/26","19:00","410670005","Portland Near Road","-8","PM2.5","UG/M3","4.3","Oregon Dept. of Environmental Quality"
"08/09/26","19:00","410670111","Beaverton - Highland","-8","PM2.5","UG/M3","3.5","Oregon Dept. of Environmental Quality"
"08/09/26","20:00","410050004","Portland - Spangler","-8","PM2.5","UG/M3","4.3","Oregon Dept. of Environmental Quality"
"08/09/26","20:00","410050102","Multorpor","-8","PM2.5","UG/M3","1.8","Oregon Dept. of Environmental Quality"
"08/09/26","20:00","410510080","Portland - SE Lafaye","-8","PM2.5","UG/M3","5.2","Oregon Dept. of Environmental Quality"
"08/09/26","20:00","410670004","Hillsboro - Hare Fie","-8","PM2.5","UG/M3","3.6","Oregon Dept. of Environmental Quality"
"08/09/26","20:00","410670005","Portland Near Road","-8","PM2.5","UG/M3","4.7","Oregon Dept. of Environmental Quality"
"08/09/26","20:00","410670111","Beaverton - Highland","-8","PM2.5","UG/M3","4.3","Oregon Dept. of Environmental Quality"
"08/09/26","21:00","410050004","Portland - Spangler","-8","PM2.5","UG/M3","3.7","Oregon Dept. of Environmental Quality"
"08/09/26","21:00","410050102","Multorpor","-8","PM2.5","UG/M3","1.9","Oregon Dept. of Environmental Quality"
"08/09/26","21:00","410510080","Portland - SE Lafaye","-8","PM2.5","UG/M3","5.1","Oregon Dept. of Environmental Quality"
"08/09/26","21:00","410670004","Hillsboro - Hare Fie","-8","PM2.5","UG/M3","3.6","Oregon Dept. of Environmental Quality"
"08/09/26","21:00","410670005","Portland Near Road","-8","PM2.5","UG/M3","6.1","Oregon Dept. of Environmental Quality"
"08/09/26","21:00","410670111","Beaverton - Highland","-8","PM2.5","UG/M3","4.8","Oregon Dept. of Environmental Quality"
"08/09/26","22:00","410050004","Portland - Spangler","-8","PM2.5","UG/M3","4.5","Oregon Dept. of Environmental Quality"
"08/09/26","22:00","410050102","Multorpor","-8","PM2.5","UG/M3","1.9","Oregon Dept. of Environmental Quality"
"08/09/26","22:00","410510080","Portland - SE Lafaye","-8","PM2.5","UG/M3","4.8","Oregon Dept. of Environmental Quality"
"08/09/26","22:00","410670004","Hillsboro - Hare Fie","-8","PM2.5","UG/M3","2.9","Oregon Dept. of Environmental Quality"
"08/09/26","22:00","410670005","Portland Near Road","-8","PM2.5","UG/M3","5.4","Oregon Dept. of Environmental Quality"
"08/09/26","22:00","410670111","Beaverton - Highland","-8","PM2.5","UG/M3","4.2","Oregon Dept. of Environmental Quality"
"08/09/26","23:00","410050004","Portland - Spangler","-8","PM2.5","UG/M3","4.7","Oregon Dept. of Environmental Quality"
"08/09/26","23:00","410050102","Multorpor","-8","PM2.5","UG/M3","2.2","Oregon Dept. of Environmental Quality"
"08/09/26","23:00","410510080","Portland - SE Lafaye","-8","PM2.5","UG/M3","4.4","Oregon Dept. of Environmental Quality"
"08/09/26","23:00","410670004","Hillsboro - Hare Fie","-8","PM2.5","UG/M3","2.2","Oregon Dept. of Environmental Quality"
"08/09/26","23:00","410670005","Portland Near Road","-8","PM2.5","UG/M3","5.1","Oregon Dept. of Environmental Quality"
"08/09/26","23:00","410670111","Beaverton - Highland","-8","PM2.5","UG/M3","3.8","Oregon Dept. of Environmental Quality"
"08/10/26","00:00","410050004","Portland - Spangler","-8","PM2.5","UG/M3","4.7","Oregon Dept. of Environmental Quality"
"08/10/26","00:00","410050102","Multorpor","-8","PM2.5","UG/M3","2.4","Oregon Dept. of Environmental Quality"
"08/10/26","00:00","410510080","Portland - SE Lafaye","-8","PM2.5","UG/M3","3.7","Oregon Dept. of Environmental Quality"
"08/10/26","00:00","410670004","Hillsboro - Hare Fie","-8","PM2.5","UG/M3","1.9","Oregon Dept. of Environmental Quality"
"08/10/26","00:00","410670005","Portland Near Road","-8","PM2.5","UG/M3","4.4","Oregon Dept. of Environmental Quality"
"08/10/26","00:00","410670111","Beaverton - Highland","-8","PM2.5","UG/M3","3.3","Oregon Dept. of Environmental Quality"
"08/10/26","01:00","410050004","Portland - Spangler","-8","PM2.5","UG/M3","3.8","Oregon Dept. of Environmental Quality"
"08/10/26","01:00","410050102","Multorpor","-8","PM2.5","UG/M3","2.6","Oregon Dept. of Environmental Quality"
"08/10/26","01:00","410510080","Portland - SE Lafaye","-8","PM2.5","UG/M3","3.6","Oregon Dept. of Environmental Quality"
"08/10/26","01:00","410670004","Hillsboro - Hare Fie","-8","PM2.5","UG/M3","2.2","Oregon Dept. of Environmental Quality"
"08/10/26","01:00","410670005","Portland Near Road","-8","PM2.5","UG/M3","3.6","Oregon Dept. of Environmental Quality"
"08/10/26","01:00","410670111","Beaverton - Highland","-8","PM2.5","UG/M3","2.3","Oregon Dept. of Environmental Quality"
"08/10/26","02:00","410050004","Portland - Spangler","-8","PM2.5","UG/M3","3.3","Oregon Dept. of Environmental Quality"
"08/10/26","02:00","410050102","Multorpor","-8","PM2.5","UG/M3","2.6","Oregon Dept. of Environmental Quality"
"08/10/26","02:00","410510080","Portland - SE Lafaye","-8","PM2.5","UG/M3","4.1","Oregon Dept. of Environmental Quality"
"08/10/26","02:00","410670004","Hillsboro - Hare Fie","-8","PM2.5","UG/M3","2.2","Oregon Dept. of Environmental Quality"
"08/10/26","02:00","410670005","Portland Near Road","-8","PM2.5","UG/M3","3.4","Oregon Dept. of Environmental Quality"
"08/10/26","02:00","410670111","Beaverton - Highland","-8","PM2.5","UG/M3","2.8","Oregon Dept. of Environmental Quality"
"08/10/26","03:00","410050004","Portland - Spangler","-8","PM2.5","UG/M3","3.7","Oregon Dept. of Environmental Quality"
"08/10/26","03:00","410050102","Multorpor","-8","PM2.5","UG/M3","2.4","Oregon Dept. of Environmental Quality"
"08/10/26","03:00","410510080","Portland - SE Lafaye","-8","PM2.5","UG/M3","3.2","Oregon Dept. of Environmental Quality"
"08/10/26","03:00","410670004","Hillsboro - Hare Fie","-8","PM2.5","UG/M3","2.2","Oregon Dept. of Environmental Quality"
"08/10/26","03:00","410670005","Portland Near Road","-8","PM2.5","UG/M3","3.1","Oregon Dept. of Environmental Quality"
"08/10/26","03:00","410670111","Beaverton - Highland","-8","PM2.5","UG/M3","2.5","Oregon Dept. of Environmental Quality"
"08/10/26","04:00","410050004","Portland - Spangler","-8","PM2.5","UG/M3","3.2","Oregon Dept. of Environmental Quality"
"08/10/26","04:00","410050102","Multorpor","-8","PM2.5","UG/M3","2.6","Oregon Dept. of Environmental Quality"
"08/10/26","04:00","410510080","Portland - SE Lafaye","-8","PM2.5","UG/M3","3.1","Oregon Dept. of Environmental Quality"
"08/10/26","04:00","410670004","Hillsboro - Hare Fie","-8","PM2.5","UG/M3","2.4","Oregon Dept. of Environmental Quality"
"08/10/26","04:00","410670005","Portland Near Road","-8","PM2.5","UG/M3","2.7","Oregon Dept. of Environmental Quality"
"08/10/26","04:00","410670111","Beaverton - Highland","-8","PM2.5","UG/M3","2.2","Oregon Dept. of Environmental Quality"
"08/10/26","05:00","410050004","Portland - Spangler","-8","PM2.5","UG/M3","2.9","Oregon Dept. of Environmental Quality"
"08/10/26","05:00","410050102","Multorpor","-8","PM2.5","UG/M3","2.9","Oregon Dept. of Environmental Quality"
"08/10/26","05:00","410510080","Portland - SE Lafaye","-8","PM2.5","UG/M3","3.2","Oregon Dept. of Environmental Quality"
"08/10/26","05:00","410670004","Hillsboro - Hare Fie","-8","PM2.5","UG/M3","2.4","Oregon Dept. of Environmental Quality"
"08/10/26","05:00","410670005","Portland Near Road","-8","PM2.5","UG/M3","2.9","Oregon Dept. of Environmental Quality"
"08/10/26","05:00","410670111","Beaverton - Highland","-8","PM2.5","UG/M3","2.3","Oregon Dept. of Environmental Quality"
"08/10/26","06:00","410050004","Portland - Spangler","-8","PM2.5","UG/M3","2.9","Oregon Dept. of Environmental Quality"
"08/10/26","06:00","410050102","Multorpor","-8","PM2.5","UG/M3","2.7","Oregon Dept. of Environmental Quality"
"08/10/26","06:00","410510080","Portland - SE Lafaye","-8","PM2.5","UG/M3","3.1","Oregon Dept. of Environmental Quality"
"08/10/26","06:00","410670004","Hillsboro - Hare Fie","-8","PM2.5","UG/M3","2.3","Oregon Dept. of Environmental Quality"
"08/10/26","06:00","410670005","Portland Near Road","-8","PM2.5","UG/M3","2.8","Oregon Dept. of Environmental Quality"
"08/10/26","06:00","410670111","Beaverton - Highland","-8","PM2.5","UG/M3","2.3","Oregon Dept. of Environmental Quality"
"08/10/26","07:00","410050004","Portland - Spangler","-8","PM2.5","UG/M3","2.8","Oregon Dept. of Environmental Quality"
"08/10/26","07:00","410050102","Multorpor","-8","PM2.5","UG/M3","3.1","Oregon Dept. of Environmental Quality"
"08/10/26","07:00","410510080","Portland - SE Lafaye","-8","PM2.5","UG/M3","3.3","Oregon Dept. of Environmental Quality"
"08/10/26","07:00","410670004","Hillsboro - Hare Fie","-8","PM2.5","UG/M3","2.4","Oregon Dept. of Environmental Quality"
"08/10/26","07:00","410670005","Portland Near Road","-8","PM2.5","UG/M3","3","Oregon Dept. of Environmental Quality"
"08/10/26","07:00","410670111","Beaverton - Highland","-8","PM2.5","UG/M3","2.4","Oregon Dept. of Environmental Quality"
"08/10/26","08:00","410050004","Portland - Spangler","-8","PM2.5","UG/M3","2.9","Oregon Dept. of Environmental Quality"
"08/10/26","08:00","410050102","Multorpor","-8","PM2.5","UG/M3","2.8","Oregon Dept. of Environmental Quality"
"08/10/26","08:00","410510080","Portland - SE Lafaye","-8","PM2.5","UG/M3","3.4","Oregon Dept. of Environmental Quality"
"08/10/26","08:00","410670004","Hillsboro - Hare Fie","-8","PM2.5","UG/M3","2.4","Oregon Dept. of Environmental Quality"
"08/10/26","08:00","410670005","Portland Near Road","-8","PM2.5","UG/M3","3.1","Oregon Dept. of Environmental Quality"
"08/10/26","08:00","410670111","Beaverton - Highland","-8","PM2.5","UG/M3","2.6","Oregon Dept. of Environmental Quality"
"08/10/26","09:00","410050004","Portland - Spangler","-8","PM2.5","UG/M3","3","Oregon Dept. of Environmental Quality"
"08/10/26","09:00","410050102","Multorpor","-8","PM2.5","UG/M3","2.3","Oregon Dept. of Environmental Quality"
"08/10/26","09:00","410510080","Portland - SE Lafaye","-8","PM2.5","UG/M3","3.7","Oregon Dept. of Environmental Quality"
"08/10/26","09:00","410670004","Hillsboro - Hare Fie","-8","PM2.5","UG/M3","2.5","Oregon Dept. of Environmental Quality"
"08/10/26","09:00","410670005","Portland Near Road","-8","PM2.5","UG/M3","3.4","Oregon Dept. of Environmental Quality"
"08/10/26","09:00","410670111","Beaverton - Highland","-8","PM2.5","UG/M3","2.6","Oregon Dept. of Environmental Quality"
"08/10/26","10:00","410050004","Portland - Spangler","-8","PM2.5","UG/M3","3.3","Oregon Dept. of Environmental Quality"
"08/10/26","10:00","410050102","Multorpor","-8","PM2.5","UG/M3","1.6","Oregon Dept. of Environmental Quality"
"08/10/26","10:00","410510080","Portland - SE Lafaye","-8","PM2.5","UG/M3","3.4","Oregon Dept. of Environmental Quality"
"08/10/26","10:00","410670004","Hillsboro - Hare Fie","-8","PM2.5","UG/M3","2.6","Oregon Dept. of Environmental Quality"
"08/10/26","10:00","410670005","Portland Near Road","-8","PM2.5","UG/M3","3.4","Oregon Dept. of Environmental Quality"
"08/10/26","10:00","410670111","Beaverton - Highland","-8","PM2.5","UG/M3","2.6","Oregon Dept. of Environmental Quality"
"08/10/26","11:00","410050004","Portland - Spangler","-8","PM2.5","UG/M3","3.4","Oregon Dept. of Environmental Quality"
"08/10/26","11:00","410050102","Multorpor","-8","PM2.5","UG/M3","1.5","Oregon Dept. of Environmental Quality"
"08/10/26","11:00","410510080","Portland - SE Lafaye","-8","PM2.5","UG/M3","3.4","Oregon Dept. of Environmental Quality"
"08/10/26","11:00","410670004","Hillsboro - Hare Fie","-8","PM2.5","UG/M3","2.7","Oregon Dept. of Environmental Quality"
"08/10/26","11:00","410670005","Portland Near Road","-8","PM2.5","UG/M3","3.4","Oregon Dept. of Environmental Quality"
"08/10/26","11:00","410670111","Beaverton - Highland","-8","PM2.5","UG/M3","2.7","Oregon Dept. of Environmental Quality"
"08/10/26","12:00","410050004","Portland - Spangler","-8","PM2.5","UG/M3","3.5","Oregon Dept. of Environmental Quality"
"08/10/26","12:00","410050102","Multorpor","-8","PM2.5","UG/M3","1.6","Oregon Dept. of Environmental Quality"
"08/10/26","12:00","410510080","Portland - SE Lafaye","-8","PM2.5","UG/M3","3.4","Oregon Dept. of Environmental Quality"
"08/10/26","12:00","410670004","Hillsboro - Hare Fie","-8","PM2.5","UG/M3","2.8","Oregon Dept. of Environmental Quality"
"08/10/26","12:00","410670005","Portland Near Road","-8","PM2.5","UG/M3","3.6","Oregon Dept. of Environmental Quality"
"08/10/26","12:00","410670111","Beaverton - Highland","-8","PM2.5","UG/M3","2.7","Oregon Dept. of Environmental Quality"
"08/10/26","13:00","410050004","Portland - Spangler","-8","PM2.5","UG/M3","3.7","Oregon Dept. of Environmental Quality"
"08/10/26","13:00","410050102","Multorpor","-8","PM2.5","UG/M3","1.6","Oregon Dept. of Environmental Quality"
"08/10/26","13:00","410510080","Portland - SE Lafaye","-8","PM2.5","UG/M3","3.7","Oregon Dept. of Environmental Quality"
"08/10/26","13:00","410670004","Hillsboro - Hare Fie","-8","PM2.5","UG/M3","2.9","Oregon Dept. of Environmental Quality"
"08/10/26","13:00","410670005","Portland Near Road","-8","PM2.5","UG/M3","4","Oregon Dept. of Environmental Quality"
"08/10/26","13:00","410670111","Beaverton - Highland","-8","PM2.5","UG/M3","2.8","Oregon Dept. of Environmental Quality"
"08/10/26","14:00","410050004","Portland - Spangler","-8","PM2.5","UG/M3","3.8","Oregon Dept. of Environmental Quality"
"08/10/26","14:00","410050102","Multorpor","-8","PM2.5","UG/M3","1.6","Oregon Dept. of Environmental Quality"
"08/10/26","14:00","410510080","Portland - SE Lafaye","-8","PM2.5","UG/M3","3.7","Oregon Dept. of Environmental Quality"
"08/10/26","14:00","410670004","Hillsboro - Hare Fie","-8","PM2.5","UG/M3","3.6","Oregon Dept. of Environmental Quality"
"08/10/26","14:00","410670005","Portland Near Road","-8","PM2.5","UG/M3","5","Oregon Dept. of Environmental Quality"
"08/10/26","14:00","410670111","Beaverton - Highland","-8","PM2.5","UG/M3","3.1","Oregon Dept. of Environmental Quality"
"08/10/26","15:00","410050004","Portland - Spangler","-8","PM2.5","UG/M3","3.7","Oregon Dept. of Environmental Quality"
"08/10/26","15:00","410050102","Multorpor","-8","PM2.5","UG/M3","1.6","Oregon Dept. of Environmental Quality"
"08/10/26","15:00","410510080","Portland - SE Lafaye","-8","PM2.5","UG/M3","3.8","Oregon Dept. of Environmental Quality"
"08/10/26","15:00","410670004","Hillsboro - Hare Fie","-8","PM2.5","UG/M3","3","Oregon Dept. of Environmental Quality"
"08/10/26","15:00","410670005","Portland Near Road","-8","PM2.5","UG/M3","4.2","Oregon Dept. of Environmental Quality"
"08/10/26","15:00","410670111","Beaverton - Highland","-8","PM2.5","UG/M3","3.2","Oregon Dept. of Environmental Quality"
"08/10/26","16:00","410050004","Portland - Spangler","-8","PM2.5","UG/M3","3.8","Oregon Dept. of Environmental Quality"
"08/10/26","16:00","410050102","Multorpor","-8","PM2.5","UG/M3","1.7","Oregon Dept. of Environmental Quality"
"08/10/26","16:00","410510080","Portland - SE Lafaye","-8","PM2.5","UG/M3","4.2","Oregon Dept. of Environmental Quality"
"08/10/26","16:00","410670004","Hillsboro - Hare Fie","-8","PM2.5","UG/M3","3.1","Oregon Dept. of Environmental Quality"
"08/10/26","16:00","410670005","Portland Near Road","-8","PM2.5","UG/M3","4.1","Oregon Dept. of Environmental Quality"
"08/10/26","16:00","410670111","Beaverton - Highland","-8","PM2.5","UG/M3","3.4","Oregon Dept. of Environmental Quality"
"08/10/26","17:00","410050004","Portland - Spangler","-8","PM2.5","UG/M3","3.9","Oregon Dept. of Environmental Quality"
"08/10/26","17:00","410050102","Multorpor","-8","PM2.5","UG/M3","1.9","Oregon Dept. of Environmental Quality"
"08/10/26","17:00","410510080","Portland - SE Lafaye","-8","PM2.5","UG/M3","4.5","Oregon Dept. of Environmental Quality"
"08/10/26","17:00","410670004","Hillsboro - Hare Fie","-8","PM2.5","UG/M3","3.5","Oregon Dept. of Environmental Quality"
"08/10/26","17:00","410670005","Portland Near Road","-8","PM2.5","UG/M3","4.9","Oregon Dept. of Environmental Quality"
"08/10/26","17:00","410670111","Beaverton - Highland","-8","PM2.5","UG/M3","3.7","Oregon Dept. of Environmental Quality"
"08/10/26","18:00","410050004","Portland - Spangler","-8","PM2.5","UG/M3","4.4","Oregon Dept. of Environmental Quality"
"08/10/26","18:00","410050102","Multorpor","-8","PM2.5","UG/M3","1.9","Oregon Dept. of Environmental Quality"
"08/10/26","18:00","410510080","Portland - SE Lafaye","-8","PM2.5","UG/M3","4.9","Oregon Dept. of Environmental Quality"
"08/10/26","18:00","410670004","Hillsboro - Hare Fie","-8","PM2.5","UG/M3","3.7","Oregon Dept. of Environmental Quality"
"08/10/26","18:00","410670005","Portland Near Road","-8","PM2.5","UG/M3","5.4","Oregon Dept. of Environmental Quality"
"08/10/26","18:00","410670111","Beaverton - Highland","-8","PM2.5","UG/M3","3.8","Oregon Dept. of Environmental Quality"
"08/10/26","19:00","410050004","Portland - Spangler","-8","PM2.5","UG/M3","4.8","Oregon Dept. of Environmental Quality"
"08/10/26","19:00","410050102","Multorpor","-8","PM2.5","UG/M3","2","Oregon Dept. of Environmental Quality"
"08/10/26","19:00","410510080","Portland - SE Lafaye","-8","PM2.5","UG/M3","4.9","Oregon Dept. of Environmental Quality"
"08/10/26","19:00","410670004","Hillsboro - Hare Fie","-8","PM2.5","UG/M3","3.8","Oregon Dept. of Environmental Quality"
"08/10/26","19:00","410670005","Portland Near Road","-8","PM2.5","UG/M3","5.2","Oregon Dept. of Environmental Quality"
"08/10/26","19:00","410670111","Beaverton - Highland","-8","PM2.5","UG/M3","3.8","Oregon Dept. of Environmental Quality"
"08/10/26","20:00","410050004","Portland - Spangler","-8","PM2.5","UG/M3","5","Oregon Dept. of Environmental Quality"
"08/10/26","20:00","410050102","Multorpor","-8","PM2.5","UG/M3","2","Oregon Dept. of Environmental Quality"
"08/10/26","20:00","410510080","Portland - SE Lafaye","-8","PM2.5","UG/M3","4.8","Oregon Dept. of Environmental Quality"
"08/10/26","20:00","410670004","Hillsboro - Hare Fie","-8","PM2.5","UG/M3","4","Oregon Dept. of Environmental Quality"
"08/10/26","20:00","410670005","Portland Near Road","-8","PM2.5","UG/M3","5.1","Oregon Dept. of Environmental Quality"
"08/10/26","20:00","410670111","Beaverton - Highland","-8","PM2.5","UG/M3","3.8","Oregon Dept. of Environmental Quality"
"08/10/26","21:00","410050004","Portland - Spangler","-8","PM2.5","UG/M3","4.3","Oregon Dept. of Environmental Quality"
"08/10/26","21:00","410050102","Multorpor","-8","PM2.5","UG/M3","2","Oregon Dept. of Environmental Quality"
"08/10/26","21:00","410510080","Portland - SE Lafaye","-8","PM2.5","UG/M3","4.4","Oregon Dept. of Environmental Quality"
"08/10/26","21:00","410670004","Hillsboro - Hare Fie","-8","PM2.5","UG/M3","3.8","Oregon Dept. of Environmental Quality"
"08/10/26","21:00","410670005","Portland Near Road","-8","PM2.5","UG/M3","4.6","Oregon Dept. of Environmental Quality"
"08/10/26","21:00","410670111","Beaverton - Highland","-8","PM2.5","UG/M3","3.5","Oregon Dept. of Environmental Quality"
"08/10/26","22:00","410050004","Portland - Spangler","-8","PM2.5","UG/M3","3.8","Oregon Dept. of Environmental Quality"
"08/10/26","22:00","410050102","Multorpor","-8","PM2.5","UG/M3","2","Oregon Dept. of Environmental Quality"
"08/10/26","22:00","410510080","Portland - SE Lafaye","-8","PM2.5","UG/M3","4.1","Oregon Dept. of Environmental Quality"
"08/10/26","22:00","410670004","Hillsboro - Hare Fie","-8","PM2.5","UG/M3","3.5","Oregon Dept. of Environmental Quality"
"08/10/26","22:00","410670005","Portland Near Road","-8","PM2.5","UG/M3","4.5","Oregon Dept. of Environmental Quality"
"08/10/26","22:00","410670111","Beaverton - Highland","-8","PM2.5","UG/M3","3.6","Oregon Dept. of Environmental Quality"
"08/10/26","23:00","410050004","Portland - Spangler","-8","PM2.5","UG/M3","3.5","Oregon Dept. of Environmental Quality"
"08/10/26","23:00","410050102","Multorpor","-8","PM2.5","UG/M3","2","Oregon Dept. of Environmental Quality"
"08/10/26","23:00","410510080","Portland - SE Lafaye","-8","PM2.5","UG/M3","3.9","Oregon Dept. of Environmental Quality"
"08/10/26","23:00","410670004","Hillsboro - Hare Fie","-8","PM2.5","UG/M3","2.8","Oregon Dept. of Environmental Quality"
"08/10/26","23:00","410670005","Portland Near Road","-8","PM2.5","UG/M3","4.3","Oregon Dept. of Environmental Quality"
"08/10/26","23:00","410670111","Beaverton - Highland","-8","PM2.5","UG/M3","3.3","Oregon Dept. of Environmental Quality"
"08/11/26","00:00","410050004","Portland - Spangler","-8","PM2.5","UG/M3","3.6","Oregon Dept. of Environmental Quality"
"08/11/26","00:00","410050102","Multorpor","-8","PM2.5","UG/M3","2","Oregon Dept. of Environmental Quality"
"08/11/26","00:00","410510080","Portland - SE Lafaye","-8","PM2.5","UG/M3","3.8","Oregon Dept. of Environmental Quality"
"08/11/26","00:00","410670004","Hillsboro - Hare Fie","-8","PM2.5","UG/M3","2.2","Oregon Dept. of Environmental Quality"
"08/11/26","00:00","410670005","Portland Near Road","-8","PM2.5","UG/M3","4","Oregon Dept. of Environmental Quality"
"08/11/26","00:00","410670111","Beaverton - Highland","-8","PM2.5","UG/M3","3.2","Oregon Dept. of Environmental Quality"
"08/11/26","01:00","410050004","Portland - Spangler","-8","PM2.5","UG/M3","3.4","Oregon Dept. of Environmental Quality"
"08/11/26","01:00","410050102","Multorpor","-8","PM2.5","UG/M3","2.2","Oregon Dept. of Environmental Quality"
"08/11/26","01:00","410510080","Portland - SE Lafaye","-8","PM2.5","UG/M3","3.7","Oregon Dept. of Environmental Quality"
"08/11/26","01:00","410670004","Hillsboro - Hare Fie","-8","PM2.5","UG/M3","2.2","Oregon Dept. of Environmental Quality"
"08/11/26","01:00","410670005","Portland Near Road","-8","PM2.5","UG/M3","3.7","Oregon Dept. of Environmental Quality"
"08/11/26","01:00","410670111","Beaverton - Highland","-8","PM2.5","UG/M3","2.9","Oregon Dept. of Environmental Quality"
"08/11/26","02:00","410050004","Portland - Spangler","-8","PM2.5","UG/M3","3.2","Oregon Dept. of Environmental Quality"
"08/11/26","02:00","410050102","Multorpor","-8","PM2.5","UG/M3","2.4","Oregon Dept. of Environmental Quality"
"08/11/26","02:00","410510080","Portland - SE Lafaye","-8","PM2.5","UG/M3","3.7","Oregon Dept. of Environmental Quality"
"08/11/26","02:00","410670004","Hillsboro - Hare Fie","-8","PM2.5","UG/M3","2.4","Oregon Dept. of Environmental Quality"
"08/11/26","02:00","410670005","Portland Near Road","-8","PM2.5","UG/M3","3.5","Oregon Dept. of Environmental Quality"
"08/11/26","02:00","410670111","Beaverton - Highland","-8","PM2.5","UG/M3","2.9","Oregon Dept. of Environmental Quality"
"08/11/26","03:00","410050004","Portland - Spangler","-8","PM2.5","UG/M3","3.1","Oregon Dept. of Environmental Quality"
"08/11/26","03:00","410050102","Multorpor","-8","PM2.5","UG/M3","2.4","Oregon Dept. of Environmental Quality"
"08/11/26","03:00","410510080","Portland - SE Lafaye","-8","PM2.5","UG/M3","3.6","Oregon Dept. of Environmental Quality"
"08/11/26","03:00","410670004","Hillsboro - Hare Fie","-8","PM2.5","UG/M3","2.8","Oregon Dept. of Environmental Quality"
"08/11/26","03:00","410670005","Portland Near Road","-8","PM2.5","UG/M3","3.6","Oregon Dept. of Environmental Quality"
"08/11/26","03:00","410670111","Beaverton - Highland","-8","PM2.5","UG/M3","2.9","Oregon Dept. of Environmental Quality"
"08/11/26","04:00","410050004","Portland - Spangler","-8","PM2.5","UG/M3","3.1","Oregon Dept. of Environmental Quality"
"08/11/26","04:00","410050102","Multorpor","-8","PM2.5","UG/M3","2.7","Oregon Dept. of Environmental Quality"
"08/11/26","04:00","410510080","Portland - SE Lafaye","-8","PM2.5","UG/M3","3.5","Oregon Dept. of Environmental Quality"
"08/11/26","04:00","410670004","Hillsboro - Hare Fie","-8","PM2.5","UG/M3","2.7","Oregon Dept. of Environmental Quality"
"08/11/26","04:00","410670005","Portland Near Road","-8","PM2.5","UG/M3","3.7","Oregon Dept. of Environmental Quality"
"08/11/26","04:00","410670111","Beaverton - Highland","-8","PM2.5","UG/M3","2.9","Oregon Dept. of Environmental Quality"
"08/11/26","05:00","410050004","Portland - Spangler","-8","PM2.5","UG/M3","3.3","Oregon Dept. of Environmental Quality"
"08/11/26","05:00","410050102","Multorpor","-8","PM2.5","UG/M3","2.7","Oregon Dept. of Environmental Quality"
"08/11/26","05:00","410510080","Portland - SE Lafaye","-8","PM2.5","UG/M3","3.5","Oregon Dept. of Environmental Quality"
"08/11/26","05:00","410670004","Hillsboro - Hare Fie","-8","PM2.5","UG/M3","2.6","Oregon Dept. of Environmental Quality"
"08/11/26","05:00","410670005","Portland Near Road","-8","PM2.5","UG/M3","3.4","Oregon Dept. of Environmental Quality"
"08/11/26","05:00","410670111","Beaverton - Highland","-8","PM2.5","UG/M3","2.8","Oregon Dept. of Environmental Quality"
"08/11/26","06:00","410050004","Portland - Spangler","-8","PM2.5","UG/M3","3.4","Oregon Dept. of Environmental Quality"
"08/11/26","06:00","410050102","Multorpor","-8","PM2.5","UG/M3","2.7","Oregon Dept. of Environmental Quality"
"08/11/26","06:00","410510080","Portland - SE Lafaye","-8","PM2.5","UG/M3","3.4","Oregon Dept. of Environmental Quality"
"08/11/26","06:00","410670004","Hillsboro - Hare Fie","-8","PM2.5","UG/M3","2.5","Oregon Dept. of Environmental Quality"
"08/11/26","06:00","410670005","Portland Near Road","-8","PM2.5","UG/M3","3.6","Oregon Dept. of Environmental Quality"
"08/11/26","06:00","410670111","Beaverton - Highland","-8","PM2.5","UG/M3","2.7","Oregon Dept. of Environmental Quality"
"08/11/26","07:00","410050004","Portland - Spangler","-8","PM2.5","UG/M3","3.3","Oregon Dept. of Environmental Quality"
"08/11/26","07:00","410050102","Multorpor","-8","PM2.5","UG/M3","2.4","Oregon Dept. of Environmental Quality"
"08/11/26","07:00","410510080","Portland - SE Lafaye","-8","PM2.5","UG/M3","3.3","Oregon Dept. of Environmental Quality"
"08/11/26","07:00","410670004","Hillsboro - Hare Fie","-8","PM2.5","UG/M3","2.3","Oregon Dept. of Environmental Quality"
"08/11/26","07:00","410670005","Portland Near Road","-8","PM2.5","UG/M3","3.7","Oregon Dept. of Environmental Quality"
"08/11/26","07:00","410670111","Beaverton - Highland","-8","PM2.5","UG/M3","2.7","Oregon Dept. of Environmental Quality"
"08/11/26","08:00","410050004","Portland - Spangler","-8","PM2.5","UG/M3","3.3","Oregon Dept. of Environmental Quality"
"08/11/26","08:00","410050102","Multorpor","-8","PM2.5","UG/M3","2.3","Oregon Dept. of Environmental Quality"
"08/11/26","08:00","410510080","Portland - SE Lafaye","-8","PM2.5","UG/M3","3.2","Oregon Dept. of Environmental Quality"
"08/11/26","08:00","410670004","Hillsboro - Hare Fie","-8","PM2.5","UG/M3","2.3","Oregon Dept. of Environmental Quality"
"08/11/26","08:00","410670005","Portland Near Road","-8","PM2.5","UG/M3","3.7","Oregon Dept. of Environmental Quality"
"08/11/26","08:00","410670111","Beaverton - Highland","-8","PM2.5","UG/M3","2.7","Oregon Dept. of Environmental Quality"
"08/11/26","09:00","410050004","Portland - Spangler","-8","PM2.5","UG/M3","3.3","Oregon Dept. of Environmental Quality"
"08/11/26","09:00","410050102","Multorpor","-8","PM2.5","UG/M3","2.3","Oregon Dept. of Environmental Quality"
"08/11/26","09:00","410510080","Portland - SE Lafaye","-8","PM2.5","UG/M3","3.3","Oregon Dept. of Environmental Quality"
"08/11/26","09:00","410670004","Hillsboro - Hare Fie","-8","PM2.5","UG/M3","2.4","Oregon Dept. of Environmental Quality"
"08/11/26","09:00","410670005","Portland Near Road","-8","PM2.5","UG/M3","3.6","Oregon Dept. of Environmental Quality"
"08/11/26","09:00","410670111","Beaverton - Highland","-8","PM2.5","UG/M3","2.7","Oregon Dept. of Environmental Quality"
"08/11/26","10:00","410050004","Portland - Spangler","-8","PM2.5","UG/M3","3.2","Oregon Dept. of Environmental Quality"
"08/11/26","10:00","410050102","Multorpor","-8","PM2.5","UG/M3","2.1","Oregon Dept. of Environmental Quality"
"08/11/26","10:00","410510080","Portland - SE Lafaye","-8","PM2.5","UG/M3","3.2","Oregon Dept. of Environmental Quality"
"08/11/26","10:00","410670004","Hillsboro - Hare Fie","-8","PM2.5","UG/M3","2.4","Oregon Dept. of Environmental Quality"
"08/11/26","10:00","410670005","Portland Near Road","-8","PM2.5","UG/M3","3.7","Oregon Dept. of Environmental Quality"
"08/11/26","10:00","410670111","Beaverton - Highland","-8","PM2.5","UG/M3","2.6","Oregon Dept. of Environmental Quality"
"08/11/26","11:00","410050004","Portland - Spangler","-8","PM2.5","UG/M3","3.2","Oregon Dept. of Environmental Quality"
"08/11/26","11:00","410050102","Multorpor","-8","PM2.5","UG/M3","2.1","Oregon Dept. of Environmental Quality"
"08/11/26","11:00","410510080","Portland - SE Lafaye","-8","PM2.5","UG/M3","3.1","Oregon Dept. of Environmental Quality"
"08/11/26","11:00","410670004","Hillsboro - Hare Fie","-8","PM2.5","UG/M3","2.4","Oregon Dept. of Environmental Quality"
"08/11/26","11:00","410670005","Portland Near Road","-8","PM2.5","UG/M3","3.8","Oregon Dept. of Environmental Quality"
"08/11/26","11:00","410670111","Beaverton - Highland","-8","PM2.5","UG/M3","2.5","Oregon Dept. of Environmental Quality"
"08/11/26","12:00","410050004","Portland - Spangler","-8","PM2.5","UG/M3","3.1","Oregon Dept. of Environmental Quality"
"08/11/26","12:00","410050102","Multorpor","-8","PM2.5","UG/M3","2.3","Oregon Dept. of Environmental Quality"
"08/11/26","12:00","410510080","Portland - SE Lafaye","-8","PM2.5","UG/M3","3.2","Oregon Dept. of Environmental Quality"
"08/11/26","12:00","410670004","Hillsboro - Hare Fie","-8","PM2.5","UG/M3","2.4","Oregon Dept. of Environmental Quality"
"08/11/26","12:00","410670005","Portland Near Road","-8","PM2.5","UG/M3","3.8","Oregon Dept. of Environmental Quality"
"08/11/26","12:00","410670111","Beaverton - Highland","-8","PM2.5","UG/M3","2.5","Oregon Dept. of Environmental Quality"
"08/11/26","13:00","410050004","Portland - Spangler","-8","PM2.5","UG/M3","3","Oregon Dept. of Environmental Quality"
"08/11/26","13:00","410050102","Multorpor","-8","PM2.5","UG/M3","2.2","Oregon Dept. of Environmental Quality"
"08/11/26","13:00","410510080","Portland - SE Lafaye","-8","PM2.5","UG/M3","3.4","Oregon Dept. of Environmental Quality"
"08/11/26","13:00","410670004","Hillsboro - Hare Fie","-8","PM2.5","UG/M3","2.6","Oregon Dept. of Environmental Quality"
"08/11/26","13:00","410670005","Portland Near Road","-8","PM2.5","UG/M3","3.9","Oregon Dept. of Environmental Quality"
"08/11/26","13:00","410670111","Beaverton - Highland","-8","PM2.5","UG/M3","2.7","Oregon Dept. of Environmental Quality"
"08/11/26","14:00","410050004","Portland - Spangler","-8","PM2.5","UG/M3","3","Oregon Dept. of Environmental Quality"
"08/11/26","14:00","410050102","Multorpor","-8","PM2.5","UG/M3","1.9","Oregon Dept. of Environmental Quality"
"08/11/26","14:00","410510080","Portland - SE Lafaye","-8","PM2.5","UG/M3","3.7","Oregon Dept. of Environmental Quality"
"08/11/26","14:00","410670004","Hillsboro - Hare Fie","-8","PM2.5","UG/M3","2.7","Oregon Dept. of Environmental Quality"
"08/11/26","14:00","410670005","Portland Near Road","-8","PM2.5","UG/M3","3.6","Oregon Dept. of Environmental Quality"
"08/11/26","14:00","410670111","Beaverton - Highland","-8","PM2.5","UG/M3","3.3","Oregon Dept. of Environmental Quality"
"08/11/26","15:00","410050004","Portland - Spangler","-8","PM2.5","UG/M3","3.1","Oregon Dept. of Environmental Quality"
"08/11/26","15:00","410050102","Multorpor","-8","PM2.5","UG/M3","1.8","Oregon Dept. of Environmental Quality"
"08/11/26","15:00","410510080","Portland - SE Lafaye","-8","PM2.5","UG/M3","3.8","Oregon Dept. of Environmental Quality"
"08/11/26","15:00","410670004","Hillsboro - Hare Fie","-8","PM2.5","UG/M3","3","Oregon Dept. of Environmental Quality"
"08/11/26","15:00","410670005","Portland Near Road","-8","PM2.5","UG/M3","3.8","Oregon Dept. of Environmental Quality"
"08/11/26","15:00","410670111","Beaverton - Highland","-8","PM2.5","UG/M3","3","Oregon Dept. of Environmental Quality"
"08/11/26","16:00","410050004","Portland - Spangler","-8","PM2.5","UG/M3","3","Oregon Dept. of Environmental Quality"
"08/11/26","16:00","410050102","Multorpor","-8","PM2.5","UG/M3","1.9","Oregon Dept. of Environmental Quality"
"08/11/26","16:00","410510080","Portland - SE Lafaye","-8","PM2.5","UG/M3","3.8","Oregon Dept. of Environmental Quality"
"08/11/26","16:00","410670004","Hillsboro - Hare Fie","-8","PM2.5","UG/M3","2.7","Oregon Dept. of Environmental Quality"
"08/11/26","16:00","410670005","Portland Near Road","-8","PM2.5","UG/M3","3.7","Oregon Dept. of Environmental Quality"
"08/11/26","16:00","410670111","Beaverton - Highland","-8","PM2.5","UG/M3","2.7","Oregon Dept. of Environmental Quality"
"08/11/26","17:00","410050004","Portland - Spangler","-8","PM2.5","UG/M3","3","Oregon Dept. of Environmental Quality"
"08/11/26","17:00","410050102","Multorpor","-8","PM2.5","UG/M3","2","Oregon Dept. of Environmental Quality"
"08/11/26","17:00","410510080","Portland - SE Lafaye","-8","PM2.5","UG/M3","3.6","Oregon Dept. of Environmental Quality"
"08/11/26","17:00","410670004","Hillsboro - Hare Fie","-8","PM2.5","UG/M3","2.6","Oregon Dept. of Environmental Quality"
"08/11/26","17:00","410670005","Portland Near Road","-8","PM2.5","UG/M3","3.6","Oregon Dept. of Environmental Quality"
"08/11/26","17:00","410670111","Beaverton - Highland","-8","PM2.5","UG/M3","2.8","Oregon Dept. of Environmental Quality"
"08/11/26","18:00","410050004","Portland - Spangler","-8","PM2.5","UG/M3","2.9","Oregon Dept. of Environmental Quality"
"08/11/26","18:00","410050102","Multorpor","-8","PM2.5","UG/M3","2","Oregon Dept. of Environmental Quality"
"08/11/26","18:00","410510080","Portland - SE Lafaye","-8","PM2.5","UG/M3","3.1","Oregon Dept. of Environmental Quality"
"08/11/26","18:00","410670004","Hillsboro - Hare Fie","-8","PM2.5","UG/M3","2.4","Oregon Dept. of Environmental Quality"
"08/11/26","18:00","410670005","Portland Near Road","-8","PM2.5","UG/M3","3.3","Oregon Dept. of Environmental Quality"
"08/11/26","18:00","410670111","Beaverton - Highland","-8","PM2.5","UG/M3","2.5","Oregon Dept. of Environmental Quality"
"08/11/26","19:00","410050004","Portland - Spangler","-8","PM2.5","UG/M3","2.5","Oregon Dept. of Environmental Quality"
"08/11/26","19:00","410050102","Multorpor","-8","PM2.5","UG/M3","1.8","Oregon Dept. of Environmental Quality"
"08/11/26","19:00","410510080","Portland - SE Lafaye","-8","PM2.5","UG/M3","2.9","Oregon Dept. of Environmental Quality"
"08/11/26","19:00","410670004","Hillsboro - Hare Fie","-8","PM2.5","UG/M3","2.2","Oregon Dept. of Environmental Quality"
"08/11/26","19:00","410670005","Portland Near Road","-8","PM2.5","UG/M3","3.2","Oregon Dept. of Environmental Quality"
"08/11/26","19:00","410670111","Beaverton - Highland","-8","PM2.5","UG/M3","2.4","Oregon Dept. of Environmental Quality"
"08/11/26","20:00","410050004","Portland - Spangler","-8","PM2.5","UG/M3","2.8","Oregon Dept. of Environmental Quality"
"08/11/26","20:00","410050102","Multorpor","-8","PM2.5","UG/M3","1.8","Oregon Dept. of Environmental Quality"
"08/11/26","20:00","410510080","Portland - SE Lafaye","-8","PM2.5","UG/M3","3.1","Oregon Dept. of Environmental Quality"
"08/11/26","20:00","410670004","Hillsboro - Hare Fie","-8","PM2.5","UG/M3","2.1","Oregon Dept. of Environmental Quality"
"08/11/26","20:00","410670005","Portland Near Road","-8","PM2.5","UG/M3","3.2","Oregon Dept. of Environmental Quality"
"08/11/26","20:00","410670111","Beaverton - Highland","-8","PM2.5","UG/M3","2.7","Oregon Dept. of Environmental Quality"
"08/11/26","21:00","410050004","Portland - Spangler","-8","PM2.5","UG/M3","2.5","Oregon Dept. of Environmental Quality"
"08/11/26","21:00","410050102","Multorpor","-8","PM2.5","UG/M3","1.9","Oregon Dept. of Environmental Quality"
"08/11/26","21:00","410510080","Portland - SE Lafaye","-8","PM2.5","UG/M3","2.7","Oregon Dept. of Environmental Quality"
"08/11/26","21:00","410670004","Hillsboro - Hare Fie","-8","PM2.5","UG/M3","1.8","Oregon Dept. of Environmental Quality"
"08/11/26","21:00","410670005","Portland Near Road","-8","PM2.5","UG/M3","2.9","Oregon Dept. of Environmental Quality"
"08/11/26","21:00","410670111","Beaverton - Highland","-8","PM2.5","UG/M3","2.5","Oregon Dept. of Environmental Quality"
"08/11/26","22:00","410050004","Portland - Spangler","-8","PM2.5","UG/M3","2.3","Oregon Dept. of Environmental Quality"
"08/11/26","22:00","410050102","Multorpor","-8","PM2.5","UG/M3","2.1","Oregon Dept. of Environmental Quality"
"08/11/26","22:00","410510080","Portland - SE Lafaye","-8","PM2.5","UG/M3","2.5","Oregon Dept. of Environmental Quality"
"08/11/26","22:00","410670004","Hillsboro - Hare Fie","-8","PM2.5","UG/M3","1.8","Oregon Dept. of Environmental Quality"
"08/11/26","22:00","410670005","Portland Near Road","-8","PM2.5","UG/M3","3","Oregon Dept. of Environmental Quality"
"08/11/26","22:00","410670111","Beaverton - Highland","-8","PM2.5","UG/M3","2.3","Oregon Dept. of Environmental Quality"
"08/11/26","23:00","410050004","Portland - Spangler","-8","PM2.5","UG/M3","2.6","Oregon Dept. of Environmental Quality"
"08/11/26","23:00","410050102","Multorpor","-8","PM2.5","UG/M3","2","Oregon Dept. of Environmental Quality"
"08/11/26","23:00","410510080","Portland - SE Lafaye","-8","PM2.5","UG/M3","2.8","Oregon Dept. of Environmental Quality"
"08/11/26","23:00","410670004","Hillsboro - Hare Fie","-8","PM2.5","UG/M3","1.8","Oregon Dept. of Environmental Quality"
"08/11/26","23:00","410670005","Portland Near Road","-8","PM2.5","UG/M3","2.8","Oregon Dept. of Environmental Quality"
"08/11/26","23:00","410670111","Beaverton - Highland","-8","PM2.5","UG/M3","2.3","Oregon Dept. of Environmental Quality"
"08/12/26","00:00","410050004","Portland - Spangler","-8","PM2.5","UG/M3","2.7","Oregon Dept. of Environmental Quality"
"08/12/26","00:00","410050102","Multorpor","-8","PM2.5","UG/M3","1.9","Oregon Dept. of Environmental Quality"
"08/12/26","00:00","410510080","Portland - SE Lafaye","-8","PM2.5","UG/M3","2.8","Oregon Dept. of Environmental Quality"
"08/12/26","00:00","410670004","Hillsboro - Hare Fie","-8","PM2.5","UG/M3","1.8","Oregon Dept. of Environmental Quality"
"08/12/26","00:00","410670005","Portland Near Road","-8","PM2.5","UG/M3","2.8","Oregon Dept. of Environmental Quality"
"08/12/26","00:00","410670111","Beaverton - Highland","-8","PM2.5","UG/M3","2.1","Oregon Dept. of Environmental Quality"
"08/12/26","01:00","410050004","Portland - Spangler","-8","PM2.5","UG/M3","2.6","Oregon Dept. of Environmental Quality"
"08/12/26","01:00","410050102","Multorpor","-8","PM2.5","UG/M3","1.9","Oregon Dept. of Environmental Quality"
"08/12/26","01:00","410510080","Portland - SE Lafaye","-8","PM2.5","UG/M3","2.6","Oregon Dept. of Environmental Quality"
"08/12/26","01:00","410670004","Hillsboro - Hare Fie","-8","PM2.5","UG/M3","1.6","Oregon Dept. of Environmental Quality"
"08/12/26","01:00","410670005","Portland Near Road","-8","PM2.5","UG/M3","2.4","Oregon Dept. of Environmental Quality"
"08/12/26","01:00","410670111","Beaverton - Highland","-8","PM2.5","UG/M3","1.8","Oregon Dept. of Environmental Quality"
"08/12/26","02:00","410050004","Portland - Spangler","-8","PM2.5","UG/M3","2.3","Oregon Dept. of Environmental Quality"
"08/12/26","02:00","410050102","Multorpor","-8","PM2.5","UG/M3","1.8","Oregon Dept. of Environmental Quality"
"08/12/26","02:00","410510080","Portland - SE Lafaye","-8","PM2.5","UG/M3","2.7","Oregon Dept. of Environmental Quality"
"08/12/26","02:00","410670004","Hillsboro - Hare Fie","-8","PM2.5","UG/M3","1.4","Oregon Dept. of Environmental Quality"
"08/12/26","02:00","410670005","Portland Near Road","-8","PM2.5","UG/M3","2.4","Oregon Dept. of Environmental Quality"
"08/12/26","02:00","410670111","Beaverton - Highland","-8","PM2.5","UG/M3","1.8","Oregon Dept. of Environmental Quality"
"08/12/26","03:00","410050004","Portland - Spangler","-8","PM2.5","UG/M3","2.3","Oregon Dept. of Environmental Quality"
"08/12/26","03:00","410050102","Multorpor","-8","PM2.5","UG/M3","1.9","Oregon Dept. of Environmental Quality"
"08/12/26","03:00","410510080","Portland - SE Lafaye","-8","PM2.5","UG/M3","2.7","Oregon Dept. of Environmental Quality"
"08/12/26","03:00","410670004","Hillsboro - Hare Fie","-8","PM2.5","UG/M3","1.4","Oregon Dept. of Environmental Quality"
"08/12/26","03:00","410670005","Portland Near Road","-8","PM2.5","UG/M3","2.1","Oregon Dept. of Environmental Quality"
"08/12/26","03:00","410670111","Beaverton - Highland","-8","PM2.5","UG/M3","1.8","Oregon Dept. of Environmental Quality"
"08/12/26","04:00","410050004","Portland - Spangler","-8","PM2.5","UG/M3","2.3","Oregon Dept. of Environmental Quality"
"08/12/26","04:00","410050102","Multorpor","-8","PM2.5","UG/M3","2","Oregon Dept. of Environmental Quality"
"08/12/26","04:00","410510080","Portland - SE Lafaye","-8","PM2.5","UG/M3","2.6","Oregon Dept. of Environmental Quality"
"08/12/26","04:00","410670004","Hillsboro - Hare Fie","-8","PM2.5","UG/M3","1.3","Oregon Dept. of Environmental Quality"
"08/12/26","04:00","410670005","Portland Near Road","-8","PM2.5","UG/M3","2","Oregon Dept. of Environmental Quality"
"08/12/26","04:00","410670111","Beaverton - Highland","-8","PM2.5","UG/M3","1.5","Oregon Dept. of Environmental Quality"
"08/12/26","05:00","410050004","Portland - Spangler","-8","PM2.5","UG/M3","2","Oregon Dept. of Environmental Quality"
"08/12/26","05:00","410050102","Multorpor","-8","PM2.5","UG/M3","2.2","Oregon Dept. of Environmental Quality"
"08/12/26","05:00","410510080","Portland - SE Lafaye","-8","PM2.5","UG/M3","2.5","Oregon Dept. of Environmental Quality"
"08/12/26","05:00","410670004","Hillsboro - Hare Fie","-8","PM2.5","UG/M3","1.3","Oregon Dept. of Environmental Quality"
"08/12/26","05:00","410670005","Portland Near Road","-8","PM2.5","UG/M3","1.9","Oregon Dept. of Environmental Quality"
"08/12/26","05:00","410670111","Beaverton - Highland","-8","PM2.5","UG/M3","1.6","Oregon Dept. of Environmental Quality"
"08/12/26","06:00","410050004","Portland - Spangler","-8","PM2.5","UG/M3","2","Oregon Dept. of Environmental Quality"
"08/12/26","06:00","410050102","Multorpor","-8","PM2.5","UG/M3","2.1","Oregon Dept. of Environmental Quality"
"08/12/26","06:00","410510080","Portland - SE Lafaye","-8","PM2.5","UG/M3","2.6","Oregon Dept. of Environmental Quality"
"08/12/26","06:00","410670004","Hillsboro - Hare Fie","-8","PM2.5","UG/M3","1.4","Oregon Dept. of Environmental Quality"
"08/12/26","06:00","410670005","Portland Near Road","-8","PM2.5","UG/M3","1.9","Oregon Dept. of Environmental Quality"
"08/12/26","06:00","410670111","Beaverton - Highland","-8","PM2.5","UG/M3","1.5","Oregon Dept. of Environmental Quality"
"08/12/26","07:00","410050004","Portland - Spangler","-8","PM2.5","UG/M3","2","Oregon Dept. of Environmental Quality"
"08/12/26","07:00","410050102","Multorpor","-8","PM2.5","UG/M3","2","Oregon Dept. of Environmental Quality"
"08/12/26","07:00","410510080","Portland - SE Lafaye","-8","PM2.5","UG/M3","2.8","Oregon Dept. of Environmental Quality"
"08/12/26","07:00","410670004","Hillsboro - Hare Fie","-8","PM2.5","UG/M3","1.2","Oregon Dept. of Environmental Quality"
"08/12/26","07:00","410670005","Portland Near Road","-8","PM2.5","UG/M3","1.8","Oregon Dept. of Environmental Quality"
"08/12/26","07:00","410670111","Beaverton - Highland","-8","PM2.5","UG/M3","1.4","Oregon Dept. of Environmental Quality"
"08/12/26","08:00","410050004","Portland - Spangler","-8","PM2.5","UG/M3","2","Oregon Dept. of Environmental Quality"
"08/12/26","08:00","410050102","Multorpor","-8","PM2.5","UG/M3","2.1","Oregon Dept. of Environmental Quality"
"08/12/26","08:00","410510080","Portland - SE Lafaye","-8","PM2.5","UG/M3","2.7","Oregon Dept. of Environmental Quality"
"08/12/26","08:00","410670004","Hillsboro - Hare Fie","-8","PM2.5","UG/M3","1.3","Oregon Dept. of Environmental Quality"
"08/12/26","08:00","410670005","Portland Near Road","-8","PM2.5","UG/M3","1.7","Oregon Dept. of Environmental Quality"
"08/12/26","08:00","410670111","Beaverton - Highland","-8","PM2.5","UG/M3","1.4","Oregon Dept. of Environmental Quality"
"08/12/26","09:00","410050004","Portland - Spangler","-8","PM2.5","UG/M3","2","Oregon Dept. of Environmental Quality"
"08/12/26","09:00","410050102","Multorpor","-8","PM2.5","UG/M3","2.3","Oregon Dept. of Environmental Quality"
"08/12/26","09:00","410510080","Portland - SE Lafaye","-8","PM2.5","UG/M3","2.3","Oregon Dept. of Environmental Quality"
"08/12/26","09:00","410670004","Hillsboro - Hare Fie","-8","PM2.5","UG/M3","1.2","Oregon Dept. of Environmental Quality"
"08/12/26","09:00","410670005","Portland Near Road","-8","PM2.5","UG/M3","1.8","Oregon Dept. of Environmental Quality"
"08/12/26","09:00","410670111","Beaverton - Highland","-8","PM2.5","UG/M3","1.4","Oregon Dept. of Environmental Quality"
"08/12/26","10:00","410050004","Portland - Spangler","-8","PM2.5","UG/M3","1.9","Oregon Dept. of Environmental Quality"
"08/12/26","10:00","410050102","Multorpor","-8","PM2.5","UG/M3","3.4","Oregon Dept. of Environmental Quality"
"08/12/26","10:00","410510080","Portland - SE Lafaye","-8","PM2.5","UG/M3","2.7","Oregon Dept. of Environmental Quality"
"08/12/26","10:00","410670004","Hillsboro - Hare Fie","-8","PM2.5","UG/M3","1.2","Oregon Dept. of Environmental Quality"
"08/12/26","10:00","410670005","Portland Near Road","-8","PM2.5","UG/M3","1.8","Oregon Dept. of Environmental Quality"
"08/12/26","10:00","410670111","Beaverton - Highland","-8","PM2.5","UG/M3","1.3","Oregon Dept. of Environmental Quality"
"08/12/26","11:00","410050004","Portland - Spangler","-8","PM2.5","UG/M3","2","Oregon Dept. of Environmental Quality"
"08/12/26","11:00","410050102","Multorpor","-8","PM2.5","UG/M3","2","Oregon Dept. of Environmental Quality"
"08/12/26","11:00","410510080","Portland - SE Lafaye","-8","PM2.5","UG/M3","2.7","Oregon Dept. of Environmental Quality"
"08/12/26","11:00","410670004","Hillsboro - Hare Fie","-8","PM2.5","UG/M3","1.2","Oregon Dept. of Environmental Quality"
"08/12/26","11:00","410670005","Portland Near Road","-8","PM2.5","UG/M3","2","Oregon Dept. of Environmental Quality"
"08/12/26","11:00","410670111","Beaverton - Highland","-8","PM2.5","UG/M3","1.4","Oregon Dept. of Environmental Quality"
"08/12/26","12:00","410050004","Portland - Spangler","-8","PM2.5","UG/M3","2.1","Oregon Dept. of Environmental Quality"
"08/12/26","12:00","410050102","Multorpor","-8","PM2.5","UG/M3","1.8","Oregon Dept. of Environmental Quality"
"08/12/26","12:00","410510080","Portland - SE Lafaye","-8","PM2.5","UG/M3","2.7","Oregon Dept. of Environmental Quality"
"08/12/26","12:00","410670004","Hillsboro - Hare Fie","-8","PM2.5","UG/M3","1.2","Oregon Dept. of Environmental Quality"
"08/12/26","12:00","410670005","Portland Near Road","-8","PM2.5","UG/M3","2","Oregon Dept. of Environmental Quality"
"08/12/26","12:00","410670111","Beaverton - Highland","-8","PM2.5","UG/M3","1.4","Oregon Dept. of Environmental Quality"
"08/12/26","13:00","410050004","Portland - Spangler","-8","PM2.5","UG/M3","2.5","Oregon Dept. of Environmental Quality"
"08/12/26","13:00","410050102","Multorpor","-8","PM2.5","UG/M3","2","Oregon Dept. of Environmental Quality"
"08/12/26","13:00","410510080","Portland - SE Lafaye","-8","PM2.5","UG/M3","2.6","Oregon Dept. of Environmental Quality"
"08/12/26","13:00","410670004","Hillsboro - Hare Fie","-8","PM2.5","UG/M3","1.3","Oregon Dept. of Environmental Quality"
"08/12/26","13:00","410670005","Portland Near Road","-8","PM2.5","UG/M3","1.9","Oregon Dept. of Environmental Quality"
"08/12/26","13:00","410670111","Beaverton - Highland","-8","PM2.5","UG/M3","1.4","Oregon Dept. of Environmental Quality"
"08/12/26","14:00","410050004","Portland - Spangler","-8","PM2.5","UG/M3","2.5","Oregon Dept. of Environmental Quality"
"08/12/26","14:00","410050102","Multorpor","-8","PM2.5","UG/M3","2","Oregon Dept. of Environmental Quality"
"08/12/26","14:00","410510080","Portland - SE Lafaye","-8","PM2.5","UG/M3","2.8","Oregon Dept. of Environmental Quality"
"08/12/26","14:00","410670004","Hillsboro - Hare Fie","-8","PM2.5","UG/M3","1.2","Oregon Dept. of Environmental Quality"
"08/12/26","14:00","410670005","Portland Near Road","-8","PM2.5","UG/M3","2.3","Oregon Dept. of Environmental Quality"
"08/12/26","14:00","410670111","Beaverton - Highland","-8","PM2.5","UG/M3","1.5","Oregon Dept. of Environmental Quality"
"08/12/26","15:00","410050004","Portland - Spangler","-8","PM2.5","UG/M3","2.6","Oregon Dept. of Environmental Quality"
"08/12/26","15:00","410050102","Multorpor","-8","PM2.5","UG/M3","2.3","Oregon Dept. of Environmental Quality"
"08/12/26","15:00","410510080","Portland - SE Lafaye","-8","PM2.5","UG/M3","2.9","Oregon Dept. of Environmental Quality"
"08/12/26","15:00","410670004","Hillsboro - Hare Fie","-8","PM2.5","UG/M3","1.4","Oregon Dept. of Environmental Quality"
"08/12/26","15:00","410670005","Portland Near Road","-8","PM2.5","UG/M3","2.6","Oregon Dept. of Environmental Quality"
"08/12/26","15:00","410670111","Beaverton - Highland","-8","PM2.5","UG/M3","1.7","Oregon Dept. of Environmental Quality"
"08/12/26","16:00","410050004","Portland - Spangler","-8","PM2.5","UG/M3","2.5","Oregon Dept. of Environmental Quality"
"08/12/26","16:00","410050102","Multorpor","-8","PM2.5","UG/M3","2.1","Oregon Dept. of Environmental Quality"
"08/12/26","16:00","410510080","Portland - SE Lafaye","-8","PM2.5","UG/M3","2.5","Oregon Dept. of Environmental Quality"
"08/12/26","16:00","410670004","Hillsboro - Hare Fie","-8","PM2.5","UG/M3","1.4","Oregon Dept. of Environmental Quality"
"08/12/26","16:00","410670005","Portland Near Road","-8","PM2.5","UG/M3","2.5","Oregon Dept. of Environmental Quality"
"08/12/26","16:00","410670111","Beaverton - Highland","-8","PM2.5","UG/M3","1.9","Oregon Dept. of Environmental Quality"
"08/12/26","17:00","410050004","Portland - Spangler","-8","PM2.5","UG/M3","2.5","Oregon Dept. of Environmental Quality"
"08/12/26","17:00","410050102","Multorpor","-8","PM2.5","UG/M3","2.1","Oregon Dept. of Environmental Quality"
"08/12/26","17:00","410510080","Portland - SE Lafaye","-8","PM2.5","UG/M3","2.9","Oregon Dept. of Environmental Quality"
"08/12/26","17:00","410670004","Hillsboro - Hare Fie","-8","PM2.5","UG/M3","1.8","Oregon Dept. of Environmental Quality"
"08/12/26","17:00","410670005","Portland Near Road","-8","PM2.5","UG/M3","2.5","Oregon Dept. of Environmental Quality"
"08/12/26","17:00","410670111","Beaverton - Highland","-8","PM2.5","UG/M3","2.2","Oregon Dept. of Environmental Quality"
"08/12/26","18:00","410050004","Portland - Spangler","-8","PM2.5","UG/M3","2.9","Oregon Dept. of Environmental Quality"
"08/12/26","18:00","410050102","Multorpor","-8","PM2.5","UG/M3","2","Oregon Dept. of Environmental Quality"
"08/12/26","18:00","410510080","Portland - SE Lafaye","-8","PM2.5","UG/M3","3.1","Oregon Dept. of Environmental Quality"
"08/12/26","18:00","410670004","Hillsboro - Hare Fie","-8","PM2.5","UG/M3","2.1","Oregon Dept. of Environmental Quality"
"08/12/26","18:00","410670005","Portland Near Road","-8","PM2.5","UG/M3","3.2","Oregon Dept. of Environmental Quality"
"08/12/26","18:00","410670111","Beaverton - Highland","-8","PM2.5","UG/M3","2.5","Oregon Dept. of Environmental Quality"
"08/12/26","19:00","410050004","Portland - Spangler","-8","PM2.5","UG/M3","3.8","Oregon Dept. of Environmental Quality"
"08/12/26","19:00","410050102","Multorpor","-8","PM2.5","UG/M3","1.8","Oregon Dept. of Environmental Quality"
"08/12/26","19:00","410510080","Portland - SE Lafaye","-8","PM2.5","UG/M3","3.7","Oregon Dept. of Environmental Quality"
"08/12/26","19:00","410670004","Hillsboro - Hare Fie","-8","PM2.5","UG/M3","2.1","Oregon Dept. of Environmental Quality"
"08/12/26","19:00","410670005","Portland Near Road","-8","PM2.5","UG/M3","4","Oregon Dept. of Environmental Quality"
"08/12/26","19:00","410670111","Beaverton - Highland","-8","PM2.5","UG/M3","2.9","Oregon Dept. of Environmental Quality"
"08/12/26","20:00","410050004","Portland - Spangler","-8","PM2.5","UG/M3","4.1","Oregon Dept. of Environmental Quality"
"08/12/26","20:00","410050102","Multorpor","-8","PM2.5","UG/M3","2.1","Oregon Dept. of Environmental Quality"
"08/12/26","20:00","410510080","Portland - SE Lafaye","-8","PM2.5","UG/M3","3.9","Oregon Dept. of Environmental Quality"
"08/12/26","20:00","410670004","Hillsboro - Hare Fie","-8","PM2.5","UG/M3","2.3","Oregon Dept. of Environmental Quality"
"08/12/26","20:00","410670005","Portland Near Road","-8","PM2.5","UG/M3","4.3","Oregon Dept. of Environmental Quality"
"08/12/26","20:00","410670111","Beaverton - Highland","-8","PM2.5","UG/M3","2.7","Oregon Dept. of Environmental Quality"
"08/12/26","21:00","410050004","Portland - Spangler","-8","PM2.5","UG/M3","4","Oregon Dept. of Environmental Quality"
"08/12/26","21:00","410050102","Multorpor","-8","PM2.5","UG/M3","2.3","Oregon Dept. of Environmental Quality"
"08/12/26","21:00","410510080","Portland - SE Lafaye","-8","PM2.5","UG/M3","3.9","Oregon Dept. of Environmental Quality"
"08/12/26","21:00","410670004","Hillsboro - Hare Fie","-8","PM2.5","UG/M3","2.1","Oregon Dept. of Environmental Quality"
"08/12/26","21:00","410670005","Portland Near Road","-8","PM2.5","UG/M3","4.1","Oregon Dept. of Environmental Quality"
"08/12/26","21:00","410670111","Beaverton - Highland","-8","PM2.5","UG/M3","2.7","Oregon Dept. of Environmental Quality"
"08/12/26","22:00","410050004","Portland - Spangler","-8","PM2.5","UG/M3","4","Oregon Dept. of Environmental Quality"
"08/12/26","22:00","410050102","Multorpor","-8","PM2.5","UG/M3","2.4","Oregon Dept. of Environmental Quality"
"08/12/26","22:00","410510080","Portland - SE Lafaye","-8","PM2.5","UG/M3","3.9","Oregon Dept. of Environmental Quality"
"08/12/26","22:00","410670004","Hillsboro - Hare Fie","-8","PM2.5","UG/M3","2.1","Oregon Dept. of Environmental Quality"
"08/12/26","22:00","410670005","Portland Near Road","-8","PM2.5","UG/M3","3.8","Oregon Dept. of Environmental Quality"
"08/12/26","22:00","410670111","Beaverton - Highland","-8","PM2.5","UG/M3","2.5","Oregon Dept. of Environmental Quality"
"08/12/26","23:00","410050004","Portland - Spangler","-8","PM2.5","UG/M3","3.8","Oregon Dept. of Environmental Quality"
"08/12/26","23:00","410050102","Multorpor","-8","PM2.5","UG/M3","2.4","Oregon Dept. of Environmental Quality"
"08/12/26","23:00","410510080","Portland - SE Lafaye","-8","PM2.5","UG/M3","3.7","Oregon Dept. of Environmental Quality"
"08/12/26","23:00","410670004","Hillsboro - Hare Fie","-8","PM2.5","UG/M3","2","Oregon Dept. of Environmental Quality"
"08/12/26","23:00","410670005","Portland Near Road","-8","PM2.5","UG/M3","3.5","Oregon Dept. of Environmental Quality"
"08/12/26","23:00","410670111","Beaverton - Highland","-8","PM2.5","UG/M3","2.5","Oregon Dept. of Environmental Quality"
"08/13/26","00:00","410050004","Portland - Spangler","-8","PM2.5","UG/M3","3.4","Oregon Dept. of Environmental Quality"
"08/13/26","00:00","410050102","Multorpor","-8","PM2.5","UG/M3","2.4","Oregon Dept. of Environmental Quality"
"08/13/26","00:00","410510080","Portland - SE Lafaye","-8","PM2.5","UG/M3","3.5","Oregon Dept. of Environmental Quality"
"08/13/26","00:00","410670004","Hillsboro - Hare Fie","-8","PM2.5","UG/M3","2.2","Oregon Dept. of Environmental Quality"
"08/13/26","00:00","410670005","Portland Near Road","-8","PM2.5","UG/M3","3.2","Oregon Dept. of Environmental Quality"
"08/13/26","00:00","410670111","Beaverton - Highland","-8","PM2.5","UG/M3","2.5","Oregon Dept. of Environmental Quality"
"08/13/26","01:00","410050004","Portland - Spangler","-8","PM2.5","UG/M3","3.1","Oregon Dept. of Environmental Quality"
"08/13/26","01:00","410050102","Multorpor","-8","PM2.5","UG/M3","2.5","Oregon Dept. of Environmental Quality"
"08/13/26","01:00","410510080","Portland - SE Lafaye","-8","PM2.5","UG/M3","3.5","Oregon Dept. of Environmental Quality"
"08/13/26","01:00","410670004","Hillsboro - Hare Fie","-8","PM2.5","UG/M3","2.6","Oregon Dept. of Environmental Quality"
"08/13/26","01:00","410670005","Portland Near Road","-8","PM2.5","UG/M3","3.9","Oregon Dept. of Environmental Quality"
"08/13/26","01:00","410670111","Beaverton - Highland","-8","PM2.5","UG/M3","2.6","Oregon Dept. of Environmental Quality"
"08/13/26","02:00","410050004","Portland - Spangler","-8","PM2.5","UG/M3","2.9","Oregon Dept. of Environmental Quality"
"08/13/26","02:00","410050102","Multorpor","-8","PM2.5","UG/M3","2.6","Oregon Dept. of Environmental Quality"
"08/13/26","02:00","410510080","Portland - SE Lafaye","-8","PM2.5","UG/M3","3.7","Oregon Dept. of Environmental Quality"
"08/13/26","02:00","410670004","Hillsboro - Hare Fie","-8","PM2.5","UG/M3","2.8","Oregon Dept. of Environmental Quality"
"08/13/26","02:00","410670005","Portland Near Road","-8","PM2.5","UG/M3","3.6","Oregon Dept. of Environmental Quality"
"08/13/26","02:00","410670111","Beaverton - Highland","-8","PM2.5","UG/M3","2.8","Oregon Dept. of Environmental Quality"
"08/13/26","03:00","410050004","Portland - Spangler","-8","PM2.5","UG/M3","3","Oregon Dept. of Environmental Quality"
"08/13/26","03:00","410050102","Multorpor","-8","PM2.5","UG/M3","2.8","Oregon Dept. of Environmental Quality"
"08/13/26","03:00","410510080","Portland - SE Lafaye","-8","PM2.5","UG/M3","4","Oregon Dept. of Environmental Quality"
"08/13/26","03:00","410670004","Hillsboro - Hare Fie","-8","PM2.5","UG/M3","3.2","Oregon Dept. of Environmental Quality"
"08/13/26","03:00","410670005","Portland Near Road","-8","PM2.5","UG/M3","4.9","Oregon Dept. of Environmental Quality"
"08/13/26","03:00","410670111","Beaverton - Highland","-8","PM2.5","UG/M3","3","Oregon Dept. of Environmental Quality"
"08/13/26","04:00","410050004","Portland - Spangler","-8","PM2.5","UG/M3","3.1","Oregon Dept. of Environmental Quality"
"08/13/26","04:00","410050102","Multorpor","-8","PM2.5","UG/M3","2.7","Oregon Dept. of Environmental Quality"
"08/13/26","04:00","410510080","Portland - SE Lafaye","-8","PM2.5","UG/M3","4.3","Oregon Dept. of Environmental Quality"
"08/13/26","04:00","410670004","Hillsboro - Hare Fie","-8","PM2.5","UG/M3","3.2","Oregon Dept. of Environmental Quality"
"08/13/26","04:00","410670005","Portland Near Road","-8","PM2.5","UG/M3","3.9","Oregon Dept. of Environmental Quality"
"08/13/26","04:00","410670111","Beaverton - Highland","-8","PM2.5","UG/M3","3.3","Oregon Dept. of Environmental Quality"
"08/13/26","05:00","410050004","Portland - Spangler","-8","PM2.5","UG/M3","3.3","Oregon Dept. of Environmental Quality"
"08/13/26","05:00","410050102","Multorpor","-8","PM2.5","UG/M3","2.5","Oregon Dept. of Environmental Quality"
"08/13/26","05:00","410510080","Portland - SE Lafaye","-8","PM2.5","UG/M3","4.9","Oregon Dept. of Environmental Quality"
"08/13/26","05:00","410670004","Hillsboro - Hare Fie","-8","PM2.5","UG/M3","3.3","Oregon Dept. of Environmental Quality"
"08/13/26","05:00","410670005","Portland Near Road","-8","PM2.5","UG/M3","4","Oregon Dept. of Environmental Quality"
"08/13/26","05:00","410670111","Beaverton - Highland","-8","PM2.5","UG/M3","3.2","Oregon Dept. of Environmental Quality"
"08/13/26","06:00","410050004","Portland - Spangler","-8","PM2.5","UG/M3","3.5","Oregon Dept. of Environmental Quality"
"08/13/26","06:00","410050102","Multorpor","-8","PM2.5","UG/M3","3.1","Oregon Dept. of Environmental Quality"
"08/13/26","06:00","410510080","Portland - SE Lafaye","-8","PM2.5","UG/M3","5.2","Oregon Dept. of Environmental Quality"
"08/13/26","06:00","410670004","Hillsboro - Hare Fie","-8","PM2.5","UG/M3","3.1","Oregon Dept. of Environmental Quality"
"08/13/26","06:00","410670005","Portland Near Road","-8","PM2.5","UG/M3","4.2","Oregon Dept. of Environmental Quality"
"08/13/26","06:00","410670111","Beaverton - Highland","-8","PM2.5","UG/M3","3.3","Oregon Dept. of Environmental Quality"
"08/13/26","07:00","410050004","Portland - Spangler","-8","PM2.5","UG/M3","3.5","Oregon Dept. of Environmental Quality"
"08/13/26","07:00","410050102","Multorpor","-8","PM2.5","UG/M3","3.5","Oregon Dept. of Environmental Quality"
"08/13/26","07:00","410510080","Portland - SE Lafaye","-8","PM2.5","UG/M3","5","Oregon Dept. of Environmental Quality"
"08/13/26","07:00","410670004","Hillsboro - Hare Fie","-8","PM2.5","UG/M3","3","Oregon Dept. of Environmental Quality"
"08/13/26","07:00","410670005","Portland Near Road","-8","PM2.5","UG/M3","4.3","Oregon Dept. of Environmental Quality"
"08/13/26","07:00","410670111","Beaverton - Highland","-8","PM2.5","UG/M3","3.3","Oregon Dept. of Environmental Quality"
"08/13/26","08:00","410050004","Portland - Spangler","-8","PM2.5","UG/M3","3.7","Oregon Dept. of Environmental Quality"
"08/13/26","08:00","410050102","Multorpor","-8","PM2.5","UG/M3","4","Oregon Dept. of Environmental Quality"
"08/13/26","08:00","410510080","Portland - SE Lafaye","-8","PM2.5","UG/M3","4.9","Oregon Dept. of Environmental Quality"
"08/13/26","08:00","410670004","Hillsboro - Hare Fie","-8","PM2.5","UG/M3","3.1","Oregon Dept. of Environmental Quality"
"08/13/26","08:00","410670005","Portland Near Road","-8","PM2.5","UG/M3","4.3","Oregon Dept. of Environmental Quality"
"08/13/26","08:00","410670111","Beaverton - Highland","-8","PM2.5","UG/M3","3.4","Oregon Dept. of Environmental Quality"
"08/13/26","09:00","410050004","Portland - Spangler","-8","PM2.5","UG/M3","4","Oregon Dept. of Environmental Quality"
"08/13/26","09:00","410050102","Multorpor","-8","PM2.5","UG/M3","5.6","Oregon Dept. of Environmental Quality"
"08/13/26","09:00","410510080","Portland - SE Lafaye","-8","PM2.5","UG/M3","5","Oregon Dept. of Environmental Quality"
"08/13/26","09:00","410670004","Hillsboro - Hare Fie","-8","PM2.5","UG/M3","3.2","Oregon Dept. of Environmental Quality"
"08/13/26","09:00","410670005","Portland Near Road","-8","PM2.5","UG/M3","4.2","Oregon Dept. of Environmental Quality"
"08/13/26","09:00","410670111","Beaverton - Highland","-8","PM2.5","UG/M3","3.4","Oregon Dept. of Environmental Quality"
"08/13/26","10:00","410050004","Portland - Spangler","-8","PM2.5","UG/M3","4.1","Oregon Dept. of Environmental Quality"
"08/13/26","10:00","410050102","Multorpor","-8","PM2.5","UG/M3","6.6","Oregon Dept. of Environmental Quality"
"08/13/26","10:00","410510080","Portland - SE Lafaye","-8","PM2.5","UG/M3","5","Oregon Dept. of Environmental Quality"
"08/13/26","10:00","410670004","Hillsboro - Hare Fie","-8","PM2.5","UG/M3","3.3","Oregon Dept. of Environmental Quality"
"08/13/26","10:00","410670005","Portland Near Road","-8","PM2.5","UG/M3","4.2","Oregon Dept. of Environmental Quality"
"08/13/26","10:00","410670111","Beaverton - Highland","-8","PM2.5","UG/M3","3.3","Oregon Dept. of Environmental Quality"
"08/13/26","11:00","410050004","Portland - Spangler","-8","PM2.5","UG/M3","4.2","Oregon Dept. of Environmental Quality"
"08/13/26","11:00","410050102","Multorpor","-8","PM2.5","UG/M3","7.4","Oregon Dept. of Environmental Quality"
"08/13/26","11:00","410510080","Portland - SE Lafaye","-8","PM2.5","UG/M3","5.1","Oregon Dept. of Environmental Quality"
"08/13/26","11:00","410670004","Hillsboro - Hare Fie","-8","PM2.5","UG/M3","3.4","Oregon Dept. of Environmental Quality"
"08/13/26","11:00","410670005","Portland Near Road","-8","PM2.5","UG/M3","4.4","Oregon Dept. of Environmental Quality"
"08/13/26","11:00","410670111","Beaverton - Highland","-8","PM2.5","UG/M3","3.4","Oregon Dept. of Environmental Quality"
"08/13/26","12:00","410050004","Portland - Spangler","-8","PM2.5","UG/M3","4.5","Oregon Dept. of Environmental Quality"
"08/13/26","12:00","410050102","Multorpor","-8","PM2.5","UG/M3","28.5","Oregon Dept. of Environmental Quality"
"08/13/26","12:00","410510080","Portland - SE Lafaye","-8","PM2.5","UG/M3","5.4","Oregon Dept. of Environmental Quality"
"08/13/26","12:00","410670004","Hillsboro - Hare Fie","-8","PM2.5","UG/M3","3.7","Oregon Dept. of Environmental Quality"
"08/13/26","12:00","410670005","Portland Near Road","-8","PM2.5","UG/M3","5.1","Oregon Dept. of Environmental Quality"
"08/13/26","12:00","410670111","Beaverton - Highland","-8","PM2.5","UG/M3","3.8","Oregon Dept. of Environmental Quality"
"08/13/26","13:00","410050004","Portland - Spangler","-8","PM2.5","UG/M3","4.8","Oregon Dept. of Environmental Quality"
"08/13/26","13:00","410050102","Multorpor","-8","PM2.5","UG/M3","46","Oregon Dept. of Environmental Quality"
"08/13/26","13:00","410510080","Portland - SE Lafaye","-8","PM2.5","UG/M3","5.8","Oregon Dept. of Environmental Quality"
"08/13/26","13:00","410670004","Hillsboro - Hare Fie","-8","PM2.5","UG/M3","3.9","Oregon Dept. of Environmental Quality"
"08/13/26","13:00","410670005","Portland Near Road","-8","PM2.5","UG/M3","5.1","Oregon Dept. of Environmental Quality"
"08/13/26","13:00","410670111","Beaverton - Highland","-8","PM2.5","UG/M3","4.1","Oregon Dept. of Environmental Quality"
"08/13/26","14:00","410050004","Portland - Spangler","-8","PM2.5","UG/M3","6.1","Oregon Dept. of Environmental Quality"
"08/13/26","14:00","410050102","Multorpor","-8","PM2.5","UG/M3","49.8","Oregon Dept. of Environmental Quality"
"08/13/26","14:00","410510080","Portland - SE Lafaye","-8","PM2.5","UG/M3","5.7","Oregon Dept. of Environmental Quality"
"08/13/26","14:00","410670004","Hillsboro - Hare Fie","-8","PM2.5","UG/M3","4","Oregon Dept. of Environmental Quality"
"08/13/26","14:00","410670005","Portland Near Road","-8","PM2.5","UG/M3","6","Oregon Dept. of Environmental Quality"
"08/13/26","14:00","410670111","Beaverton - Highland","-8","PM2.5","UG/M3","4.2","Oregon Dept. of Environmental Quality"
"08/13/26","15:00","410050004","Portland - Spangler","-8","PM2.5","UG/M3","6.5","Oregon Dept. of Environmental Quality"
"08/13/26","15:00","410050102","Multorpor","-8","PM2.5","UG/M3","56.8","Oregon Dept. of Environmental Quality"
"08/13/26","15:00","410510080","Portland - SE Lafaye","-8","PM2.5","UG/M3","6","Oregon Dept. of Environmental Quality"
"08/13/26","15:00","410670004","Hillsboro - Hare Fie","-8","PM2.5","UG/M3","4.4","Oregon Dept. of Environmental Quality"
"08/13/26","15:00","410670005","Portland Near Road","-8","PM2.5","UG/M3","7.4","Oregon Dept. of Environmental Quality"
"08/13/26","15:00","410670111","Beaverton - Highland","-8","PM2.5","UG/M3","4.3","Oregon Dept. of Environmental Quality"
"08/13/26","16:00","410050004","Portland - Spangler","-8","PM2.5","UG/M3","6.6","Oregon Dept. of Environmental Quality"
"08/13/26","16:00","410050102","Multorpor","-8","PM2.5","UG/M3","55.8","Oregon Dept. of Environmental Quality"
"08/13/26","16:00","410510080","Portland - SE Lafaye","-8","PM2.5","UG/M3","7","Oregon Dept. of Environmental Quality"
"08/13/26","16:00","410670004","Hillsboro - Hare Fie","-8","PM2.5","UG/M3","4.4","Oregon Dept. of Environmental Quality"
"08/13/26","16:00","410670005","Portland Near Road","-8","PM2.5","UG/M3","7.3","Oregon Dept. of Environmental Quality"
"08/13/26","16:00","410670111","Beaverton - Highland","-8","PM2.5","UG/M3","4.6","Oregon Dept. of Environmental Quality"
"08/13/26","17:00","410050004","Portland - Spangler","-8","PM2.5","UG/M3","6.8","Oregon Dept. of Environmental Quality"
"08/13/26","17:00","410050102","Multorpor","-8","PM2.5","UG/M3","74.3","Oregon Dept. of Environmental Quality"
"08/13/26","17:00","410510080","Portland - SE Lafaye","-8","PM2.5","UG/M3","6.8","Oregon Dept. of Environmental Quality"
"08/13/26","17:00","410670004","Hillsboro - Hare Fie","-8","PM2.5","UG/M3","4.5","Oregon Dept. of Environmental Quality"
"08/13/26","17:00","410670005","Portland Near Road","-8","PM2.5","UG/M3","7.4","Oregon Dept. of Environmental Quality"
"08/13/26","17:00","410670111","Beaverton - Highland","-8","PM2.5","UG/M3","5","Oregon Dept. of Environmental Quality"
"08/13/26","18:00","410050004","Portland - Spangler","-8","PM2.5","UG/M3","7","Oregon Dept. of Environmental Quality"
"08/13/26","18:00","410050102","Multorpor","-8","PM2.5","UG/M3","54.7","Oregon Dept. of Environmental Quality"
"08/13/26","18:00","410510080","Portland - SE Lafaye","-8","PM2.5","UG/M3","7.1","Oregon Dept. of Environmental Quality"
"08/13/26","18:00","410670004","Hillsboro - Hare Fie","-8","PM2.5","UG/M3","5","Oregon Dept. of Environmental Quality"
"08/13/26","18:00","410670005","Portland Near Road","-8","PM2.5","UG/M3","7.4","Oregon Dept. of Environmental Quality"
"08/13/26","18:00","410670111","Beaverton - Highland","-8","PM2.5","UG/M3","4.7","Oregon Dept. of Environmental Quality"
"08/13/26","19:00","410050004","Portland - Spangler","-8","PM2.5","UG/M3","7","Oregon Dept. of Environmental Quality"
"08/13/26","19:00","410050102","Multorpor","-8","PM2.5","UG/M3","44.8","Oregon Dept. of Environmental Quality"
"08/13/26","19:00","410510080","Portland - SE Lafaye","-8","PM2.5","UG/M3","7.9","Oregon Dept. of Environmental Quality"
"08/13/26","19:00","410670004","Hillsboro - Hare Fie","-8","PM2.5","UG/M3","5.7","Oregon Dept. of Environmental Quality"
"08/13/26","19:00","410670005","Portland Near Road","-8","PM2.5","UG/M3","8.3","Oregon Dept. of Environmental Quality"
"08/13/26","19:00","410670111","Beaverton - Highland","-8","PM2.5","UG/M3","5.5","Oregon Dept. of Environmental Quality"
"08/13/26","20:00","410050004","Portland - Spangler","-8","PM2.5","UG/M3","12.1","Oregon Dept. of Environmental Quality"
"08/13/26","20:00","410050102","Multorpor","-8","PM2.5","UG/M3","34.5","Oregon Dept. of Environmental Quality"
"08/13/26","20:00","410510080","Portland - SE Lafaye","-8","PM2.5","UG/M3","8.4","Oregon Dept. of Environmental Quality"
"08/13/26","20:00","410670004","Hillsboro - Hare Fie","-8","PM2.5","UG/M3","7.7","Oregon Dept. of Environmental Quality"
"08/13/26","20:00","410670005","Portland Near Road","-8","PM2.5","UG/M3","10.4","Oregon Dept. of Environmental Quality"
"08/13/26","20:00","410670111","Beaverton - Highland","-8","PM2.5","UG/M3","7","Oregon Dept. of Environmental Quality"
"08/13/26","21:00","410050004","Portland - Spangler","-8","PM2.5","UG/M3","16.6","Oregon Dept. of Environmental Quality"
"08/13/26","21:00","410050102","Multorpor","-8","PM2.5","UG/M3","35.1","Oregon Dept. of Environmental Quality"
"08/13/26","21:00","410510080","Portland - SE Lafaye","-8","PM2.5","UG/M3","11.1","Oregon Dept. of Environmental Quality"
"08/13/26","21:00","410670004","Hillsboro - Hare Fie","-8","PM2.5","UG/M3","11.1","Oregon Dept. of Environmental Quality"
"08/13/26","21:00","410670005","Portland Near Road","-8","PM2.5","UG/M3","12.4","Oregon Dept. of Environmental Quality"
"08/13/26","21:00","410670111","Beaverton - Highland","-8","PM2.5","UG/M3","9.8","Oregon Dept. of Environmental Quality"
"08/13/26","22:00","410050004","Portland - Spangler","-8","PM2.5","UG/M3","22.9","Oregon Dept. of Environmental Quality"
"08/13/26","22:00","410050102","Multorpor","-8","PM2.5","UG/M3","27.4","Oregon Dept. of Environmental Quality"
"08/13/26","22:00","410510080","Portland - SE Lafaye","-8","PM2.5","UG/M3","20.1","Oregon Dept. of Environmental Quality"
"08/13/26","22:00","410670004","Hillsboro - Hare Fie","-8","PM2.5","UG/M3","15.9","Oregon Dept. of Environmental Quality"
"08/13/26","22:00","410670005","Portland Near Road","-8","PM2.5","UG/M3","19.7","Oregon Dept. of Environmental Quality"
"08/13/26","22:00","410670111","Beaverton - Highland","-8","PM2.5","UG/M3","16.1","Oregon Dept. of Environmental Quality"
"08/13/26","23:00","410050004","Portland - Spangler","-8","PM2.5","UG/M3","24.9","Oregon Dept. of Environmental Quality"
"08/13/26","23:00","410050102","Multorpor","-8","PM2.5","UG/M3","18.5","Oregon Dept. of Environmental Quality"
"08/13/26","23:00","410510080","Portland - SE Lafaye","-8","PM2.5","UG/M3","20","Oregon Dept. of Environmental Quality"
"08/13/26","23:00","410670004","Hillsboro - Hare Fie","-8","PM2.5","UG/M3","25.8","Oregon Dept. of Environmental Quality"
"08/13/26","23:00","410670005","Portland Near Road","-8","PM2.5","UG/M3","23.8","Oregon Dept. of Environmental Quality"
"08/13/26","23:00","410670111","Beaverton - Highland","-8","PM2.5","UG/M3","20.7","Oregon Dept. of Environmental Quality"
"08/14/26","00:00","410050004","Portland - Spangler","-8","PM2.5","UG/M3","23.5","Oregon Dept. of Environmental Quality"
"08/14/26","00:00","410050102","Multorpor","-8","PM2.5","UG/M3","14.9","Oregon Dept. of Environmental Quality"
"08/14/26","00:00","410510080","Portland - SE Lafaye","-8","PM2.5","UG/M3","22.3","Oregon Dept. of Environmental Quality"
"08/14/26","00:00","410670004","Hillsboro - Hare Fie","-8","PM2.5","UG/M3","28.4","Oregon Dept. of Environmental Quality"
"08/14/26","00:00","410670005","Portland Near Road","-8","PM2.5","UG/M3","23.3","Oregon Dept. of Environmental Quality"
"08/14/26","00:00","410670111","Beaverton - Highland","-8","PM2.5","UG/M3","19.3","Oregon Dept. of Environmental Quality"
"08/14/26","01:00","410050004","Portland - Spangler","-8","PM2.5","UG/M3","22.4","Oregon Dept. of Environmental Quality"
"08/14/26","01:00","410050102","Multorpor","-8","PM2.5","UG/M3","13.6","Oregon Dept. of Environmental Quality"
"08/14/26","01:00","410510080","Portland - SE Lafaye","-8","PM2.5","UG/M3","23.3","Oregon Dept. of Environmental Quality"
"08/14/26","01:00","410670004","Hillsboro - Hare Fie","-8","PM2.5","UG/M3","19.6","Oregon Dept. of Environmental Quality"
"08/14/26","01:00","410670005","Portland Near Road","-8","PM2.5","UG/M3","22.5","Oregon Dept. of Environmental Quality"
"08/14/26","01:00","410670111","Beaverton - Highland","-8","PM2.5","UG/M3","18.1","Oregon Dept. of Environmental Quality"
"08/14/26","02:00","410050004","Portland - Spangler","-8","PM2.5","UG/M3","23.9","Oregon Dept. of Environmental Quality"
"08/14/26","02:00","410050102","Multorpor","-8","PM2.5","UG/M3","12.6","Oregon Dept. of Environmental Quality"
"08/14/26","02:00","410510080","Portland - SE Lafaye","-8","PM2.5","UG/M3","13.9","Oregon Dept. of Environmental Quality"
"08/14/26","02:00","410670004","Hillsboro - Hare Fie","-8","PM2.5","UG/M3","11.1","Oregon Dept. of Environmental Quality"
"08/14/26","02:00","410670005","Portland Near Road","-8","PM2.5","UG/M3","21.5","Oregon Dept. of Environmental Quality"
"08/14/26","02:00","410670111","Beaverton - Highland","-8","PM2.5","UG/M3","14.2","Oregon Dept. of Environmental Quality"
"08/14/26","03:00","410050004","Portland - Spangler","-8","PM2.5","UG/M3","22.5","Oregon Dept. of Environmental Quality"
"08/14/26","03:00","410050102","Multorpor","-8","PM2.5","UG/M3","13.7","Oregon Dept. of Environmental Quality"
"08/14/26","03:00","410510080","Portland - SE Lafaye","-8","PM2.5","UG/M3","9.5","Oregon Dept. of Environmental Quality"
"08/14/26","03:00","410670004","Hillsboro - Hare Fie","-8","PM2.5","UG/M3","9.2","Oregon Dept. of Environmental Quality"
"08/14/26","03:00","410670005","Portland Near Road","-8","PM2.5","UG/M3","14.2","Oregon Dept. of Environmental Quality"
"08/14/26","03:00","410670111","Beaverton - Highland","-8","PM2.5","UG/M3","10.2","Oregon Dept. of Environmental Quality"
"08/14/26","04:00","410050004","Portland - Spangler","-8","PM2.5","UG/M3","16.3","Oregon Dept. of Environmental Quality"
"08/14/26","04:00","410050102","Multorpor","-8","PM2.5","UG/M3","14.6","Oregon Dept. of Environmental Quality"
"08/14/26","04:00","410510080","Portland - SE Lafaye","-8","PM2.5","UG/M3","8.4","Oregon Dept. of Environmental Quality"
"08/14/26","04:00","410670004","Hillsboro - Hare Fie","-8","PM2.5","UG/M3","11.6","Oregon Dept. of Environmental Quality"
"08/14/26","04:00","410670005","Portland Near Road","-8","PM2.5","UG/M3","11.3","Oregon Dept. of Environmental Quality"
"08/14/26","04:00","410670111","Beaverton - Highland","-8","PM2.5","UG/M3","9.4","Oregon Dept. of Environmental Quality"
"08/14/26","05:00","410050004","Portland - Spangler","-8","PM2.5","UG/M3","12.2","Oregon Dept. of Environmental Quality"
"08/14/26","05:00","410050102","Multorpor","-8","PM2.5","UG/M3","25.6","Oregon Dept. of Environmental Quality"
"08/14/26","05:00","410510080","Portland - SE Lafaye","-8","PM2.5","UG/M3","8.4","Oregon Dept. of Environmental Quality"
"08/14/26","05:00","410670004","Hillsboro - Hare Fie","-8","PM2.5","UG/M3","10.9","Oregon Dept. of Environmental Quality"
"08/14/26","05:00","410670005","Portland Near Road","-8","PM2.5","UG/M3","12.9","Oregon Dept. of Environmental Quality"
"08/14/26","05:00","410670111","Beaverton - Highland","-8","PM2.5","UG/M3","10.9","Oregon Dept. of Environmental Quality"
"08/14/26","06:00","410050004","Portland - Spangler","-8","PM2.5","UG/M3","9.2","Oregon Dept. of Environmental Quality"
"08/14/26","06:00","410050102","Multorpor","-8","PM2.5","UG/M3","30","Oregon Dept. of Environmental Quality"
"08/14/26","06:00","410510080","Portland - SE Lafaye","-8","PM2.5","UG/M3","8.3","Oregon Dept. of Environmental Quality"
"08/14/26","06:00","410670004","Hillsboro - Hare Fie","-8","PM2.5","UG/M3","10","Oregon Dept. of Environmental Quality"
"08/14/26","06:00","410670005","Portland Near Road","-8","PM2.5","UG/M3","13.6","Oregon Dept. of Environmental Quality"
"08/14/26","06:00","410670111","Beaverton - Highland","-8","PM2.5","UG/M3","10.8","Oregon Dept. of Environmental Quality"
"08/14/26","07:00","410050004","Portland - Spangler","-8","PM2.5","UG/M3","8.5","Oregon Dept. of Environmental Quality"
"08/14/26","07:00","410050102","Multorpor","-8","PM2.5","UG/M3","35.4","Oregon Dept. of Environmental Quality"
"08/14/26","07:00","410510080","Portland - SE Lafaye","-8","PM2.5","UG/M3","8.5","Oregon Dept. of Environmental Quality"
"08/14/26","07:00","410670004","Hillsboro - Hare Fie","-8","PM2.5","UG/M3","9.1","Oregon Dept. of Environmental Quality"
"08/14/26","07:00","410670005","Portland Near Road","-8","PM2.5","UG/M3","13.1","Oregon Dept. of Environmental Quality"
"08/14/26","07:00","410670111","Beaverton - Highland","-8","PM2.5","UG/M3","10.5","Oregon Dept. of Environmental Quality"
"08/14/26","08:00","410050004","Portland - Spangler","-8","PM2.5","UG/M3","7.9","Oregon Dept. of Environmental Quality"
"08/14/26","08:00","410050102","Multorpor","-8","PM2.5","UG/M3","38.3","Oregon Dept. of Environmental Quality"
"08/14/26","08:00","410510080","Portland - SE Lafaye","-8","PM2.5","UG/M3","8.6","Oregon Dept. of Environmental Quality"
"08/14/26","08:00","410670004","Hillsboro - Hare Fie","-8","PM2.5","UG/M3","7.5","Oregon Dept. of Environmental Quality"
"08/14/26","08:00","410670005","Portland Near Road","-8","PM2.5","UG/M3","10.1","Oregon Dept. of Environmental Quality"
"08/14/26","08:00","410670111","Beaverton - Highland","-8","PM2.5","UG/M3","10.3","Oregon Dept. of Environmental Quality"
"08/14/26","09:00","410050004","Portland - Spangler","-8","PM2.5","UG/M3","8","Oregon Dept. of Environmental Quality"
"08/14/26","09:00","410050102","Multorpor","-8","PM2.5","UG/M3","38.4","Oregon Dept. of Environmental Quality"
"08/14/26","09:00","410510080","Portland - SE Lafaye","-8","PM2.5","UG/M3","8","Oregon Dept. of Environmental Quality"
"08/14/26","09:00","410670004","Hillsboro - Hare Fie","-8","PM2.5","UG/M3","5.7","Oregon Dept. of Environmental Quality"
"08/14/26","09:00","410670005","Portland Near Road","-8","PM2.5","UG/M3","9.6","Oregon Dept. of Environmental Quality"
"08/14/26","09:00","410670111","Beaverton - Highland","-8","PM2.5","UG/M3","9.8","Oregon Dept. of Environmental Quality"
"08/14/26","10:00","410050004","Portland - Spangler","-8","PM2.5","UG/M3","8.4","Oregon Dept. of Environmental Quality"
"08/14/26","10:00","410050102","Multorpor","-8","PM2.5","UG/M3","48.2","Oregon Dept. of Environmental Quality"
"08/14/26","10:00","410510080","Portland - SE Lafaye","-8","PM2.5","UG/M3","7.6","Oregon Dept. of Environmental Quality"
"08/14/26","10:00","410670004","Hillsboro - Hare Fie","-8","PM2.5","UG/M3","4.2","Oregon Dept. of Environmental Quality"
"08/14/26","10:00","410670005","Portland Near Road","-8","PM2.5","UG/M3","10.1","Oregon Dept. of Environmental Quality"
"08/14/26","10:00","410670111","Beaverton - Highland","-8","PM2.5","UG/M3","8.4","Oregon Dept. of Environmental Quality"
"08/14/26","11:00","410050004","Portland - Spangler","-8","PM2.5","UG/M3","8.4","Oregon Dept. of Environmental Quality"
"08/14/26","11:00","410050102","Multorpor","-8","PM2.5","UG/M3","76.9","Oregon Dept. of Environmental Quality"
"08/14/26","11:00","410510080","Portland - SE Lafaye","-8","PM2.5","UG/M3","8.7","Oregon Dept. of Environmental Quality"
"08/14/26","11:00","410670004","Hillsboro - Hare Fie","-8","PM2.5","UG/M3","3.4","Oregon Dept. of Environmental Quality"
"08/14/26","11:00","410670005","Portland Near Road","-8","PM2.5","UG/M3","9.7","Oregon Dept. of Environmental Quality"
"08/14/26","11:00","410670111","Beaverton - Highland","-8","PM2.5","UG/M3","8.1","Oregon Dept. of Environmental Quality"
"08/14/26","12:00","410050004","Portland - Spangler","-8","PM2.5","UG/M3","7.3","Oregon Dept. of Environmental Quality"
"08/14/26","12:00","410050102","Multorpor","-8","PM2.5","UG/M3","35.3","Oregon Dept. of Environmental Quality"
"08/14/26","12:00","410510080","Portland - SE Lafaye","-8","PM2.5","UG/M3","8.8","Oregon Dept. of Environmental Quality"
"08/14/26","12:00","410670004","Hillsboro - Hare Fie","-8","PM2.5","UG/M3","3.1","Oregon Dept. of Environmental Quality"
"08/14/26","12:00","410670005","Portland Near Road","-8","PM2.5","UG/M3","9.1","Oregon Dept. of Environmental Quality"
"08/14/26","12:00","410670111","Beaverton - Highland","-8","PM2.5","UG/M3","7","Oregon Dept. of Environmental Quality"
"08/14/26","13:00","410050004","Portland - Spangler","-8","PM2.5","UG/M3","7.3","Oregon Dept. of Environmental Quality"
"08/14/26","13:00","410050102","Multorpor","-8","PM2.5","UG/M3","40.3","Oregon Dept. of Environmental Quality"
"08/14/26","13:00","410510080","Portland - SE Lafaye","-8","PM2.5","UG/M3","9.7","Oregon Dept. of Environmental Quality"
"08/14/26","13:00","410670004","Hillsboro - Hare Fie","-8","PM2.5","UG/M3","2.7","Oregon Dept. of Environmental Quality"
"08/14/26","13:00","410670005","Portland Near Road","-8","PM2.5","UG/M3","9.4","Oregon Dept. of Environmental Quality"
"08/14/26","13:00","410670111","Beaverton - Highland","-8","PM2.5","UG/M3","6.7","Oregon Dept. of Environmental Quality"
"08/14/26","14:00","410050004","Portland - Spangler","-8","PM2.5","UG/M3","7.1","Oregon Dept. of Environmental Quality"
"08/14/26","14:00","410050102","Multorpor","-8","PM2.5","UG/M3","28.5","Oregon Dept. of Environmental Quality"
"08/14/26","14:00","410510080","Portland - SE Lafaye","-8","PM2.5","UG/M3","8.6","Oregon Dept. of Environmental Quality"
"08/14/26","14:00","410670004","Hillsboro - Hare Fie","-8","PM2.5","UG/M3","2.6","Oregon Dept. of Environmental Quality"
"08/14/26","14:00","410670005","Portland Near Road","-8","PM2.5","UG/M3","9.3","Oregon Dept. of Environmental Quality"
"08/14/26","14:00","410670111","Beaverton - Highland","-8","PM2.5","UG/M3","4.7","Oregon Dept. of Environmental Quality"
"08/14/26","15:00","410050004","Portland - Spangler","-8","PM2.5","UG/M3","7.7","Oregon Dept. of Environmental Quality"
"08/14/26","15:00","410050102","Multorpor","-8","PM2.5","UG/M3","36.5","Oregon Dept. of Environmental Quality"
"08/14/26","15:00","410510080","Portland - SE Lafaye","-8","PM2.5","UG/M3","9.4","Oregon Dept. of Environmental Quality"
"08/14/26","15:00","410670004","Hillsboro - Hare Fie","-8","PM2.5","UG/M3","2.9","Oregon Dept. of Environmental Quality"
"08/14/26","15:00","410670005","Portland Near Road","-8","PM2.5","UG/M3","8.6","Oregon Dept. of Environmental Quality"
"08/14/26","15:00","410670111","Beaverton - Highland","-8","PM2.5","UG/M3","5","Oregon Dept. of Environmental Quality"
"08/14/26","16:00","410050004","Portland - Spangler","-8","PM2.5","UG/M3","8.8","Oregon Dept. of Environmental Quality"
"08/14/26","16:00","410050102","Multorpor","-8","PM2.5","UG/M3","44.4","Oregon Dept. of Environmental Quality"
"08/14/26","16:00","410510080","Portland - SE Lafaye","-8","PM2.5","UG/M3","10.2","Oregon Dept. of Environmental Quality"
"08/14/26","16:00","410670004","Hillsboro - Hare Fie","-8","PM2.5","UG/M3","5.7","Oregon Dept. of Environmental Quality"
"08/14/26","16:00","410670005","Portland Near Road","-8","PM2.5","UG/M3","9.7","Oregon Dept. of Environmental Quality"
"08/14/26","16:00","410670111","Beaverton - Highland","-8","PM2.5","UG/M3","6.6","Oregon Dept. of Environmental Quality"
"08/14/26","17:00","410050004","Portland - Spangler","-8","PM2.5","UG/M3","9.5","Oregon Dept. of Environmental Quality"
"08/14/26","17:00","410050102","Multorpor","-8","PM2.5","UG/M3","34.7","Oregon Dept. of Environmental Quality"
"08/14/26","17:00","410510080","Portland - SE Lafaye","-8","PM2.5","UG/M3","10.7","Oregon Dept. of Environmental Quality"
"08/14/26","17:00","410670004","Hillsboro - Hare Fie","-8","PM2.5","UG/M3","7.6","Oregon Dept. of Environmental Quality"
"08/14/26","17:00","410670005","Portland Near Road","-8","PM2.5","UG/M3","9.7","Oregon Dept. of Environmental Quality"
"08/14/26","17:00","410670111","Beaverton - Highland","-8","PM2.5","UG/M3","8.3","Oregon Dept. of Environmental Quality"
"08/14/26","18:00","410050004","Portland - Spangler","-8","PM2.5","UG/M3","10.2","Oregon Dept. of Environmental Quality"
"08/14/26","18:00","410050102","Multorpor","-8","PM2.5","UG/M3","31.7","Oregon Dept. of Environmental Quality"
"08/14/26","18:00","410510080","Portland - SE Lafaye","-8","PM2.5","UG/M3","11.5","Oregon Dept. of Environmental Quality"
"08/14/26","18:00","410670004","Hillsboro - Hare Fie","-8","PM2.5","UG/M3","7.7","Oregon Dept. of Environmental Quality"
"08/14/26","18:00","410670005","Portland Near Road","-8","PM2.5","UG/M3","10.8","Oregon Dept. of Environmental Quality"
"08/14/26","18:00","410670111","Beaverton - Highland","-8","PM2.5","UG/M3","9.2","Oregon Dept. of Environmental Quality"
"08/14/26","19:00","410050004","Portland - Spangler","-8","PM2.5","UG/M3","10.4","Oregon Dept. of Environmental Quality"
"08/14/26","19:00","410050102","Multorpor","-8","PM2.5","UG/M3","45.6","Oregon Dept. of Environmental Quality"
"08/14/26","19:00","410510080","Portland - SE Lafaye","-8","PM2.5","UG/M3","12","Oregon Dept. of Environmental Quality"
"08/14/26","19:00","410670004","Hillsboro - Hare Fie","-8","PM2.5","UG/M3","8.4","Oregon Dept. of Environmental Quality"
"08/14/26","19:00","410670005","Portland Near Road","-8","PM2.5","UG/M3","11.8","Oregon Dept. of Environmental Quality"
"08/14/26","19:00","410670111","Beaverton - Highland","-8","PM2.5","UG/M3","9.1","Oregon Dept. of Environmental Quality"
"08/14/26","20:00","410050004","Portland - Spangler","-8","PM2.5","UG/M3","10.6","Oregon Dept. of Environmental Quality"
"08/14/26","20:00","410050102","Multorpor","-8","PM2.5","UG/M3","38.9","Oregon Dept. of Environmental Quality"
"08/14/26","20:00","410510080","Portland - SE Lafaye","-8","PM2.5","UG/M3","12.5","Oregon Dept. of Environmental Quality"
"08/14/26","20:00","410670004","Hillsboro - Hare Fie","-8","PM2.5","UG/M3","9.3","Oregon Dept. of Environmental Quality"
"08/14/26","20:00","410670005","Portland Near Road","-8","PM2.5","UG/M3","12.2","Oregon Dept. of Environmental Quality"
"08/14/26","20:00","410670111","Beaverton - Highland","-8","PM2.5","UG/M3","9.7","Oregon Dept. of Environmental Quality"
"08/14/26","21:00","410050004","Portland - Spangler","-8","PM2.5","UG/M3","11","Oregon Dept. of Environmental Quality"
"08/14/26","21:00","410050102","Multorpor","-8","PM2.5","UG/M3","25.8","Oregon Dept. of Environmental Quality"
"08/14/26","21:00","410510080","Portland - SE Lafaye","-8","PM2.5","UG/M3","13.3","Oregon Dept. of Environmental Quality"
"08/14/26","21:00","410670004","Hillsboro - Hare Fie","-8","PM2.5","UG/M3","10.3","Oregon Dept. of Environmental Quality"
"08/14/26","21:00","410670005","Portland Near Road","-8","PM2.5","UG/M3","12.6","Oregon Dept. of Environmental Quality"
"08/14/26","21:00","410670111","Beaverton - Highland","-8","PM2.5","UG/M3","10.4","Oregon Dept. of Environmental Quality"
"08/14/26","22:00","410050004","Portland - Spangler","-8","PM2.5","UG/M3","11.4","Oregon Dept. of Environmental Quality"
"08/14/26","22:00","410050102","Multorpor","-8","PM2.5","UG/M3","20.8","Oregon Dept. of Environmental Quality"
"08/14/26","22:00","410510080","Portland - SE Lafaye","-8","PM2.5","UG/M3","14.6","Oregon Dept. of Environmental Quality"
"08/14/26","22:00","410670004","Hillsboro - Hare Fie","-8","PM2.5","UG/M3","11.1","Oregon Dept. of Environmental Quality"
"08/14/26","22:00","410670005","Portland Near Road","-8","PM2.5","UG/M3","14.1","Oregon Dept. of Environmental Quality"
"08/14/26","22:00","410670111","Beaverton - Highland","-8","PM2.5","UG/M3","11.4","Oregon Dept. of Environmental Quality"
"08/14/26","23:00","410050004","Portland - Spangler","-8","PM2.5","UG/M3","12.3","Oregon Dept. of Environmental Quality"
"08/14/26","23:00","410050102","Multorpor","-8","PM2.5","UG/M3","18.9","Oregon Dept. of Environmental Quality"
"08/14/26","23:00","410510080","Portland - SE Lafaye","-8","PM2.5","UG/M3","15.7","Oregon Dept. of Environmental Quality"
"08/14/26","23:00","410670004","Hillsboro - Hare Fie","-8","PM2.5","UG/M3","12.6","Oregon Dept. of Environmental Quality"
"08/14/26","23:00","410670005","Portland Near Road","-8","PM2.5","UG/M3","16.5","Oregon Dept. of Environmental Quality"
"08/14/26","23:00","410670111","Beaverton - Highland","-8","PM2.5","UG/M3","12.6","Oregon Dept. of Environmental Quality"
"08/15/26","00:00","410050004","Portland - Spangler","-8","PM2.5","UG/M3","13.6","Oregon Dept. of Environmental Quality"
"08/15/26","00:00","410050102","Multorpor","-8","PM2.5","UG/M3","18.1","Oregon Dept. of Environmental Quality"
"08/15/26","00:00","410510080","Portland - SE Lafaye","-8","PM2.5","UG/M3","15.8","Oregon Dept. of Environmental Quality"
"08/15/26","00:00","410670004","Hillsboro - Hare Fie","-8","PM2.5","UG/M3","16","Oregon Dept. of Environmental Quality"
"08/15/26","00:00","410670005","Portland Near Road","-8","PM2.5","UG/M3","18.5","Oregon Dept. of Environmental Quality"
"08/15/26","00:00","410670111","Beaverton - Highland","-8","PM2.5","UG/M3","14.3","Oregon Dept. of Environmental Quality"
"08/15/26","01:00","410050004","Portland - Spangler","-8","PM2.5","UG/M3","14.1","Oregon Dept. of Environmental Quality"
"08/15/26","01:00","410050102","Multorpor","-8","PM2.5","UG/M3","19.3","Oregon Dept. of Environmental Quality"
"08/15/26","01:00","410510080","Portland - SE Lafaye","-8","PM2.5","UG/M3","14.9","Oregon Dept. of Environmental Quality"
"08/15/26","01:00","410670004","Hillsboro - Hare Fie","-8","PM2.5","UG/M3","10.1","Oregon Dept. of Environmental Quality"
"08/15/26","01:00","410670005","Portland Near Road","-8","PM2.5","UG/M3","18.5","Oregon Dept. of Environmental Quality"
"08/15/26","01:00","410670111","Beaverton - Highland","-8","PM2.5","UG/M3","12.9","Oregon Dept. of Environmental Quality"
"08/15/26","02:00","410050004","Portland - Spangler","-8","PM2.5","UG/M3","14","Oregon Dept. of Environmental Quality"
"08/15/26","02:00","410050102","Multorpor","-8","PM2.5","UG/M3","14.6","Oregon Dept. of Environmental Quality"
"08/15/26","02:00","410510080","Portland - SE Lafaye","-8","PM2.5","UG/M3","9.3","Oregon Dept. of Environmental Quality"
"08/15/26","02:00","410670004","Hillsboro - Hare Fie","-8","PM2.5","UG/M3","5.5","Oregon Dept. of Environmental Quality"
"08/15/26","02:00","410670005","Portland Near Road","-8","PM2.5","UG/M3","15.7","Oregon Dept. of Environmental Quality"
"08/15/26","02:00","410670111","Beaverton - Highland","-8","PM2.5","UG/M3","7.2","Oregon Dept. of Environmental Quality"
"08/15/26","03:00","410050004","Portland - Spangler","-8","PM2.5","UG/M3","10.6","Oregon Dept. of Environmental Quality"
"08/15/26","03:00","410050102","Multorpor","-8","PM2.5","UG/M3","14.8","Oregon Dept. of Environmental Quality"
"08/15/26","03:00","410510080","Portland - SE Lafaye","-8","PM2.5","UG/M3","7.9","Oregon Dept. of Environmental Quality"
"08/15/26","03:00","410670004","Hillsboro - Hare Fie","-8","PM2.5","UG/M3","3.8","Oregon Dept. of Environmental Quality"
"08/15/26","03:00","410670005","Portland Near Road","-8","PM2.5","UG/M3","8.5","Oregon Dept. of Environmental Quality"
"08/15/26","03:00","410670111","Beaverton - Highland","-8","PM2.5","UG/M3","4.7","Oregon Dept. of Environmental Quality"
"08/15/26","04:00","410050004","Portland - Spangler","-8","PM2.5","UG/M3","5.3","Oregon Dept. of Environmental Quality"
"08/15/26","04:00","410050102","Multorpor","-8","PM2.5","UG/M3","23.8","Oregon Dept. of Environmental Quality"
"08/15/26","04:00","410510080","Portland - SE Lafaye","-8","PM2.5","UG/M3","6.1","Oregon Dept. of Environmental Quality"
"08/15/26","04:00","410670004","Hillsboro - Hare Fie","-8","PM2.5","UG/M3","3.8","Oregon Dept. of Environmental Quality"
"08/15/26","04:00","410670005","Portland Near Road","-8","PM2.5","UG/M3","6.2","Oregon Dept. of Environmental Quality"
"08/15/26","04:00","410670111","Beaverton - Highland","-8","PM2.5","UG/M3","4.4","Oregon Dept. of Environmental Quality"
"08/15/26","05:00","410050004","Portland - Spangler","-8","PM2.5","UG/M3","5","Oregon Dept. of Environmental Quality"
"08/15/26","05:00","410050102","Multorpor","-8","PM2.5","UG/M3","38.2","Oregon Dept. of Environmental Quality"
"08/15/26","05:00","410510080","Portland - SE Lafaye","-8","PM2.5","UG/M3","4.9","Oregon Dept. of Environmental Quality"
"08/15/26","05:00","410670004","Hillsboro - Hare Fie","-8","PM2.5","UG/M3","3.8","Oregon Dept. of Environmental Quality"
"08/15/26","05:00","410670005","Portland Near Road","-8","PM2.5","UG/M3","5.8","Oregon Dept. of Environmental Quality"
"08/15/26","05:00","410670111","Beaverton - Highland","-8","PM2.5","UG/M3","3.8","Oregon Dept. of Environmental Quality"
"08/15/26","06:00","410050004","Portland - Spangler","-8","PM2.5","UG/M3","4.5","Oregon Dept. of Environmental Quality"
"08/15/26","06:00","410050102","Multorpor","-8","PM2.5","UG/M3","25.7","Oregon Dept. of Environmental Quality"
"08/15/26","06:00","410510080","Portland - SE Lafaye","-8","PM2.5","UG/M3","5","Oregon Dept. of Environmental Quality"
"08/15/26","06:00","410670004","Hillsboro - Hare Fie","-8","PM2.5","UG/M3","3.9","Oregon Dept. of Environmental Quality"
"08/15/26","06:00","410670005","Portland Near Road","-8","PM2.5","UG/M3","4.7","Oregon Dept. of Environmental Quality"
"08/15/26","06:00","410670111","Beaverton - Highland","-8","PM2.5","UG/M3","3.8","Oregon Dept. of Environmental Quality"
"08/15/26","07:00","410050004","Portland - Spangler","-8","PM2.5","UG/M3","4.4","Oregon Dept. of Environmental Quality"
"08/15/26","07:00","410050102","Multorpor","-8","PM2.5","UG/M3","26.5","Oregon Dept. of Environmental Quality"
"08/15/26","07:00","410510080","Portland - SE Lafaye","-8","PM2.5","UG/M3","5.3","Oregon Dept. of Environmental Quality"
"08/15/26","07:00","410670004","Hillsboro - Hare Fie","-8","PM2.5","UG/M3","4","Oregon Dept. of Environmental Quality"
"08/15/26","07:00","410670005","Portland Near Road","-8","PM2.5","UG/M3","4.6","Oregon Dept. of Environmental Quality"
"08/15/26","07:00","410670111","Beaverton - Highland","-8","PM2.5","UG/M3","4","Oregon Dept. of Environmental Quality"
"08/15/26","08:00","410050004","Portland - Spangler","-8","PM2.5","UG/M3","4.3","Oregon Dept. of Environmental Quality"
"08/15/26","08:00","410050102","Multorpor","-8","PM2.5","UG/M3","17.2","Oregon Dept. of Environmental Quality"
"08/15/26","08:00","410510080","Portland - SE Lafaye","-8","PM2.5","UG/M3","5.3","Oregon Dept. of Environmental Quality"
"08/15/26","08:00","410670004","Hillsboro - Hare Fie","-8","PM2.5","UG/M3","4.1","Oregon Dept. of Environmental Quality"
"08/15/26","08:00","410670005","Portland Near Road","-8","PM2.5","UG/M3","4.8","Oregon Dept. of Environmental Quality"
"08/15/26","08:00","410670111","Beaverton - Highland","-8","PM2.5","UG/M3","4","Oregon Dept. of Environmental Quality"
"08/15/26","09:00","410050004","Portland - Spangler","-8","PM2.5","UG/M3","4.1","Oregon Dept. of Environmental Quality"
"08/15/26","09:00","410050102","Multorpor","-8","PM2.5","UG/M3","15","Oregon Dept. of Environmental Quality"
"08/15/26","09:00","410510080","Portland - SE Lafaye","-8","PM2.5","UG/M3","5.7","Oregon Dept. of Environmental Quality"
"08/15/26","09:00","410670004","Hillsboro - Hare Fie","-8","PM2.5","UG/M3","4.1","Oregon Dept. of Environmental Quality"
"08/15/26","09:00","410670005","Portland Near Road","-8","PM2.5","UG/M3","5.1","Oregon Dept. of Environmental Quality"
"08/15/26","09:00","410670111","Beaverton - Highland","-8","PM2.5","UG/M3","4.3","Oregon Dept. of Environmental Quality"
"08/15/26","10:00","410050004","Portland - Spangler","-8","PM2.5","UG/M3","3.8","Oregon Dept. of Environmental Quality"
"08/15/26","10:00","410050102","Multorpor","-8","PM2.5","UG/M3","17","Oregon Dept. of Environmental Quality"
"08/15/26","10:00","410510080","Portland - SE Lafaye","-8","PM2.5","UG/M3","5.3","Oregon Dept. of Environmental Quality"
"08/15/26","10:00","410670004","Hillsboro - Hare Fie","-8","PM2.5","UG/M3","4.1","Oregon Dept. of Environmental Quality"
"08/15/26","10:00","410670005","Portland Near Road","-8","PM2.5","UG/M3","5.2","Oregon Dept. of Environmental Quality"
"08/15/26","10:00","410670111","Beaverton - Highland","-8","PM2.5","UG/M3","4.3","Oregon Dept. of Environmental Quality"
"08/15/26","11:00","410050004","Portland - Spangler","-8","PM2.5","UG/M3","3.4","Oregon Dept. of Environmental Quality"
"08/15/26","11:00","410050102","Multorpor","-8","PM2.5","UG/M3","16.1","Oregon Dept. of Environmental Quality"
"08/15/26","11:00","410510080","Portland - SE Lafaye","-8","PM2.5","UG/M3","5.1","Oregon Dept. of Environmental Quality"
"08/15/26","11:00","410670004","Hillsboro - Hare Fie","-8","PM2.5","UG/M3","4","Oregon Dept. of Environmental Quality"
"08/15/26","11:00","410670005","Portland Near Road","-8","PM2.5","UG/M3","5.1","Oregon Dept. of Environmental Quality"
"08/15/26","11:00","410670111","Beaverton - Highland","-8","PM2.5","UG/M3","4.2","Oregon Dept. of Environmental Quality"
"08/15/26","12:00","410050004","Portland - Spangler","-8","PM2.5","UG/M3","3.8","Oregon Dept. of Environmental Quality"
"08/15/26","12:00","410050102","Multorpor","-8","PM2.5","UG/M3","17.5","Oregon Dept. of Environmental Quality"
"08/15/26","12:00","410510080","Portland - SE Lafaye","-8","PM2.5","UG/M3","5.1","Oregon Dept. of Environmental Quality"
"08/15/26","12:00","410670004","Hillsboro - Hare Fie","-8","PM2.5","UG/M3","4","Oregon Dept. of Environmental Quality"
"08/15/26","12:00","410670005","Portland Near Road","-8","PM2.5","UG/M3","4.9","Oregon Dept. of Environmental Quality"
"08/15/26","12:00","410670111","Beaverton - Highland","-8","PM2.5","UG/M3","4.4","Oregon Dept. of Environmental Quality"
"08/15/26","13:00","410050004","Portland - Spangler","-8","PM2.5","UG/M3","4","Oregon Dept. of Environmental Quality"
"08/15/26","13:00","410050102","Multorpor","-8","PM2.5","UG/M3","16","Oregon Dept. of Environmental Quality"
"08/15/26","13:00","410510080","Portland - SE Lafaye","-8","PM2.5","UG/M3","5.3","Oregon Dept. of Environmental Quality"
"08/15/26","13:00","410670004","Hillsboro - Hare Fie","-8","PM2.5","UG/M3","4","Oregon Dept. of Environmental Quality"
"08/15/26","13:00","410670005","Portland Near Road","-8","PM2.5","UG/M3","4.7","Oregon Dept. of Environmental Quality"
"08/15/26","13:00","410670111","Beaverton - Highland","-8","PM2.5","UG/M3","4.5","Oregon Dept. of Environmental Quality"
"08/15/26","14:00","410050004","Portland - Spangler","-8","PM2.5","UG/M3","4.2","Oregon Dept. of Environmental Quality"
"08/15/26","14:00","410050102","Multorpor","-8","PM2.5","UG/M3","16.2","Oregon Dept. of Environmental Quality"
"08/15/26","14:00","410510080","Portland - SE Lafaye","-8","PM2.5","UG/M3","5.6","Oregon Dept. of Environmental Quality"
"08/15/26","14:00","410670004","Hillsboro - Hare Fie","-8","PM2.5","UG/M3","4.1","Oregon Dept. of Environmental Quality"
"08/15/26","14:00","410670005","Portland Near Road","-8","PM2.5","UG/M3","6.3","Oregon Dept. of Environmental Quality"
"08/15/26","14:00","410670111","Beaverton - Highland","-8","PM2.5","UG/M3","4.5","Oregon Dept. of Environmental Quality"
"08/15/26","15:00","410050004","Portland - Spangler","-8","PM2.5","UG/M3","4.2","Oregon Dept. of Environmental Quality"
"08/15/26","15:00","410050102","Multorpor","-8","PM2.5","UG/M3","15","Oregon Dept. of Environmental Quality"
"08/15/26","15:00","410510080","Portland - SE Lafaye","-8","PM2.5","UG/M3","6","Oregon Dept. of Environmental Quality"
"08/15/26","15:00","410670004","Hillsboro - Hare Fie","-8","PM2.5","UG/M3","4.5","Oregon Dept. of Environmental Quality"
"08/15/26","15:00","410670005","Portland Near Road","-8","PM2.5","UG/M3","5.9","Oregon Dept. of Environmental Quality"
"08/15/26","15:00","410670111","Beaverton - Highland","-8","PM2.5","UG/M3","4.8","Oregon Dept. of Environmental Quality"
"08/15/26","16:00","410050004","Portland - Spangler","-8","PM2.5","UG/M3","3.9","Oregon Dept. of Environmental Quality"
"08/15/26","16:00","410050102","Multorpor","-8","PM2.5","UG/M3","17.6","Oregon Dept. of Environmental Quality"
"08/15/26","16:00","410510080","Portland - SE Lafaye","-8","PM2.5","UG/M3","6.5","Oregon Dept. of Environmental Quality"
"08/15/26","16:00","410670004","Hillsboro - Hare Fie","-8","PM2.5","UG/M3","4.8","Oregon Dept. of Environmental Quality"
"08/15/26","16:00","410670005","Portland Near Road","-8","PM2.5","UG/M3","6.1","Oregon Dept. of Environmental Quality"
"08/15/26","16:00","410670111","Beaverton - Highland","-8","PM2.5","UG/M3","5.3","Oregon Dept. of Environmental Quality"
"08/15/26","17:00","410050004","Portland - Spangler","-8","PM2.5","UG/M3","4.3","Oregon Dept. of Environmental Quality"
"08/15/26","17:00","410050102","Multorpor","-8","PM2.5","UG/M3","14.5","Oregon Dept. of Environmental Quality"
"08/15/26","17:00","410510080","Portland - SE Lafaye","-8","PM2.5","UG/M3","7.3","Oregon Dept. of Environmental Quality"
"08/15/26","17:00","410670004","Hillsboro - Hare Fie","-8","PM2.5","UG/M3","4.9","Oregon Dept. of Environmental Quality"
"08/15/26","17:00","410670005","Portland Near Road","-8","PM2.5","UG/M3","6.6","Oregon Dept. of Environmental Quality"
"08/15/26","17:00","410670111","Beaverton - Highland","-8","PM2.5","UG/M3","5.9","Oregon Dept. of Environmental Quality"
"08/15/26","18:00","410050004","Portland - Spangler","-8","PM2.5","UG/M3","4.8","Oregon Dept. of Environmental Quality"
"08/15/26","18:00","410050102","Multorpor","-8","PM2.5","UG/M3","11.6","Oregon Dept. of Environmental Quality"
"08/15/26","18:00","410510080","Portland - SE Lafaye","-8","PM2.5","UG/M3","7.4","Oregon Dept. of Environmental Quality"
"08/15/26","18:00","410670004","Hillsboro - Hare Fie","-8","PM2.5","UG/M3","5.1","Oregon Dept. of Environmental Quality"
"08/15/26","18:00","410670005","Portland Near Road","-8","PM2.5","UG/M3","7.1","Oregon Dept. of Environmental Quality"
"08/15/26","18:00","410670111","Beaverton - Highland","-8","PM2.5","UG/M3","6","Oregon Dept. of Environmental Quality"
"08/15/26","19:00","410050004","Portland - Spangler","-8","PM2.5","UG/M3","5.7","Oregon Dept. of Environmental Quality"
"08/15/26","19:00","410050102","Multorpor","-8","PM2.5","UG/M3","9.2","Oregon Dept. of Environmental Quality"
"08/15/26","19:00","410510080","Portland - SE Lafaye","-8","PM2.5","UG/M3","7.5","Oregon Dept. of Environmental Quality"
"08/15/26","19:00","410670004","Hillsboro - Hare Fie","-8","PM2.5","UG/M3","5.3","Oregon Dept. of Environmental Quality"
"08/15/26","19:00","410670005","Portland Near Road","-8","PM2.5","UG/M3","7.6","Oregon Dept. of Environmental Quality"
"08/15/26","19:00","410670111","Beaverton - Highland","-8","PM2.5","UG/M3","6.4","Oregon Dept. of Environmental Quality"
"08/15/26","20:00","410050004","Portland - Spangler","-8","PM2.5","UG/M3","6.1","Oregon Dept. of Environmental Quality"
"08/15/26","20:00","410050102","Multorpor","-8","PM2.5","UG/M3","8.3","Oregon Dept. of Environmental Quality"
"08/15/26","20:00","410510080","Portland - SE Lafaye","-8","PM2.5","UG/M3","8.2","Oregon Dept. of Environmental Quality"
"08/15/26","20:00","410670004","Hillsboro - Hare Fie","-8","PM2.5","UG/M3","5.7","Oregon Dept. of Environmental Quality"
"08/15/26","20:00","410670005","Portland Near Road","-8","PM2.5","UG/M3","8.2","Oregon Dept. of Environmental Quality"
"08/15/26","20:00","410670111","Beaverton - Highland","-8","PM2.5","UG/M3","7.3","Oregon Dept. of Environmental Quality"
"08/15/26","21:00","410050004","Portland - Spangler","-8","PM2.5","UG/M3","7","Oregon Dept. of Environmental Quality"
"08/15/26","21:00","410050102","Multorpor","-8","PM2.5","UG/M3","11.4","Oregon Dept. of Environmental Quality"
"08/15/26","21:00","410510080","Portland - SE Lafaye","-8","PM2.5","UG/M3","8.7","Oregon Dept. of Environmental Quality"
"08/15/26","21:00","410670004","Hillsboro - Hare Fie","-8","PM2.5","UG/M3","5.7","Oregon Dept. of Environmental Quality"
"08/15/26","21:00","410670005","Portland Near Road","-8","PM2.5","UG/M3","9.1","Oregon Dept. of Environmental Quality"
"08/15/26","21:00","410670111","Beaverton - Highland","-8","PM2.5","UG/M3","7.9","Oregon Dept. of Environmental Quality"
"08/15/26","22:00","410050004","Portland - Spangler","-8","PM2.5","UG/M3","7.5","Oregon Dept. of Environmental Quality"
"08/15/26","22:00","410050102","Multorpor","-8","PM2.5","UG/M3","12.9","Oregon Dept. of Environmental Quality"
"08/15/26","22:00","410510080","Portland - SE Lafaye","-8","PM2.5","UG/M3","9.5","Oregon Dept. of Environmental Quality"
"08/15/26","22:00","410670004","Hillsboro - Hare Fie","-8","PM2.5","UG/M3","6","Oregon Dept. of Environmental Quality"
"08/15/26","22:00","410670005","Portland Near Road","-8","PM2.5","UG/M3","10.3","Oregon Dept. of Environmental Quality"
"08/15/26","22:00","410670111","Beaverton - Highland","-8","PM2.5","UG/M3","8.3","Oregon Dept. of Environmental Quality"
"08/15/26","23:00","410050004","Portland - Spangler","-8","PM2.5","UG/M3","8.8","Oregon Dept. of Environmental Quality"
"08/15/26","23:00","410050102","Multorpor","-8","PM2.5","UG/M3","13.4","Oregon Dept. of Environmental Quality"
"08/15/26","23:00","410510080","Portland - SE Lafaye","-8","PM2.5","UG/M3","10.3","Oregon Dept. of Environmental Quality"
"08/15/26","23:00","410670004","Hillsboro - Hare Fie","-8","PM2.5","UG/M3","6.6","Oregon Dept. of Environmental Quality"
"08/15/26","23:00","410670005","Portland Near Road","-8","PM2.5","UG/M3","10.7","Oregon Dept. of Environmental Quality"
"08/15/26","23:00","410670111","Beaverton - Highland","-8","PM2.5","UG/M3","8.1","Oregon Dept. of Environmental Quality"
"08/16/26","00:00","410050004","Portland - Spangler","-8","PM2.5","UG/M3","9.2","Oregon Dept. of Environmental Quality"
"08/16/26","00:00","410050102","Multorpor","-8","PM2.5","UG/M3","11.5","Oregon Dept. of Environmental Quality"
"08/16/26","00:00","410510080","Portland - SE Lafaye","-8","PM2.5","UG/M3","10.6","Oregon Dept. of Environmental Quality"
"08/16/26","00:00","410670004","Hillsboro - Hare Fie","-8","PM2.5","UG/M3","7","Oregon Dept. of Environmental Quality"
"08/16/26","00:00","410670005","Portland Near Road","-8","PM2.5","UG/M3","10.7","Oregon Dept. of Environmental Quality"
"08/16/26","00:00","410670111","Beaverton - Highland","-8","PM2.5","UG/M3","7.7","Oregon Dept. of Environmental Quality"
"08/16/26","01:00","410050004","Portland - Spangler","-8","PM2.5","UG/M3","9.3","Oregon Dept. of Environmental Quality"
"08/16/26","01:00","410050102","Multorpor","-8","PM2.5","UG/M3","10.2","Oregon Dept. of Environmental Quality"
"08/16/26","01:00","410510080","Portland - SE Lafaye","-8","PM2.5","UG/M3","9.4","Oregon Dept. of Environmental Quality"
"08/16/26","01:00","410670004","Hillsboro - Hare Fie","-8","PM2.5","UG/M3","6.9","Oregon Dept. of Environmental Quality"
"08/16/26","01:00","410670005","Portland Near Road","-8","PM2.5","UG/M3","10.6","Oregon Dept. of Environmental Quality"
"08/16/26","01:00","410670111","Beaverton - Highland","-8","PM2.5","UG/M3","7.7","Oregon Dept. of Environmental Quality"
"08/16/26","02:00","410050004","Portland - Spangler","-8","PM2.5","UG/M3","9.3","Oregon Dept. of Environmental Quality"
"08/16/26","02:00","410050102","Multorpor","-8","PM2.5","UG/M3","11.3","Oregon Dept. of Environmental Quality"
"08/16/26","02:00","410510080","Portland - SE Lafaye","-8","PM2.5","UG/M3","8.6","Oregon Dept. of Environmental Quality"
"08/16/26","02:00","410670004","Hillsboro - Hare Fie","-8","PM2.5","UG/M3","5.7","Oregon Dept. of Environmental Quality"
"08/16/26","02:00","410670005","Portland Near Road","-8","PM2.5","UG/M3","10.9","Oregon Dept. of Environmental Quality"
"08/16/26","02:00","410670111","Beaverton - Highland","-8","PM2.5","UG/M3","6.9","Oregon Dept. of Environmental Quality"
"08/16/26","03:00","410050004","Portland - Spangler","-8","PM2.5","UG/M3","9.5","Oregon Dept. of Environmental Quality"
"08/16/26","03:00","410050102","Multorpor","-8","PM2.5","UG/M3","11.8","Oregon Dept. of Environmental Quality"
"08/16/26","03:00","410510080","Portland - SE Lafaye","-8","PM2.5","UG/M3","8.1","Oregon Dept. of Environmental Quality"
"08/16/26","03:00","410670004","Hillsboro - Hare Fie","-8","PM2.5","UG/M3","4.9","Oregon Dept. of Environmental Quality"
"08/16/26","03:00","410670005","Portland Near Road","-8","PM2.5","UG/M3","9.3","Oregon Dept. of Environmental Quality"
"08/16/26","03:00","410670111","Beaverton - Highland","-8","PM2.5","UG/M3","5.8","Oregon Dept. of Environmental Quality"
"08/16/26","04:00","410050004","Portland - Spangler","-8","PM2.5","UG/M3","9","Oregon Dept. of Environmental Quality"
"08/16/26","04:00","410050102","Multorpor","-8","PM2.5","UG/M3","12.1","Oregon Dept. of Environmental Quality"
"08/16/26","04:00","410510080","Portland - SE Lafaye","-8","PM2.5","UG/M3","7.3","Oregon Dept. of Environmental Quality"
"08/16/26","04:00","410670004","Hillsboro - Hare Fie","-8","PM2.5","UG/M3","4.6","Oregon Dept. of Environmental Quality"
"08/16/26","04:00","410670005","Portland Near Road","-8","PM2.5","UG/M3","7","Oregon Dept. of Environmental Quality"
"08/16/26","04:00","410670111","Beaverton - Highland","-8","PM2.5","UG/M3","5","Oregon Dept. of Environmental Quality"
"08/16/26","05:00","410050004","Portland - Spangler","-8","PM2.5","UG/M3","8.6","Oregon Dept. of Environmental Quality"
"08/16/26","05:00","410050102","Multorpor","-8","PM2.5","UG/M3","9.5","Oregon Dept. of Environmental Quality"
"08/16/26","05:00","410510080","Portland - SE Lafaye","-8","PM2.5","UG/M3","5.7","Oregon Dept. of Environmental Quality"
"08/16/26","05:00","410670004","Hillsboro - Hare Fie","-8","PM2.5","UG/M3","4.4","Oregon Dept. of Environmental Quality"
"08/16/26","05:00","410670005","Portland Near Road","-8","PM2.5","UG/M3","6","Oregon Dept. of Environmental Quality"
"08/16/26","05:00","410670111","Beaverton - Highland","-8","PM2.5","UG/M3","4.3","Oregon Dept. of Environmental Quality"
"08/16/26","06:00","410050004","Portland - Spangler","-8","PM2.5","UG/M3","6","Oregon Dept. of Environmental Quality"
"08/16/26","06:00","410050102","Multorpor","-8","PM2.5","UG/M3","7.1","Oregon Dept. of Environmental Quality"
"08/16/26","06:00","410510080","Portland - SE Lafaye","-8","PM2.5","UG/M3","5.4","Oregon Dept. of Environmental Quality"
"08/16/26","06:00","410670004","Hillsboro - Hare Fie","-8","PM2.5","UG/M3","4.1","Oregon Dept. of Environmental Quality"
"08/16/26","06:00","410670005","Portland Near Road","-8","PM2.5","UG/M3","5.7","Oregon Dept. of Environmental Quality"
"08/16/26","06:00","410670111","Beaverton - Highland","-8","PM2.5","UG/M3","4.1","Oregon Dept. of Environmental Quality"
"08/16/26","07:00","410050004","Portland - Spangler","-8","PM2.5","UG/M3","5.3","Oregon Dept. of Environmental Quality"
"08/16/26","07:00","410050102","Multorpor","-8","PM2.5","UG/M3","6.7","Oregon Dept. of Environmental Quality"
"08/16/26","07:00","410510080","Portland - SE Lafaye","-8","PM2.5","UG/M3","5.5","Oregon Dept. of Environmental Quality"
"08/16/26","07:00","410670004","Hillsboro - Hare Fie","-8","PM2.5","UG/M3","3.8","Oregon Dept. of Environmental Quality"
"08/16/26","07:00","410670005","Portland Near Road","-8","PM2.5","UG/M3","5.3","Oregon Dept. of Environmental Quality"
"08/16/26","07:00","410670111","Beaverton - Highland","-8","PM2.5","UG/M3","4.7","Oregon Dept. of Environmental Quality"
"08/16/26","08:00","410050004","Portland - Spangler","-8","PM2.5","UG/M3","5.1","Oregon Dept. of Environmental Quality"
"08/16/26","08:00","410050102","Multorpor","-8","PM2.5","UG/M3","8.5","Oregon Dept. of Environmental Quality"
"08/16/26","08:00","410510080","Portland - SE Lafaye","-8","PM2.5","UG/M3","5.2","Oregon Dept. of Environmental Quality"
"08/16/26","08:00","410670004","Hillsboro - Hare Fie","-8","PM2.5","UG/M3","3.7","Oregon Dept. of Environmental Quality"
"08/16/26","08:00","410670005","Portland Near Road","-8","PM2.5","UG/M3","5.5","Oregon Dept. of Environmental Quality"
"08/16/26","08:00","410670111","Beaverton - Highland","-8","PM2.5","UG/M3","4.7","Oregon Dept. of Environmental Quality"
"08/16/26","09:00","410050004","Portland - Spangler","-8","PM2.5","UG/M3","5.6","Oregon Dept. of Environmental Quality"
"08/16/26","09:00","410050102","Multorpor","-8","PM2.5","UG/M3","7.3","Oregon Dept. of Environmental Quality"
"08/16/26","09:00","410510080","Portland - SE Lafaye","-8","PM2.5","UG/M3","4.9","Oregon Dept. of Environmental Quality"
"08/16/26","09:00","410670004","Hillsboro - Hare Fie","-8","PM2.5","UG/M3","3.7","Oregon Dept. of Environmental Quality"
"08/16/26","09:00","410670005","Portland Near Road","-8","PM2.5","UG/M3","5.8","Oregon Dept. of Environmental Quality"
"08/16/26","09:00","410670111","Beaverton - Highland","-8","PM2.5","UG/M3","4.6","Oregon Dept. of Environmental Quality"
"08/16/26","10:00","410050004","Portland - Spangler","-8","PM2.5","UG/M3","5.7","Oregon Dept. of Environmental Quality"
"08/16/26","10:00","410050102","Multorpor","-8","PM2.5","UG/M3","6.7","Oregon Dept. of Environmental Quality"
"08/16/26","10:00","410510080","Portland - SE Lafaye","-8","PM2.5","UG/M3","4.5","Oregon Dept. of Environmental Quality"
"08/16/26","10:00","410670004","Hillsboro - Hare Fie","-8","PM2.5","UG/M3","3.7","Oregon Dept. of Environmental Quality"
"08/16/26","10:00","410670005","Portland Near Road","-8","PM2.5","UG/M3","5.9","Oregon Dept. of Environmental Quality"
"08/16/26","10:00","410670111","Beaverton - Highland","-8","PM2.5","UG/M3","4.5","Oregon Dept. of Environmental Quality"
"08/16/26","11:00","410050004","Portland - Spangler","-8","PM2.5","UG/M3","5.2","Oregon Dept. of Environmental Quality"
"08/16/26","11:00","410050102","Multorpor","-8","PM2.5","UG/M3","6.5","Oregon Dept. of Environmental Quality"
"08/16/26","11:00","410510080","Portland - SE Lafaye","-8","PM2.5","UG/M3","4.7","Oregon Dept. of Environmental Quality"
"08/16/26","11:00","410670004","Hillsboro - Hare Fie","-8","PM2.5","UG/M3","3.5","Oregon Dept. of Environmental Quality"
"08/16/26","11:00","410670005","Portland Near Road","-8","PM2.5","UG/M3","5.7","Oregon Dept. of Environmental Quality"
"08/16/26","11:00","410670111","Beaverton - Highland","-8","PM2.5","UG/M3","4.3","Oregon Dept. of Environmental Quality"
"08/16/26","12:00","410050004","Portland - Spangler","-8","PM2.5","UG/M3","4.7","Oregon Dept. of Environmental Quality"
"08/16/26","12:00","410050102","Multorpor","-8","PM2.5","UG/M3","6.7","Oregon Dept. of Environmental Quality"
"08/16/26","12:00","410510080","Portland - SE Lafaye","-8","PM2.5","UG/M3","4.4","Oregon Dept. of Environmental Quality"
"08/16/26","12:00","410670004","Hillsboro - Hare Fie","-8","PM2.5","UG/M3","3","Oregon Dept. of Environmental Quality"
"08/16/26","12:00","410670005","Portland Near Road","-8","PM2.5","UG/M3","5.6","Oregon Dept. of Environmental Quality"
"08/16/26","12:00","410670111","Beaverton - Highland","-8","PM2.5","UG/M3","4.1","Oregon Dept. of Environmental Quality"
"08/16/26","13:00","410050004","Portland - Spangler","-8","PM2.5","UG/M3","4.6","Oregon Dept. of Environmental Quality"
"08/16/26","13:00","410050102","Multorpor","-8","PM2.5","UG/M3","6.5","Oregon Dept. of Environmental Quality"
"08/16/26","13:00","410510080","Portland - SE Lafaye","-8","PM2.5","UG/M3","4.5","Oregon Dept. of Environmental Quality"
"08/16/26","13:00","410670004","Hillsboro - Hare Fie","-8","PM2.5","UG/M3","2.9","Oregon Dept. of Environmental Quality"
"08/16/26","13:00","410670005","Portland Near Road","-8","PM2.5","UG/M3","5.6","Oregon Dept. of Environmental Quality"
"08/16/26","13:00","410670111","Beaverton - Highland","-8","PM2.5","UG/M3","3.9","Oregon Dept. of Environmental Quality"
"08/16/26","14:00","410050004","Portland - Spangler","-8","PM2.5","UG/M3","4.4","Oregon Dept. of Environmental Quality"
"08/16/26","14:00","410050102","Multorpor","-8","PM2.5","UG/M3","10.4","Oregon Dept. of Environmental Quality"
"08/16/26","14:00","410510080","Portland - SE Lafaye","-8","PM2.5","UG/M3","5","Oregon Dept. of Environmental Quality"
"08/16/26","14:00","410670004","Hillsboro - Hare Fie","-8","PM2.5","UG/M3","3.2","Oregon Dept. of Environmental Quality"
"08/16/26","14:00","410670005","Portland Near Road","-8","PM2.5","UG/M3","5.3","Oregon Dept. of Environmental Quality"
"08/16/26","14:00","410670111","Beaverton - Highland","-8","PM2.5","UG/M3","3.7","Oregon Dept. of Environmental Quality"
"08/16/26","15:00","410050004","Portland - Spangler","-8","PM2.5","UG/M3","4.5","Oregon Dept. of Environmental Quality"
"08/16/26","15:00","410050102","Multorpor","-8","PM2.5","UG/M3","8.5","Oregon Dept. of Environmental Quality"
"08/16/26","15:00","410510080","Portland - SE Lafaye","-8","PM2.5","UG/M3","5.1","Oregon Dept. of Environmental Quality"
"08/16/26","15:00","410670004","Hillsboro - Hare Fie","-8","PM2.5","UG/M3","3.5","Oregon Dept. of Environmental Quality"
"08/16/26","15:00","410670005","Portland Near Road","-8","PM2.5","UG/M3","5.3","Oregon Dept. of Environmental Quality"
"08/16/26","15:00","410670111","Beaverton - Highland","-8","PM2.5","UG/M3","3.8","Oregon Dept. of Environmental Quality"
"08/16/26","16:00","410050004","Portland - Spangler","-8","PM2.5","UG/M3","4.9","Oregon Dept. of Environmental Quality"
"08/16/26","16:00","410050102","Multorpor","-8","PM2.5","UG/M3","6.7","Oregon Dept. of Environmental Quality"
"08/16/26","16:00","410510080","Portland - SE Lafaye","-8","PM2.5","UG/M3","4.8","Oregon Dept. of Environmental Quality"
"08/16/26","16:00","410670004","Hillsboro - Hare Fie","-8","PM2.5","UG/M3","3.8","Oregon Dept. of Environmental Quality"
"08/16/26","16:00","410670005","Portland Near Road","-8","PM2.5","UG/M3","5.5","Oregon Dept. of Environmental Quality"
"08/16/26","16:00","410670111","Beaverton - Highland","-8","PM2.5","UG/M3","4.4","Oregon Dept. of Environmental Quality"
"08/16/26","17:00","410050004","Portland - Spangler","-8","PM2.5","UG/M3","5.8","Oregon Dept. of Environmental Quality"
"08/16/26","17:00","410050102","Multorpor","-8","PM2.5","UG/M3","6.7","Oregon Dept. of Environmental Quality"
"08/16/26","17:00","410510080","Portland - SE Lafaye","-8","PM2.5","UG/M3","5.3","Oregon Dept. of Environmental Quality"
"08/16/26","17:00","410670004","Hillsboro - Hare Fie","-8","PM2.5","UG/M3","4.6","Oregon Dept. of Environmental Quality"
"08/16/26","17:00","410670005","Portland Near Road","-8","PM2.5","UG/M3","6.6","Oregon Dept. of Environmental Quality"
"08/16/26","17:00","410670111","Beaverton - Highland","-8","PM2.5","UG/M3","5.6","Oregon Dept. of Environmental Quality"
"08/16/26","18:00","410050004","Portland - Spangler","-8","PM2.5","UG/M3","8","Oregon Dept. of Environmental Quality"
"08/16/26","18:00","410050102","Multorpor","-8","PM2.5","UG/M3","6.7","Oregon Dept. of Environmental Quality"
"08/16/26","18:00","410510080","Portland - SE Lafaye","-8","PM2.5","UG/M3","7.4","Oregon Dept. of Environmental Quality"
"08/16/26","18:00","410670004","Hillsboro - Hare Fie","-8","PM2.5","UG/M3","6.1","Oregon Dept. of Environmental Quality"
"08/16/26","18:00","410670005","Portland Near Road","-8","PM2.5","UG/M3","10","Oregon Dept. of Environmental Quality"
"08/16/26","18:00","410670111","Beaverton - Highland","-8","PM2.5","UG/M3","7.5","Oregon Dept. of Environmental Quality"
"08/16/26","19:00","410050004","Portland - Spangler","-8","PM2.5","UG/M3","8.8","Oregon Dept. of Environmental Quality"
"08/16/26","19:00","410050102","Multorpor","-8","PM2.5","UG/M3","6.6","Oregon Dept. of Environmental Quality"
"08/16/26","19:00","410510080","Portland - SE Lafaye","-8","PM2.5","UG/M3","9.5","Oregon Dept. of Environmental Quality"
"08/16/26","19:00","410670004","Hillsboro - Hare Fie","-8","PM2.5","UG/M3","7.8","Oregon Dept. of Environmental Quality"
"08/16/26","19:00","410670005","Portland Near Road","-8","PM2.5","UG/M3","10.9","Oregon Dept. of Environmental Quality"
"08/16/26","19:00","410670111","Beaverton - Highland","-8","PM2.5","UG/M3","8.4","Oregon Dept. of Environmental Quality"
"08/16/26","20:00","410050004","Portland - Spangler","-8","PM2.5","UG/M3","9.5","Oregon Dept. of Environmental Quality"
"08/16/26","20:00","410050102","Multorpor","-8","PM2.5","UG/M3","7.1","Oregon Dept. of Environmental Quality"
"08/16/26","20:00","410510080","Portland - SE Lafaye","-8","PM2.5","UG/M3","9.5","Oregon Dept. of Environmental Quality"
"08/16/26","20:00","410670004","Hillsboro - Hare Fie","-8","PM2.5","UG/M3","8.9","Oregon Dept. of Environmental Quality"
"08/16/26","20:00","410670005","Portland Near Road","-8","PM2.5","UG/M3","11","Oregon Dept. of Environmental Quality"
"08/16/26","20:00","410670111","Beaverton - Highland","-8","PM2.5","UG/M3","9","Oregon Dept. of Environmental Quality"
"08/16/26","21:00","410050004","Portland - Spangler","-8","PM2.5","UG/M3","11.2","Oregon Dept. of Environmental Quality"
"08/16/26","21:00","410050102","Multorpor","-8","PM2.5","UG/M3","7.2","Oregon Dept. of Environmental Quality"
"08/16/26","21:00","410510080","Portland - SE Lafaye","-8","PM2.5","UG/M3","8.6","Oregon Dept. of Environmental Quality"
"08/16/26","21:00","410670004","Hillsboro - Hare Fie","-8","PM2.5","UG/M3","9.8","Oregon Dept. of Environmental Quality"
"08/16/26","21:00","410670005","Portland Near Road","-8","PM2.5","UG/M3","11.1","Oregon Dept. of Environmental Quality"
"08/16/26","21:00","410670111","Beaverton - Highland","-8","PM2.5","UG/M3","8.6","Oregon Dept. of Environmental Quality"
"08/16/26","22:00","410050004","Portland - Spangler","-8","PM2.5","UG/M3","12.6","Oregon Dept. of Environmental Quality"
"08/16/26","22:00","410050102","Multorpor","-8","PM2.5","UG/M3","7.8","Oregon Dept. of Environmental Quality"
"08/16/26","22:00","410510080","Portland - SE Lafaye","-8","PM2.5","UG/M3","7.7","Oregon Dept. of Environmental Quality"
"08/16/26","22:00","410670004","Hillsboro - Hare Fie","-8","PM2.5","UG/M3","9.5","Oregon Dept. of Environmental Quality"
"08/16/26","22:00","410670005","Portland Near Road","-8","PM2.5","UG/M3","10.8","Oregon Dept. of Environmental Quality"
"08/16/26","22:00","410670111","Beaverton - Highland","-8","PM2.5","UG/M3","8.4","Oregon Dept. of Environmental Quality"
"08/16/26","23:00","410050004","Portland - Spangler","-8","PM2.5","UG/M3","12.5","Oregon Dept. of Environmental Quality"
"08/16/26","23:00","410050102","Multorpor","-8","PM2.5","UG/M3","7.3","Oregon Dept. of Environmental Quality"
"08/16/26","23:00","410510080","Portland - SE Lafaye","-8","PM2.5","UG/M3","7.9","Oregon Dept. of Environmental Quality"
"08/16/26","23:00","410670004","Hillsboro - Hare Fie","-8","PM2.5","UG/M3","6.8","Oregon Dept. of Environmental Quality"
"08/16/26","23:00","410670005","Portland Near Road","-8","PM2.5","UG/M3","11.1","Oregon Dept. of Environmental Quality"
"08/16/26","23:00","410670111","Beaverton - Highland","-8","PM2.5","UG/M3","8.1","Oregon Dept. of Environmental Quality"
"08/17/26","00:00","410050004","Portland - Spangler","-8","PM2.5","UG/M3","10.5","Oregon Dept. of Environmental Quality"
"08/17/26","00:00","410050102","Multorpor","-8","PM2.5","UG/M3","7.1","Oregon Dept. of Environmental Quality"
"08/17/26","00:00","410510080","Portland - SE Lafaye","-8","PM2.5","UG/M3","6.3","Oregon Dept. of Environmental Quality"
"08/17/26","00:00","410670004","Hillsboro - Hare Fie","-8","PM2.5","UG/M3","5.7","Oregon Dept. of Environmental Quality"
"08/17/26","00:00","410670005","Portland Near Road","-8","PM2.5","UG/M3","10.4","Oregon Dept. of Environmental Quality"
"08/17/26","00:00","410670111","Beaverton - Highland","-8","PM2.5","UG/M3","5.7","Oregon Dept. of Environmental Quality"
"08/17/26","01:00","410050004","Portland - Spangler","-8","PM2.5","UG/M3","10.3","Oregon Dept. of Environmental Quality"
"08/17/26","01:00","410050102","Multorpor","-8","PM2.5","UG/M3","7.4","Oregon Dept. of Environmental Quality"
"08/17/26","01:00","410510080","Portland - SE Lafaye","-8","PM2.5","UG/M3","7.2","Oregon Dept. of Environmental Quality"
"08/17/26","01:00","410670004","Hillsboro - Hare Fie","-8","PM2.5","UG/M3","5","Oregon Dept. of Environmental Quality"
"08/17/26","01:00","410670005","Portland Near Road","-8","PM2.5","UG/M3","7.3","Oregon Dept. of Environmental Quality"
"08/17/26","01:00","410670111","Beaverton - Highland","-8","PM2.5","UG/M3","4.9","Oregon Dept. of Environmental Quality"
"08/17/26","02:00","410050004","Portland - Spangler","-8","PM2.5","UG/M3","8.7","Oregon Dept. of Environmental Quality"
"08/17/26","02:00","410050102","Multorpor","-8","PM2.5","UG/M3","7.2","Oregon Dept. of Environmental Quality"
"08/17/26","02:00","410510080","Portland - SE Lafaye","-8","PM2.5","UG/M3","5.7","Oregon Dept. of Environmental Quality"
"08/17/26","02:00","410670004","Hillsboro - Hare Fie","-8","PM2.5","UG/M3","6.8","Oregon Dept. of Environmental Quality"
"08/17/26","02:00","410670005","Portland Near Road","-8","PM2.5","UG/M3","6","Oregon Dept. of Environmental Quality"
"08/17/26","02:00","410670111","Beaverton - Highland","-8","PM2.5","UG/M3","4.4","Oregon Dept. of Environmental Quality"
"08/17/26","03:00","410050004","Portland - Spangler","-8","PM2.5","UG/M3","6.1","Oregon Dept. of Environmental Quality"
"08/17/26","03:00","410050102","Multorpor","-8","PM2.5","UG/M3","6.9","Oregon Dept. of Environmental Quality"
"08/17/26","03:00","410510080","Portland - SE Lafaye","-8","PM2.5","UG/M3","6.3","Oregon Dept. of Environmental Quality"
"08/17/26","03:00","410670004","Hillsboro - Hare Fie","-8","PM2.5","UG/M3","5.4","Oregon Dept. of Environmental Quality"
"08/17/26","03:00","410670005","Portland Near Road","-8","PM2.5","UG/M3","6.1","Oregon Dept. of Environmental Quality"
"08/17/26","03:00","410670111","Beaverton - Highland","-8","PM2.5","UG/M3","5.3","Oregon Dept. of Environmental Quality"
"08/17/26","04:00","410050004","Portland - Spangler","-8","PM2.5","UG/M3","6.2","Oregon Dept. of Environmental Quality"
"08/17/26","04:00","410050102","Multorpor","-8","PM2.5","UG/M3","4.8","Oregon Dept. of Environmental Quality"
"08/17/26","04:00","410510080","Portland - SE Lafaye","-8","PM2.5","UG/M3","5.9","Oregon Dept. of Environmental Quality"
"08/17/26","04:00","410670004","Hillsboro - Hare Fie","-8","PM2.5","UG/M3","5.1","Oregon Dept. of Environmental Quality"
"08/17/26","04:00","410670005","Portland Near Road","-8","PM2.5","UG/M3","7.3","Oregon Dept. of Environmental Quality"
"08/17/26","04:00","410670111","Beaverton - Highland","-8","PM2.5","UG/M3","5.9","Oregon Dept. of Environmental Quality"
"08/17/26","05:00","410050004","Portland - Spangler","-8","PM2.5","UG/M3","5.8","Oregon Dept. of Environmental Quality"
"08/17/26","05:00","410050102","Multorpor","-8","PM2.5","UG/M3","4.3","Oregon Dept. of Environmental Quality"
"08/17/26","05:00","410510080","Portland - SE Lafaye","-8","PM2.5","UG/M3","6.4","Oregon Dept. of Environmental Quality"
"08/17/26","05:00","410670004","Hillsboro - Hare Fie","-8","PM2.5","UG/M3","5.4","Oregon Dept. of Environmental Quality"
"08/17/26","05:00","410670005","Portland Near Road","-8","PM2.5","UG/M3","7.4","Oregon Dept. of Environmental Quality"
"08/17/26","05:00","410670111","Beaverton - Highland","-8","PM2.5","UG/M3","5.8","Oregon Dept. of Environmental Quality"
"08/17/26","06:00","410050004","Portland - Spangler","-8","PM2.5","UG/M3","5.6","Oregon Dept. of Environmental Quality"
"08/17/26","06:00","410050102","Multorpor","-8","PM2.5","UG/M3","5.4","Oregon Dept. of Environmental Quality"
"08/17/26","06:00","410510080","Portland - SE Lafaye","-8","PM2.5","UG/M3","5.9","Oregon Dept. of Environmental Quality"
"08/17/26","06:00","410670004","Hillsboro - Hare Fie","-8","PM2.5","UG/M3","5.6","Oregon Dept. of Environmental Quality"
"08/17/26","06:00","410670005","Portland Near Road","-8","PM2.5","UG/M3","7.5","Oregon Dept. of Environmental Quality"
"08/17/26","06:00","410670111","Beaverton - Highland","-8","PM2.5","UG/M3","5.5","Oregon Dept. of Environmental Quality"
"08/17/26","07:00","410050004","Portland - Spangler","-8","PM2.5","UG/M3","5.6","Oregon Dept. of Environmental Quality"
"08/17/26","07:00","410050102","Multorpor","-8","PM2.5","UG/M3","3","Oregon Dept. of Environmental Quality"
"08/17/26","07:00","410510080","Portland - SE Lafaye","-8","PM2.5","UG/M3","5.3","Oregon Dept. of Environmental Quality"
"08/17/26","07:00","410670004","Hillsboro - Hare Fie","-8","PM2.5","UG/M3","5.6","Oregon Dept. of Environmental Quality"
"08/17/26","07:00","410670005","Portland Near Road","-8","PM2.5","UG/M3","7.5","Oregon Dept. of Environmental Quality"
"08/17/26","07:00","410670111","Beaverton - Highland","-8","PM2.5","UG/M3","5.7","Oregon Dept. of Environmental Quality"
"08/17/26","08:00","410050004","Portland - Spangler","-8","PM2.5","UG/M3","5.2","Oregon Dept. of Environmental Quality"
"08/17/26","08:00","410050102","Multorpor","-8","PM2.5","UG/M3","4.2","Oregon Dept. of Environmental Quality"
"08/17/26","08:00","410510080","Portland - SE Lafaye","-8","PM2.5","UG/M3","5","Oregon Dept. of Environmental Quality"
"08/17/26","08:00","410670004","Hillsboro - Hare Fie","-8","PM2.5","UG/M3","5.6","Oregon Dept. of Environmental Quality"
"08/17/26","08:00","410670005","Portland Near Road","-8","PM2.5","UG/M3","7.4","Oregon Dept. of Environmental Quality"
"08/17/26","08:00","410670111","Beaverton - Highland","-8","PM2.5","UG/M3","5.7","Oregon Dept. of Environmental Quality"
"08/17/26","09:00","410050004","Portland - Spangler","-8","PM2.5","UG/M3","4.7","Oregon Dept. of Environmental Quality"
"08/17/26","09:00","410050102","Multorpor","-8","PM2.5","UG/M3","4.1","Oregon Dept. of Environmental Quality"
"08/17/26","09:00","410510080","Portland - SE Lafaye","-8","PM2.5","UG/M3","4.9","Oregon Dept. of Environmental Quality"
"08/17/26","09:00","410670004","Hillsboro - Hare Fie","-8","PM2.5","UG/M3","5.2","Oregon Dept. of Environmental Quality"
"08/17/26","09:00","410670005","Portland Near Road","-8","PM2.5","UG/M3","6.9","Oregon Dept. of Environmental Quality"
"08/17/26","09:00","410670111","Beaverton - Highland","-8","PM2.5","UG/M3","5.6","Oregon Dept. of Environmental Quality"
"08/17/26","10:00","410050004","Portland - Spangler","-8","PM2.5","UG/M3","4.6","Oregon Dept. of Environmental Quality"
"08/17/26","10:00","410050102","Multorpor","-8","PM2.5","UG/M3","2.9","Oregon Dept. of Environmental Quality"
"08/17/26","10:00","410510080","Portland - SE Lafaye","-8","PM2.5","UG/M3","4.9","Oregon Dept. of Environmental Quality"
"08/17/26","10:00","410670004","Hillsboro - Hare Fie","-8","PM2.5","UG/M3","4.8","Oregon Dept. of Environmental Quality"
"08/17/26","10:00","410670005","Portland Near Road","-8","PM2.5","UG/M3","6.5","Oregon Dept. of Environmental Quality"
"08/17/26","10:00","410670111","Beaverton - Highland","-8","PM2.5","UG/M3","5","Oregon Dept. of Environmental Quality"
"08/17/26","11:00","410050004","Portland - Spangler","-8","PM2.5","UG/M3","4.6","Oregon Dept. of Environmental Quality"
"08/17/26","11:00","410050102","Multorpor","-8","PM2.5","UG/M3","3.2","Oregon Dept. of Environmental Quality"
"08/17/26","11:00","410510080","Portland - SE Lafaye","-8","PM2.5","UG/M3","5.8","Oregon Dept. of Environmental Quality"
"08/17/26","11:00","410670004","Hillsboro - Hare Fie","-8","PM2.5","UG/M3","4.7","Oregon Dept. of Environmental Quality"
"08/17/26","11:00","410670005","Portland Near Road","-8","PM2.5","UG/M3","6.3","Oregon Dept. of Environmental Quality"
"08/17/26","11:00","410670111","Beaverton - Highland","-8","PM2.5","UG/M3","4.7","Oregon Dept. of Environmental Quality"
"08/17/26","12:00","410050004","Portland - Spangler","-8","PM2.5","UG/M3","5.2","Oregon Dept. of Environmental Quality"
"08/17/26","12:00","410050102","Multorpor","-8","PM2.5","UG/M3","3.9","Oregon Dept. of Environmental Quality"
"08/17/26","12:00","410510080","Portland - SE Lafaye","-8","PM2.5","UG/M3","6.5","Oregon Dept. of Environmental Quality"
"08/17/26","12:00","410670004","Hillsboro - Hare Fie","-8","PM2.5","UG/M3","4.6","Oregon Dept. of Environmental Quality"
"08/17/26","12:00","410670005","Portland Near Road","-8","PM2.5","UG/M3","6.4","Oregon Dept. of Environmental Quality"
"08/17/26","12:00","410670111","Beaverton - Highland","-8","PM2.5","UG/M3","4.6","Oregon Dept. of Environmental Quality"
"08/17/26","13:00","410050004","Portland - Spangler","-8","PM2.5","UG/M3","7.1","Oregon Dept. of Environmental Quality"
"08/17/26","13:00","410050102","Multorpor","-8","PM2.5","UG/M3","4.6","Oregon Dept. of Environmental Quality"
"08/17/26","13:00","410510080","Portland - SE Lafaye","-8","PM2.5","UG/M3","7.2","Oregon Dept. of Environmental Quality"
"08/17/26","13:00","410670004","Hillsboro - Hare Fie","-8","PM2.5","UG/M3","4.7","Oregon Dept. of Environmental Quality"
"08/17/26","13:00","410670005","Portland Near Road","-8","PM2.5","UG/M3","7","Oregon Dept. of Environmental Quality"
"08/17/26","13:00","410670111","Beaverton - Highland","-8","PM2.5","UG/M3","5.3","Oregon Dept. of Environmental Quality"
"08/17/26","14:00","410050004","Portland - Spangler","-8","PM2.5","UG/M3","8.5","Oregon Dept. of Environmental Quality"
"08/17/26","14:00","410050102","Multorpor","-8","PM2.5","UG/M3","5.7","Oregon Dept. of Environmental Quality"
"08/17/26","14:00","410510080","Portland - SE Lafaye","-8","PM2.5","UG/M3","8.3","Oregon Dept. of Environmental Quality"
"08/17/26","14:00","410670004","Hillsboro - Hare Fie","-8","PM2.5","UG/M3","4.4","Oregon Dept. of Environmental Quality"
"08/17/26","14:00","410670005","Portland Near Road","-8","PM2.5","UG/M3","8.6","Oregon Dept. of Environmental Quality"
"08/17/26","14:00","410670111","Beaverton - Highland","-8","PM2.5","UG/M3","6","Oregon Dept. of Environmental Quality"
"08/17/26","15:00","410050004","Portland - Spangler","-8","PM2.5","UG/M3","9.4","Oregon Dept. of Environmental Quality"
"08/17/26","15:00","410050102","Multorpor","-8","PM2.5","UG/M3","5.5","Oregon Dept. of Environmental Quality"
"08/17/26","15:00","410510080","Portland - SE Lafaye","-8","PM2.5","UG/M3","9.5","Oregon Dept. of Environmental Quality"
"08/17/26","15:00","410670004","Hillsboro - Hare Fie","-8","PM2.5","UG/M3","4.8","Oregon Dept. of Environmental Quality"
"08/17/26","15:00","410670005","Portland Near Road","-8","PM2.5","UG/M3","9.3","Oregon Dept. of Environmental Quality"
"08/17/26","15:00","410670111","Beaverton - Highland","-8","PM2.5","UG/M3","6.3","Oregon Dept. of Environmental Quality"
"08/17/26","16:00","410050004","Portland - Spangler","-8","PM2.5","UG/M3","10.4","Oregon Dept. of Environmental Quality"
"08/17/26","16:00","410050102","Multorpor","-8","PM2.5","UG/M3","5.2","Oregon Dept. of Environmental Quality"
"08/17/26","16:00","410510080","Portland - SE Lafaye","-8","PM2.5","UG/M3","12","Oregon Dept. of Environmental Quality"
"08/17/26","16:00","410670004","Hillsboro - Hare Fie","-8","PM2.5","UG/M3","4.8","Oregon Dept. of Environmental Quality"
"08/17/26","16:00","410670005","Portland Near Road","-8","PM2.5","UG/M3","10","Oregon Dept. of Environmental Quality"
"08/17/26","16:00","410670111","Beaverton - Highland","-8","PM2.5","UG/M3","9.2","Oregon Dept. of Environmental Quality"
"08/17/26","17:00","410050004","Portland - Spangler","-8","PM2.5","UG/M3","12.9","Oregon Dept. of Environmental Quality"
"08/17/26","17:00","410050102","Multorpor","-8","PM2.5","UG/M3","4.6","Oregon Dept. of Environmental Quality"
"08/17/26","17:00","410510080","Portland - SE Lafaye","-8","PM2.5","UG/M3","12.6","Oregon Dept. of Environmental Quality"
"08/17/26","17:00","410670004","Hillsboro - Hare Fie","-8","PM2.5","UG/M3","5.2","Oregon Dept. of Environmental Quality"
"08/17/26","17:00","410670005","Portland Near Road","-8","PM2.5","UG/M3","13.9","Oregon Dept. of Environmental Quality"
"08/17/26","17:00","410670111","Beaverton - Highland","-8","PM2.5","UG/M3","10.4","Oregon Dept. of Environmental Quality"
"08/17/26","18:00","410050004","Portland - Spangler","-8","PM2.5","UG/M3","15.1","Oregon Dept. of Environmental Quality"
"08/17/26","18:00","410050102","Multorpor","-8","PM2.5","UG/M3","4.2","Oregon Dept. of Environmental Quality"
"08/17/26","18:00","410510080","Portland - SE Lafaye","-8","PM2.5","UG/M3","15.6","Oregon Dept. of Environmental Quality"
"08/17/26","18:00","410670004","Hillsboro - Hare Fie","-8","PM2.5","UG/M3","5.9","Oregon Dept. of Environmental Quality"
"08/17/26","18:00","410670005","Portland Near Road","-8","PM2.5","UG/M3","16.2","Oregon Dept. of Environmental Quality"
"08/17/26","18:00","410670111","Beaverton - Highland","-8","PM2.5","UG/M3","8.8","Oregon Dept. of Environmental Quality"
"08/17/26","19:00","410050004","Portland - Spangler","-8","PM2.5","UG/M3","12.2","Oregon Dept. of Environmental Quality"
"08/17/26","19:00","410050102","Multorpor","-8","PM2.5","UG/M3","3.5","Oregon Dept. of Environmental Quality"
"08/17/26","19:00","410510080","Portland - SE Lafaye","-8","PM2.5","UG/M3","19.2","Oregon Dept. of Environmental Quality"
"08/17/26","19:00","410670004","Hillsboro - Hare Fie","-8","PM2.5","UG/M3","6.5","Oregon Dept. of Environmental Quality"
"08/17/26","19:00","410670005","Portland Near Road","-8","PM2.5","UG/M3","17.2","Oregon Dept. of Environmental Quality"
"08/17/26","19:00","410670111","Beaverton - Highland","-8","PM2.5","UG/M3","6.5","Oregon Dept. of Environmental Quality"
"08/17/26","20:00","410050004","Portland - Spangler","-8","PM2.5","UG/M3","10.7","Oregon Dept. of Environmental Quality"
"08/17/26","20:00","410050102","Multorpor","-8","PM2.5","UG/M3","5.5","Oregon Dept. of Environmental Quality"
"08/17/26","20:00","410510080","Portland - SE Lafaye","-8","PM2.5","UG/M3","11.7","Oregon Dept. of Environmental Quality"
"08/17/26","20:00","410670004","Hillsboro - Hare Fie","-8","PM2.5","UG/M3","6.4","Oregon Dept. of Environmental Quality"
"08/17/26","20:00","410670005","Portland Near Road","-8","PM2.5","UG/M3","14.4","Oregon Dept. of Environmental Quality"
"08/17/26","20:00","410670111","Beaverton - Highland","-8","PM2.5","UG/M3","6.4","Oregon Dept. of Environmental Quality"
"08/17/26","21:00","410050004","Portland - Spangler","-8","PM2.5","UG/M3","13","Oregon Dept. of Environmental Quality"
"08/17/26","21:00","410050102","Multorpor","-8","PM2.5","UG/M3","8.8","Oregon Dept. of Environmental Quality"
"08/17/26","21:00","410510080","Portland - SE Lafaye","-8","PM2.5","UG/M3","9.7","Oregon Dept. of Environmental Quality"
"08/17/26","21:00","410670004","Hillsboro - Hare Fie","-8","PM2.5","UG/M3","8.5","Oregon Dept. of Environmental Quality"
"08/17/26","21:00","410670005","Portland Near Road","-8","PM2.5","UG/M3","10.9","Oregon Dept. of Environmental Quality"
"08/17/26","21:00","410670111","Beaverton - Highland","-8","PM2.5","UG/M3","6.4","Oregon Dept. of Environmental Quality"
"08/17/26","22:00","410050004","Portland - Spangler","-8","PM2.5","UG/M3","11.4","Oregon Dept. of Environmental Quality"
"08/17/26","22:00","410050102","Multorpor","-8","PM2.5","UG/M3","15","Oregon Dept. of Environmental Quality"
"08/17/26","22:00","410510080","Portland - SE Lafaye","-8","PM2.5","UG/M3","9.6","Oregon Dept. of Environmental Quality"
"08/17/26","22:00","410670004","Hillsboro - Hare Fie","-8","PM2.5","UG/M3","8.9","Oregon Dept. of Environmental Quality"
"08/17/26","22:00","410670005","Portland Near Road","-8","PM2.5","UG/M3","8.4","Oregon Dept. of Environmental Quality"
"08/17/26","22:00","410670111","Beaverton - Highland","-8","PM2.5","UG/M3","6.2","Oregon Dept. of Environmental Quality"
"08/17/26","23:00","410050004","Portland - Spangler","-8","PM2.5","UG/M3","7.6","Oregon Dept. of Environmental Quality"
"08/17/26","23:00","410050102","Multorpor","-8","PM2.5","UG/M3","23.4","Oregon Dept. of Environmental Quality"
"08/17/26","23:00","410510080","Portland - SE Lafaye","-8","PM2.5","UG/M3","13.8","Oregon Dept. of Environmental Quality"
"08/17/26","23:00","410670004","Hillsboro - Hare Fie","-8","PM2.5","UG/M3","9.9","Oregon Dept. of Environmental Quality"
"08/17/26","23:00","410670005","Portland Near Road","-8","PM2.5","UG/M3","8.7","Oregon Dept. of Environmental Quality"
"08/17/26","23:00","410670111","Beaverton - Highland","-8","PM2.5","UG/M3","7.5","Oregon Dept. of Environmental Quality"
"08/18/26","00:00","410050004","Portland - Spangler","-8","PM2.5","UG/M3","6.7","Oregon Dept. of Environmental Quality"
"08/18/26","00:00","410050102","Multorpor","-8","PM2.5","UG/M3","19.8","Oregon Dept. of Environmental Quality"
"08/18/26","00:00","410510080","Portland - SE Lafaye","-8","PM2.5","UG/M3","14.2","Oregon Dept. of Environmental Quality"
"08/18/26","00:00","410670004","Hillsboro - Hare Fie","-8","PM2.5","UG/M3","12.5","Oregon Dept. of Environmental Quality"
"08/18/26","00:00","410670005","Portland Near Road","-8","PM2.5","UG/M3","10","Oregon Dept. of Environmental Quality"
"08/18/26","00:00","410670111","Beaverton - Highland","-8","PM2.5","UG/M3","11.8","Oregon Dept. of Environmental Quality"
"08/18/26","01:00","410050004","Portland - Spangler","-8","PM2.5","UG/M3","6.6","Oregon Dept. of Environmental Quality"
"08/18/26","01:00","410050102","Multorpor","-8","PM2.5","UG/M3","13.9","Oregon Dept. of Environmental Quality"
"08/18/26","01:00","410510080","Portland - SE Lafaye","-8","PM2.5","UG/M3","12.2","Oregon Dept. of Environmental Quality"
"08/18/26","01:00","410670004","Hillsboro - Hare Fie","-8","PM2.5","UG/M3","10.7","Oregon Dept. of Environmental Quality"
"08/18/26","01:00","410670005","Portland Near Road","-8","PM2.5","UG/M3","14.4","Oregon Dept. of Environmental Quality"
"08/18/26","01:00","410670111","Beaverton - Highland","-8","PM2.5","UG/M3","11.1","Oregon Dept. of Environmental Quality"
"08/18/26","02:00","410050004","Portland - Spangler","-8","PM2.5","UG/M3","9","Oregon Dept. of Environmental Quality"
"08/18/26","02:00","410050102","Multorpor","-8","PM2.5","UG/M3","9.5","Oregon Dept. of Environmental Quality"
"08/18/26","02:00","410510080","Portland - SE Lafaye","-8","PM2.5","UG/M3","10.9","Oregon Dept. of Environmental Quality"
"08/18/26","02:00","410670004","Hillsboro - Hare Fie","-8","PM2.5","UG/M3","9.6","Oregon Dept. of Environmental Quality"
"08/18/26","02:00","410670005","Portland Near Road","-8","PM2.5","UG/M3","12.6","Oregon Dept. of Environmental Quality"
"08/18/26","02:00","410670111","Beaverton - Highland","-8","PM2.5","UG/M3","9.6","Oregon Dept. of Environmental Quality"
"08/18/26","03:00","410050004","Portland - Spangler","-8","PM2.5","UG/M3","10.8","Oregon Dept. of Environmental Quality"
"08/18/26","03:00","410050102","Multorpor","-8","PM2.5","UG/M3","3.1","Oregon Dept. of Environmental Quality"
"08/18/26","03:00","410510080","Portland - SE Lafaye","-8","PM2.5","UG/M3","12.1","Oregon Dept. of Environmental Quality"
"08/18/26","03:00","410670004","Hillsboro - Hare Fie","-8","PM2.5","UG/M3","10","Oregon Dept. of Environmental Quality"
"08/18/26","03:00","410670005","Portland Near Road","-8","PM2.5","UG/M3","11.8","Oregon Dept. of Environmental Quality"
"08/18/26","03:00","410670111","Beaverton - Highland","-8","PM2.5","UG/M3","10.7","Oregon Dept. of Environmental Quality"
"08/18/26","04:00","410050004","Portland - Spangler","-8","PM2.5","UG/M3","10.2","Oregon Dept. of Environmental Quality"
"08/18/26","04:00","410050102","Multorpor","-8","PM2.5","UG/M3","4.8","Oregon Dept. of Environmental Quality"
"08/18/26","04:00","410510080","Portland - SE Lafaye","-8","PM2.5","UG/M3","12","Oregon Dept. of Environmental Quality"
"08/18/26","04:00","410670004","Hillsboro - Hare Fie","-8","PM2.5","UG/M3","9.1","Oregon Dept. of Environmental Quality"
"08/18/26","04:00","410670005","Portland Near Road","-8","PM2.5","UG/M3","12.9","Oregon Dept. of Environmental Quality"
"08/18/26","04:00","410670111","Beaverton - Highland","-8","PM2.5","UG/M3","12.2","Oregon Dept. of Environmental Quality"
"08/18/26","05:00","410050004","Portland - Spangler","-8","PM2.5","UG/M3","10.1","Oregon Dept. of Environmental Quality"
"08/18/26","05:00","410050102","Multorpor","-8","PM2.5","UG/M3","7.9","Oregon Dept. of Environmental Quality"
"08/18/26","05:00","410510080","Portland - SE Lafaye","-8","PM2.5","UG/M3","10.4","Oregon Dept. of Environmental Quality"
"08/18/26","05:00","410670004","Hillsboro - Hare Fie","-8","PM2.5","UG/M3","9.4","Oregon Dept. of Environmental Quality"
"08/18/26","05:00","410670005","Portland Near Road","-8","PM2.5","UG/M3","13.8","Oregon Dept. of Environmental Quality"
"08/18/26","05:00","410670111","Beaverton - Highland","-8","PM2.5","UG/M3","8.7","Oregon Dept. of Environmental Quality"
"08/18/26","06:00","410050004","Portland - Spangler","-8","PM2.5","UG/M3","9.2","Oregon Dept. of Environmental Quality"
"08/18/26","06:00","410050102","Multorpor","-8","PM2.5","UG/M3","8","Oregon Dept. of Environmental Quality"
"08/18/26","06:00","410510080","Portland - SE Lafaye","-8","PM2.5","UG/M3","12","Oregon Dept. of Environmental Quality"
"08/18/26","06:00","410670004","Hillsboro - Hare Fie","-8","PM2.5","UG/M3","12","Oregon Dept. of Environmental Quality"
"08/18/26","06:00","410670005","Portland Near Road","-8","PM2.5","UG/M3","13.8","Oregon Dept. of Environmental Quality"
"08/18/26","06:00","410670111","Beaverton - Highland","-8","PM2.5","UG/M3","8.6","Oregon Dept. of Environmental Quality"
"08/18/26","07:00","410050004","Portland - Spangler","-8","PM2.5","UG/M3","8.8","Oregon Dept. of Environmental Quality"
"08/18/26","07:00","410050102","Multorpor","-8","PM2.5","UG/M3","7.9","Oregon Dept. of Environmental Quality"
"08/18/26","07:00","410510080","Portland - SE Lafaye","-8","PM2.5","UG/M3","12.9","Oregon Dept. of Environmental Quality"
"08/18/26","07:00","410670004","Hillsboro - Hare Fie","-8","PM2.5","UG/M3","13.7","Oregon Dept. of Environmental Quality"
"08/18/26","07:00","410670005","Portland Near Road","-8","PM2.5","UG/M3","13.8","Oregon Dept. of Environmental Quality"
"08/18/26","07:00","410670111","Beaverton - Highland","-8","PM2.5","UG/M3","9.6","Oregon Dept. of Environmental Quality"
"08/18/26","08:00","410050004","Portland - Spangler","-8","PM2.5","UG/M3","10.7","Oregon Dept. of Environmental Quality"
"08/18/26","08:00","410050102","Multorpor","-8","PM2.5","UG/M3","7.8","Oregon Dept. of Environmental Quality"
"08/18/26","08:00","410510080","Portland - SE Lafaye","-8","PM2.5","UG/M3","13.2","Oregon Dept. of Environmental Quality"
"08/18/26","08:00","410670004","Hillsboro - Hare Fie","-8","PM2.5","UG/M3","13.8","Oregon Dept. of Environmental Quality"
"08/18/26","08:00","410670005","Portland Near Road","-8","PM2.5","UG/M3","13.6","Oregon Dept. of Environmental Quality"
"08/18/26","08:00","410670111","Beaverton - Highland","-8","PM2.5","UG/M3","10.9","Oregon Dept. of Environmental Quality"
"08/18/26","09:00","410050004","Portland - Spangler","-8","PM2.5","UG/M3","12.5","Oregon Dept. of Environmental Quality"
"08/18/26","09:00","410050102","Multorpor","-8","PM2.5","UG/M3","8.1","Oregon Dept. of Environmental Quality"
"08/18/26","09:00","410510080","Portland - SE Lafaye","-8","PM2.5","UG/M3","13.4","Oregon Dept. of Environmental Quality"
"08/18/26","09:00","410670004","Hillsboro - Hare Fie","-8","PM2.5","UG/M3","14.1","Oregon Dept. of Environmental Quality"
"08/18/26","09:00","410670005","Portland Near Road","-8","PM2.5","UG/M3","13","Oregon Dept. of Environmental Quality"
"08/18/26","09:00","410670111","Beaverton - Highland","-8","PM2.5","UG/M3","10.9","Oregon Dept. of Environmental Quality"
"08/18/26","10:00","410050004","Portland - Spangler","-8","PM2.5","UG/M3","11.6","Oregon Dept. of Environmental Quality"
"08/18/26","10:00","410050102","Multorpor","-8","PM2.5","UG/M3","8.9","Oregon Dept. of Environmental Quality"
"08/18/26","10:00","410510080","Portland - SE Lafaye","-8","PM2.5","UG/M3","14.3","Oregon Dept. of Environmental Quality"
"08/18/26","10:00","410670004","Hillsboro - Hare Fie","-8","PM2.5","UG/M3","14.4","Oregon Dept. of Environmental Quality"
"08/18/26","10:00","410670005","Portland Near Road","-8","PM2.5","UG/M3","12.8","Oregon Dept. of Environmental Quality"
"08/18/26","10:00","410670111","Beaverton - Highland","-8","PM2.5","UG/M3","11.4","Oregon Dept. of Environmental Quality"
"08/18/26","11:00","410050004","Portland - Spangler","-8","PM2.5","UG/M3","10.8","Oregon Dept. of Environmental Quality"
"08/18/26","11:00","410050102","Multorpor","-8","PM2.5","UG/M3","8.7","Oregon Dept. of Environmental Quality"
"08/18/26","11:00","410510080","Portland - SE Lafaye","-8","PM2.5","UG/M3","15.1","Oregon Dept. of Environmental Quality"
"08/18/26","11:00","410670004","Hillsboro - Hare Fie","-8","PM2.5","UG/M3","13.7","Oregon Dept. of Environmental Quality"
"08/18/26","11:00","410670005","Portland Near Road","-8","PM2.5","UG/M3","12.8","Oregon Dept. of Environmental Quality"
"08/18/26","11:00","410670111","Beaverton - Highland","-8","PM2.5","UG/M3","11.9","Oregon Dept. of Environmental Quality"
"08/18/26","12:00","410050004","Portland - Spangler","-8","PM2.5","UG/M3","10.8","Oregon Dept. of Environmental Quality"
"08/18/26","12:00","410050102","Multorpor","-8","PM2.5","UG/M3","9","Oregon Dept. of Environmental Quality"
"08/18/26","12:00","410510080","Portland - SE Lafaye","-8","PM2.5","UG/M3","16.1","Oregon Dept. of Environmental Quality"
"08/18/26","12:00","410670004","Hillsboro - Hare Fie","-8","PM2.5","UG/M3","12.6","Oregon Dept. of Environmental Quality"
"08/18/26","12:00","410670005","Portland Near Road","-8","PM2.5","UG/M3","13.6","Oregon Dept. of Environmental Quality"
"08/18/26","12:00","410670111","Beaverton - Highland","-8","PM2.5","UG/M3","13.7","Oregon Dept. of Environmental Quality"
"08/18/26","13:00","410050004","Portland - Spangler","-8","PM2.5","UG/M3","11.2","Oregon Dept. of Environmental Quality"
"08/18/26","13:00","410050102","Multorpor","-8","PM2.5","UG/M3","8.6","Oregon Dept. of Environmental Quality"
"08/18/26","13:00","410510080","Portland - SE Lafaye","-8","PM2.5","UG/M3","19.1","Oregon Dept. of Environmental Quality"
"08/18/26","13:00","410670004","Hillsboro - Hare Fie","-8","PM2.5","UG/M3","12.1","Oregon Dept. of Environmental Quality"
"08/18/26","13:00","410670005","Portland Near Road","-8","PM2.5","UG/M3","15.6","Oregon Dept. of Environmental Quality"
"08/18/26","13:00","410670111","Beaverton - Highland","-8","PM2.5","UG/M3","14.3","Oregon Dept. of Environmental Quality"
"08/18/26","14:00","410050004","Portland - Spangler","-8","PM2.5","UG/M3","11.4","Oregon Dept. of Environmental Quality"
"08/18/26","14:00","410050102","Multorpor","-8","PM2.5","UG/M3","7.7","Oregon Dept. of Environmental Quality"
"08/18/26","14:00","410510080","Portland - SE Lafaye","-8","PM2.5","UG/M3","19.9","Oregon Dept. of Environmental Quality"
"08/18/26","14:00","410670004","Hillsboro - Hare Fie","-8","PM2.5","UG/M3","12.9","Oregon Dept. of Environmental Quality"
"08/18/26","14:00","410670005","Portland Near Road","-8","PM2.5","UG/M3","21.5","Oregon Dept. of Environmental Quality"
"08/18/26","14:00","410670111","Beaverton - Highland","-8","PM2.5","UG/M3","15","Oregon Dept. of Environmental Quality"
"08/18/26","15:00","410050004","Portland - Spangler","-8","PM2.5","UG/M3","14.2","Oregon Dept. of Environmental Quality"
"08/18/26","15:00","410050102","Multorpor","-8","PM2.5","UG/M3","7","Oregon Dept. of Environmental Quality"
"08/18/26","15:00","410510080","Portland - SE Lafaye","-8","PM2.5","UG/M3","19.4","Oregon Dept. of Environmental Quality"
"08/18/26","15:00","410670004","Hillsboro - Hare Fie","-8","PM2.5","UG/M3","14.8","Oregon Dept. of Environmental Quality"
"08/18/26","15:00","410670005","Portland Near Road","-8","PM2.5","UG/M3","20.9","Oregon Dept. of Environmental Quality"
"08/18/26","15:00","410670111","Beaverton - Highland","-8","PM2.5","UG/M3","17.2","Oregon Dept. of Environmental Quality"
"08/18/26","16:00","410050004","Portland - Spangler","-8","PM2.5","UG/M3","16.5","Oregon Dept. of Environmental Quality"
"08/18/26","16:00","410050102","Multorpor","-8","PM2.5","UG/M3","6.9","Oregon Dept. of Environmental Quality"
"08/18/26","16:00","410510080","Portland - SE Lafaye","-8","PM2.5","UG/M3","20.3","Oregon Dept. of Environmental Quality"
"08/18/26","16:00","410670004","Hillsboro - Hare Fie","-8","PM2.5","UG/M3","16.1","Oregon Dept. of Environmental Quality"
"08/18/26","16:00","410670005","Portland Near Road","-8","PM2.5","UG/M3","20.3","Oregon Dept. of Environmental Quality"
"08/18/26","16:00","410670111","Beaverton - Highland","-8","PM2.5","UG/M3","18","Oregon Dept. of Environmental Quality"
"08/18/26","17:00","410050004","Portland - Spangler","-8","PM2.5","UG/M3","18.1","Oregon Dept. of Environmental Quality"
"08/18/26","17:00","410050102","Multorpor","-8","PM2.5","UG/M3","6.3","Oregon Dept. of Environmental Quality"
"08/18/26","17:00","410510080","Portland - SE Lafaye","-8","PM2.5","UG/M3","20.2","Oregon Dept. of Environmental Quality"
"08/18/26","17:00","410670004","Hillsboro - Hare Fie","-8","PM2.5","UG/M3","16.4","Oregon Dept. of Environmental Quality"
"08/18/26","17:00","410670005","Portland Near Road","-8","PM2.5","UG/M3","21.3","Oregon Dept. of Environmental Quality"
"08/18/26","17:00","410670111","Beaverton - Highland","-8","PM2.5","UG/M3","16.9","Oregon Dept. of Environmental Quality"
"08/18/26","18:00","410050004","Portland - Spangler","-8","PM2.5","UG/M3","19.1","Oregon Dept. of Environmental Quality"
"08/18/26","18:00","410050102","Multorpor","-8","PM2.5","UG/M3","6.3","Oregon Dept. of Environmental Quality"
"08/18/26","18:00","410510080","Portland - SE Lafaye","-8","PM2.5","UG/M3","20.2","Oregon Dept. of Environmental Quality"
"08/18/26","18:00","410670004","Hillsboro - Hare Fie","-8","PM2.5","UG/M3","17.4","Oregon Dept. of Environmental Quality"
"08/18/26","18:00","410670005","Portland Near Road","-8","PM2.5","UG/M3","23.1","Oregon Dept. of Environmental Quality"
"08/18/26","18:00","410670111","Beaverton - Highland","-8","PM2.5","UG/M3","17.3","Oregon Dept. of Environmental Quality"
"08/18/26","19:00","410050004","Portland - Spangler","-8","PM2.5","UG/M3","19.2","Oregon Dept. of Environmental Quality"
"08/18/26","19:00","410050102","Multorpor","-8","PM2.5","UG/M3","6.2","Oregon Dept. of Environmental Quality"
"08/18/26","19:00","410510080","Portland - SE Lafaye","-8","PM2.5","UG/M3","20.2","Oregon Dept. of Environmental Quality"
"08/18/26","19:00","410670004","Hillsboro - Hare Fie","-8","PM2.5","UG/M3","18.8","Oregon Dept. of Environmental Quality"
"08/18/26","19:00","410670005","Portland Near Road","-8","PM2.5","UG/M3","23.6","Oregon Dept. of Environmental Quality"
"08/18/26","19:00","410670111","Beaverton - Highland","-8","PM2.5","UG/M3","17.9","Oregon Dept. of Environmental Quality"
"08/18/26","20:00","410050004","Portland - Spangler","-8","PM2.5","UG/M3","15.7","Oregon Dept. of Environmental Quality"
"08/18/26","20:00","410050102","Multorpor","-8","PM2.5","UG/M3","12.3","Oregon Dept. of Environmental Quality"
"08/18/26","20:00","410510080","Portland - SE Lafaye","-8","PM2.5","UG/M3","20.7","Oregon Dept. of Environmental Quality"
"08/18/26","20:00","410670004","Hillsboro - Hare Fie","-8","PM2.5","UG/M3","18.1","Oregon Dept. of Environmental Quality"
"08/18/26","20:00","410670005","Portland Near Road","-8","PM2.5","UG/M3","22.1","Oregon Dept. of Environmental Quality"
"08/18/26","20:00","410670111","Beaverton - Highland","-8","PM2.5","UG/M3","18.3","Oregon Dept. of Environmental Quality"
"08/18/26","21:00","410050004","Portland - Spangler","-8","PM2.5","UG/M3","13.5","Oregon Dept. of Environmental Quality"
"08/18/26","21:00","410050102","Multorpor","-8","PM2.5","UG/M3","17.6","Oregon Dept. of Environmental Quality"
"08/18/26","21:00","410510080","Portland - SE Lafaye","-8","PM2.5","UG/M3","19.8","Oregon Dept. of Environmental Quality"
"08/18/26","21:00","410670004","Hillsboro - Hare Fie","-8","PM2.5","UG/M3","18.1","Oregon Dept. of Environmental Quality"
"08/18/26","21:00","410670005","Portland Near Road","-8","PM2.5","UG/M3","19.2","Oregon Dept. of Environmental Quality"
"08/18/26","21:00","410670111","Beaverton - Highland","-8","PM2.5","UG/M3","17.6","Oregon Dept. of Environmental Quality"
"08/18/26","22:00","410050004","Portland - Spangler","-8","PM2.5","UG/M3","11.7","Oregon Dept. of Environmental Quality"
"08/18/26","22:00","410050102","Multorpor","-8","PM2.5","UG/M3","12.2","Oregon Dept. of Environmental Quality"
"08/18/26","22:00","410510080","Portland - SE Lafaye","-8","PM2.5","UG/M3","18.2","Oregon Dept. of Environmental Quality"
"08/18/26","22:00","410670004","Hillsboro - Hare Fie","-8","PM2.5","UG/M3","17.5","Oregon Dept. of Environmental Quality"
"08/18/26","22:00","410670005","Portland Near Road","-8","PM2.5","UG/M3","21.3","Oregon Dept. of Environmental Quality"
"08/18/26","22:00","410670111","Beaverton - Highland","-8","PM2.5","UG/M3","17.6","Oregon Dept. of Environmental Quality"
"08/18/26","23:00","410050004","Portland - Spangler","-8","PM2.5","UG/M3","13.3","Oregon Dept. of Environmental Quality"
"08/18/26","23:00","410050102","Multorpor","-8","PM2.5","UG/M3","10","Oregon Dept. of Environmental Quality"
"08/18/26","23:00","410510080","Portland - SE Lafaye","-8","PM2.5","UG/M3","17.3","Oregon Dept. of Environmental Quality"
"08/18/26","23:00","410670004","Hillsboro - Hare Fie","-8","PM2.5","UG/M3","17.7","Oregon Dept. of Environmental Quality"
"08/18/26","23:00","410670005","Portland Near Road","-8","PM2.5","UG/M3","20.1","Oregon Dept. of Environmental Quality"
"08/18/26","23:00","410670111","Beaverton - Highland","-8","PM2.5","UG/M3","16.1","Oregon Dept. of Environmental Quality"
"08/19/26","00:00","410050004","Portland - Spangler","-8","PM2.5","UG/M3","17.4","Oregon Dept. of Environmental Quality"
"08/19/26","00:00","410050102","Multorpor","-8","PM2.5","UG/M3","10.3","Oregon Dept. of Environmental Quality"
"08/19/26","00:00","410510080","Portland - SE Lafaye","-8","PM2.5","UG/M3","15","Oregon Dept. of Environmental Quality"
"08/19/26","00:00","410670004","Hillsboro - Hare Fie","-8","PM2.5","UG/M3","14.9","Oregon Dept. of Environmental Quality"
"08/19/26","00:00","410670005","Portland Near Road","-8","PM2.5","UG/M3","19","Oregon Dept. of Environmental Quality"
"08/19/26","00:00","410670111","Beaverton - Highland","-8","PM2.5","UG/M3","14.6","Oregon Dept. of Environmental Quality"
"08/19/26","01:00","410050004","Portland - Spangler","-8","PM2.5","UG/M3","16.2","Oregon Dept. of Environmental Quality"
"08/19/26","01:00","410050102","Multorpor","-8","PM2.5","UG/M3","10.2","Oregon Dept. of Environmental Quality"
"08/19/26","01:00","410510080","Portland - SE Lafaye","-8","PM2.5","UG/M3","14.4","Oregon Dept. of Environmental Quality"
"08/19/26","01:00","410670004","Hillsboro - Hare Fie","-8","PM2.5","UG/M3","10.9","Oregon Dept. of Environmental Quality"
"08/19/26","01:00","410670005","Portland Near Road","-8","PM2.5","UG/M3","15.8","Oregon Dept. of Environmental Quality"
"08/19/26","01:00","410670111","Beaverton - Highland","-8","PM2.5","UG/M3","11","Oregon Dept. of Environmental Quality"
"08/19/26","02:00","410050004","Portland - Spangler","-8","PM2.5","UG/M3","13.6","Oregon Dept. of Environmental Quality"
"08/19/26","02:00","410050102","Multorpor","-8","PM2.5","UG/M3","11.5","Oregon Dept. of Environmental Quality"
"08/19/26","02:00","410510080","Portland - SE Lafaye","-8","PM2.5","UG/M3","13.5","Oregon Dept. of Environmental Quality"
"08/19/26","02:00","410670004","Hillsboro - Hare Fie","-8","PM2.5","UG/M3","12","Oregon Dept. of Environmental Quality"
"08/19/26","02:00","410670005","Portland Near Road","-8","PM2.5","UG/M3","12.8","Oregon Dept. of Environmental Quality"
"08/19/26","02:00","410670111","Beaverton - Highland","-8","PM2.5","UG/M3","10.1","Oregon Dept. of Environmental Quality"
"08/19/26","03:00","410050004","Portland - Spangler","-8","PM2.5","UG/M3","12.5","Oregon Dept. of Environmental Quality"
"08/19/26","03:00","410050102","Multorpor","-8","PM2.5","UG/M3","12.2","Oregon Dept. of Environmental Quality"
"08/19/26","03:00","410510080","Portland - SE Lafaye","-8","PM2.5","UG/M3","12.6","Oregon Dept. of Environmental Quality"
"08/19/26","03:00","410670004","Hillsboro - Hare Fie","-8","PM2.5","UG/M3","8.5","Oregon Dept. of Environmental Quality"
"08/19/26","03:00","410670005","Portland Near Road","-8","PM2.5","UG/M3","11.7","Oregon Dept. of Environmental Quality"
"08/19/26","03:00","410670111","Beaverton - Highland","-8","PM2.5","UG/M3","9.8","Oregon Dept. of Environmental Quality"
"08/19/26","04:00","410050004","Portland - Spangler","-8","PM2.5","UG/M3","12.9","Oregon Dept. of Environmental Quality"
"08/19/26","04:00","410050102","Multorpor","-8","PM2.5","UG/M3","11.4","Oregon Dept. of Environmental Quality"
"08/19/26","04:00","410510080","Portland - SE Lafaye","-8","PM2.5","UG/M3","9.5","Oregon Dept. of Environmental Quality"
"08/19/26","04:00","410670004","Hillsboro - Hare Fie","-8","PM2.5","UG/M3","5.6","Oregon Dept. of Environmental Quality"
"08/19/26","04:00","410670005","Portland Near Road","-8","PM2.5","UG/M3","12.1","Oregon Dept. of Environmental Quality"
"08/19/26","04:00","410670111","Beaverton - Highland","-8","PM2.5","UG/M3","9.4","Oregon Dept. of Environmental Quality"
"08/19/26","05:00","410050004","Portland - Spangler","-8","PM2.5","UG/M3","10.7","Oregon Dept. of Environmental Quality"
"08/19/26","05:00","410050102","Multorpor","-8","PM2.5","UG/M3","11.9","Oregon Dept. of Environmental Quality"
"08/19/26","05:00","410510080","Portland - SE Lafaye","-8","PM2.5","UG/M3","7.6","Oregon Dept. of Environmental Quality"
"08/19/26","05:00","410670004","Hillsboro - Hare Fie","-8","PM2.5","UG/M3","4.8","Oregon Dept. of Environmental Quality"
"08/19/26","05:00","410670005","Portland Near Road","-8","PM2.5","UG/M3","9.9","Oregon Dept. of Environmental Quality"
"08/19/26","05:00","410670111","Beaverton - Highland","-8","PM2.5","UG/M3","8.4","Oregon Dept. of Environmental Quality"
"08/19/26","06:00","410050004","Portland - Spangler","-8","PM2.5","UG/M3","8.9","Oregon Dept. of Environmental Quality"
"08/19/26","06:00","410050102","Multorpor","-8","PM2.5","UG/M3","12.9","Oregon Dept. of Environmental Quality"
"08/19/26","06:00","410510080","Portland - SE Lafaye","-8","PM2.5","UG/M3","7.2","Oregon Dept. of Environmental Quality"
"08/19/26","06:00","410670004","Hillsboro - Hare Fie","-8","PM2.5","UG/M3","4.7","Oregon Dept. of Environmental Quality"
"08/19/26","06:00","410670005","Portland Near Road","-8","PM2.5","UG/M3","7.6","Oregon Dept. of Environmental Quality"
"08/19/26","06:00","410670111","Beaverton - Highland","-8","PM2.5","UG/M3","6.6","Oregon Dept. of Environmental Quality"
"08/19/26","07:00","410050004","Portland - Spangler","-8","PM2.5","UG/M3","8.7","Oregon Dept. of Environmental Quality"
"08/19/26","07:00","410050102","Multorpor","-8","PM2.5","UG/M3","12.4","Oregon Dept. of Environmental Quality"
"08/19/26","07:00","410510080","Portland - SE Lafaye","-8","PM2.5","UG/M3","6.4","Oregon Dept. of Environmental Quality"
"08/19/26","07:00","410670004","Hillsboro - Hare Fie","-8","PM2.5","UG/M3","4.2","Oregon Dept. of Environmental Quality"
"08/19/26","07:00","410670005","Portland Near Road","-8","PM2.5","UG/M3","7.1","Oregon Dept. of Environmental Quality"
"08/19/26","07:00","410670111","Beaverton - Highland","-8","PM2.5","UG/M3","6.6","Oregon Dept. of Environmental Quality"
"08/19/26","08:00","410050004","Portland - Spangler","-8","PM2.5","UG/M3","7.7","Oregon Dept. of Environmental Quality"
"08/19/26","08:00","410050102","Multorpor","-8","PM2.5","UG/M3","12.4","Oregon Dept. of Environmental Quality"
"08/19/26","08:00","410510080","Portland - SE Lafaye","-8","PM2.5","UG/M3","5.9","Oregon Dept. of Environmental Quality"
"08/19/26","08:00","410670004","Hillsboro - Hare Fie","-8","PM2.5","UG/M3","4","Oregon Dept. of Environmental Quality"
"08/19/26","08:00","410670005","Portland Near Road","-8","PM2.5","UG/M3","6.7","Oregon Dept. of Environmental Quality"
"08/19/26","08:00","410670111","Beaverton - Highland","-8","PM2.5","UG/M3","6.7","Oregon Dept. of Environmental Quality"
"08/19/26","09:00","410050004","Portland - Spangler","-8","PM2.5","UG/M3","6","Oregon Dept. of Environmental Quality"
"08/19/26","09:00","410050102","Multorpor","-8","PM2.5","UG/M3","12.3","Oregon Dept. of Environmental Quality"
"08/19/26","09:00","410510080","Portland - SE Lafaye","-8","PM2.5","UG/M3","5.3","Oregon Dept. of Environmental Quality"
"08/19/26","09:00","410670004","Hillsboro - Hare Fie","-8","PM2.5","UG/M3","4","Oregon Dept. of Environmental Quality"
"08/19/26","09:00","410670005","Portland Near Road","-8","PM2.5","UG/M3","6.4","Oregon Dept. of Environmental Quality"
"08/19/26","09:00","410670111","Beaverton - Highland","-8","PM2.5","UG/M3","6.3","Oregon Dept. of Environmental Quality"
"08/19/26","10:00","410050004","Portland - Spangler","-8","PM2.5","UG/M3","5.6","Oregon Dept. of Environmental Quality"
"08/19/26","10:00","410050102","Multorpor","-8","PM2.5","UG/M3","12.6","Oregon Dept. of Environmental Quality"
"08/19/26","10:00","410510080","Portland - SE Lafaye","-8","PM2.5","UG/M3","5.1","Oregon Dept. of Environmental Quality"
"08/19/26","10:00","410670004","Hillsboro - Hare Fie","-8","PM2.5","UG/M3","3.9","Oregon Dept. of Environmental Quality"
"08/19/26","10:00","410670005","Portland Near Road","-8","PM2.5","UG/M3","5.9","Oregon Dept. of Environmental Quality"
"08/19/26","10:00","410670111","Beaverton - Highland","-8","PM2.5","UG/M3","5.2","Oregon Dept. of Environmental Quality"
"08/19/26","11:00","410050004","Portland - Spangler","-8","PM2.5","UG/M3","5","Oregon Dept. of Environmental Quality"
"08/19/26","11:00","410050102","Multorpor","-8","PM2.5","UG/M3","14","Oregon Dept. of Environmental Quality"
"08/19/26","11:00","410510080","Portland - SE Lafaye","-8","PM2.5","UG/M3","4.9","Oregon Dept. of Environmental Quality"
"08/19/26","11:00","410670004","Hillsboro - Hare Fie","-8","PM2.5","UG/M3","3.9","Oregon Dept. of Environmental Quality"
"08/19/26","11:00","410670005","Portland Near Road","-8","PM2.5","UG/M3","5.3","Oregon Dept. of Environmental Quality"
"08/19/26","11:00","410670111","Beaverton - Highland","-8","PM2.5","UG/M3","5","Oregon Dept. of Environmental Quality"
"08/19/26","12:00","410050004","Portland - Spangler","-8","PM2.5","UG/M3","5.3","Oregon Dept. of Environmental Quality"
"08/19/26","12:00","410050102","Multorpor","-8","PM2.5","UG/M3","13.8","Oregon Dept. of Environmental Quality"
"08/19/26","12:00","410510080","Portland - SE Lafaye","-8","PM2.5","UG/M3","4.9","Oregon Dept. of Environmental Quality"
"08/19/26","12:00","410670004","Hillsboro - Hare Fie","-8","PM2.5","UG/M3","3.7","Oregon Dept. of Environmental Quality"
"08/19/26","12:00","410670005","Portland Near Road","-8","PM2.5","UG/M3","4.6","Oregon Dept. of Environmental Quality"
"08/19/26","12:00","410670111","Beaverton - Highland","-8","PM2.5","UG/M3","4.8","Oregon Dept. of Environmental Quality"
"08/19/26","13:00","410050004","Portland - Spangler","-8","PM2.5","UG/M3","5.4","Oregon Dept. of Environmental Quality"
"08/19/26","13:00","410050102","Multorpor","-8","PM2.5","UG/M3","13.4","Oregon Dept. of Environmental Quality"
"08/19/26","13:00","410510080","Portland - SE Lafaye","-8","PM2.5","UG/M3","6.5","Oregon Dept. of Environmental Quality"
"08/19/26","13:00","410670004","Hillsboro - Hare Fie","-8","PM2.5","UG/M3","3.8","Oregon Dept. of Environmental Quality"
"08/19/26","13:00","410670005","Portland Near Road","-8","PM2.5","UG/M3","4.9","Oregon Dept. of Environmental Quality"
"08/19/26","13:00","410670111","Beaverton - Highland","-8","PM2.5","UG/M3","4.8","Oregon Dept. of Environmental Quality"
"08/19/26","14:00","410050004","Portland - Spangler","-8","PM2.5","UG/M3","7.4","Oregon Dept. of Environmental Quality"
"08/19/26","14:00","410050102","Multorpor","-8","PM2.5","UG/M3","12.6","Oregon Dept. of Environmental Quality"
"08/19/26","14:00","410510080","Portland - SE Lafaye","-8","PM2.5","UG/M3","7.2","Oregon Dept. of Environmental Quality"
"08/19/26","14:00","410670004","Hillsboro - Hare Fie","-8","PM2.5","UG/M3","3.6","Oregon Dept. of Environmental Quality"
"08/19/26","14:00","410670005","Portland Near Road","-8","PM2.5","UG/M3","5.8","Oregon Dept. of Environmental Quality"
"08/19/26","14:00","410670111","Beaverton - Highland","-8","PM2.5","UG/M3","5","Oregon Dept. of Environmental Quality"
"08/19/26","15:00","410050004","Portland - Spangler","-8","PM2.5","UG/M3","8.4","Oregon Dept. of Environmental Quality"
"08/19/26","15:00","410050102","Multorpor","-8","PM2.5","UG/M3","11.4","Oregon Dept. of Environmental Quality"
"08/19/26","15:00","410510080","Portland - SE Lafaye","-8","PM2.5","UG/M3","7.1","Oregon Dept. of Environmental Quality"
"08/19/26","15:00","410670004","Hillsboro - Hare Fie","-8","PM2.5","UG/M3","4.7","Oregon Dept. of Environmental Quality"
"08/19/26","15:00","410670005","Portland Near Road","-8","PM2.5","UG/M3","5.8","Oregon Dept. of Environmental Quality"
"08/19/26","15:00","410670111","Beaverton - Highland","-8","PM2.5","UG/M3","5","Oregon Dept. of Environmental Quality"
"08/19/26","16:00","410050004","Portland - Spangler","-8","PM2.5","UG/M3","7.9","Oregon Dept. of Environmental Quality"
"08/19/26","16:00","410050102","Multorpor","-8","PM2.5","UG/M3","11.6","Oregon Dept. of Environmental Quality"
"08/19/26","16:00","410510080","Portland - SE Lafaye","-8","PM2.5","UG/M3","7.5","Oregon Dept. of Environmental Quality"
"08/19/26","16:00","410670004","Hillsboro - Hare Fie","-8","PM2.5","UG/M3","4.5","Oregon Dept. of Environmental Quality"
"08/19/26","16:00","410670005","Portland Near Road","-8","PM2.5","UG/M3","6.3","Oregon Dept. of Environmental Quality"
"08/19/26","16:00","410670111","Beaverton - Highland","-8","PM2.5","UG/M3","4.5","Oregon Dept. of Environmental Quality"
"08/19/26","17:00","410050004","Portland - Spangler","-8","PM2.5","UG/M3","6.3","Oregon Dept. of Environmental Quality"
"08/19/26","17:00","410050102","Multorpor","-8","PM2.5","UG/M3","11.8","Oregon Dept. of Environmental Quality"
"08/19/26","17:00","410510080","Portland - SE Lafaye","-8","PM2.5","UG/M3","6.9","Oregon Dept. of Environmental Quality"
"08/19/26","17:00","410670004","Hillsboro - Hare Fie","-8","PM2.5","UG/M3","4.5","Oregon Dept. of Environmental Quality"
"08/19/26","17:00","410670005","Portland Near Road","-8","PM2.5","UG/M3","6.3","Oregon Dept. of Environmental Quality"
"08/19/26","17:00","410670111","Beaverton - Highland","-8","PM2.5","UG/M3","4.5","Oregon Dept. of Environmental Quality"
"08/19/26","18:00","410050004","Portland - Spangler","-8","PM2.5","UG/M3","6.1","Oregon Dept. of Environmental Quality"
"08/19/26","18:00","410050102","Multorpor","-8","PM2.5","UG/M3","10.6","Oregon Dept. of Environmental Quality"
"08/19/26","18:00","410510080","Portland - SE Lafaye","-8","PM2.5","UG/M3","5.5","Oregon Dept. of Environmental Quality"
"08/19/26","18:00","410670004","Hillsboro - Hare Fie","-8","PM2.5","UG/M3","4.3","Oregon Dept. of Environmental Quality"
"08/19/26","18:00","410670005","Portland Near Road","-8","PM2.5","UG/M3","6.1","Oregon Dept. of Environmental Quality"
"08/19/26","18:00","410670111","Beaverton - Highland","-8","PM2.5","UG/M3","4.7","Oregon Dept. of Environmental Quality"
"08/19/26","19:00","410050004","Portland - Spangler","-8","PM2.5","UG/M3","5.6","Oregon Dept. of Environmental Quality"
"08/19/26","19:00","410050102","Multorpor","-8","PM2.5","UG/M3","9.8","Oregon Dept. of Environmental Quality"
"08/19/26","19:00","410510080","Portland - SE Lafaye","-8","PM2.5","UG/M3","5","Oregon Dept. of Environmental Quality"
"08/19/26","19:00","410670004","Hillsboro - Hare Fie","-8","PM2.5","UG/M3","4.3","Oregon Dept. of Environmental Quality"
"08/19/26","19:00","410670005","Portland Near Road","-8","PM2.5","UG/M3","6.3","Oregon Dept. of Environmental Quality"
"08/19/26","19:00","410670111","Beaverton - Highland","-8","PM2.5","UG/M3","5.3","Oregon Dept. of Environmental Quality"
"08/19/26","20:00","410050004","Portland - Spangler","-8","PM2.5","UG/M3","5","Oregon Dept. of Environmental Quality"
"08/19/26","20:00","410050102","Multorpor","-8","PM2.5","UG/M3","8.4","Oregon Dept. of Environmental Quality"
"08/19/26","20:00","410510080","Portland - SE Lafaye","-8","PM2.5","UG/M3","5.5","Oregon Dept. of Environmental Quality"
"08/19/26","20:00","410670004","Hillsboro - Hare Fie","-8","PM2.5","UG/M3","4.4","Oregon Dept. of Environmental Quality"
"08/19/26","20:00","410670005","Portland Near Road","-8","PM2.5","UG/M3","7.3","Oregon Dept. of Environmental Quality"
"08/19/26","20:00","410670111","Beaverton - Highland","-8","PM2.5","UG/M3","5.2","Oregon Dept. of Environmental Quality"
"08/19/26","21:00","410050004","Portland - Spangler","-8","PM2.5","UG/M3","7","Oregon Dept. of Environmental Quality"
"08/19/26","21:00","410050102","Multorpor","-8","PM2.5","UG/M3","9.8","Oregon Dept. of Environmental Quality"
"08/19/26","21:00","410510080","Portland - SE Lafaye","-8","PM2.5","UG/M3","6.3","Oregon Dept. of Environmental Quality"
"08/19/26","21:00","410670004","Hillsboro - Hare Fie","-8","PM2.5","UG/M3","4","Oregon Dept. of Environmental Quality"
"08/19/26","21:00","410670005","Portland Near Road","-8","PM2.5","UG/M3","8.7","Oregon Dept. of Environmental Quality"
"08/19/26","21:00","410670111","Beaverton - Highland","-8","PM2.5","UG/M3","5.8","Oregon Dept. of Environmental Quality"
"08/19/26","22:00","410050004","Portland - Spangler","-8","PM2.5","UG/M3","7.8","Oregon Dept. of Environmental Quality"
"08/19/26","22:00","410050102","Multorpor","-8","PM2.5","UG/M3","22.1","Oregon Dept. of Environmental Quality"
"08/19/26","22:00","410510080","Portland - SE Lafaye","-8","PM2.5","UG/M3","7.6","Oregon Dept. of Environmental Quality"
"08/19/26","22:00","410670004","Hillsboro - Hare Fie","-8","PM2.5","UG/M3","7.2","Oregon Dept. of Environmental Quality"
"08/19/26","22:00","410670005","Portland Near Road","-8","PM2.5","UG/M3","9","Oregon Dept. of Environmental Quality"
"08/19/26","22:00","410670111","Beaverton - Highland","-8","PM2.5","UG/M3","6.7","Oregon Dept. of Environmental Quality"
"08/19/26","23:00","410050004","Portland - Spangler","-8","PM2.5","UG/M3","9.5","Oregon Dept. of Environmental Quality"
"08/19/26","23:00","410050102","Multorpor","-8","PM2.5","UG/M3","15.5","Oregon Dept. of Environmental Quality"
"08/19/26","23:00","410510080","Portland - SE Lafaye","-8","PM2.5","UG/M3","11.7","Oregon Dept. of Environmental Quality"
"08/19/26","23:00","410670004","Hillsboro - Hare Fie","-8","PM2.5","UG/M3","7.1","Oregon Dept. of Environmental Quality"
"08/19/26","23:00","410670005","Portland Near Road","-8","PM2.5","UG/M3","10.3","Oregon Dept. of Environmental Quality"
"08/19/26","23:00","410670111","Beaverton - Highland","-8","PM2.5","UG/M3","10.6","Oregon Dept. of Environmental Quality"
"08/20/26","00:00","410050004","Portland - Spangler","-8","PM2.5","UG/M3","11.3","Oregon Dept. of Environmental Quality"
"08/20/26","00:00","410050102","Multorpor","-8","PM2.5","UG/M3","10.5","Oregon Dept. of Environmental Quality"
"08/20/26","00:00","410510080","Portland - SE Lafaye","-8","PM2.5","UG/M3","10.4","Oregon Dept. of Environmental Quality"
"08/20/26","00:00","410670004","Hillsboro - Hare Fie","-8","PM2.5","UG/M3","6.6","Oregon Dept. of Environmental Quality"
"08/20/26","00:00","410670005","Portland Near Road","-8","PM2.5","UG/M3","11.8","Oregon Dept. of Environmental Quality"
"08/20/26","00:00","410670111","Beaverton - Highland","-8","PM2.5","UG/M3","7.4","Oregon Dept. of Environmental Quality"
"08/20/26","01:00","410050004","Portland - Spangler","-8","PM2.5","UG/M3","10.5","Oregon Dept. of Environmental Quality"
"08/20/26","01:00","410050102","Multorpor","-8","PM2.5","UG/M3","12.7","Oregon Dept. of Environmental Quality"
"08/20/26","01:00","410510080","Portland - SE Lafaye","-8","PM2.5","UG/M3","9.7","Oregon Dept. of Environmental Quality"
"08/20/26","01:00","410670004","Hillsboro - Hare Fie","-8","PM2.5","UG/M3","7.8","Oregon Dept. of Environmental Quality"
"08/20/26","01:00","410670005","Portland Near Road","-8","PM2.5","UG/M3","10.2","Oregon Dept. of Environmental Quality"
"08/20/26","01:00","410670111","Beaverton - Highland","-8","PM2.5","UG/M3","8.2","Oregon Dept. of Environmental Quality"
"08/20/26","02:00","410050004","Portland - Spangler","-8","PM2.5","UG/M3","8.9","Oregon Dept. of Environmental Quality"
"08/20/26","02:00","410050102","Multorpor","-8","PM2.5","UG/M3","11.8","Oregon Dept. of Environmental Quality"
"08/20/26","02:00","410510080","Portland - SE Lafaye","-8","PM2.5","UG/M3","9.5","Oregon Dept. of Environmental Quality"
"08/20/26","02:00","410670004","Hillsboro - Hare Fie","-8","PM2.5","UG/M3","8.1","Oregon Dept. of Environmental Quality"
"08/20/26","02:00","410670005","Portland Near Road","-8","PM2.5","UG/M3","10.2","Oregon Dept. of Environmental Quality"
"08/20/26","02:00","410670111","Beaverton - Highland","-8","PM2.5","UG/M3","8.2","Oregon Dept. of Environmental Quality"
"08/20/26","03:00","410050004","Portland - Spangler","-8","PM2.5","UG/M3","9","Oregon Dept. of Environmental Quality"
"08/20/26","03:00","410050102","Multorpor","-8","PM2.5","UG/M3","6.3","Oregon Dept. of Environmental Quality"
"08/20/26","03:00","410510080","Portland - SE Lafaye","-8","PM2.5","UG/M3","8.8","Oregon Dept. of Environmental Quality"
"08/20/26","03:00","410670004","Hillsboro - Hare Fie","-8","PM2.5","UG/M3","7.3","Oregon Dept. of Environmental Quality"
"08/20/26","03:00","410670005","Portland Near Road","-8","PM2.5","UG/M3","9.8","Oregon Dept. of Environmental Quality"
"08/20/26","03:00","410670111","Beaverton - Highland","-8","PM2.5","UG/M3","7.8","Oregon Dept. of Environmental Quality"
"08/20/26","04:00","410050004","Portland - Spangler","-8","PM2.5","UG/M3","8.9","Oregon Dept. of Environmental Quality"
"08/20/26","04:00","410050102","Multorpor","-8","PM2.5","UG/M3","3.2","Oregon Dept. of Environmental Quality"
"08/20/26","04:00","410510080","Portland - SE Lafaye","-8","PM2.5","UG/M3","7.2","Oregon Dept. of Environmental Quality"
"08/20/26","04:00","410670004","Hillsboro - Hare Fie","-8","PM2.5","UG/M3","6.5","Oregon Dept. of Environmental Quality"
"08/20/26","04:00","410670005","Portland Near Road","-8","PM2.5","UG/M3","10.3","Oregon Dept. of Environmental Quality"
"08/20/26","04:00","410670111","Beaverton - Highland","-8","PM2.5","UG/M3","7.5","Oregon Dept. of Environmental Quality"
"08/20/26","05:00","410050004","Portland - Spangler","-8","PM2.5","UG/M3","8","Oregon Dept. of Environmental Quality"
"08/20/26","05:00","410050102","Multorpor","-8","PM2.5","UG/M3","2.3","Oregon Dept. of Environmental Quality"
"08/20/26","05:00","410510080","Portland - SE Lafaye","-8","PM2.5","UG/M3","5.9","Oregon Dept. of Environmental Quality"
"08/20/26","05:00","410670004","Hillsboro - Hare Fie","-8","PM2.5","UG/M3","6.1","Oregon Dept. of Environmental Quality"
"08/20/26","05:00","410670005","Portland Near Road","-8","PM2.5","UG/M3","11.5","Oregon Dept. of Environmental Quality"
"08/20/26","05:00","410670111","Beaverton - Highland","-8","PM2.5","UG/M3","6.6","Oregon Dept. of Environmental Quality"
"08/20/26","06:00","410050004","Portland - Spangler","-8","PM2.5","UG/M3","6.8","Oregon Dept. of Environmental Quality"
"08/20/26","06:00","410050102","Multorpor","-8","PM2.5","UG/M3","1.9","Oregon Dept. of Environmental Quality"
"08/20/26","06:00","410510080","Portland - SE Lafaye","-8","PM2.5","UG/M3","6.1","Oregon Dept. of Environmental Quality"
"08/20/26","06:00","410670004","Hillsboro - Hare Fie","-8","PM2.5","UG/M3","5.6","Oregon Dept. of Environmental Quality"
"08/20/26","06:00","410670005","Portland Near Road","-8","PM2.5","UG/M3","11.6","Oregon Dept. of Environmental Quality"
"08/20/26","06:00","410670111","Beaverton - Highland","-8","PM2.5","UG/M3","5.5","Oregon Dept. of Environmental Quality"
"08/20/26","07:00","410050004","Portland - Spangler","-8","PM2.5","UG/M3","6.6","Oregon Dept. of Environmental Quality"
"08/20/26","07:00","410050102","Multorpor","-8","PM2.5","UG/M3","1.9","Oregon Dept. of Environmental Quality"
"08/20/26","07:00","410510080","Portland - SE Lafaye","-8","PM2.5","UG/M3","6.5","Oregon Dept. of Environmental Quality"
"08/20/26","07:00","410670004","Hillsboro - Hare Fie","-8","PM2.5","UG/M3","5.7","Oregon Dept. of Environmental Quality"
"08/20/26","07:00","410670005","Portland Near Road","-8","PM2.5","UG/M3","11.2","Oregon Dept. of Environmental Quality"
"08/20/26","07:00","410670111","Beaverton - Highland","-8","PM2.5","UG/M3","5.4","Oregon Dept. of Environmental Quality"
"08/20/26","08:00","410050004","Portland - Spangler","-8","PM2.5","UG/M3","6.5","Oregon Dept. of Environmental Quality"
"08/20/26","08:00","410050102","Multorpor","-8","PM2.5","UG/M3","1.6","Oregon Dept. of Environmental Quality"
"08/20/26","08:00","410510080","Portland - SE Lafaye","-8","PM2.5","UG/M3","6.7","Oregon Dept. of Environmental Quality"
"08/20/26","08:00","410670004","Hillsboro - Hare Fie","-8","PM2.5","UG/M3","5.9","Oregon Dept. of Environmental Quality"
"08/20/26","08:00","410670005","Portland Near Road","-8","PM2.5","UG/M3","11.2","Oregon Dept. of Environmental Quality"
"08/20/26","08:00","410670111","Beaverton - Highland","-8","PM2.5","UG/M3","5.7","Oregon Dept. of Environmental Quality"
"08/20/26","09:00","410050004","Portland - Spangler","-8","PM2.5","UG/M3","6.7","Oregon Dept. of Environmental Quality"
"08/20/26","09:00","410050102","Multorpor","-8","PM2.5","UG/M3","1.5","Oregon Dept. of Environmental Quality"
"08/20/26","09:00","410510080","Portland - SE Lafaye","-8","PM2.5","UG/M3","6.3","Oregon Dept. of Environmental Quality"
"08/20/26","09:00","410670004","Hillsboro - Hare Fie","-8","PM2.5","UG/M3","6.2","Oregon Dept. of Environmental Quality"
"08/20/26","09:00","410670005","Portland Near Road","-8","PM2.5","UG/M3","11.7","Oregon Dept. of Environmental Quality"
"08/20/26","09:00","410670111","Beaverton - Highland","-8","PM2.5","UG/M3","5.7","Oregon Dept. of Environmental Quality"
"08/20/26","10:00","410050004","Portland - Spangler","-8","PM2.5","UG/M3","6.3","Oregon Dept. of Environmental Quality"
"08/20/26","10:00","410050102","Multorpor","-8","PM2.5","UG/M3","1.5","Oregon Dept. of Environmental Quality"
"08/20/26","10:00","410510080","Portland - SE Lafaye","-8","PM2.5","UG/M3","6.2","Oregon Dept. of Environmental Quality"
"08/20/26","10:00","410670004","Hillsboro - Hare Fie","-8","PM2.5","UG/M3","6.6","Oregon Dept. of Environmental Quality"
"08/20/26","10:00","410670005","Portland Near Road","-8","PM2.5","UG/M3","11.5","Oregon Dept. of Environmental Quality"
"08/20/26","10:00","410670111","Beaverton - Highland","-8","PM2.5","UG/M3","5.9","Oregon Dept. of Environmental Quality"
"08/20/26","11:00","410050004","Portland - Spangler","-8","PM2.5","UG/M3","6.3","Oregon Dept. of Environmental Quality"
"08/20/26","11:00","410050102","Multorpor","-8","PM2.5","UG/M3","1.5","Oregon Dept. of Environmental Quality"
"08/20/26","11:00","410510080","Portland - SE Lafaye","-8","PM2.5","UG/M3","6.4","Oregon Dept. of Environmental Quality"
"08/20/26","11:00","410670004","Hillsboro - Hare Fie","-8","PM2.5","UG/M3","7.1","Oregon Dept. of Environmental Quality"
"08/20/26","11:00","410670005","Portland Near Road","-8","PM2.5","UG/M3","11.5","Oregon Dept. of Environmental Quality"
"08/20/26","11:00","410670111","Beaverton - Highland","-8","PM2.5","UG/M3","6.5","Oregon Dept. of Environmental Quality"
"08/20/26","12:00","410050004","Portland - Spangler","-8","PM2.5","UG/M3","6.2","Oregon Dept. of Environmental Quality"
"08/20/26","12:00","410050102","Multorpor","-8","PM2.5","UG/M3","1.6","Oregon Dept. of Environmental Quality"
"08/20/26","12:00","410510080","Portland - SE Lafaye","-8","PM2.5","UG/M3","6.6","Oregon Dept. of Environmental Quality"
"08/20/26","12:00","410670004","Hillsboro - Hare Fie","-8","PM2.5","UG/M3","7.6","Oregon Dept. of Environmental Quality"
"08/20/26","12:00","410670005","Portland Near Road","-8","PM2.5","UG/M3","10.1","Oregon Dept. of Environmental Quality"
"08/20/26","12:00","410670111","Beaverton - Highland","-8","PM2.5","UG/M3","6.9","Oregon Dept. of Environmental Quality"
"08/20/26","13:00","410050004","Portland - Spangler","-8","PM2.5","UG/M3","6.4","Oregon Dept. of Environmental Quality"
"08/20/26","13:00","410050102","Multorpor","-8","PM2.5","UG/M3","1.8","Oregon Dept. of Environmental Quality"
"08/20/26","13:00","410510080","Portland - SE Lafaye","-8","PM2.5","UG/M3","6.8","Oregon Dept. of Environmental Quality"
"08/20/26","13:00","410670004","Hillsboro - Hare Fie","-8","PM2.5","UG/M3","7.7","Oregon Dept. of Environmental Quality"
"08/20/26","13:00","410670005","Portland Near Road","-8","PM2.5","UG/M3","10.6","Oregon Dept. of Environmental Quality"
"08/20/26","13:00","410670111","Beaverton - Highland","-8","PM2.5","UG/M3","6.9","Oregon Dept. of Environmental Quality"
"08/20/26","14:00","410050004","Portland - Spangler","-8","PM2.5","UG/M3","6.6","Oregon Dept. of Environmental Quality"
"08/20/26","14:00","410050102","Multorpor","-8","PM2.5","UG/M3","1.8","Oregon Dept. of Environmental Quality"
"08/20/26","14:00","410510080","Portland - SE Lafaye","-8","PM2.5","UG/M3","8.7","Oregon Dept. of Environmental Quality"
"08/20/26","14:00","410670004","Hillsboro - Hare Fie","-8","PM2.5","UG/M3","8.6","Oregon Dept. of Environmental Quality"
"08/20/26","14:00","410670005","Portland Near Road","-8","PM2.5","UG/M3","8","Oregon Dept. of Environmental Quality"
"08/20/26","14:00","410670111","Beaverton - Highland","-8","PM2.5","UG/M3","6.5","Oregon Dept. of Environmental Quality"
"08/20/26","15:00","410050004","Portland - Spangler","-8","PM2.5","UG/M3","7.5","Oregon Dept. of Environmental Quality"
"08/20/26","15:00","410050102","Multorpor","-8","PM2.5","UG/M3","1.6","Oregon Dept. of Environmental Quality"
"08/20/26","15:00","410510080","Portland - SE Lafaye","-8","PM2.5","UG/M3","10.4","Oregon Dept. of Environmental Quality"
"08/20/26","15:00","410670004","Hillsboro - Hare Fie","-8","PM2.5","UG/M3","8.1","Oregon Dept. of Environmental Quality"
"08/20/26","15:00","410670005","Portland Near Road","-8","PM2.5","UG/M3","8.7","Oregon Dept. of Environmental Quality"
"08/20/26","15:00","410670111","Beaverton - Highland","-8","PM2.5","UG/M3","6.7","Oregon Dept. of Environmental Quality"
"08/20/26","16:00","410050004","Portland - Spangler","-8","PM2.5","UG/M3","8.4","Oregon Dept. of Environmental Quality"
"08/20/26","16:00","410050102","Multorpor","-8","PM2.5","UG/M3","1.8","Oregon Dept. of Environmental Quality"
"08/20/26","16:00","410510080","Portland - SE Lafaye","-8","PM2.5","UG/M3","11.8","Oregon Dept. of Environmental Quality"
"08/20/26","16:00","410670004","Hillsboro - Hare Fie","-8","PM2.5","UG/M3","8.2","Oregon Dept. of Environmental Quality"
"08/20/26","16:00","410670005","Portland Near Road","-8","PM2.5","UG/M3","10.6","Oregon Dept. of Environmental Quality"
"08/20/26","16:00","410670111","Beaverton - Highland","-8","PM2.5","UG/M3","7.6","Oregon Dept. of Environmental Quality"
"08/20/26","17:00","410050004","Portland - Spangler","-8","PM2.5","UG/M3","9.2","Oregon Dept. of Environmental Quality"
"08/20/26","17:00","410050102","Multorpor","-8","PM2.5","UG/M3","1.7","Oregon Dept. of Environmental Quality"
"08/20/26","17:00","410510080","Portland - SE Lafaye","-8","PM2.5","UG/M3","14","Oregon Dept. of Environmental Quality"
"08/20/26","17:00","410670004","Hillsboro - Hare Fie","-8","PM2.5","UG/M3","9.2","Oregon Dept. of Environmental Quality"
"08/20/26","17:00","410670005","Portland Near Road","-8","PM2.5","UG/M3","11.7","Oregon Dept. of Environmental Quality"
"08/20/26","17:00","410670111","Beaverton - Highland","-8","PM2.5","UG/M3","9","Oregon Dept. of Environmental Quality"
"08/20/26","18:00","410050004","Portland - Spangler","-8","PM2.5","UG/M3","11.5","Oregon Dept. of Environmental Quality"
"08/20/26","18:00","410050102","Multorpor","-8","PM2.5","UG/M3","1.7","Oregon Dept. of Environmental Quality"
"08/20/26","18:00","410510080","Portland - SE Lafaye","-8","PM2.5","UG/M3","12.4","Oregon Dept. of Environmental Quality"
"08/20/26","18:00","410670004","Hillsboro - Hare Fie","-8","PM2.5","UG/M3","9.6","Oregon Dept. of Environmental Quality"
"08/20/26","18:00","410670005","Portland Near Road","-8","PM2.5","UG/M3","11.9","Oregon Dept. of Environmental Quality"
"08/20/26","18:00","410670111","Beaverton - Highland","-8","PM2.5","UG/M3","10.7","Oregon Dept. of Environmental Quality"
"08/20/26","19:00","410050004","Portland - Spangler","-8","PM2.5","UG/M3","10.8","Oregon Dept. of Environmental Quality"
"08/20/26","19:00","410050102","Multorpor","-8","PM2.5","UG/M3","1.7","Oregon Dept. of Environmental Quality"
"08/20/26","19:00","410510080","Portland - SE Lafaye","-8","PM2.5","UG/M3","12","Oregon Dept. of Environmental Quality"
"08/20/26","19:00","410670004","Hillsboro - Hare Fie","-8","PM2.5","UG/M3","9.3","Oregon Dept. of Environmental Quality"
"08/20/26","19:00","410670005","Portland Near Road","-8","PM2.5","UG/M3","12.5","Oregon Dept. of Environmental Quality"
"08/20/26","19:00","410670111","Beaverton - Highland","-8","PM2.5","UG/M3","12.8","Oregon Dept. of Environmental Quality"
"08/20/26","20:00","410050004","Portland - Spangler","-8","PM2.5","UG/M3","10.3","Oregon Dept. of Environmental Quality"
"08/20/26","20:00","410050102","Multorpor","-8","PM2.5","UG/M3","4.2","Oregon Dept. of Environmental Quality"
"08/20/26","20:00","410510080","Portland - SE Lafaye","-8","PM2.5","UG/M3","14","Oregon Dept. of Environmental Quality"
"08/20/26","20:00","410670004","Hillsboro - Hare Fie","-8","PM2.5","UG/M3","8.4","Oregon Dept. of Environmental Quality"
"08/20/26","20:00","410670005","Portland Near Road","-8","PM2.5","UG/M3","12.6","Oregon Dept. of Environmental Quality"
"08/20/26","20:00","410670111","Beaverton - Highland","-8","PM2.5","UG/M3","10.5","Oregon Dept. of Environmental Quality"
"08/20/26","21:00","410050004","Portland - Spangler","-8","PM2.5","UG/M3","9.9","Oregon Dept. of Environmental Quality"
"08/20/26","21:00","410050102","Multorpor","-8","PM2.5","UG/M3","20.1","Oregon Dept. of Environmental Quality"
"08/20/26","21:00","410510080","Portland - SE Lafaye","-8","PM2.5","UG/M3","18.1","Oregon Dept. of Environmental Quality"
"08/20/26","21:00","410670004","Hillsboro - Hare Fie","-8","PM2.5","UG/M3","8.2","Oregon Dept. of Environmental Quality"
"08/20/26","21:00","410670005","Portland Near Road","-8","PM2.5","UG/M3","12.5","Oregon Dept. of Environmental Quality"
"08/20/26","21:00","410670111","Beaverton - Highland","-8","PM2.5","UG/M3","8.3","Oregon Dept. of Environmental Quality"
"08/20/26","22:00","410050004","Portland - Spangler","-8","PM2.5","UG/M3","9.7","Oregon Dept. of Environmental Quality"
"08/20/26","22:00","410050102","Multorpor","-8","PM2.5","UG/M3","59.8","Oregon Dept. of Environmental Quality"
"08/20/26","22:00","410510080","Portland - SE Lafaye","-8","PM2.5","UG/M3","12.1","Oregon Dept. of Environmental Quality"
"08/20/26","22:00","410670004","Hillsboro - Hare Fie","-8","PM2.5","UG/M3","7.5","Oregon Dept. of Environmental Quality"
"08/20/26","22:00","410670005","Portland Near Road","-8","PM2.5","UG/M3","14.3","Oregon Dept. of Environmental Quality"
"08/20/26","22:00","410670111","Beaverton - Highland","-8","PM2.5","UG/M3","7.5","Oregon Dept. of Environmental Quality"
"08/20/26","23:00","410050004","Portland - Spangler","-8","PM2.5","UG/M3","9.1","Oregon Dept. of Environmental Quality"
"08/20/26","23:00","410050102","Multorpor","-8","PM2.5","UG/M3","80.9","Oregon Dept. of Environmental Quality"
"08/20/26","23:00","410510080","Portland - SE Lafaye","-8","PM2.5","UG/M3","6.6","Oregon Dept. of Environmental Quality"
"08/20/26","23:00","410670004","Hillsboro - Hare Fie","-8","PM2.5","UG/M3","8.4","Oregon Dept. of Environmental Quality"
"08/20/26","23:00","410670005","Portland Near Road","-8","PM2.5","UG/M3","8.1","Oregon Dept. of Environmental Quality"
"08/20/26","23:00","410670111","Beaverton - Highland","-8","PM2.5","UG/M3","8.1","Oregon Dept. of Environmental Quality"
"08/21/26","00:00","410050004","Portland - Spangler","-8","PM2.5","UG/M3","8.4","Oregon Dept. of Environmental Quality"
"08/21/26","00:00","410050102","Multorpor","-8","PM2.5","UG/M3","29.5","Oregon Dept. of Environmental Quality"
"08/21/26","00:00","410510080","Portland - SE Lafaye","-8","PM2.5","UG/M3","5.1","Oregon Dept. of Environmental Quality"
"08/21/26","00:00","410670004","Hillsboro - Hare Fie","-8","PM2.5","UG/M3","7.7","Oregon Dept. of Environmental Quality"
"08/21/26","00:00","410670005","Portland Near Road","-8","PM2.5","UG/M3","8.8","Oregon Dept. of Environmental Quality"
"08/21/26","00:00","410670111","Beaverton - Highland","-8","PM2.5","UG/M3","6.7","Oregon Dept. of Environmental Quality"
"08/21/26","01:00","410050004","Portland - Spangler","-8","PM2.5","UG/M3","5.4","Oregon Dept. of Environmental Quality"
"08/21/26","01:00","410050102","Multorpor","-8","PM2.5","UG/M3","10.1","Oregon Dept. of Environmental Quality"
"08/21/26","01:00","410510080","Portland - SE Lafaye","-8","PM2.5","UG/M3","5.8","Oregon Dept. of Environmental Quality"
"08/21/26","01:00","410670004","Hillsboro - Hare Fie","-8","PM2.5","UG/M3","5.8","Oregon Dept. of Environmental Quality"
"08/21/26","01:00","410670005","Portland Near Road","-8","PM2.5","UG/M3","7.8","Oregon Dept. of Environmental Quality"
"08/21/26","01:00","410670111","Beaverton - Highland","-8","PM2.5","UG/M3","6.2","Oregon Dept. of Environmental Quality"
"08/21/26","02:00","410050004","Portland - Spangler","-8","PM2.5","UG/M3","5.1","Oregon Dept. of Environmental Quality"
"08/21/26","02:00","410050102","Multorpor","-8","PM2.5","UG/M3","7.4","Oregon Dept. of Environmental Quality"
"08/21/26","02:00","410510080","Portland - SE Lafaye","-8","PM2.5","UG/M3","7.9","Oregon Dept. of Environmental Quality"
"08/21/26","02:00","410670004","Hillsboro - Hare Fie","-8","PM2.5","UG/M3","6.2","Oregon Dept. of Environmental Quality"
"08/21/26","02:00","410670005","Portland Near Road","-8","PM2.5","UG/M3","7.6","Oregon Dept. of Environmental Quality"
"08/21/26","02:00","410670111","Beaverton - Highland","-8","PM2.5","UG/M3","6.3","Oregon Dept. of Environmental Quality"
"08/21/26","03:00","410050004","Portland - Spangler","-8","PM2.5","UG/M3","5.6","Oregon Dept. of Environmental Quality"
"08/21/26","03:00","410050102","Multorpor","-8","PM2.5","UG/M3","7.2","Oregon Dept. of Environmental Quality"
"08/21/26","03:00","410510080","Portland - SE Lafaye","-8","PM2.5","UG/M3","8.8","Oregon Dept. of Environmental Quality"
"08/21/26","03:00","410670004","Hillsboro - Hare Fie","-8","PM2.5","UG/M3","6.6","Oregon Dept. of Environmental Quality"
"08/21/26","03:00","410670005","Portland Near Road","-8","PM2.5","UG/M3","8.2","Oregon Dept. of Environmental Quality"
"08/21/26","03:00","410670111","Beaverton - Highland","-8","PM2.5","UG/M3","7","Oregon Dept. of Environmental Quality"
"08/21/26","04:00","410050004","Portland - Spangler","-8","PM2.5","UG/M3","6.5","Oregon Dept. of Environmental Quality"
"08/21/26","04:00","410050102","Multorpor","-8","PM2.5","UG/M3","7.3","Oregon Dept. of Environmental Quality"
"08/21/26","04:00","410510080","Portland - SE Lafaye","-8","PM2.5","UG/M3","10.4","Oregon Dept. of Environmental Quality"
"08/21/26","04:00","410670004","Hillsboro - Hare Fie","-8","PM2.5","UG/M3","8","Oregon Dept. of Environmental Quality"
"08/21/26","04:00","410670005","Portland Near Road","-8","PM2.5","UG/M3","9.6","Oregon Dept. of Environmental Quality"
"08/21/26","04:00","410670111","Beaverton - Highland","-8","PM2.5","UG/M3","7.5","Oregon Dept. of Environmental Quality"
"08/21/26","05:00","410050004","Portland - Spangler","-8","PM2.5","UG/M3","8","Oregon Dept. of Environmental Quality"
"08/21/26","05:00","410050102","Multorpor","-8","PM2.5","UG/M3","5.9","Oregon Dept. of Environmental Quality"
"08/21/26","05:00","410510080","Portland - SE Lafaye","-8","PM2.5","UG/M3","10.6","Oregon Dept. of Environmental Quality"
"08/21/26","05:00","410670004","Hillsboro - Hare Fie","-8","PM2.5","UG/M3","8.2","Oregon Dept. of Environmental Quality"
"08/21/26","05:00","410670005","Portland Near Road","-8","PM2.5","UG/M3","10.2","Oregon Dept. of Environmental Quality"
"08/21/26","05:00","410670111","Beaverton - Highland","-8","PM2.5","UG/M3","7.9","Oregon Dept. of Environmental Quality"
"08/21/26","06:00","410050004","Portland - Spangler","-8","PM2.5","UG/M3","8.3","Oregon Dept. of Environmental Quality"
"08/21/26","06:00","410050102","Multorpor","-8","PM2.5","UG/M3","4.7","Oregon Dept. of Environmental Quality"
"08/21/26","06:00","410510080","Portland - SE Lafaye","-8","PM2.5","UG/M3","9.5","Oregon Dept. of Environmental Quality"
"08/21/26","06:00","410670004","Hillsboro - Hare Fie","-8","PM2.5","UG/M3","8.6","Oregon Dept. of Environmental Quality"
"08/21/26","06:00","410670005","Portland Near Road","-8","PM2.5","UG/M3","10.1","Oregon Dept. of Environmental Quality"
"08/21/26","06:00","410670111","Beaverton - Highland","-8","PM2.5","UG/M3","8.3","Oregon Dept. of Environmental Quality"
"08/21/26","07:00","410050004","Portland - Spangler","-8","PM2.5","UG/M3","8.9","Oregon Dept. of Environmental Quality"
"08/21/26","07:00","410050102","Multorpor","-8","PM2.5","UG/M3","7.2","Oregon Dept. of Environmental Quality"
"08/21/26","07:00","410510080","Portland - SE Lafaye","-8","PM2.5","UG/M3","11.1","Oregon Dept. of Environmental Quality"
"08/21/26","07:00","410670004","Hillsboro - Hare Fie","-8","PM2.5","UG/M3","8.7","Oregon Dept. of Environmental Quality"
"08/21/26","07:00","410670005","Portland Near Road","-8","PM2.5","UG/M3","11.4","Oregon Dept. of Environmental Quality"
"08/21/26","07:00","410670111","Beaverton - Highland","-8","PM2.5","UG/M3","8.5","Oregon Dept. of Environmental Quality"
"08/21/26","08:00","410050004","Portland - Spangler","-8","PM2.5","UG/M3","9.2","Oregon Dept. of Environmental Quality"
"08/21/26","08:00","410050102","Multorpor","-8","PM2.5","UG/M3","9.3","Oregon Dept. of Environmental Quality"
"08/21/26","08:00","410510080","Portland - SE Lafaye","-8","PM2.5","UG/M3","10.4","Oregon Dept. of Environmental Quality"
"08/21/26","08:00","410670004","Hillsboro - Hare Fie","-8","PM2.5","UG/M3","8.8","Oregon Dept. of Environmental Quality"
"08/21/26","08:00","410670005","Portland Near Road","-8","PM2.5","UG/M3","11.6","Oregon Dept. of Environmental Quality"
"08/21/26","08:00","410670111","Beaverton - Highland","-8","PM2.5","UG/M3","8.8","Oregon Dept. of Environmental Quality"
"08/21/26","09:00","410050004","Portland - Spangler","-8","PM2.5","UG/M3","9.1","Oregon Dept. of Environmental Quality"
"08/21/26","09:00","410050102","Multorpor","-8","PM2.5","UG/M3","10.8","Oregon Dept. of Environmental Quality"
"08/21/26","09:00","410510080","Portland - SE Lafaye","-8","PM2.5","UG/M3","9.8","Oregon Dept. of Environmental Quality"
"08/21/26","09:00","410670004","Hillsboro - Hare Fie","-8","PM2.5","UG/M3","8.8","Oregon Dept. of Environmental Quality"
"08/21/26","09:00","410670005","Portland Near Road","-8","PM2.5","UG/M3","10.9","Oregon Dept. of Environmental Quality"
"08/21/26","09:00","410670111","Beaverton - Highland","-8","PM2.5","UG/M3","8.9","Oregon Dept. of Environmental Quality"
"08/21/26","10:00","410050004","Portland - Spangler","-8","PM2.5","UG/M3","9.1","Oregon Dept. of Environmental Quality"
"08/21/26","10:00","410050102","Multorpor","-8","PM2.5","UG/M3","9.7","Oregon Dept. of Environmental Quality"
"08/21/26","10:00","410510080","Portland - SE Lafaye","-8","PM2.5","UG/M3","9.9","Oregon Dept. of Environmental Quality"
"08/21/26","10:00","410670004","Hillsboro - Hare Fie","-8","PM2.5","UG/M3","9.1","Oregon Dept. of Environmental Quality"
"08/21/26","10:00","410670005","Portland Near Road","-8","PM2.5","UG/M3","10.8","Oregon Dept. of Environmental Quality"
"08/21/26","10:00","410670111","Beaverton - Highland","-8","PM2.5","UG/M3","9.1","Oregon Dept. of Environmental Quality"
"08/21/26","11:00","410050004","Portland - Spangler","-8","PM2.5","UG/M3","9.1","Oregon Dept. of Environmental Quality"
"08/21/26","11:00","410050102","Multorpor","-8","PM2.5","UG/M3","27.9","Oregon Dept. of Environmental Quality"
"08/21/26","11:00","410510080","Portland - SE Lafaye","-8","PM2.5","UG/M3","9.9","Oregon Dept. of Environmental Quality"
"08/21/26","11:00","410670004","Hillsboro - Hare Fie","-8","PM2.5","UG/M3","9.2","Oregon Dept. of Environmental Quality"
"08/21/26","11:00","410670005","Portland Near Road","-8","PM2.5","UG/M3","11","Oregon Dept. of Environmental Quality"
"08/21/26","11:00","410670111","Beaverton - Highland","-8","PM2.5","UG/M3","9.2","Oregon Dept. of Environmental Quality"
"08/21/26","12:00","410050004","Portland - Spangler","-8","PM2.5","UG/M3","8.6","Oregon Dept. of Environmental Quality"
"08/21/26","12:00","410050102","Multorpor","-8","PM2.5","UG/M3","42.6","Oregon Dept. of Environmental Quality"
"08/21/26","12:00","410510080","Portland - SE Lafaye","-8","PM2.5","UG/M3","9.8","Oregon Dept. of Environmental Quality"
"08/21/26","12:00","410670004","Hillsboro - Hare Fie","-8","PM2.5","UG/M3","9.5","Oregon Dept. of Environmental Quality"
"08/21/26","12:00","410670005","Portland Near Road","-8","PM2.5","UG/M3","11.3","Oregon Dept. of Environmental Quality"
"08/21/26","12:00","410670111","Beaverton - Highland","-8","PM2.5","UG/M3","9.2","Oregon Dept. of Environmental Quality"
"08/21/26","13:00","410050004","Portland - Spangler","-8","PM2.5","UG/M3","8.2","Oregon Dept. of Environmental Quality"
"08/21/26","13:00","410050102","Multorpor","-8","PM2.5","UG/M3","29.9","Oregon Dept. of Environmental Quality"
"08/21/26","13:00","410510080","Portland - SE Lafaye","-8","PM2.5","UG/M3","9.7","Oregon Dept. of Environmental Quality"
"08/21/26","13:00","410670004","Hillsboro - Hare Fie","-8","PM2.5","UG/M3","9.3","Oregon Dept. of Environmental Quality"
"08/21/26","13:00","410670005","Portland Near Road","-8","PM2.5","UG/M3","10.9","Oregon Dept. of Environmental Quality"
"08/21/26","13:00","410670111","Beaverton - Highland","-8","PM2.5","UG/M3","9.2","Oregon Dept. of Environmental Quality"
"08/21/26","14:00","410050004","Portland - Spangler","-8","PM2.5","UG/M3","7.4","Oregon Dept. of Environmental Quality"
"08/21/26","14:00","410050102","Multorpor","-8","PM2.5","UG/M3","25.5","Oregon Dept. of Environmental Quality"
"08/21/26","14:00","410510080","Portland - SE Lafaye","-8","PM2.5","UG/M3","9.9","Oregon Dept. of Environmental Quality"
"08/21/26","14:00","410670004","Hillsboro - Hare Fie","-8","PM2.5","UG/M3","9.5","Oregon Dept. of Environmental Quality"
"08/21/26","14:00","410670005","Portland Near Road","-8","PM2.5","UG/M3","10.9","Oregon Dept. of Environmental Quality"
"08/21/26","14:00","410670111","Beaverton - Highland","-8","PM2.5","UG/M3","9.4","Oregon Dept. of Environmental Quality"
"08/21/26","15:00","410050004","Portland - Spangler","-8","PM2.5","UG/M3","7.3","Oregon Dept. of Environmental Quality"
"08/21/26","15:00","410050102","Multorpor","-8","PM2.5","UG/M3","19.1","Oregon Dept. of Environmental Quality"
"08/21/26","15:00","410510080","Portland - SE Lafaye","-8","PM2.5","UG/M3","10.7","Oregon Dept. of Environmental Quality"
"08/21/26","15:00","410670004","Hillsboro - Hare Fie","-8","PM2.5","UG/M3","9.9","Oregon Dept. of Environmental Quality"
"08/21/26","15:00","410670005","Portland Near Road","-8","PM2.5","UG/M3","8.4","Oregon Dept. of Environmental Quality"
"08/21/26","15:00","410670111","Beaverton - Highland","-8","PM2.5","UG/M3","8.9","Oregon Dept. of Environmental Quality"
"08/21/26","16:00","410050004","Portland - Spangler","-8","PM2.5","UG/M3","7.8","Oregon Dept. of Environmental Quality"
"08/21/26","16:00","410050102","Multorpor","-8","PM2.5","UG/M3","31.7","Oregon Dept. of Environmental Quality"
"08/21/26","16:00","410510080","Portland - SE Lafaye","-8","PM2.5","UG/M3","9.5","Oregon Dept. of Environmental Quality"
"08/21/26","16:00","410670004","Hillsboro - Hare Fie","-8","PM2.5","UG/M3","10.7","Oregon Dept. of Environmental Quality"
"08/21/26","16:00","410670005","Portland Near Road","-8","PM2.5","UG/M3","7.1","Oregon Dept. of Environmental Quality"
"08/21/26","16:00","410670111","Beaverton - Highland","-8","PM2.5","UG/M3","6.6","Oregon Dept. of Environmental Quality"
"08/21/26","17:00","410050004","Portland - Spangler","-8","PM2.5","UG/M3","6.8","Oregon Dept. of Environmental Quality"
"08/21/26","17:00","410050102","Multorpor","-8","PM2.5","UG/M3","33.2","Oregon Dept. of Environmental Quality"
"08/21/26","17:00","410510080","Portland - SE Lafaye","-8","PM2.5","UG/M3","8.3","Oregon Dept. of Environmental Quality"
"08/21/26","17:00","410670004","Hillsboro - Hare Fie","-8","PM2.5","UG/M3","9.8","Oregon Dept. of Environmental Quality"
"08/21/26","17:00","410670005","Portland Near Road","-8","PM2.5","UG/M3","7.1","Oregon Dept. of Environmental Quality"
"08/21/26","17:00","410670111","Beaverton - Highland","-8","PM2.5","UG/M3","5.6","Oregon Dept. of Environmental Quality"
"08/21/26","18:00","410050004","Portland - Spangler","-8","PM2.5","UG/M3","6.9","Oregon Dept. of Environmental Quality"
"08/21/26","18:00","410050102","Multorpor","-8","PM2.5","UG/M3","31.6","Oregon Dept. of Environmental Quality"
"08/21/26","18:00","410510080","Portland - SE Lafaye","-8","PM2.5","UG/M3","8","Oregon Dept. of Environmental Quality"
"08/21/26","18:00","410670004","Hillsboro - Hare Fie","-8","PM2.5","UG/M3","8.4","Oregon Dept. of Environmental Quality"
"08/21/26","18:00","410670005","Portland Near Road","-8","PM2.5","UG/M3","7.2","Oregon Dept. of Environmental Quality"
"08/21/26","18:00","410670111","Beaverton - Highland","-8","PM2.5","UG/M3","5.9","Oregon Dept. of Environmental Quality"
"08/21/26","19:00","410050004","Portland - Spangler","-8","PM2.5","UG/M3","6.7","Oregon Dept. of Environmental Quality"
"08/21/26","19:00","410050102","Multorpor","-8","PM2.5","UG/M3","15.3","Oregon Dept. of Environmental Quality"
"08/21/26","19:00","410510080","Portland - SE Lafaye","-8","PM2.5","UG/M3","8.5","Oregon Dept. of Environmental Quality"
"08/21/26","19:00","410670004","Hillsboro - Hare Fie","-8","PM2.5","UG/M3","9","Oregon Dept. of Environmental Quality"
"08/21/26","19:00","410670005","Portland Near Road","-8","PM2.5","UG/M3","7.4","Oregon Dept. of Environmental Quality"
"08/21/26","19:00","410670111","Beaverton - Highland","-8","PM2.5","UG/M3","5.8","Oregon Dept. of Environmental Quality"
"08/21/26","20:00","410050004","Portland - Spangler","-8","PM2.5","UG/M3","7.2","Oregon Dept. of Environmental Quality"
"08/21/26","20:00","410050102","Multorpor","-8","PM2.5","UG/M3","13.4","Oregon Dept. of Environmental Quality"
"08/21/26","20:00","410510080","Portland - SE Lafaye","-8","PM2.5","UG/M3","8.5","Oregon Dept. of Environmental Quality"
"08/21/26","20:00","410670004","Hillsboro - Hare Fie","-8","PM2.5","UG/M3","8","Oregon Dept. of Environmental Quality"
"08/21/26","20:00","410670005","Portland Near Road","-8","PM2.5","UG/M3","8","Oregon Dept. of Environmental Quality"
"08/21/26","20:00","410670111","Beaverton - Highland","-8","PM2.5","UG/M3","5.5","Oregon Dept. of Environmental Quality"
"08/21/26","21:00","410050004","Portland - Spangler","-8","PM2.5","UG/M3","7.7","Oregon Dept. of Environmental Quality"
"08/21/26","21:00","410050102","Multorpor","-8","PM2.5","UG/M3","15.1","Oregon Dept. of Environmental Quality"
"08/21/26","21:00","410510080","Portland - SE Lafaye","-8","PM2.5","UG/M3","8.4","Oregon Dept. of Environmental Quality"
"08/21/26","21:00","410670004","Hillsboro - Hare Fie","-8","PM2.5","UG/M3","6.5","Oregon Dept. of Environmental Quality"
"08/21/26","21:00","410670005","Portland Near Road","-8","PM2.5","UG/M3","7.8","Oregon Dept. of Environmental Quality"
"08/21/26","21:00","410670111","Beaverton - Highland","-8","PM2.5","UG/M3","6","Oregon Dept. of Environmental Quality"
"08/21/26","22:00","410050004","Portland - Spangler","-8","PM2.5","UG/M3","8","Oregon Dept. of Environmental Quality"
"08/21/26","22:00","410050102","Multorpor","-8","PM2.5","UG/M3","16.6","Oregon Dept. of Environmental Quality"
"08/21/26","22:00","410510080","Portland - SE Lafaye","-8","PM2.5","UG/M3","8","Oregon Dept. of Environmental Quality"
"08/21/26","22:00","410670004","Hillsboro - Hare Fie","-8","PM2.5","UG/M3","6.6","Oregon Dept. of Environmental Quality"
"08/21/26","22:00","410670005","Portland Near Road","-8","PM2.5","UG/M3","8","Oregon Dept. of Environmental Quality"
"08/21/26","22:00","410670111","Beaverton - Highland","-8","PM2.5","UG/M3","6.4","Oregon Dept. of Environmental Quality"
"08/21/26","23:00","410050004","Portland - Spangler","-8","PM2.5","UG/M3","8.2","Oregon Dept. of Environmental Quality"
"08/21/26","23:00","410050102","Multorpor","-8","PM2.5","UG/M3","54.3","Oregon Dept. of Environmental Quality"
"08/21/26","23:00","410510080","Portland - SE Lafaye","-8","PM2.5","UG/M3","8.2","Oregon Dept. of Environmental Quality"
"08/21/26","23:00","410670004","Hillsboro - Hare Fie","-8","PM2.5","UG/M3","7.2","Oregon Dept. of Environmental Quality"
"08/21/26","23:00","410670005","Portland Near Road","-8","PM2.5","UG/M3","8.3","Oregon Dept. of Environmental Quality"
"08/21/26","23:00","410670111","Beaverton - Highland","-8","PM2.5","UG/M3","6.7","Oregon Dept. of Environmental Quality"
"08/22/26","00:00","410050004","Portland - Spangler","-8","PM2.5","UG/M3","8","Oregon Dept. of Environmental Quality"
"08/22/26","00:00","410050102","Multorpor","-8","PM2.5","UG/M3","70","Oregon Dept. of Environmental Quality"
"08/22/26","00:00","410510080","Portland - SE Lafaye","-8","PM2.5","UG/M3","8.7","Oregon Dept. of Environmental Quality"
"08/22/26","00:00","410670004","Hillsboro - Hare Fie","-8","PM2.5","UG/M3","7.4","Oregon Dept. of Environmental Quality"
"08/22/26","00:00","410670005","Portland Near Road","-8","PM2.5","UG/M3","8.9","Oregon Dept. of Environmental Quality"
"08/22/26","00:00","410670111","Beaverton - Highland","-8","PM2.5","UG/M3","7","Oregon Dept. of Environmental Quality"
"08/22/26","01:00","410050004","Portland - Spangler","-8","PM2.5","UG/M3","7.8","Oregon Dept. of Environmental Quality"
"08/22/26","01:00","410050102","Multorpor","-8","PM2.5","UG/M3","23.3","Oregon Dept. of Environmental Quality"
"08/22/26","01:00","410510080","Portland - SE Lafaye","-8","PM2.5","UG/M3","9.3","Oregon Dept. of Environmental Quality"
"08/22/26","01:00","410670004","Hillsboro - Hare Fie","-8","PM2.5","UG/M3","7.4","Oregon Dept. of Environmental Quality"
"08/22/26","01:00","410670005","Portland Near Road","-8","PM2.5","UG/M3","9.3","Oregon Dept. of Environmental Quality"
"08/22/26","01:00","410670111","Beaverton - Highland","-8","PM2.5","UG/M3","7.4","Oregon Dept. of Environmental Quality"
"08/22/26","02:00","410050004","Portland - Spangler","-8","PM2.5","UG/M3","7.7","Oregon Dept. of Environmental Quality"
"08/22/26","02:00","410050102","Multorpor","-8","PM2.5","UG/M3","31.9","Oregon Dept. of Environmental Quality"
"08/22/26","02:00","410510080","Portland - SE Lafaye","-8","PM2.5","UG/M3","9.6","Oregon Dept. of Environmental Quality"
"08/22/26","02:00","410670004","Hillsboro - Hare Fie","-8","PM2.5","UG/M3","7.5","Oregon Dept. of Environmental Quality"
"08/22/26","02:00","410670005","Portland Near Road","-8","PM2.5","UG/M3","9","Oregon Dept. of Environmental Quality"
"08/22/26","02:00","410670111","Beaverton - Highland","-8","PM2.5","UG/M3","7.8","Oregon Dept. of Environmental Quality"
"08/22/26","03:00","410050004","Portland - Spangler","-8","PM2.5","UG/M3","8.1","Oregon Dept. of Environmental Quality"
"08/22/26","03:00","410050102","Multorpor","-8","PM2.5","UG/M3","21.7","Oregon Dept. of Environmental Quality"
"08/22/26","03:00","410510080","Portland - SE Lafaye","-8","PM2.5","UG/M3","10.5","Oregon Dept. of Environmental Quality"
"08/22/26","03:00","410670004","Hillsboro - Hare Fie","-8","PM2.5","UG/M3","8.4","Oregon Dept. of Environmental Quality"
"08/22/26","03:00","410670005","Portland Near Road","-8","PM2.5","UG/M3","9.5","Oregon Dept. of Environmental Quality"
"08/22/26","03:00","410670111","Beaverton - Highland","-8","PM2.5","UG/M3","8.6","Oregon Dept. of Environmental Quality"
"08/22/26","04:00","410050004","Portland - Spangler","-8","PM2.5","UG/M3","8.7","Oregon Dept. of Environmental Quality"
"08/22/26","04:00","410050102","Multorpor","-8","PM2.5","UG/M3","11.6","Oregon Dept. of Environmental Quality"
"08/22/26","04:00","410510080","Portland - SE Lafaye","-8","PM2.5","UG/M3","11.2","Oregon Dept. of Environmental Quality"
"08/22/26","04:00","410670004","Hillsboro - Hare Fie","-8","PM2.5","UG/M3","8.9","Oregon Dept. of Environmental Quality"
"08/22/26","04:00","410670005","Portland Near Road","-8","PM2.5","UG/M3","10.4","Oregon Dept. of Environmental Quality"
"08/22/26","04:00","410670111","Beaverton - Highland","-8","PM2.5","UG/M3","10.4","Oregon Dept. of Environmental Quality"
"08/22/26","05:00","410050004","Portland - Spangler","-8","PM2.5","UG/M3","8.9","Oregon Dept. of Environmental Quality"
"08/22/26","05:00","410050102","Multorpor","-8","PM2.5","UG/M3","5.5","Oregon Dept. of Environmental Quality"
"08/22/26","05:00","410510080","Portland - SE Lafaye","-8","PM2.5","UG/M3","10.4","Oregon Dept. of Environmental Quality"
"08/22/26","05:00","410670004","Hillsboro - Hare Fie","-8","PM2.5","UG/M3","8.1","Oregon Dept. of Environmental Quality"
"08/22/26","05:00","410670005","Portland Near Road","-8","PM2.5","UG/M3","10.9","Oregon Dept. of Environmental Quality"
"08/22/26","05:00","410670111","Beaverton - Highland","-8","PM2.5","UG/M3","10.1","Oregon Dept. of Environmental Quality"
"08/22/26","06:00","410050004","Portland - Spangler","-8","PM2.5","UG/M3","7.8","Oregon Dept. of Environmental Quality"
"08/22/26","06:00","410050102","Multorpor","-8","PM2.5","UG/M3","4.8","Oregon Dept. of Environmental Quality"
"08/22/26","06:00","410510080","Portland - SE Lafaye","-8","PM2.5","UG/M3","7.8","Oregon Dept. of Environmental Quality"
"08/22/26","06:00","410670004","Hillsboro - Hare Fie","-8","PM2.5","UG/M3","5","Oregon Dept. of Environmental Quality"
"08/22/26","06:00","410670005","Portland Near Road","-8","PM2.5","UG/M3","10.9","Oregon Dept. of Environmental Quality"
"08/22/26","06:00","410670111","Beaverton - Highland","-8","PM2.5","UG/M3","9.4","Oregon Dept. of Environmental Quality"
"08/22/26","07:00","410050004","Portland - Spangler","-8","PM2.5","UG/M3","4.6","Oregon Dept. of Environmental Quality"
"08/22/26","07:00","410050102","Multorpor","-8","PM2.5","UG/M3","4.8","Oregon Dept. of Environmental Quality"
"08/22/26","07:00","410510080","Portland - SE Lafaye","-8","PM2.5","UG/M3","7.5","Oregon Dept. of Environmental Quality"
"08/22/26","07:00","410670004","Hillsboro - Hare Fie","-8","PM2.5","UG/M3","4.1","Oregon Dept. of Environmental Quality"
"08/22/26","07:00","410670005","Portland Near Road","-8","PM2.5","UG/M3","9.4","Oregon Dept. of Environmental Quality"
"08/22/26","07:00","410670111","Beaverton - Highland","-8","PM2.5","UG/M3","9.3","Oregon Dept. of Environmental Quality"
"08/22/26","08:00","410050004","Portland - Spangler","-8","PM2.5","UG/M3","3.6","Oregon Dept. of Environmental Quality"
"08/22/26","08:00","410050102","Multorpor","-8","PM2.5","UG/M3","5.4","Oregon Dept. of Environmental Quality"
"08/22/26","08:00","410510080","Portland - SE Lafaye","-8","PM2.5","UG/M3","7.2","Oregon Dept. of Environmental Quality"
"08/22/26","08:00","410670004","Hillsboro - Hare Fie","-8","PM2.5","UG/M3","3.8","Oregon Dept. of Environmental Quality"
"08/22/26","08:00","410670005","Portland Near Road","-8","PM2.5","UG/M3","4.9","Oregon Dept. of Environmental Quality"
"08/22/26","08:00","410670111","Beaverton - Highland","-8","PM2.5","UG/M3","6.1","Oregon Dept. of Environmental Quality"
"08/22/26","09:00","410050004","Portland - Spangler","-8","PM2.5","UG/M3","3.7","Oregon Dept. of Environmental Quality"
"08/22/26","09:00","410050102","Multorpor","-8","PM2.5","UG/M3","7.3","Oregon Dept. of Environmental Quality"
"08/22/26","09:00","410510080","Portland - SE Lafaye","-8","PM2.5","UG/M3","6.4","Oregon Dept. of Environmental Quality"
"08/22/26","09:00","410670004","Hillsboro - Hare Fie","-8","PM2.5","UG/M3","3.6","Oregon Dept. of Environmental Quality"
"08/22/26","09:00","410670005","Portland Near Road","-8","PM2.5","UG/M3","3.9","Oregon Dept. of Environmental Quality"
"08/22/26","09:00","410670111","Beaverton - Highland","-8","PM2.5","UG/M3","4.1","Oregon Dept. of Environmental Quality"
"08/22/26","10:00","410050004","Portland - Spangler","-8","PM2.5","UG/M3","3.7","Oregon Dept. of Environmental Quality"
"08/22/26","10:00","410050102","Multorpor","-8","PM2.5","UG/M3","6.9","Oregon Dept. of Environmental Quality"
"08/22/26","10:00","410510080","Portland - SE Lafaye","-8","PM2.5","UG/M3","6","Oregon Dept. of Environmental Quality"
"08/22/26","10:00","410670004","Hillsboro - Hare Fie","-8","PM2.5","UG/M3","3.5","Oregon Dept. of Environmental Quality"
"08/22/26","10:00","410670005","Portland Near Road","-8","PM2.5","UG/M3","4.1","Oregon Dept. of Environmental Quality"
"08/22/26","10:00","410670111","Beaverton - Highland","-8","PM2.5","UG/M3","3.3","Oregon Dept. of Environmental Quality"
"08/22/26","11:00","410050004","Portland - Spangler","-8","PM2.5","UG/M3","3.7","Oregon Dept. of Environmental Quality"
"08/22/26","11:00","410050102","Multorpor","-8","PM2.5","UG/M3","6.1","Oregon Dept. of Environmental Quality"
"08/22/26","11:00","410510080","Portland - SE Lafaye","-8","PM2.5","UG/M3","4.6","Oregon Dept. of Environmental Quality"
"08/22/26","11:00","410670004","Hillsboro - Hare Fie","-8","PM2.5","UG/M3","3.4","Oregon Dept. of Environmental Quality"
"08/22/26","11:00","410670005","Portland Near Road","-8","PM2.5","UG/M3","3.9","Oregon Dept. of Environmental Quality"
"08/22/26","11:00","410670111","Beaverton - Highland","-8","PM2.5","UG/M3","3.3","Oregon Dept. of Environmental Quality"
"08/22/26","12:00","410050004","Portland - Spangler","-8","PM2.5","UG/M3","3.8","Oregon Dept. of Environmental Quality"
"08/22/26","12:00","410050102","Multorpor","-8","PM2.5","UG/M3","5.2","Oregon Dept. of Environmental Quality"
"08/22/26","12:00","410510080","Portland - SE Lafaye","-8","PM2.5","UG/M3","4.5","Oregon Dept. of Environmental Quality"
"08/22/26","12:00","410670004","Hillsboro - Hare Fie","-8","PM2.5","UG/M3","3.2","Oregon Dept. of Environmental Quality"
"08/22/26","12:00","410670005","Portland Near Road","-8","PM2.5","UG/M3","4.2","Oregon Dept. of Environmental Quality"
"08/22/26","12:00","410670111","Beaverton - Highland","-8","PM2.5","UG/M3","3.4","Oregon Dept. of Environmental Quality"
"08/22/26","13:00","410050004","Portland - Spangler","-8","PM2.5","UG/M3","4.1","Oregon Dept. of Environmental Quality"
"08/22/26","13:00","410050102","Multorpor","-8","PM2.5","UG/M3","3.6","Oregon Dept. of Environmental Quality"
"08/22/26","13:00","410510080","Portland - SE Lafaye","-8","PM2.5","UG/M3","4.5","Oregon Dept. of Environmental Quality"
"08/22/26","13:00","410670004","Hillsboro - Hare Fie","-8","PM2.5","UG/M3","3.4","Oregon Dept. of Environmental Quality"
"08/22/26","13:00","410670005","Portland Near Road","-8","PM2.5","UG/M3","4","Oregon Dept. of Environmental Quality"
"08/22/26","13:00","410670111","Beaverton - Highland","-8","PM2.5","UG/M3","3.4","Oregon Dept. of Environmental Quality"
"08/22/26","14:00","410050004","Portland - Spangler","-8","PM2.5","UG/M3","3.9","Oregon Dept. of Environmental Quality"
"08/22/26","14:00","410050102","Multorpor","-8","PM2.5","UG/M3","3.6","Oregon Dept. of Environmental Quality"
"08/22/26","14:00","410510080","Portland - SE Lafaye","-8","PM2.5","UG/M3","4","Oregon Dept. of Environmental Quality"
"08/22/26","14:00","410670004","Hillsboro - Hare Fie","-8","PM2.5","UG/M3","3.2","Oregon Dept. of Environmental Quality"
"08/22/26","14:00","410670005","Portland Near Road","-8","PM2.5","UG/M3","4","Oregon Dept. of Environmental Quality"
"08/22/26","14:00","410670111","Beaverton - Highland","-8","PM2.5","UG/M3","3","Oregon Dept. of Environmental Quality"
"08/22/26","15:00","410050004","Portland - Spangler","-8","PM2.5","UG/M3","3.6","Oregon Dept. of Environmental Quality"
"08/22/26","15:00","410050102","Multorpor","-8","PM2.5","UG/M3","4.6","Oregon Dept. of Environmental Quality"
"08/22/26","15:00","410510080","Portland - SE Lafaye","-8","PM2.5","UG/M3","4.6","Oregon Dept. of Environmental Quality"
"08/22/26","15:00","410670004","Hillsboro - Hare Fie","-8","PM2.5","UG/M3","2.1","Oregon Dept. of Environmental Quality"
"08/22/26","15:00","410670005","Portland Near Road","-8","PM2.5","UG/M3","4.8","Oregon Dept. of Environmental Quality"
"08/22/26","15:00","410670111","Beaverton - Highland","-8","PM2.5","UG/M3","3.4","Oregon Dept. of Environmental Quality"
"08/22/26","16:00","410050004","Portland - Spangler","-8","PM2.5","UG/M3","4.1","Oregon Dept. of Environmental Quality"
"08/22/26","16:00","410050102","Multorpor","-8","PM2.5","UG/M3","3.8","Oregon Dept. of Environmental Quality"
"08/22/26","16:00","410510080","Portland - SE Lafaye","-8","PM2.5","UG/M3","5.6","Oregon Dept. of Environmental Quality"
"08/22/26","16:00","410670004","Hillsboro - Hare Fie","-8","PM2.5","UG/M3","2.6","Oregon Dept. of Environmental Quality"
"08/22/26","16:00","410670005","Portland Near Road","-8","PM2.5","UG/M3","4.3","Oregon Dept. of Environmental Quality"
"08/22/26","16:00","410670111","Beaverton - Highland","-8","PM2.5","UG/M3","3.2","Oregon Dept. of Environmental Quality"
"08/22/26","17:00","410050004","Portland - Spangler","-8","PM2.5","UG/M3","4","Oregon Dept. of Environmental Quality"
"08/22/26","17:00","410050102","Multorpor","-8","PM2.5","UG/M3","2.8","Oregon Dept. of Environmental Quality"
"08/22/26","17:00","410510080","Portland - SE Lafaye","-8","PM2.5","UG/M3","4.3","Oregon Dept. of Environmental Quality"
"08/22/26","17:00","410670004","Hillsboro - Hare Fie","-8","PM2.5","UG/M3","3.3","Oregon Dept. of Environmental Quality"
"08/22/26","17:00","410670005","Portland Near Road","-8","PM2.5","UG/M3","4.3","Oregon Dept. of Environmental Quality"
"08/22/26","17:00","410670111","Beaverton - Highland","-8","PM2.5","UG/M3","3.2","Oregon Dept. of Environmental Quality"
"08/22/26","18:00","410050004","Portland - Spangler","-8","PM2.5","UG/M3","4.1","Oregon Dept. of Environmental Quality"
"08/22/26","18:00","410050102","Multorpor","-8","PM2.5","UG/M3","4.1","Oregon Dept. of Environmental Quality"
"08/22/26","18:00","410510080","Portland - SE Lafaye","-8","PM2.5","UG/M3","4.1","Oregon Dept. of Environmental Quality"
"08/22/26","18:00","410670004","Hillsboro - Hare Fie","-8","PM2.5","UG/M3","4","Oregon Dept. of Environmental Quality"
"08/22/26","18:00","410670005","Portland Near Road","-8","PM2.5","UG/M3","4.1","Oregon Dept. of Environmental Quality"
"08/22/26","18:00","410670111","Beaverton - Highland","-8","PM2.5","UG/M3","3.6","Oregon Dept. of Environmental Quality"
"08/22/26","19:00","410050004","Portland - Spangler","-8","PM2.5","UG/M3","4.1","Oregon Dept. of Environmental Quality"
"08/22/26","19:00","410050102","Multorpor","-8","PM2.5","UG/M3","4.8","Oregon Dept. of Environmental Quality"
"08/22/26","19:00","410510080","Portland - SE Lafaye","-8","PM2.5","UG/M3","4.2","Oregon Dept. of Environmental Quality"
"08/22/26","19:00","410670004","Hillsboro - Hare Fie","-8","PM2.5","UG/M3","4","Oregon Dept. of Environmental Quality"
"08/22/26","19:00","410670005","Portland Near Road","-8","PM2.5","UG/M3","3.5","Oregon Dept. of Environmental Quality"
"08/22/26","19:00","410670111","Beaverton - Highland","-8","PM2.5","UG/M3","3.3","Oregon Dept. of Environmental Quality"
"08/22/26","20:00","410050004","Portland - Spangler","-8","PM2.5","UG/M3","3.6","Oregon Dept. of Environmental Quality"
"08/22/26","20:00","410050102","Multorpor","-8","PM2.5","UG/M3","3.6","Oregon Dept. of Environmental Quality"
"08/22/26","20:00","410510080","Portland - SE Lafaye","-8","PM2.5","UG/M3","4.1","Oregon Dept. of Environmental Quality"
"08/22/26","20:00","410670004","Hillsboro - Hare Fie","-8","PM2.5","UG/M3","3.9","Oregon Dept. of Environmental Quality"
"08/22/26","20:00","410670005","Portland Near Road","-8","PM2.5","UG/M3","3.6","Oregon Dept. of Environmental Quality"
"08/22/26","20:00","410670111","Beaverton - Highland","-8","PM2.5","UG/M3","3.2","Oregon Dept. of Environmental Quality"
"08/22/26","21:00","410050004","Portland - Spangler","-8","PM2.5","UG/M3","3.9","Oregon Dept. of Environmental Quality"
"08/22/26","21:00","410050102","Multorpor","-8","PM2.5","UG/M3","3","Oregon Dept. of Environmental Quality"
"08/22/26","21:00","410510080","Portland - SE Lafaye","-8","PM2.5","UG/M3","3.9","Oregon Dept. of Environmental Quality"
"08/22/26","21:00","410670004","Hillsboro - Hare Fie","-8","PM2.5","UG/M3","3.5","Oregon Dept. of Environmental Quality"
"08/22/26","21:00","410670005","Portland Near Road","-8","PM2.5","UG/M3","4.6","Oregon Dept. of Environmental Quality"
"08/22/26","21:00","410670111","Beaverton - Highland","-8","PM2.5","UG/M3","3.3","Oregon Dept. of Environmental Quality"
"08/22/26","22:00","410050004","Portland - Spangler","-8","PM2.5","UG/M3","3.8","Oregon Dept. of Environmental Quality"
"08/22/26","22:00","410050102","Multorpor","-8","PM2.5","UG/M3","3","Oregon Dept. of Environmental Quality"
"08/22/26","22:00","410510080","Portland - SE Lafaye","-8","PM2.5","UG/M3","4.5","Oregon Dept. of Environmental Quality"
"08/22/26","22:00","410670004","Hillsboro - Hare Fie","-8","PM2.5","UG/M3","3.3","Oregon Dept. of Environmental Quality"
"08/22/26","22:00","410670005","Portland Near Road","-8","PM2.5","UG/M3","4.5","Oregon Dept. of Environmental Quality"
"08/22/26","22:00","410670111","Beaverton - Highland","-8","PM2.5","UG/M3","3.6","Oregon Dept. of Environmental Quality"
"08/22/26","23:00","410050004","Portland - Spangler","-8","PM2.5","UG/M3","3.3","Oregon Dept. of Environmental Quality"
"08/22/26","23:00","410050102","Multorpor","-8","PM2.5","UG/M3","3","Oregon Dept. of Environmental Quality"
"08/22/26","23:00","410510080","Portland - SE Lafaye","-8","PM2.5","UG/M3","4.4","Oregon Dept. of Environmental Quality"
"08/22/26","23:00","410670004","Hillsboro - Hare Fie","-8","PM2.5","UG/M3","3.1","Oregon Dept. of Environmental Quality"
"08/22/26","23:00","410670005","Portland Near Road","-8","PM2.5","UG/M3","3.8","Oregon Dept. of Environmental Quality"
"08/22/26","23:00","410670111","Beaverton - Highland","-8","PM2.5","UG/M3","3","Oregon Dept. of Environmental Quality"
"08/23/26","00:00","410050004","Portland - Spangler","-8","PM2.5","UG/M3","2.7","Oregon Dept. of Environmental Quality"
"08/23/26","00:00","410050102","Multorpor","-8","PM2.5","UG/M3","2.8","Oregon Dept. of Environmental Quality"
"08/23/26","00:00","410510080","Portland - SE Lafaye","-8","PM2.5","UG/M3","3.7","Oregon Dept. of Environmental Quality"
"08/23/26","00:00","410670004","Hillsboro - Hare Fie","-8","PM2.5","UG/M3","3","Oregon Dept. of Environmental Quality"
"08/23/26","00:00","410670005","Portland Near Road","-8","PM2.5","UG/M3","3.4","Oregon Dept. of Environmental Quality"
"08/23/26","00:00","410670111","Beaverton - Highland","-8","PM2.5","UG/M3","2.6","Oregon Dept. of Environmental Quality"
"08/23/26","01:00","410050004","Portland - Spangler","-8","PM2.5","UG/M3","2.6","Oregon Dept. of Environmental Quality"
"08/23/26","01:00","410050102","Multorpor","-8","PM2.5","UG/M3","2.9","Oregon Dept. of Environmental Quality"
"08/23/26","01:00","410510080","Portland - SE Lafaye","-8","PM2.5","UG/M3","3.2","Oregon Dept. of Environmental Quality"
"08/23/26","01:00","410670004","Hillsboro - Hare Fie","-8","PM2.5","UG/M3","2.3","Oregon Dept. of Environmental Quality"
"08/23/26","01:00","410670005","Portland Near Road","-8","PM2.5","UG/M3","3","Oregon Dept. of Environmental Quality"
"08/23/26","01:00","410670111","Beaverton - Highland","-8","PM2.5","UG/M3","2.5","Oregon Dept. of Environmental Quality"
"08/23/26","02:00","410050004","Portland - Spangler","-8","PM2.5","UG/M3","2.2","Oregon Dept. of Environmental Quality"
"08/23/26","02:00","410050102","Multorpor","-8","PM2.5","UG/M3","4.9","Oregon Dept. of Environmental Quality"
"08/23/26","02:00","410510080","Portland - SE Lafaye","-8","PM2.5","UG/M3","5.1","Oregon Dept. of Environmental Quality"
"08/23/26","02:00","410670004","Hillsboro - Hare Fie","-8","PM2.5","UG/M3","1.9","Oregon Dept. of Environmental Quality"
"08/23/26","02:00","410670005","Portland Near Road","-8","PM2.5","UG/M3","2.5","Oregon Dept. of Environmental Quality"
"08/23/26","02:00","410670111","Beaverton - Highland","-8","PM2.5","UG/M3","2","Oregon Dept. of Environmental Quality"
"08/23/26","03:00","410050004","Portland - Spangler","-8","PM2.5","UG/M3","1.9","Oregon Dept. of Environmental Quality"
"08/23/26","03:00","410050102","Multorpor","-8","PM2.5","UG/M3","5.3","Oregon Dept. of Environmental Quality"
"08/23/26","03:00","410510080","Portland - SE Lafaye","-8","PM2.5","UG/M3","2.3","Oregon Dept. of Environmental Quality"
"08/23/26","03:00","410670004","Hillsboro - Hare Fie","-8","PM2.5","UG/M3","1.5","Oregon Dept. of Environmental Quality"
"08/23/26","03:00","410670005","Portland Near Road","-8","PM2.5","UG/M3","2.3","Oregon Dept. of Environmental Quality"
"08/23/26","03:00","410670111","Beaverton - Highland","-8","PM2.5","UG/M3","1.8","Oregon Dept. of Environmental Quality"
"08/23/26","04:00","410050004","Portland - Spangler","-8","PM2.5","UG/M3","1.9","Oregon Dept. of Environmental Quality"
"08/23/26","04:00","410050102","Multorpor","-8","PM2.5","UG/M3","2.7","Oregon Dept. of Environmental Quality"
"08/23/26","04:00","410510080","Portland - SE Lafaye","-8","PM2.5","UG/M3","2.3","Oregon Dept. of Environmental Quality"
"08/23/26","04:00","410670004","Hillsboro - Hare Fie","-8","PM2.5","UG/M3","1.7","Oregon Dept. of Environmental Quality"
"08/23/26","04:00","410670005","Portland Near Road","-8","PM2.5","UG/M3","2.2","Oregon Dept. of Environmental Quality"
"08/23/26","04:00","410670111","Beaverton - Highland","-8","PM2.5","UG/M3","1.7","Oregon Dept. of Environmental Quality"
"08/23/26","05:00","410050004","Portland - Spangler","-8","PM2.5","UG/M3","1.7","Oregon Dept. of Environmental Quality"
"08/23/26","05:00","410050102","Multorpor","-8","PM2.5","UG/M3","1.7","Oregon Dept. of Environmental Quality"
"08/23/26","05:00","410510080","Portland - SE Lafaye","-8","PM2.5","UG/M3","2.1","Oregon Dept. of Environmental Quality"
"08/23/26","05:00","410670004","Hillsboro - Hare Fie","-8","PM2.5","UG/M3","1.5","Oregon Dept. of Environmental Quality"
"08/23/26","05:00","410670005","Portland Near Road","-8","PM2.5","UG/M3","2.3","Oregon Dept. of Environmental Quality"
"08/23/26","05:00","410670111","Beaverton - Highland","-8","PM2.5","UG/M3","1.6","Oregon Dept. of Environmental Quality"
"08/23/26","06:00","410050004","Portland - Spangler","-8","PM2.5","UG/M3","1.8","Oregon Dept. of Environmental Quality"
"08/23/26","06:00","410050102","Multorpor","-8","PM2.5","UG/M3","1.6","Oregon Dept. of Environmental Quality"
"08/23/26","06:00","410510080","Portland - SE Lafaye","-8","PM2.5","UG/M3","2","Oregon Dept. of Environmental Quality"
"08/23/26","06:00","410670004","Hillsboro - Hare Fie","-8","PM2.5","UG/M3","1.4","Oregon Dept. of Environmental Quality"
"08/23/26","06:00","410670005","Portland Near Road","-8","PM2.5","UG/M3","1.9","Oregon Dept. of Environmental Quality"
"08/23/26","06:00","410670111","Beaverton - Highland","-8","PM2.5","UG/M3","1.6","Oregon Dept. of Environmental Quality"
"08/23/26","07:00","410050004","Portland - Spangler","-8","PM2.5","UG/M3","1.7","Oregon Dept. of Environmental Quality"
"08/23/26","07:00","410050102","Multorpor","-8","PM2.5","UG/M3","1.7","Oregon Dept. of Environmental Quality"
"08/23/26","07:00","410510080","Portland - SE Lafaye","-8","PM2.5","UG/M3","2","Oregon Dept. of Environmental Quality"
"08/23/26","07:00","410670004","Hillsboro - Hare Fie","-8","PM2.5","UG/M3","1.4","Oregon Dept. of Environmental Quality"
"08/23/26","07:00","410670005","Portland Near Road","-8","PM2.5","UG/M3","1.8","Oregon Dept. of Environmental Quality"
"08/23/26","07:00","410670111","Beaverton - Highland","-8","PM2.5","UG/M3","1.6","Oregon Dept. of Environmental Quality"
"08/23/26","08:00","410050004","Portland - Spangler","-8","PM2.5","UG/M3","1.7","Oregon Dept. of Environmental Quality"
"08/23/26","08:00","410050102","Multorpor","-8","PM2.5","UG/M3","1.8","Oregon Dept. of Environmental Quality"
"08/23/26","08:00","410510080","Portland - SE Lafaye","-8","PM2.5","UG/M3","1.9","Oregon Dept. of Environmental Quality"
"08/23/26","08:00","410670004","Hillsboro - Hare Fie","-8","PM2.5","UG/M3","1.5","Oregon Dept. of Environmental Quality"
"08/23/26","08:00","410670005","Portland Near Road","-8","PM2.5","UG/M3","1.9","Oregon Dept. of Environmental Quality"
"08/23/26","08:00","410670111","Beaverton - Highland","-8","PM2.5","UG/M3","1.5","Oregon Dept. of Environmental Quality"
"08/23/26","09:00","410050004","Portland - Spangler","-8","PM2.5","UG/M3","1.6","Oregon Dept. of Environmental Quality"
"08/23/26","09:00","410050102","Multorpor","-8","PM2.5","UG/M3","1.9","Oregon Dept. of Environmental Quality"
"08/23/26","09:00","410510080","Portland - SE Lafaye","-8","PM2.5","UG/M3","2","Oregon Dept. of Environmental Quality"
"08/23/26","09:00","410670004","Hillsboro - Hare Fie","-8","PM2.5","UG/M3","1.4","Oregon Dept. of Environmental Quality"
"08/23/26","09:00","410670005","Portland Near Road","-8","PM2.5","UG/M3","1.9","Oregon Dept. of Environmental Quality"
"08/23/26","09:00","410670111","Beaverton - Highland","-8","PM2.5","UG/M3","1.6","Oregon Dept. of Environmental Quality"
"08/23/26","10:00","410050004","Portland - Spangler","-8","PM2.5","UG/M3","1.6","Oregon Dept. of Environmental Quality"
"08/23/26","10:00","410050102","Multorpor","-8","PM2.5","UG/M3","2.2","Oregon Dept. of Environmental Quality"
"08/23/26","10:00","410510080","Portland - SE Lafaye","-8","PM2.5","UG/M3","2","Oregon Dept. of Environmental Quality"
"08/23/26","10:00","410670004","Hillsboro - Hare Fie","-8","PM2.5","UG/M3","1.5","Oregon Dept. of Environmental Quality"
"08/23/26","10:00","410670005","Portland Near Road","-8","PM2.5","UG/M3","1.8","Oregon Dept. of Environmental Quality"
"08/23/26","10:00","410670111","Beaverton - Highland","-8","PM2.5","UG/M3","1.6","Oregon Dept. of Environmental Quality"
"08/23/26","11:00","410050004","Portland - Spangler","-8","PM2.5","UG/M3","1.7","Oregon Dept. of Environmental Quality"
"08/23/26","11:00","410050102","Multorpor","-8","PM2.5","UG/M3","2.5","Oregon Dept. of Environmental Quality"
"08/23/26","11:00","410510080","Portland - SE Lafaye","-8","PM2.5","UG/M3","1.9","Oregon Dept. of Environmental Quality"
"08/23/26","11:00","410670004","Hillsboro - Hare Fie","-8","PM2.5","UG/M3","1.5","Oregon Dept. of Environmental Quality"
"08/23/26","11:00","410670005","Portland Near Road","-8","PM2.5","UG/M3","1.9","Oregon Dept. of Environmental Quality"
"08/23/26","11:00","410670111","Beaverton - Highland","-8","PM2.5","UG/M3","1.7","Oregon Dept. of Environmental Quality"
"08/23/26","12:00","410050004","Portland - Spangler","-8","PM2.5","UG/M3","1.8","Oregon Dept. of Environmental Quality"
"08/23/26","12:00","410050102","Multorpor","-8","PM2.5","UG/M3","2.5","Oregon Dept. of Environmental Quality"
"08/23/26","12:00","410510080","Portland - SE Lafaye","-8","PM2.5","UG/M3","2.1","Oregon Dept. of Environmental Quality"
"08/23/26","12:00","410670004","Hillsboro - Hare Fie","-8","PM2.5","UG/M3","1.8","Oregon Dept. of Environmental Quality"
"08/23/26","12:00","410670005","Portland Near Road","-8","PM2.5","UG/M3","1.9","Oregon Dept. of Environmental Quality"
"08/23/26","12:00","410670111","Beaverton - Highland","-8","PM2.5","UG/M3","1.7","Oregon Dept. of Environmental Quality"
"08/23/26","13:00","410050004","Portland - Spangler","-8","PM2.5","UG/M3","1.8","Oregon Dept. of Environmental Quality"
"08/23/26","13:00","410050102","Multorpor","-8","PM2.5","UG/M3","1.7","Oregon Dept. of Environmental Quality"
"08/23/26","13:00","410510080","Portland - SE Lafaye","-8","PM2.5","UG/M3","2.1","Oregon Dept. of Environmental Quality"
"08/23/26","13:00","410670004","Hillsboro - Hare Fie","-8","PM2.5","UG/M3","1.7","Oregon Dept. of Environmental Quality"
"08/23/26","13:00","410670005","Portland Near Road","-8","PM2.5","UG/M3","2","Oregon Dept. of Environmental Quality"
"08/23/26","13:00","410670111","Beaverton - Highland","-8","PM2.5","UG/M3","1.7","Oregon Dept. of Environmental Quality"
"08/23/26","14:00","410050004","Portland - Spangler","-8","PM2.5","UG/M3","1.9","Oregon Dept. of Environmental Quality"
"08/23/26","14:00","410050102","Multorpor","-8","PM2.5","UG/M3","1.6","Oregon Dept. of Environmental Quality"
"08/23/26","14:00","410510080","Portland - SE Lafaye","-8","PM2.5","UG/M3","2.1","Oregon Dept. of Environmental Quality"
"08/23/26","14:00","410670004","Hillsboro - Hare Fie","-8","PM2.5","UG/M3","1.7","Oregon Dept. of Environmental Quality"
"08/23/26","14:00","410670005","Portland Near Road","-8","PM2.5","UG/M3","2.2","Oregon Dept. of Environmental Quality"
"08/23/26","14:00","410670111","Beaverton - Highland","-8","PM2.5","UG/M3","1.8","Oregon Dept. of Environmental Quality"
"08/23/26","15:00","410050004","Portland - Spangler","-8","PM2.5","UG/M3","1.9","Oregon Dept. of Environmental Quality"
"08/23/26","15:00","410050102","Multorpor","-8","PM2.5","UG/M3","2.3","Oregon Dept. of Environmental Quality"
"08/23/26","15:00","410510080","Portland - SE Lafaye","-8","PM2.5","UG/M3","2.1","Oregon Dept. of Environmental Quality"
"08/23/26","15:00","410670004","Hillsboro - Hare Fie","-8","PM2.5","UG/M3","1.8","Oregon Dept. of Environmental Quality"
"08/23/26","15:00","410670005","Portland Near Road","-8","PM2.5","UG/M3","2.2","Oregon Dept. of Environmental Quality"
"08/23/26","15:00","410670111","Beaverton - Highland","-8","PM2.5","UG/M3","1.9","Oregon Dept. of Environmental Quality"
"08/23/26","16:00","410050004","Portland - Spangler","-8","PM2.5","UG/M3","2","Oregon Dept. of Environmental Quality"
"08/23/26","16:00","410050102","Multorpor","-8","PM2.5","UG/M3","2.3","Oregon Dept. of Environmental Quality"
"08/23/26","16:00","410510080","Portland - SE Lafaye","-8","PM2.5","UG/M3","2.1","Oregon Dept. of Environmental Quality"
"08/23/26","16:00","410670004","Hillsboro - Hare Fie","-8","PM2.5","UG/M3","1.7","Oregon Dept. of Environmental Quality"
"08/23/26","16:00","410670005","Portland Near Road","-8","PM2.5","UG/M3","2.1","Oregon Dept. of Environmental Quality"
"08/23/26","16:00","410670111","Beaverton - Highland","-8","PM2.5","UG/M3","1.9","Oregon Dept. of Environmental Quality"
"08/23/26","17:00","410050004","Portland - Spangler","-8","PM2.5","UG/M3","2","Oregon Dept. of Environmental Quality"
"08/23/26","17:00","410050102","Multorpor","-8","PM2.5","UG/M3","2.2","Oregon Dept. of Environmental Quality"
"08/23/26","17:00","410510080","Portland - SE Lafaye","-8","PM2.5","UG/M3","2.2","Oregon Dept. of Environmental Quality"
"08/23/26","17:00","410670004","Hillsboro - Hare Fie","-8","PM2.5","UG/M3","1.8","Oregon Dept. of Environmental Quality"
"08/23/26","17:00","410670005","Portland Near Road","-8","PM2.5","UG/M3","2","Oregon Dept. of Environmental Quality"
"08/23/26","17:00","410670111","Beaverton - Highland","-8","PM2.5","UG/M3","1.6","Oregon Dept. of Environmental Quality"
"08/23/26","18:00","410050004","Portland - Spangler","-8","PM2.5","UG/M3","2","Oregon Dept. of Environmental Quality"
"08/23/26","18:00","410050102","Multorpor","-8","PM2.5","UG/M3","1.8","Oregon Dept. of Environmental Quality"
"08/23/26","18:00","410510080","Portland - SE Lafaye","-8","PM2.5","UG/M3","2.2","Oregon Dept. of Environmental Quality"
"08/23/26","18:00","410670004","Hillsboro - Hare Fie","-8","PM2.5","UG/M3","1.6","Oregon Dept. of Environmental Quality"
"08/23/26","18:00","410670005","Portland Near Road","-8","PM2.5","UG/M3","2.2","Oregon Dept. of Environmental Quality"
"08/23/26","18:00","410670111","Beaverton - Highland","-8","PM2.5","UG/M3","1.6","Oregon Dept. of Environmental Quality"
"08/23/26","19:00","410050004","Portland - Spangler","-8","PM2.5","UG/M3","2.1","Oregon Dept. of Environmental Quality"
"08/23/26","19:00","410050102","Multorpor","-8","PM2.5","UG/M3","1.8","Oregon Dept. of Environmental Quality"
"08/23/26","19:00","410510080","Portland - SE Lafaye","-8","PM2.5","UG/M3","2.3","Oregon Dept. of Environmental Quality"
"08/23/26","19:00","410670004","Hillsboro - Hare Fie","-8","PM2.5","UG/M3","1.6","Oregon Dept. of Environmental Quality"
"08/23/26","19:00","410670005","Portland Near Road","-8","PM2.5","UG/M3","2.3","Oregon Dept. of Environmental Quality"
"08/23/26","19:00","410670111","Beaverton - Highland","-8","PM2.5","UG/M3","1.7","Oregon Dept. of Environmental Quality"
"08/23/26","20:00","410050004","Portland - Spangler","-8","PM2.5","UG/M3","2.2","Oregon Dept. of Environmental Quality"
"08/23/26","20:00","410050102","Multorpor","-8","PM2.5","UG/M3","1.8","Oregon Dept. of Environmental Quality"
"08/23/26","20:00","410510080","Portland - SE Lafaye","-8","PM2.5","UG/M3","2.6","Oregon Dept. of Environmental Quality"
"08/23/26","20:00","410670004","Hillsboro - Hare Fie","-8","PM2.5","UG/M3","1.6","Oregon Dept. of Environmental Quality"
"08/23/26","20:00","410670005","Portland Near Road","-8","PM2.5","UG/M3","2.4","Oregon Dept. of Environmental Quality"
"08/23/26","20:00","410670111","Beaverton - Highland","-8","PM2.5","UG/M3","1.8","Oregon Dept. of Environmental Quality"
"08/23/26","21:00","410050004","Portland - Spangler","-8","PM2.5","UG/M3","2.3","Oregon Dept. of Environmental Quality"
"08/23/26","21:00","410050102","Multorpor","-8","PM2.5","UG/M3","1.9","Oregon Dept. of Environmental Quality"
"08/23/26","21:00","410510080","Portland - SE Lafaye","-8","PM2.5","UG/M3","2.6","Oregon Dept. of Environmental Quality"
"08/23/26","21:00","410670004","Hillsboro - Hare Fie","-8","PM2.5","UG/M3","1.8","Oregon Dept. of Environmental Quality"
"08/23/26","21:00","410670005","Portland Near Road","-8","PM2.5","UG/M3","2.5","Oregon Dept. of Environmental Quality"
"08/23/26","21:00","410670111","Beaverton - Highland","-8","PM2.5","UG/M3","1.9","Oregon Dept. of Environmental Quality"
"08/23/26","22:00","410050004","Portland - Spangler","-8","PM2.5","UG/M3","2.4","Oregon Dept. of Environmental Quality"
"08/23/26","22:00","410050102","Multorpor","-8","PM2.5","UG/M3","1.9","Oregon Dept. of Environmental Quality"
"08/23/26","22:00","410510080","Portland - SE Lafaye","-8","PM2.5","UG/M3","2.6","Oregon Dept. of Environmental Quality"
"08/23/26","22:00","410670004","Hillsboro - Hare Fie","-8","PM2.5","UG/M3","1.8","Oregon Dept. of Environmental Quality"
"08/23/26","22:00","410670005","Portland Near Road","-8","PM2.5","UG/M3","2.7","Oregon Dept. of Environmental Quality"
"08/23/26","22:00","410670111","Beaverton - Highland","-8","PM2.5","UG/M3","2.1","Oregon Dept. of Environmental Quality"
"08/23/26","23:00","410050004","Portland - Spangler","-8","PM2.5","UG/M3","2.5","Oregon Dept. of Environmental Quality"
"08/23/26","23:00","410050102","Multorpor","-8","PM2.5","UG/M3","1.9","Oregon Dept. of Environmental Quality"
"08/23/26","23:00","410510080","Portland - SE Lafaye","-8","PM2.5","UG/M3","2.6","Oregon Dept. of Environmental Quality"
"08/23/26","23:00","410670004","Hillsboro - Hare Fie","-8","PM2.5","UG/M3","1.9","Oregon Dept. of Environmental Quality"
"08/23/26","23:00","410670005","Portland Near Road","-8","PM2.5","UG/M3","2.9","Oregon Dept. of Environmental Quality"
"08/23/26","23:00","410670111","Beaverton - Highland","-8","PM2.5","UG/M3","2","Oregon Dept. of Environmental Quality"
"08/24/26","00:00","410050004","Portland - Spangler","-8","PM2.5","UG/M3","2.7","Oregon Dept. of Environmental Quality"
"08/24/26","00:00","410050102","Multorpor","-8","PM2.5","UG/M3","1.9","Oregon Dept. of Environmental Quality"
"08/24/26","00:00","410510080","Portland - SE Lafaye","-8","PM2.5","UG/M3","2.7","Oregon Dept. of Environmental Quality"
"08/24/26","00:00","410670004","Hillsboro - Hare Fie","-8","PM2.5","UG/M3","2","Oregon Dept. of Environmental Quality"
"08/24/26","00:00","410670005","Portland Near Road","-8","PM2.5","UG/M3","2.7","Oregon Dept. of Environmental Quality"
"08/24/26","00:00","410670111","Beaverton - Highland","-8","PM2.5","UG/M3","2.2","Oregon Dept. of Environmental Quality"
"08/24/26","01:00","410050004","Portland - Spangler","-8","PM2.5","UG/M3","2.5","Oregon Dept. of Environmental Quality"
"08/24/26","01:00","410050102","Multorpor","-8","PM2.5","UG/M3","1.9","Oregon Dept. of Environmental Quality"
"08/24/26","01:00","410510080","Portland - SE Lafaye","-8","PM2.5","UG/M3","3.1","Oregon Dept. of Environmental Quality"
"08/24/26","01:00","410670004","Hillsboro - Hare Fie","-8","PM2.5","UG/M3","2.1","Oregon Dept. of Environmental Quality"
"08/24/26","01:00","410670005","Portland Near Road","-8","PM2.5","UG/M3","2.7","Oregon Dept. of Environmental Quality"
"08/24/26","01:00","410670111","Beaverton - Highland","-8","PM2.5","UG/M3","2.4","Oregon Dept. of Environmental Quality"
"08/24/26","02:00","410050004","Portland - Spangler","-8","PM2.5","UG/M3","2.6","Oregon Dept. of Environmental Quality"
"08/24/26","02:00","410050102","Multorpor","-8","PM2.5","UG/M3","1.9","Oregon Dept. of Environmental Quality"
"08/24/26","02:00","410510080","Portland - SE Lafaye","-8","PM2.5","UG/M3","3.2","Oregon Dept. of Environmental Quality"
"08/24/26","02:00","410670004","Hillsboro - Hare Fie","-8","PM2.5","UG/M3","2.3","Oregon Dept. of Environmental Quality"
"08/24/26","02:00","410670005","Portland Near Road","-8","PM2.5","UG/M3","3","Oregon Dept. of Environmental Quality"
"08/24/26","02:00","410670111","Beaverton - Highland","-8","PM2.5","UG/M3","2.5","Oregon Dept. of Environmental Quality"
"08/24/26","03:00","410050004","Portland - Spangler","-8","PM2.5","UG/M3","3","Oregon Dept. of Environmental Quality"
"08/24/26","03:00","410050102","Multorpor","-8","PM2.5","UG/M3","2.1","Oregon Dept. of Environmental Quality"
"08/24/26","03:00","410510080","Portland - SE Lafaye","-8","PM2.5","UG/M3","3.3","Oregon Dept. of Environmental Quality"
"08/24/26","03:00","410670004","Hillsboro - Hare Fie","-8","PM2.5","UG/M3","2.4","Oregon Dept. of Environmental Quality"
"08/24/26","03:00","410670005","Portland Near Road","-8","PM2.5","UG/M3","3.4","Oregon Dept. of Environmental Quality"
"08/24/26","03:00","410670111","Beaverton - Highland","-8","PM2.5","UG/M3","2.6","Oregon Dept. of Environmental Quality"
"08/24/26","04:00","410050004","Portland - Spangler","-8","PM2.5","UG/M3","3","Oregon Dept. of Environmental Quality"
"08/24/26","04:00","410050102","Multorpor","-8","PM2.5","UG/M3","2.6","Oregon Dept. of Environmental Quality"
"08/24/26","04:00","410510080","Portland - SE Lafaye","-8","PM2.5","UG/M3","3.2","Oregon Dept. of Environmental Quality"
"08/24/26","04:00","410670004","Hillsboro - Hare Fie","-8","PM2.5","UG/M3","2.6","Oregon Dept. of Environmental Quality"
"08/24/26","04:00","410670005","Portland Near Road","-8","PM2.5","UG/M3","3.3","Oregon Dept. of Environmental Quality"
"08/24/26","04:00","410670111","Beaverton - Highland","-8","PM2.5","UG/M3","2.5","Oregon Dept. of Environmental Quality"
"08/24/26","05:00","410050004","Portland - Spangler","-8","PM2.5","UG/M3","3","Oregon Dept. of Environmental Quality"
"08/24/26","05:00","410050102","Multorpor","-8","PM2.5","UG/M3","3.1","Oregon Dept. of Environmental Quality"
"08/24/26","05:00","410510080","Portland - SE Lafaye","-8","PM2.5","UG/M3","3.4","Oregon Dept. of Environmental Quality"
"08/24/26","05:00","410670004","Hillsboro - Hare Fie","-8","PM2.5","UG/M3","2.5","Oregon Dept. of Environmental Quality"
"08/24/26","05:00","410670005","Portland Near Road","-8","PM2.5","UG/M3","3.3","Oregon Dept. of Environmental Quality"
"08/24/26","05:00","410670111","Beaverton - Highland","-8","PM2.5","UG/M3","2.6","Oregon Dept. of Environmental Quality"
"08/24/26","06:00","410050004","Portland - Spangler","-8","PM2.5","UG/M3","3.1","Oregon Dept. of Environmental Quality"
"08/24/26","06:00","410050102","Multorpor","-8","PM2.5","UG/M3","2.6","Oregon Dept. of Environmental Quality"
"08/24/26","06:00","410510080","Portland - SE Lafaye","-8","PM2.5","UG/M3","3.5","Oregon Dept. of Environmental Quality"
"08/24/26","06:00","410670004","Hillsboro - Hare Fie","-8","PM2.5","UG/M3","2.5","Oregon Dept. of Environmental Quality"
"08/24/26","06:00","410670005","Portland Near Road","-8","PM2.5","UG/M3","3.3","Oregon Dept. of Environmental Quality"
"08/24/26","06:00","410670111","Beaverton - Highland","-8","PM2.5","UG/M3","2.7","Oregon Dept. of Environmental Quality"
"08/24/26","07:00","410050004","Portland - Spangler","-8","PM2.5","UG/M3","3.1","Oregon Dept. of Environmental Quality"
"08/24/26","07:00","410050102","Multorpor","-8","PM2.5","UG/M3","7.2","Oregon Dept. of Environmental Quality"
"08/24/26","07:00","410510080","Portland - SE Lafaye","-8","PM2.5","UG/M3","3.4","Oregon Dept. of Environmental Quality"
"08/24/26","07:00","410670004","Hillsboro - Hare Fie","-8","PM2.5","UG/M3","2.6","Oregon Dept. of Environmental Quality"
"08/24/26","07:00","410670005","Portland Near Road","-8","PM2.5","UG/M3","3.4","Oregon Dept. of Environmental Quality"
"08/24/26","07:00","410670111","Beaverton - Highland","-8","PM2.5","UG/M3","2.8","Oregon Dept. of Environmental Quality"
"08/24/26","08:00","410050004","Portland - Spangler","-8","PM2.5","UG/M3","3.1","Oregon Dept. of Environmental Quality"
"08/24/26","08:00","410050102","Multorpor","-8","PM2.5","UG/M3","16.8","Oregon Dept. of Environmental Quality"
"08/24/26","08:00","410510080","Portland - SE Lafaye","-8","PM2.5","UG/M3","3.4","Oregon Dept. of Environmental Quality"
"08/24/26","08:00","410670004","Hillsboro - Hare Fie","-8","PM2.5","UG/M3","2.8","Oregon Dept. of Environmental Quality"
"08/24/26","08:00","410670005","Portland Near Road","-8","PM2.5","UG/M3","3.6","Oregon Dept. of Environmental Quality"
"08/24/26","08:00","410670111","Beaverton - Highland","-8","PM2.5","UG/M3","2.7","Oregon Dept. of Environmental Quality"
"08/24/26","09:00","410050004","Portland - Spangler","-8","PM2.5","UG/M3","3.1","Oregon Dept. of Environmental Quality"
"08/24/26","09:00","410050102","Multorpor","-8","PM2.5","UG/M3","10.5","Oregon Dept. of Environmental Quality"
"08/24/26","09:00","410510080","Portland - SE Lafaye","-8","PM2.5","UG/M3","3.5","Oregon Dept. of Environmental Quality"
"08/24/26","09:00","410670004","Hillsboro - Hare Fie","-8","PM2.5","UG/M3","2.7","Oregon Dept. of Environmental Quality"
"08/24/26","09:00","410670005","Portland Near Road","-8","PM2.5","UG/M3","3.7","Oregon Dept. of Environmental Quality"
"08/24/26","09:00","410670111","Beaverton - Highland","-8","PM2.5","UG/M3","2.8","Oregon Dept. of Environmental Quality"
"08/24/26","10:00","410050004","Portland - Spangler","-8","PM2.5","UG/M3","3.2","Oregon Dept. of Environmental Quality"
"08/24/26","10:00","410050102","Multorpor","-8","PM2.5","UG/M3","10.1","Oregon Dept. of Environmental Quality"
"08/24/26","10:00","410510080","Portland - SE Lafaye","-8","PM2.5","UG/M3","3.6","Oregon Dept. of Environmental Quality"
"08/24/26","10:00","410670004","Hillsboro - Hare Fie","-8","PM2.5","UG/M3","2.8","Oregon Dept. of Environmental Quality"
"08/24/26","10:00","410670005","Portland Near Road","-8","PM2.5","UG/M3","3.7","Oregon Dept. of Environmental Quality"
"08/24/26","10:00","410670111","Beaverton - Highland","-8","PM2.5","UG/M3","3","Oregon Dept. of Environmental Quality"
"08/24/26","11:00","410050004","Portland - Spangler","-8","PM2.5","UG/M3","3.3","Oregon Dept. of Environmental Quality"
"08/24/26","11:00","410050102","Multorpor","-8","PM2.5","UG/M3","18.6","Oregon Dept. of Environmental Quality"
"08/24/26","11:00","410510080","Portland - SE Lafaye","-8","PM2.5","UG/M3","3.9","Oregon Dept. of Environmental Quality"
"08/24/26","11:00","410670004","Hillsboro - Hare Fie","-8","PM2.5","UG/M3","2.9","Oregon Dept. of Environmental Quality"
"08/24/26","11:00","410670005","Portland Near Road","-8","PM2.5","UG/M3","3.8","Oregon Dept. of Environmental Quality"
"08/24/26","11:00","410670111","Beaverton - Highland","-8","PM2.5","UG/M3","3.3","Oregon Dept. of Environmental Quality"
"08/24/26","12:00","410050004","Portland - Spangler","-8","PM2.5","UG/M3","3.3","Oregon Dept. of Environmental Quality"
"08/24/26","12:00","410050102","Multorpor","-8","PM2.5","UG/M3","15.4","Oregon Dept. of Environmental Quality"
"08/24/26","12:00","410510080","Portland - SE Lafaye","-8","PM2.5","UG/M3","4.1","Oregon Dept. of Environmental Quality"
"08/24/26","12:00","410670004","Hillsboro - Hare Fie","-8","PM2.5","UG/M3","2.9","Oregon Dept. of Environmental Quality"
"08/24/26","12:00","410670005","Portland Near Road","-8","PM2.5","UG/M3","4.6","Oregon Dept. of Environmental Quality"
"08/24/26","12:00","410670111","Beaverton - Highland","-8","PM2.5","UG/M3","3.5","Oregon Dept. of Environmental Quality"
"08/24/26","13:00","410050004","Portland - Spangler","-8","PM2.5","UG/M3","3.4","Oregon Dept. of Environmental Quality"
"08/24/26","13:00","410050102","Multorpor","-8","PM2.5","UG/M3","12.9","Oregon Dept. of Environmental Quality"
"08/24/26","13:00","410510080","Portland - SE Lafaye","-8","PM2.5","UG/M3","4.3","Oregon Dept. of Environmental Quality"
"08/24/26","13:00","410670004","Hillsboro - Hare Fie","-8","PM2.5","UG/M3","3.3","Oregon Dept. of Environmental Quality"
"08/24/26","13:00","410670005","Portland Near Road","-8","PM2.5","UG/M3","5.5","Oregon Dept. of Environmental Quality"
"08/24/26","13:00","410670111","Beaverton - Highland","-8","PM2.5","UG/M3","3.5","Oregon Dept. of Environmental Quality"
"08/24/26","14:00","410050004","Portland - Spangler","-8","PM2.5","UG/M3","3.8","Oregon Dept. of Environmental Quality"
"08/24/26","14:00","410050102","Multorpor","-8","PM2.5","UG/M3","8.2","Oregon Dept. of Environmental Quality"
"08/24/26","14:00","410510080","Portland - SE Lafaye","-8","PM2.5","UG/M3","4.6","Oregon Dept. of Environmental Quality"
"08/24/26","14:00","410670004","Hillsboro - Hare Fie","-8","PM2.5","UG/M3","3.3","Oregon Dept. of Environmental Quality"
"08/24/26","14:00","410670005","Portland Near Road","-8","PM2.5","UG/M3","6","Oregon Dept. of Environmental Quality"
"08/24/26","14:00","410670111","Beaverton - Highland","-8","PM2.5","UG/M3","3.7","Oregon Dept. of Environmental Quality"
"08/24/26","15:00","410050004","Portland - Spangler","-8","PM2.5","UG/M3","4.9","Oregon Dept. of Environmental Quality"
"08/24/26","15:00","410050102","Multorpor","-8","PM2.5","UG/M3","7.8","Oregon Dept. of Environmental Quality"
"08/24/26","15:00","410510080","Portland - SE Lafaye","-8","PM2.5","UG/M3","8.8","Oregon Dept. of Environmental Quality"
"08/24/26","15:00","410670004","Hillsboro - Hare Fie","-8","PM2.5","UG/M3","3.3","Oregon Dept. of Environmental Quality"
"08/24/26","15:00","410670005","Portland Near Road","-8","PM2.5","UG/M3","6","Oregon Dept. of Environmental Quality"
"08/24/26","15:00","410670111","Beaverton - Highland","-8","PM2.5","UG/M3","4","Oregon Dept. of Environmental Quality"
"08/24/26","16:00","410050004","Portland - Spangler","-8","PM2.5","UG/M3","5.6","Oregon Dept. of Environmental Quality"
"08/24/26","16:00","410050102","Multorpor","-8","PM2.5","UG/M3","12.1","Oregon Dept. of Environmental Quality"
"08/24/26","16:00","410510080","Portland - SE Lafaye","-8","PM2.5","UG/M3","11.4","Oregon Dept. of Environmental Quality"
"08/24/26","16:00","410670004","Hillsboro - Hare Fie","-8","PM2.5","UG/M3","3.6","Oregon Dept. of Environmental Quality"
"08/24/26","16:00","410670005","Portland Near Road","-8","PM2.5","UG/M3","7.1","Oregon Dept. of Environmental Quality"
"08/24/26","16:00","410670111","Beaverton - Highland","-8","PM2.5","UG/M3","4.5","Oregon Dept. of Environmental Quality"
"08/24/26","17:00","410050004","Portland - Spangler","-8","PM2.5","UG/M3","6.1","Oregon Dept. of Environmental Quality"
"08/24/26","17:00","410050102","Multorpor","-8","PM2.5","UG/M3","12.5","Oregon Dept. of Environmental Quality"
"08/24/26","17:00","410510080","Portland - SE Lafaye","-8","PM2.5","UG/M3","9.1","Oregon Dept. of Environmental Quality"
"08/24/26","17:00","410670004","Hillsboro - Hare Fie","-8","PM2.5","UG/M3","4.5","Oregon Dept. of Environmental Quality"
"08/24/26","17:00","410670005","Portland Near Road","-8","PM2.5","UG/M3","8.2","Oregon Dept. of Environmental Quality"
"08/24/26","17:00","410670111","Beaverton - Highland","-8","PM2.5","UG/M3","4.8","Oregon Dept. of Environmental Quality"
"08/24/26","18:00","410050004","Portland - Spangler","-8","PM2.5","UG/M3","8.6","Oregon Dept. of Environmental Quality"
"08/24/26","18:00","410050102","Multorpor","-8","PM2.5","UG/M3","11.9","Oregon Dept. of Environmental Quality"
"08/24/26","18:00","410510080","Portland - SE Lafaye","-8","PM2.5","UG/M3","7.5","Oregon Dept. of Environmental Quality"
"08/24/26","18:00","410670004","Hillsboro - Hare Fie","-8","PM2.5","UG/M3","6.3","Oregon Dept. of Environmental Quality"
"08/24/26","18:00","410670005","Portland Near Road","-8","PM2.5","UG/M3","9.4","Oregon Dept. of Environmental Quality"
"08/24/26","18:00","410670111","Beaverton - Highland","-8","PM2.5","UG/M3","6","Oregon Dept. of Environmental Quality"
"08/24/26","19:00","410050004","Portland - Spangler","-8","PM2.5","UG/M3","9.5","Oregon Dept. of Environmental Quality"
"08/24/26","19:00","410050102","Multorpor","-8","PM2.5","UG/M3","13.5","Oregon Dept. of Environmental Quality"
"08/24/26","19:00","410510080","Portland - SE Lafaye","-8","PM2.5","UG/M3","8.4","Oregon Dept. of Environmental Quality"
"08/24/26","19:00","410670004","Hillsboro - Hare Fie","-8","PM2.5","UG/M3","8.7","Oregon Dept. of Environmental Quality"
"08/24/26","19:00","410670005","Portland Near Road","-8","PM2.5","UG/M3","9.8","Oregon Dept. of Environmental Quality"
"08/24/26","19:00","410670111","Beaverton - Highland","-8","PM2.5","UG/M3","7.1","Oregon Dept. of Environmental Quality"
"08/24/26","20:00","410050004","Portland - Spangler","-8","PM2.5","UG/M3","9.6","Oregon Dept. of Environmental Quality"
"08/24/26","20:00","410050102","Multorpor","-8","PM2.5","UG/M3","11.7","Oregon Dept. of Environmental Quality"
"08/24/26","20:00","410510080","Portland - SE Lafaye","-8","PM2.5","UG/M3","9.6","Oregon Dept. of Environmental Quality"
"08/24/26","20:00","410670004","Hillsboro - Hare Fie","-8","PM2.5","UG/M3","10.2","Oregon Dept. of Environmental Quality"
"08/24/26","20:00","410670005","Portland Near Road","-8","PM2.5","UG/M3","11.1","Oregon Dept. of Environmental Quality"
"08/24/26","20:00","410670111","Beaverton - Highland","-8","PM2.5","UG/M3","8.6","Oregon Dept. of Environmental Quality"
"08/24/26","21:00","410050004","Portland - Spangler","-8","PM2.5","UG/M3","10.7","Oregon Dept. of Environmental Quality"
"08/24/26","21:00","410050102","Multorpor","-8","PM2.5","UG/M3","8.2","Oregon Dept. of Environmental Quality"
"08/24/26","21:00","410510080","Portland - SE Lafaye","-8","PM2.5","UG/M3","10.3","Oregon Dept. of Environmental Quality"
"08/24/26","21:00","410670004","Hillsboro - Hare Fie","-8","PM2.5","UG/M3","9.3","Oregon Dept. of Environmental Quality"
"08/24/26","21:00","410670005","Portland Near Road","-8","PM2.5","UG/M3","12","Oregon Dept. of Environmental Quality"
"08/24/26","21:00","410670111","Beaverton - Highland","-8","PM2.5","UG/M3","9.3","Oregon Dept. of Environmental Quality"
"08/24/26","22:00","410050004","Portland - Spangler","-8","PM2.5","UG/M3","11.9","Oregon Dept. of Environmental Quality"
"08/24/26","22:00","410050102","Multorpor","-8","PM2.5","UG/M3","7.6","Oregon Dept. of Environmental Quality"
"08/24/26","22:00","410510080","Portland - SE Lafaye","-8","PM2.5","UG/M3","11.3","Oregon Dept. of Environmental Quality"
"08/24/26","22:00","410670004","Hillsboro - Hare Fie","-8","PM2.5","UG/M3","10","Oregon Dept. of Environmental Quality"
"08/24/26","22:00","410670005","Portland Near Road","-8","PM2.5","UG/M3","12","Oregon Dept. of Environmental Quality"
"08/24/26","22:00","410670111","Beaverton - Highland","-8","PM2.5","UG/M3","9.9","Oregon Dept. of Environmental Quality"
"08/24/26","23:00","410050004","Portland - Spangler","-8","PM2.5","UG/M3","12.7","Oregon Dept. of Environmental Quality"
"08/24/26","23:00","410050102","Multorpor","-8","PM2.5","UG/M3","8","Oregon Dept. of Environmental Quality"
"08/24/26","23:00","410510080","Portland - SE Lafaye","-8","PM2.5","UG/M3","11","Oregon Dept. of Environmental Quality"
"08/24/26","23:00","410670004","Hillsboro - Hare Fie","-8","PM2.5","UG/M3","13","Oregon Dept. of Environmental Quality"
"08/24/26","23:00","410670005","Portland Near Road","-8","PM2.5","UG/M3","13.7","Oregon Dept. of Environmental Quality"
"08/24/26","23:00","410670111","Beaverton - Highland","-8","PM2.5","UG/M3","10.5","Oregon Dept. of Environmental Quality"
"08/25/26","00:00","410050004","Portland - Spangler","-8","PM2.5","UG/M3","12.4","Oregon Dept. of Environmental Quality"
"08/25/26","00:00","410050102","Multorpor","-8","PM2.5","UG/M3","9","Oregon Dept. of Environmental Quality"
"08/25/26","00:00","410510080","Portland - SE Lafaye","-8","PM2.5","UG/M3","11","Oregon Dept. of Environmental Quality"
"08/25/26","00:00","410670004","Hillsboro - Hare Fie","-8","PM2.5","UG/M3","11.8","Oregon Dept. of Environmental Quality"
"08/25/26","00:00","410670005","Portland Near Road","-8","PM2.5","UG/M3","15","Oregon Dept. of Environmental Quality"
"08/25/26","00:00","410670111","Beaverton - Highland","-8","PM2.5","UG/M3","16.4","Oregon Dept. of Environmental Quality"
"08/25/26","01:00","410050004","Portland - Spangler","-8","PM2.5","UG/M3","12.2","Oregon Dept. of Environmental Quality"
"08/25/26","01:00","410050102","Multorpor","-8","PM2.5","UG/M3","12.3","Oregon Dept. of Environmental Quality"
"08/25/26","01:00","410510080","Portland - SE Lafaye","-8","PM2.5","UG/M3","11.3","Oregon Dept. of Environmental Quality"
"08/25/26","01:00","410670004","Hillsboro - Hare Fie","-8","PM2.5","UG/M3","11.8","Oregon Dept. of Environmental Quality"
"08/25/26","01:00","410670005","Portland Near Road","-8","PM2.5","UG/M3","13","Oregon Dept. of Environmental Quality"
"08/25/26","01:00","410670111","Beaverton - Highland","-8","PM2.5","UG/M3","17.1","Oregon Dept. of Environmental Quality"
"08/25/26","02:00","410050004","Portland - Spangler","-8","PM2.5","UG/M3","10.6","Oregon Dept. of Environmental Quality"
"08/25/26","02:00","410050102","Multorpor","-8","PM2.5","UG/M3","15.6","Oregon Dept. of Environmental Quality"
"08/25/26","02:00","410510080","Portland - SE Lafaye","-8","PM2.5","UG/M3","10.7","Oregon Dept. of Environmental Quality"
"08/25/26","02:00","410670004","Hillsboro - Hare Fie","-8","PM2.5","UG/M3","10.6","Oregon Dept. of Environmental Quality"
"08/25/26","02:00","410670005","Portland Near Road","-8","PM2.5","UG/M3","13.6","Oregon Dept. of Environmental Quality"
"08/25/26","02:00","410670111","Beaverton - Highland","-8","PM2.5","UG/M3","17.4","Oregon Dept. of Environmental Quality"
"08/25/26","03:00","410050004","Portland - Spangler","-8","PM2.5","UG/M3","10.8","Oregon Dept. of Environmental Quality"
"08/25/26","03:00","410050102","Multorpor","-8","PM2.5","UG/M3","15.6","Oregon Dept. of Environmental Quality"
"08/25/26","03:00","410510080","Portland - SE Lafaye","-8","PM2.5","UG/M3","10.2","Oregon Dept. of Environmental Quality"
"08/25/26","03:00","410670004","Hillsboro - Hare Fie","-8","PM2.5","UG/M3","11.1","Oregon Dept. of Environmental Quality"
"08/25/26","03:00","410670005","Portland Near Road","-8","PM2.5","UG/M3","13.7","Oregon Dept. of Environmental Quality"
"08/25/26","03:00","410670111","Beaverton - Highland","-8","PM2.5","UG/M3","14.3","Oregon Dept. of Environmental Quality"
"08/25/26","04:00","410050004","Portland - Spangler","-8","PM2.5","UG/M3","12.9","Oregon Dept. of Environmental Quality"
"08/25/26","04:00","410050102","Multorpor","-8","PM2.5","UG/M3","15","Oregon Dept. of Environmental Quality"
"08/25/26","04:00","410510080","Portland - SE Lafaye","-8","PM2.5","UG/M3","8.4","Oregon Dept. of Environmental Quality"
"08/25/26","04:00","410670004","Hillsboro - Hare Fie","-8","PM2.5","UG/M3","11.7","Oregon Dept. of Environmental Quality"
"08/25/26","04:00","410670005","Portland Near Road","-8","PM2.5","UG/M3","14.9","Oregon Dept. of Environmental Quality"
"08/25/26","04:00","410670111","Beaverton - Highland","-8","PM2.5","UG/M3","9.4","Oregon Dept. of Environmental Quality"
"08/25/26","05:00","410050004","Portland - Spangler","-8","PM2.5","UG/M3","13.2","Oregon Dept. of Environmental Quality"
"08/25/26","05:00","410050102","Multorpor","-8","PM2.5","UG/M3","17.9","Oregon Dept. of Environmental Quality"
"08/25/26","05:00","410510080","Portland - SE Lafaye","-8","PM2.5","UG/M3","8.5","Oregon Dept. of Environmental Quality"
"08/25/26","05:00","410670004","Hillsboro - Hare Fie","-8","PM2.5","UG/M3","12.6","Oregon Dept. of Environmental Quality"
"08/25/26","05:00","410670005","Portland Near Road","-8","PM2.5","UG/M3","14.9","Oregon Dept. of Environmental Quality"
"08/25/26","05:00","410670111","Beaverton - Highland","-8","PM2.5","UG/M3","8.9","Oregon Dept. of Environmental Quality"
"08/25/26","06:00","410050004","Portland - Spangler","-8","PM2.5","UG/M3","17.9","Oregon Dept. of Environmental Quality"
"08/25/26","06:00","410050102","Multorpor","-8","PM2.5","UG/M3","24.7","Oregon Dept. of Environmental Quality"
"08/25/26","06:00","410510080","Portland - SE Lafaye","-8","PM2.5","UG/M3","9.6","Oregon Dept. of Environmental Quality"
"08/25/26","06:00","410670004","Hillsboro - Hare Fie","-8","PM2.5","UG/M3","14.3","Oregon Dept. of Environmental Quality"
"08/25/26","06:00","410670005","Portland Near Road","-8","PM2.5","UG/M3","15","Oregon Dept. of Environmental Quality"
"08/25/26","06:00","410670111","Beaverton - Highland","-8","PM2.5","UG/M3","8","Oregon Dept. of Environmental Quality"
"08/25/26","07:00","410050004","Portland - Spangler","-8","PM2.5","UG/M3","15.7","Oregon Dept. of Environmental Quality"
"08/25/26","07:00","410050102","Multorpor","-8","PM2.5","UG/M3","15.3","Oregon Dept. of Environmental Quality"
"08/25/26","07:00","410510080","Portland - SE Lafaye","-8","PM2.5","UG/M3","10.4","Oregon Dept. of Environmental Quality"
"08/25/26","07:00","410670004","Hillsboro - Hare Fie","-8","PM2.5","UG/M3","14.9","Oregon Dept. of Environmental Quality"
"08/25/26","07:00","410670005","Portland Near Road","-8","PM2.5","UG/M3","14.4","Oregon Dept. of Environmental Quality"
"08/25/26","07:00","410670111","Beaverton - Highland","-8","PM2.5","UG/M3","11.2","Oregon Dept. of Environmental Quality"
"08/25/26","08:00","410050004","Portland - Spangler","-8","PM2.5","UG/M3","14.5","Oregon Dept. of Environmental Quality"
"08/25/26","08:00","410050102","Multorpor","-8","PM2.5","UG/M3","13.2","Oregon Dept. of Environmental Quality"
"08/25/26","08:00","410510080","Portland - SE Lafaye","-8","PM2.5","UG/M3","10.9","Oregon Dept. of Environmental Quality"
"08/25/26","08:00","410670004","Hillsboro - Hare Fie","-8","PM2.5","UG/M3","14.7","Oregon Dept. of Environmental Quality"
"08/25/26","08:00","410670005","Portland Near Road","-8","PM2.5","UG/M3","14.5","Oregon Dept. of Environmental Quality"
"08/25/26","08:00","410670111","Beaverton - Highland","-8","PM2.5","UG/M3","15.1","Oregon Dept. of Environmental Quality"
"08/25/26","09:00","410050004","Portland - Spangler","-8","PM2.5","UG/M3","16.6","Oregon Dept. of Environmental Quality"
"08/25/26","09:00","410050102","Multorpor","-8","PM2.5","UG/M3","11.7","Oregon Dept. of Environmental Quality"
"08/25/26","09:00","410510080","Portland - SE Lafaye","-8","PM2.5","UG/M3","11.4","Oregon Dept. of Environmental Quality"
"08/25/26","09:00","410670004","Hillsboro - Hare Fie","-8","PM2.5","UG/M3","14.6","Oregon Dept. of Environmental Quality"
"08/25/26","09:00","410670005","Portland Near Road","-8","PM2.5","UG/M3","14.3","Oregon Dept. of Environmental Quality"
"08/25/26","09:00","410670111","Beaverton - Highland","-8","PM2.5","UG/M3","14.3","Oregon Dept. of Environmental Quality"
"08/25/26","10:00","410050004","Portland - Spangler","-8","PM2.5","UG/M3","16.5","Oregon Dept. of Environmental Quality"
"08/25/26","10:00","410050102","Multorpor","-8","PM2.5","UG/M3","16.3","Oregon Dept. of Environmental Quality"
"08/25/26","10:00","410510080","Portland - SE Lafaye","-8","PM2.5","UG/M3","12","Oregon Dept. of Environmental Quality"
"08/25/26","10:00","410670004","Hillsboro - Hare Fie","-8","PM2.5","UG/M3","13.9","Oregon Dept. of Environmental Quality"
"08/25/26","10:00","410670005","Portland Near Road","-8","PM2.5","UG/M3","13.9","Oregon Dept. of Environmental Quality"
"08/25/26","10:00","410670111","Beaverton - Highland","-8","PM2.5","UG/M3","13.6","Oregon Dept. of Environmental Quality"
"08/25/26","11:00","410050004","Portland - Spangler","-8","PM2.5","UG/M3","10.3","Oregon Dept. of Environmental Quality"
"08/25/26","11:00","410050102","Multorpor","-8","PM2.5","UG/M3","13.7","Oregon Dept. of Environmental Quality"
"08/25/26","11:00","410510080","Portland - SE Lafaye","-8","PM2.5","UG/M3","12.6","Oregon Dept. of Environmental Quality"
"08/25/26","11:00","410670004","Hillsboro - Hare Fie","-8","PM2.5","UG/M3","12.4","Oregon Dept. of Environmental Quality"
"08/25/26","11:00","410670005","Portland Near Road","-8","PM2.5","UG/M3","13.3","Oregon Dept. of Environmental Quality"
"08/25/26","11:00","410670111","Beaverton - Highland","-8","PM2.5","UG/M3","12.4","Oregon Dept. of Environmental Quality"
"08/25/26","12:00","410050004","Portland - Spangler","-8","PM2.5","UG/M3","7.9","Oregon Dept. of Environmental Quality"
"08/25/26","12:00","410050102","Multorpor","-8","PM2.5","UG/M3","11.7","Oregon Dept. of Environmental Quality"
"08/25/26","12:00","410510080","Portland - SE Lafaye","-8","PM2.5","UG/M3","12.4","Oregon Dept. of Environmental Quality"
"08/25/26","12:00","410670004","Hillsboro - Hare Fie","-8","PM2.5","UG/M3","12.4","Oregon Dept. of Environmental Quality"
"08/25/26","12:00","410670005","Portland Near Road","-8","PM2.5","UG/M3","13","Oregon Dept. of Environmental Quality"
"08/25/26","12:00","410670111","Beaverton - Highland","-8","PM2.5","UG/M3","11","Oregon Dept. of Environmental Quality"
"08/25/26","13:00","410050004","Portland - Spangler","-8","PM2.5","UG/M3","7.3","Oregon Dept. of Environmental Quality"
"08/25/26","13:00","410050102","Multorpor","-8","PM2.5","UG/M3","13.5","Oregon Dept. of Environmental Quality"
"08/25/26","13:00","410510080","Portland - SE Lafaye","-8","PM2.5","UG/M3","10.1","Oregon Dept. of Environmental Quality"
"08/25/26","13:00","410670004","Hillsboro - Hare Fie","-8","PM2.5","UG/M3","13.6","Oregon Dept. of Environmental Quality"
"08/25/26","13:00","410670005","Portland Near Road","-8","PM2.5","UG/M3","12.7","Oregon Dept. of Environmental Quality"
"08/25/26","13:00","410670111","Beaverton - Highland","-8","PM2.5","UG/M3","10.2","Oregon Dept. of Environmental Quality"
"08/25/26","14:00","410050004","Portland - Spangler","-8","PM2.5","UG/M3","6.8","Oregon Dept. of Environmental Quality"
"08/25/26","14:00","410050102","Multorpor","-8","PM2.5","UG/M3","13.3","Oregon Dept. of Environmental Quality"
"08/25/26","14:00","410510080","Portland - SE Lafaye","-8","PM2.5","UG/M3","9.6","Oregon Dept. of Environmental Quality"
"08/25/26","14:00","410670004","Hillsboro - Hare Fie","-8","PM2.5","UG/M3","12.6","Oregon Dept. of Environmental Quality"
"08/25/26","14:00","410670005","Portland Near Road","-8","PM2.5","UG/M3","7.7","Oregon Dept. of Environmental Quality"
"08/25/26","14:00","410670111","Beaverton - Highland","-8","PM2.5","UG/M3","8.3","Oregon Dept. of Environmental Quality"
"08/25/26","15:00","410050004","Portland - Spangler","-8","PM2.5","UG/M3","6.5","Oregon Dept. of Environmental Quality"
"08/25/26","15:00","410050102","Multorpor","-8","PM2.5","UG/M3","18","Oregon Dept. of Environmental Quality"
"08/25/26","15:00","410510080","Portland - SE Lafaye","-8","PM2.5","UG/M3","8.8","Oregon Dept. of Environmental Quality"
"08/25/26","15:00","410670004","Hillsboro - Hare Fie","-8","PM2.5","UG/M3","11.5","Oregon Dept. of Environmental Quality"
"08/25/26","15:00","410670005","Portland Near Road","-8","PM2.5","UG/M3","6.4","Oregon Dept. of Environmental Quality"
"08/25/26","15:00","410670111","Beaverton - Highland","-8","PM2.5","UG/M3","6.4","Oregon Dept. of Environmental Quality"
"08/25/26","16:00","410050004","Portland - Spangler","-8","PM2.5","UG/M3","5.1","Oregon Dept. of Environmental Quality"
"08/25/26","16:00","410050102","Multorpor","-8","PM2.5","UG/M3","20.4","Oregon Dept. of Environmental Quality"
"08/25/26","16:00","410510080","Portland - SE Lafaye","-8","PM2.5","UG/M3","7.6","Oregon Dept. of Environmental Quality"
"08/25/26","16:00","410670004","Hillsboro - Hare Fie","-8","PM2.5","UG/M3","11.5","Oregon Dept. of Environmental Quality"
"08/25/26","16:00","410670005","Portland Near Road","-8","PM2.5","UG/M3","4.8","Oregon Dept. of Environmental Quality"
"08/25/26","16:00","410670111","Beaverton - Highland","-8","PM2.5","UG/M3","5.4","Oregon Dept. of Environmental Quality"
"08/25/26","17:00","410050004","Portland - Spangler","-8","PM2.5","UG/M3","5.6","Oregon Dept. of Environmental Quality"
"08/25/26","17:00","410050102","Multorpor","-8","PM2.5","UG/M3","17.3","Oregon Dept. of Environmental Quality"
"08/25/26","17:00","410510080","Portland - SE Lafaye","-8","PM2.5","UG/M3","6.4","Oregon Dept. of Environmental Quality"
"08/25/26","17:00","410670004","Hillsboro - Hare Fie","-8","PM2.5","UG/M3","8.5","Oregon Dept. of Environmental Quality"
"08/25/26","17:00","410670005","Portland Near Road","-8","PM2.5","UG/M3","5.9","Oregon Dept. of Environmental Quality"
"08/25/26","17:00","410670111","Beaverton - Highland","-8","PM2.5","UG/M3","4.7","Oregon Dept. of Environmental Quality"
"08/25/26","18:00","410050004","Portland - Spangler","-8","PM2.5","UG/M3","6.5","Oregon Dept. of Environmental Quality"
"08/25/26","18:00","410050102","Multorpor","-8","PM2.5","UG/M3","14.2","Oregon Dept. of Environmental Quality"
"08/25/26","18:00","410510080","Portland - SE Lafaye","-8","PM2.5","UG/M3","6.6","Oregon Dept. of Environmental Quality"
"08/25/26","18:00","410670004","Hillsboro - Hare Fie","-8","PM2.5","UG/M3","5.9","Oregon Dept. of Environmental Quality"
"08/25/26","18:00","410670005","Portland Near Road","-8","PM2.5","UG/M3","6.9","Oregon Dept. of Environmental Quality"
"08/25/26","18:00","410670111","Beaverton - Highland","-8","PM2.5","UG/M3","4.5","Oregon Dept. of Environmental Quality"
"08/25/26","19:00","410050004","Portland - Spangler","-8","PM2.5","UG/M3","6.2","Oregon Dept. of Environmental Quality"
"08/25/26","19:00","410050102","Multorpor","-8","PM2.5","UG/M3","13.5","Oregon Dept. of Environmental Quality"
"08/25/26","19:00","410510080","Portland - SE Lafaye","-8","PM2.5","UG/M3","7.3","Oregon Dept. of Environmental Quality"
"08/25/26","19:00","410670004","Hillsboro - Hare Fie","-8","PM2.5","UG/M3","5.9","Oregon Dept. of Environmental Quality"
"08/25/26","19:00","410670005","Portland Near Road","-8","PM2.5","UG/M3","7.1","Oregon Dept. of Environmental Quality"
"08/25/26","19:00","410670111","Beaverton - Highland","-8","PM2.5","UG/M3","5.2","Oregon Dept. of Environmental Quality"
"08/25/26","20:00","410050004","Portland - Spangler","-8","PM2.5","UG/M3","5.6","Oregon Dept. of Environmental Quality"
"08/25/26","20:00","410050102","Multorpor","-8","PM2.5","UG/M3","16.2","Oregon Dept. of Environmental Quality"
"08/25/26","20:00","410510080","Portland - SE Lafaye","-8","PM2.5","UG/M3","6.8","Oregon Dept. of Environmental Quality"
"08/25/26","20:00","410670004","Hillsboro - Hare Fie","-8","PM2.5","UG/M3","5.9","Oregon Dept. of Environmental Quality"
"08/25/26","20:00","410670005","Portland Near Road","-8","PM2.5","UG/M3","6.4","Oregon Dept. of Environmental Quality"
"08/25/26","20:00","410670111","Beaverton - Highland","-8","PM2.5","UG/M3","5.6","Oregon Dept. of Environmental Quality"
"08/25/26","21:00","410050004","Portland - Spangler","-8","PM2.5","UG/M3","4.9","Oregon Dept. of Environmental Quality"
"08/25/26","21:00","410050102","Multorpor","-8","PM2.5","UG/M3","37.2","Oregon Dept. of Environmental Quality"
"08/25/26","21:00","410510080","Portland - SE Lafaye","-8","PM2.5","UG/M3","6.4","Oregon Dept. of Environmental Quality"
"08/25/26","21:00","410670004","Hillsboro - Hare Fie","-8","PM2.5","UG/M3","5","Oregon Dept. of Environmental Quality"
"08/25/26","21:00","410670005","Portland Near Road","-8","PM2.5","UG/M3","5.7","Oregon Dept. of Environmental Quality"
"08/25/26","21:00","410670111","Beaverton - Highland","-8","PM2.5","UG/M3","4.5","Oregon Dept. of Environmental Quality"
"08/25/26","22:00","410050004","Portland - Spangler","-8","PM2.5","UG/M3","4.7","Oregon Dept. of Environmental Quality"
"08/25/26","22:00","410050102","Multorpor","-8","PM2.5","UG/M3","83.7","Oregon Dept. of Environmental Quality"
"08/25/26","22:00","410510080","Portland - SE Lafaye","-8","PM2.5","UG/M3","5.2","Oregon Dept. of Environmental Quality"
"08/25/26","22:00","410670004","Hillsboro - Hare Fie","-8","PM2.5","UG/M3","4.3","Oregon Dept. of Environmental Quality"
"08/25/26","22:00","410670005","Portland Near Road","-8","PM2.5","UG/M3","4.9","Oregon Dept. of Environmental Quality"
"08/25/26","22:00","410670111","Beaverton - Highland","-8","PM2.5","UG/M3","3.8","Oregon Dept. of Environmental Quality"
"08/25/26","23:00","410050004","Portland - Spangler","-8","PM2.5","UG/M3","4.7","Oregon Dept. of Environmental Quality"
"08/25/26","23:00","410050102","Multorpor","-8","PM2.5","UG/M3","92.4","Oregon Dept. of Environmental Quality"
"08/25/26","23:00","410510080","Portland - SE Lafaye","-8","PM2.5","UG/M3","4.6","Oregon Dept. of Environmental Quality"
"08/25/26","23:00","410670004","Hillsboro - Hare Fie","-8","PM2.5","UG/M3","3.6","Oregon Dept. of Environmental Quality"
"08/25/26","23:00","410670005","Portland Near Road","-8","PM2.5","UG/M3","5","Oregon Dept. of Environmental Quality"
"08/25/26","23:00","410670111","Beaverton - Highland","-8","PM2.5","UG/M3","3.7","Oregon Dept. of Environmental Quality"
"08/26/26","00:00","410050004","Portland - Spangler","-8","PM2.5","UG/M3","4.8","Oregon Dept. of Environmental Quality"
"08/26/26","00:00","410050102","Multorpor","-8","PM2.5","UG/M3","27.7","Oregon Dept. of Environmental Quality"
"08/26/26","00:00","410510080","Portland - SE Lafaye","-8","PM2.5","UG/M3","4.9","Oregon Dept. of Environmental Quality"
"08/26/26","00:00","410670004","Hillsboro - Hare Fie","-8","PM2.5","UG/M3","4.3","Oregon Dept. of Environmental Quality"
"08/26/26","00:00","410670005","Portland Near Road","-8","PM2.5","UG/M3","5.7","Oregon Dept. of Environmental Quality"
"08/26/26","00:00","410670111","Beaverton - Highland","-8","PM2.5","UG/M3","4.1","Oregon Dept. of Environmental Quality"
"08/26/26","01:00","410050004","Portland - Spangler","-8","PM2.5","UG/M3","4.8","Oregon Dept. of Environmental Quality"
"08/26/26","01:00","410050102","Multorpor","-8","PM2.5","UG/M3","7.9","Oregon Dept. of Environmental Quality"
"08/26/26","01:00","410510080","Portland - SE Lafaye","-8","PM2.5","UG/M3","5.4","Oregon Dept. of Environmental Quality"
"08/26/26","01:00","410670004","Hillsboro - Hare Fie","-8","PM2.5","UG/M3","3.3","Oregon Dept. of Environmental Quality"
"08/26/26","01:00","410670005","Portland Near Road","-8","PM2.5","UG/M3","5.5","Oregon Dept. of Environmental Quality"
"08/26/26","01:00","410670111","Beaverton - Highland","-8","PM2.5","UG/M3","4.5","Oregon Dept. of Environmental Quality"
"08/26/26","02:00","410050004","Portland - Spangler","-8","PM2.5","UG/M3","3","Oregon Dept. of Environmental Quality"
"08/26/26","02:00","410050102","Multorpor","-8","PM2.5","UG/M3","4.2","Oregon Dept. of Environmental Quality"
"08/26/26","02:00","410510080","Portland - SE Lafaye","-8","PM2.5","UG/M3","5.4","Oregon Dept. of Environmental Quality"
"08/26/26","02:00","410670004","Hillsboro - Hare Fie","-8","PM2.5","UG/M3","2.6","Oregon Dept. of Environmental Quality"
"08/26/26","02:00","410670005","Portland Near Road","-8","PM2.5","UG/M3","4","Oregon Dept. of Environmental Quality"
"08/26/26","02:00","410670111","Beaverton - Highland","-8","PM2.5","UG/M3","3","Oregon Dept. of Environmental Quality"
"08/26/26","03:00","410050004","Portland - Spangler","-8","PM2.5","UG/M3","2.7","Oregon Dept. of Environmental Quality"
"08/26/26","03:00","410050102","Multorpor","-8","PM2.5","UG/M3","3.8","Oregon Dept. of Environmental Quality"
"08/26/26","03:00","410510080","Portland - SE Lafaye","-8","PM2.5","UG/M3","3.8","Oregon Dept. of Environmental Quality"
"08/26/26","03:00","410670004","Hillsboro - Hare Fie","-8","PM2.5","UG/M3","2.3","Oregon Dept. of Environmental Quality"
"08/26/26","03:00","410670005","Portland Near Road","-8","PM2.5","UG/M3","3","Oregon Dept. of Environmental Quality"
"08/26/26","03:00","410670111","Beaverton - Highland","-8","PM2.5","UG/M3","2.6","Oregon Dept. of Environmental Quality"
"08/26/26","04:00","410050004","Portland - Spangler","-8","PM2.5","UG/M3","2.5","Oregon Dept. of Environmental Quality"
"08/26/26","04:00","410050102","Multorpor","-8","PM2.5","UG/M3","4.1","Oregon Dept. of Environmental Quality"
"08/26/26","04:00","410510080","Portland - SE Lafaye","-8","PM2.5","UG/M3","3.4","Oregon Dept. of Environmental Quality"
"08/26/26","04:00","410670004","Hillsboro - Hare Fie","-8","PM2.5","UG/M3","2.1","Oregon Dept. of Environmental Quality"
"08/26/26","04:00","410670005","Portland Near Road","-8","PM2.5","UG/M3","2.7","Oregon Dept. of Environmental Quality"
"08/26/26","04:00","410670111","Beaverton - Highland","-8","PM2.5","UG/M3","2.5","Oregon Dept. of Environmental Quality"
"08/26/26","05:00","410050004","Portland - Spangler","-8","PM2.5","UG/M3","2.2","Oregon Dept. of Environmental Quality"
"08/26/26","05:00","410050102","Multorpor","-8","PM2.5","UG/M3","3.9","Oregon Dept. of Environmental Quality"
"08/26/26","05:00","410510080","Portland - SE Lafaye","-8","PM2.5","UG/M3","2.8","Oregon Dept. of Environmental Quality"
"08/26/26","05:00","410670004","Hillsboro - Hare Fie","-8","PM2.5","UG/M3","1.8","Oregon Dept. of Environmental Quality"
"08/26/26","05:00","410670005","Portland Near Road","-8","PM2.5","UG/M3","2.3","Oregon Dept. of Environmental Quality"
"08/26/26","05:00","410670111","Beaverton - Highland","-8","PM2.5","UG/M3","2.2","Oregon Dept. of Environmental Quality"
"08/26/26","06:00","410050004","Portland - Spangler","-8","PM2.5","UG/M3","2.1","Oregon Dept. of Environmental Quality"
"08/26/26","06:00","410050102","Multorpor","-8","PM2.5","UG/M3","2.6","Oregon Dept. of Environmental Quality"
"08/26/26","06:00","410510080","Portland - SE Lafaye","-8","PM2.5","UG/M3","2.4","Oregon Dept. of Environmental Quality"
"08/26/26","06:00","410670004","Hillsboro - Hare Fie","-8","PM2.5","UG/M3","1.8","Oregon Dept. of Environmental Quality"
"08/26/26","06:00","410670005","Portland Near Road","-8","PM2.5","UG/M3","2.2","Oregon Dept. of Environmental Quality"
"08/26/26","06:00","410670111","Beaverton - Highland","-8","PM2.5","UG/M3","2.1","Oregon Dept. of Environmental Quality"
"08/26/26","07:00","410050004","Portland - Spangler","-8","PM2.5","UG/M3","2.2","Oregon Dept. of Environmental Quality"
"08/26/26","07:00","410050102","Multorpor","-8","PM2.5","UG/M3","2.1","Oregon Dept. of Environmental Quality"
"08/26/26","07:00","410510080","Portland - SE Lafaye","-8","PM2.5","UG/M3","2.4","Oregon Dept. of Environmental Quality"
"08/26/26","07:00","410670004","Hillsboro - Hare Fie","-8","PM2.5","UG/M3","1.8","Oregon Dept. of Environmental Quality"
"08/26/26","07:00","410670005","Portland Near Road","-8","PM2.5","UG/M3","2.1","Oregon Dept. of Environmental Quality"
"08/26/26","07:00","410670111","Beaverton - Highland","-8","PM2.5","UG/M3","2.1","Oregon Dept. of Environmental Quality"
"08/26/26","08:00","410050004","Portland - Spangler","-8","PM2.5","UG/M3","2.1","Oregon Dept. of Environmental Quality"
"08/26/26","08:00","410050102","Multorpor","-8","PM2.5","UG/M3","1.7","Oregon Dept. of Environmental Quality"
"08/26/26","08:00","410510080","Portland - SE Lafaye","-8","PM2.5","UG/M3","2.4","Oregon Dept. of Environmental Quality"
"08/26/26","08:00","410670004","Hillsboro - Hare Fie","-8","PM2.5","UG/M3","1.7","Oregon Dept. of Environmental Quality"
"08/26/26","08:00","410670005","Portland Near Road","-8","PM2.5","UG/M3","2.1","Oregon Dept. of Environmental Quality"
"08/26/26","08:00","410670111","Beaverton - Highland","-8","PM2.5","UG/M3","1.9","Oregon Dept. of Environmental Quality"
"08/26/26","09:00","410050004","Portland - Spangler","-8","PM2.5","UG/M3","2.1","Oregon Dept. of Environmental Quality"
"08/26/26","09:00","410050102","Multorpor","-8","PM2.5","UG/M3","1.6","Oregon Dept. of Environmental Quality"
"08/26/26","09:00","410510080","Portland - SE Lafaye","-8","PM2.5","UG/M3","2.3","Oregon Dept. of Environmental Quality"
"08/26/26","09:00","410670004","Hillsboro - Hare Fie","-8","PM2.5","UG/M3","1.7","Oregon Dept. of Environmental Quality"
"08/26/26","09:00","410670005","Portland Near Road","-8","PM2.5","UG/M3","2.2","Oregon Dept. of Environmental Quality"
"08/26/26","09:00","410670111","Beaverton - Highland","-8","PM2.5","UG/M3","2","Oregon Dept. of Environmental Quality"
"08/26/26","10:00","410050004","Portland - Spangler","-8","PM2.5","UG/M3","2","Oregon Dept. of Environmental Quality"
"08/26/26","10:00","410050102","Multorpor","-8","PM2.5","UG/M3","1.6","Oregon Dept. of Environmental Quality"
"08/26/26","10:00","410510080","Portland - SE Lafaye","-8","PM2.5","UG/M3","2.3","Oregon Dept. of Environmental Quality"
"08/26/26","10:00","410670004","Hillsboro - Hare Fie","-8","PM2.5","UG/M3","1.9","Oregon Dept. of Environmental Quality"
"08/26/26","10:00","410670005","Portland Near Road","-8","PM2.5","UG/M3","2.4","Oregon Dept. of Environmental Quality"
"08/26/26","10:00","410670111","Beaverton - Highland","-8","PM2.5","UG/M3","2","Oregon Dept. of Environmental Quality"
"08/26/26","11:00","410050004","Portland - Spangler","-8","PM2.5","UG/M3","1.9","Oregon Dept. of Environmental Quality"
"08/26/26","11:00","410050102","Multorpor","-8","PM2.5","UG/M3","1.8","Oregon Dept. of Environmental Quality"
"08/26/26","11:00","410510080","Portland - SE Lafaye","-8","PM2.5","UG/M3","2.5","Oregon Dept. of Environmental Quality"
"08/26/26","11:00","410670004","Hillsboro - Hare Fie","-8","PM2.5","UG/M3","2","Oregon Dept. of Environmental Quality"
"08/26/26","11:00","410670005","Portland Near Road","-8","PM2.5","UG/M3","2.3","Oregon Dept. of Environmental Quality"
"08/26/26","11:00","410670111","Beaverton - Highland","-8","PM2.5","UG/M3","2","Oregon Dept. of Environmental Quality"
"08/26/26","12:00","410050004","Portland - Spangler","-8","PM2.5","UG/M3","1.9","Oregon Dept. of Environmental Quality"
"08/26/26","12:00","410050102","Multorpor","-8","PM2.5","UG/M3","2.4","Oregon Dept. of Environmental Quality"
"08/26/26","12:00","410510080","Portland - SE Lafaye","-8","PM2.5","UG/M3","2.5","Oregon Dept. of Environmental Quality"
"08/26/26","12:00","410670004","Hillsboro - Hare Fie","-8","PM2.5","UG/M3","2.2","Oregon Dept. of Environmental Quality"
"08/26/26","12:00","410670005","Portland Near Road","-8","PM2.5","UG/M3","2.3","Oregon Dept. of Environmental Quality"
"08/26/26","12:00","410670111","Beaverton - Highland","-8","PM2.5","UG/M3","2.2","Oregon Dept. of Environmental Quality"
"08/26/26","13:00","410050004","Portland - Spangler","-8","PM2.5","UG/M3","2.3","Oregon Dept. of Environmental Quality"
"08/26/26","13:00","410050102","Multorpor","-8","PM2.5","UG/M3","2.7","Oregon Dept. of Environmental Quality"
"08/26/26","13:00","410510080","Portland - SE Lafaye","-8","PM2.5","UG/M3","2.6","Oregon Dept. of Environmental Quality"
"08/26/26","13:00","410670004","Hillsboro - Hare Fie","-8","PM2.5","UG/M3","2.3","Oregon Dept. of Environmental Quality"
"08/26/26","13:00","410670005","Portland Near Road","-8","PM2.5","UG/M3","2.6","Oregon Dept. of Environmental Quality"
"08/26/26","13:00","410670111","Beaverton - Highland","-8","PM2.5","UG/M3","2.2","Oregon Dept. of Environmental Quality"
"08/26/26","14:00","410050004","Portland - Spangler","-8","PM2.5","UG/M3","2.4","Oregon Dept. of Environmental Quality"
"08/26/26","14:00","410050102","Multorpor","-8","PM2.5","UG/M3","3.3","Oregon Dept. of Environmental Quality"
"08/26/26","14:00","410510080","Portland - SE Lafaye","-8","PM2.5","UG/M3","2.5","Oregon Dept. of Environmental Quality"
"08/26/26","14:00","410670004","Hillsboro - Hare Fie","-8","PM2.5","UG/M3","2.9","Oregon Dept. of Environmental Quality"
"08/26/26","14:00","410670005","Portland Near Road","-8","PM2.5","UG/M3","2.6","Oregon Dept. of Environmental Quality"
"08/26/26","14:00","410670111","Beaverton - Highland","-8","PM2.5","UG/M3","2.4","Oregon Dept. of Environmental Quality"
"08/26/26","15:00","410050004","Portland - Spangler","-8","PM2.5","UG/M3","2.6","Oregon Dept. of Environmental Quality"
"08/26/26","15:00","410050102","Multorpor","-8","PM2.5","UG/M3","5.8","Oregon Dept. of Environmental Quality"
"08/26/26","15:00","410510080","Portland - SE Lafaye","-8","PM2.5","UG/M3","2.8","Oregon Dept. of Environmental Quality"
"08/26/26","15:00","410670004","Hillsboro - Hare Fie","-8","PM2.5","UG/M3","2.9","Oregon Dept. of Environmental Quality"
"08/26/26","15:00","410670005","Portland Near Road","-8","PM2.5","UG/M3","3","Oregon Dept. of Environmental Quality"
"08/26/26","15:00","410670111","Beaverton - Highland","-8","PM2.5","UG/M3","2.8","Oregon Dept. of Environmental Quality"
"08/26/26","16:00","410050004","Portland - Spangler","-8","PM2.5","UG/M3","2.5","Oregon Dept. of Environmental Quality"
"08/26/26","16:00","410050102","Multorpor","-8","PM2.5","UG/M3","9.8","Oregon Dept. of Environmental Quality"
"08/26/26","16:00","410510080","Portland - SE Lafaye","-8","PM2.5","UG/M3","3.7","Oregon Dept. of Environmental Quality"
"08/26/26","16:00","410670004","Hillsboro - Hare Fie","-8","PM2.5","UG/M3","2.7","Oregon Dept. of Environmental Quality"
"08/26/26","16:00","410670005","Portland Near Road","-8","PM2.5","UG/M3","2.8","Oregon Dept. of Environmental Quality"
"08/26/26","16:00","410670111","Beaverton - Highland","-8","PM2.5","UG/M3","3","Oregon Dept. of Environmental Quality"
"08/26/26","17:00","410050004","Portland - Spangler","-8","PM2.5","UG/M3","2.7","Oregon Dept. of Environmental Quality"
"08/26/26","17:00","410050102","Multorpor","-8","PM2.5","UG/M3","16.4","Oregon Dept. of Environmental Quality"
"08/26/26","17:00","410510080","Portland - SE Lafaye","-8","PM2.5","UG/M3","3.2","Oregon Dept. of Environmental Quality"
"08/26/26","17:00","410670004","Hillsboro - Hare Fie","-8","PM2.5","UG/M3","2.7","Oregon Dept. of Environmental Quality"
"08/26/26","17:00","410670005","Portland Near Road","-8","PM2.5","UG/M3","3.3","Oregon Dept. of Environmental Quality"
"08/26/26","17:00","410670111","Beaverton - Highland","-8","PM2.5","UG/M3","2.9","Oregon Dept. of Environmental Quality"
"08/26/26","18:00","410050004","Portland - Spangler","-8","PM2.5","UG/M3","3.2","Oregon Dept. of Environmental Quality"
"08/26/26","18:00","410050102","Multorpor","-8","PM2.5","UG/M3","16.4","Oregon Dept. of Environmental Quality"
"08/26/26","18:00","410510080","Portland - SE Lafaye","-8","PM2.5","UG/M3","3.1","Oregon Dept. of Environmental Quality"
"08/26/26","18:00","410670004","Hillsboro - Hare Fie","-8","PM2.5","UG/M3","6.2","Oregon Dept. of Environmental Quality"
"08/26/26","18:00","410670005","Portland Near Road","-8","PM2.5","UG/M3","4.2","Oregon Dept. of Environmental Quality"
"08/26/26","18:00","410670111","Beaverton - Highland","-8","PM2.5","UG/M3","2.9","Oregon Dept. of Environmental Quality"
"08/26/26","19:00","410050004","Portland - Spangler","-8","PM2.5","UG/M3","3.8","Oregon Dept. of Environmental Quality"
"08/26/26","19:00","410050102","Multorpor","-8","PM2.5","UG/M3","20.7","Oregon Dept. of Environmental Quality"
"08/26/26","19:00","410510080","Portland - SE Lafaye","-8","PM2.5","UG/M3","3.5","Oregon Dept. of Environmental Quality"
"08/26/26","19:00","410670004","Hillsboro - Hare Fie","-8","PM2.5","UG/M3","3.2","Oregon Dept. of Environmental Quality"
"08/26/26","19:00","410670005","Portland Near Road","-8","PM2.5","UG/M3","4.6","Oregon Dept. of Environmental Quality"
"08/26/26","19:00","410670111","Beaverton - Highland","-8","PM2.5","UG/M3","3.2","Oregon Dept. of Environmental Quality"
"08/26/26","20:00","410050004","Portland - Spangler","-8","PM2.5","UG/M3","4","Oregon Dept. of Environmental Quality"
"08/26/26","20:00","410050102","Multorpor","-8","PM2.5","UG/M3","26.9","Oregon Dept. of Environmental Quality"
"08/26/26","20:00","410510080","Portland - SE Lafaye","-8","PM2.5","UG/M3","3.6","Oregon Dept. of Environmental Quality"
"08/26/26","20:00","410670004","Hillsboro - Hare Fie","-8","PM2.5","UG/M3","3.1","Oregon Dept. of Environmental Quality"
"08/26/26","20:00","410670005","Portland Near Road","-8","PM2.5","UG/M3","4.4","Oregon Dept. of Environmental Quality"
"08/26/26","20:00","410670111","Beaverton - Highland","-8","PM2.5","UG/M3","3","Oregon Dept. of Environmental Quality"
"08/26/26","21:00","410050004","Portland - Spangler","-8","PM2.5","UG/M3","3.5","Oregon Dept. of Environmental Quality"
"08/26/26","21:00","410050102","Multorpor","-8","PM2.5","UG/M3","28.8","Oregon Dept. of Environmental Quality"
"08/26/26","21:00","410510080","Portland - SE Lafaye","-8","PM2.5","UG/M3","3","Oregon Dept. of Environmental Quality"
"08/26/26","21:00","410670004","Hillsboro - Hare Fie","-8","PM2.5","UG/M3","3.1","Oregon Dept. of Environmental Quality"
"08/26/26","21:00","410670005","Portland Near Road","-8","PM2.5","UG/M3","4.3","Oregon Dept. of Environmental Quality"
"08/26/26","21:00","410670111","Beaverton - Highland","-8","PM2.5","UG/M3","2.3","Oregon Dept. of Environmental Quality"
"08/26/26","22:00","410050004","Portland - Spangler","-8","PM2.5","UG/M3","3.1","Oregon Dept. of Environmental Quality"
"08/26/26","22:00","410050102","Multorpor","-8","PM2.5","UG/M3","15.4","Oregon Dept. of Environmental Quality"
"08/26/26","22:00","410510080","Portland - SE Lafaye","-8","PM2.5","UG/M3","3.1","Oregon Dept. of Environmental Quality"
"08/26/26","22:00","410670004","Hillsboro - Hare Fie","-8","PM2.5","UG/M3","2.7","Oregon Dept. of Environmental Quality"
"08/26/26","22:00","410670005","Portland Near Road","-8","PM2.5","UG/M3","3.6","Oregon Dept. of Environmental Quality"
"08/26/26","22:00","410670111","Beaverton - Highland","-8","PM2.5","UG/M3","2.2","Oregon Dept. of Environmental Quality"
"08/26/26","23:00","410050004","Portland - Spangler","-8","PM2.5","UG/M3","3.3","Oregon Dept. of Environmental Quality"
"08/26/26","23:00","410050102","Multorpor","-8","PM2.5","UG/M3","2.9","Oregon Dept. of Environmental Quality"
"08/26/26","23:00","410510080","Portland - SE Lafaye","-8","PM2.5","UG/M3","3.3","Oregon Dept. of Environmental Quality"
"08/26/26","23:00","410670004","Hillsboro - Hare Fie","-8","PM2.5","UG/M3","2.4","Oregon Dept. of Environmental Quality"
"08/26/26","23:00","410670005","Portland Near Road","-8","PM2.5","UG/M3","3","Oregon Dept. of Environmental Quality"
"08/26/26","23:00","410670111","Beaverton - Highland","-8","PM2.5","UG/M3","2.3","Oregon Dept. of Environmental Quality"
"08/27/26","00:00","410050004","Portland - Spangler","-8","PM2.5","UG/M3","3.4","Oregon Dept. of Environmental Quality"
"08/27/26","00:00","410050102","Multorpor","-8","PM2.5","UG/M3","2.1","Oregon Dept. of Environmental Quality"
"08/27/26","00:00","410510080","Portland - SE Lafaye","-8","PM2.5","UG/M3","3","Oregon Dept. of Environmental Quality"
"08/27/26","00:00","410670004","Hillsboro - Hare Fie","-8","PM2.5","UG/M3","2.3","Oregon Dept. of Environmental Quality"
"08/27/26","00:00","410670005","Portland Near Road","-8","PM2.5","UG/M3","3.1","Oregon Dept. of Environmental Quality"
"08/27/26","00:00","410670111","Beaverton - Highland","-8","PM2.5","UG/M3","2.3","Oregon Dept. of Environmental Quality"
"08/27/26","01:00","410050102","Multorpor","-8","PM2.5","UG/M3","2.1","Oregon Dept. of Environmental Quality"
"08/27/26","01:00","410510080","Portland - SE Lafaye","-8","PM2.5","UG/M3","2.9","Oregon Dept. of Environmental Quality"
"08/27/26","01:00","410670004","Hillsboro - Hare Fie","-8","PM2.5","UG/M3","2.3","Oregon Dept. of Environmental Quality"
"08/27/26","01:00","410670005","Portland Near Road","-8","PM2.5","UG/M3","3.3","Oregon Dept. of Environmental Quality"
"08/27/26","01:00","410670111","Beaverton - Highland","-8","PM2.5","UG/M3","2.6","Oregon Dept. of Environmental Quality"
"08/27/26","02:00","410050102","Multorpor","-8","PM2.5","UG/M3","2.8","Oregon Dept. of Environmental Quality"
"08/27/26","02:00","410510080","Portland - SE Lafaye","-8","PM2.5","UG/M3","3.2","Oregon Dept. of Environmental Quality"
"08/27/26","02:00","410670004","Hillsboro - Hare Fie","-8","PM2.5","UG/M3","1.6","Oregon Dept. of Environmental Quality"
"08/27/26","02:00","410670005","Portland Near Road","-8","PM2.5","UG/M3","2.7","Oregon Dept. of Environmental Quality"
"08/27/26","02:00","410670111","Beaverton - Highland","-8","PM2.5","UG/M3","2","Oregon Dept. of Environmental Quality"
"08/27/26","03:00","410050102","Multorpor","-8","PM2.5","UG/M3","4.2","Oregon Dept. of Environmental Quality"
"08/27/26","03:00","410510080","Portland - SE Lafaye","-8","PM2.5","UG/M3","4.1","Oregon Dept. of Environmental Quality"
"08/27/26","03:00","410670004","Hillsboro - Hare Fie","-8","PM2.5","UG/M3","1.6","Oregon Dept. of Environmental Quality"
"08/27/26","03:00","410670005","Portland Near Road","-8","PM2.5","UG/M3","2.3","Oregon Dept. of Environmental Quality"
"08/27/26","03:00","410670111","Beaverton - Highland","-8","PM2.5","UG/M3","1.8","Oregon Dept. of Environmental Quality"
"08/27/26","04:00","410050102","Multorpor","-8","PM2.5","UG/M3","3.4","Oregon Dept. of Environmental Quality"
"08/27/26","04:00","410510080","Portland - SE Lafaye","-8","PM2.5","UG/M3","2.5","Oregon Dept. of Environmental Quality"
"08/27/26","04:00","410670004","Hillsboro - Hare Fie","-8","PM2.5","UG/M3","2.1","Oregon Dept. of Environmental Quality"
"08/27/26","04:00","410670005","Portland Near Road","-8","PM2.5","UG/M3","2.3","Oregon Dept. of Environmental Quality"
"08/27/26","04:00","410670111","Beaverton - Highland","-8","PM2.5","UG/M3","1.8","Oregon Dept. of Environmental Quality"
"08/27/26","05:00","410050102","Multorpor","-8","PM2.5","UG/M3","2.7","Oregon Dept. of Environmental Quality"
"08/27/26","05:00","410510080","Portland - SE Lafaye","-8","PM2.5","UG/M3","2.2","Oregon Dept. of Environmental Quality"
"08/27/26","05:00","410670004","Hillsboro - Hare Fie","-8","PM2.5","UG/M3","1.8","Oregon Dept. of Environmental Quality"
"08/27/26","05:00","410670005","Portland Near Road","-8","PM2.5","UG/M3","2","Oregon Dept. of Environmental Quality"
"08/27/26","05:00","410670111","Beaverton - Highland","-8","PM2.5","UG/M3","1.7","Oregon Dept. of Environmental Quality"
"08/27/26","06:00","410050102","Multorpor","-8","PM2.5","UG/M3","2.4","Oregon Dept. of Environmental Quality"
"08/27/26","06:00","410510080","Portland - SE Lafaye","-8","PM2.5","UG/M3","2","Oregon Dept. of Environmental Quality"
"08/27/26","06:00","410670004","Hillsboro - Hare Fie","-8","PM2.5","UG/M3","1.8","Oregon Dept. of Environmental Quality"
"08/27/26","06:00","410670005","Portland Near Road","-8","PM2.5","UG/M3","2.1","Oregon Dept. of Environmental Quality"
"08/27/26","06:00","410670111","Beaverton - Highland","-8","PM2.5","UG/M3","1.7","Oregon Dept. of Environmental Quality"
"08/27/26","07:00","410050102","Multorpor","-8","PM2.5","UG/M3","2.4","Oregon Dept. of Environmental Quality"
"08/27/26","07:00","410510080","Portland - SE Lafaye","-8","PM2.5","UG/M3","2.2","Oregon Dept. of Environmental Quality"
"08/27/26","07:00","410670004","Hillsboro - Hare Fie","-8","PM2.5","UG/M3","1.9","Oregon Dept. of Environmental Quality"
"08/27/26","07:00","410670005","Portland Near Road","-8","PM2.5","UG/M3","2.6","Oregon Dept. of Environmental Quality"
"08/27/26","07:00","410670111","Beaverton - Highland","-8","PM2.5","UG/M3","1.8","Oregon Dept. of Environmental Quality"
"08/27/26","08:00","410050102","Multorpor","-8","PM2.5","UG/M3","2.2","Oregon Dept. of Environmental Quality"
"08/27/26","08:00","410510080","Portland - SE Lafaye","-8","PM2.5","UG/M3","2.7","Oregon Dept. of Environmental Quality"
"08/27/26","08:00","410670004","Hillsboro - Hare Fie","-8","PM2.5","UG/M3","1.9","Oregon Dept. of Environmental Quality"
"08/27/26","08:00","410670005","Portland Near Road","-8","PM2.5","UG/M3","2.7","Oregon Dept. of Environmental Quality"
"08/27/26","08:00","410670111","Beaverton - Highland","-8","PM2.5","UG/M3","1.9","Oregon Dept. of Environmental Quality"
"08/27/26","09:00","410050102","Multorpor","-8","PM2.5","UG/M3","2.4","Oregon Dept. of Environmental Quality"
"08/27/26","09:00","410510080","Portland - SE Lafaye","-8","PM2.5","UG/M3","2.7","Oregon Dept. of Environmental Quality"
"08/27/26","09:00","410670004","Hillsboro - Hare Fie","-8","PM2.5","UG/M3","1.9","Oregon Dept. of Environmental Quality"
"08/27/26","09:00","410670005","Portland Near Road","-8","PM2.5","UG/M3","2.5","Oregon Dept. of Environmental Quality"
"08/27/26","09:00","410670111","Beaverton - Highland","-8","PM2.5","UG/M3","2","Oregon Dept. of Environmental Quality"
"08/27/26","10:00","410050102","Multorpor","-8","PM2.5","UG/M3","2.4","Oregon Dept. of Environmental Quality"
"08/27/26","10:00","410510080","Portland - SE Lafaye","-8","PM2.5","UG/M3","2.5","Oregon Dept. of Environmental Quality"
"08/27/26","10:00","410670004","Hillsboro - Hare Fie","-8","PM2.5","UG/M3","1.9","Oregon Dept. of Environmental Quality"
"08/27/26","10:00","410670005","Portland Near Road","-8","PM2.5","UG/M3","2.4","Oregon Dept. of Environmental Quality"
"08/27/26","10:00","410670111","Beaverton - Highland","-8","PM2.5","UG/M3","1.9","Oregon Dept. of Environmental Quality"
"08/27/26","11:00","410050102","Multorpor","-8","PM2.5","UG/M3","2.3","Oregon Dept. of Environmental Quality"
"08/27/26","11:00","410510080","Portland - SE Lafaye","-8","PM2.5","UG/M3","2.5","Oregon Dept. of Environmental Quality"
"08/27/26","11:00","410670004","Hillsboro - Hare Fie","-8","PM2.5","UG/M3","2","Oregon Dept. of Environmental Quality"
"08/27/26","11:00","410670005","Portland Near Road","-8","PM2.5","UG/M3","2.5","Oregon Dept. of Environmental Quality"
"08/27/26","11:00","410670111","Beaverton - Highland","-8","PM2.5","UG/M3","2","Oregon Dept. of Environmental Quality"
"08/27/26","12:00","410050102","Multorpor","-8","PM2.5","UG/M3","2","Oregon Dept. of Environmental Quality"
"08/27/26","12:00","410510080","Portland - SE Lafaye","-8","PM2.5","UG/M3","2.5","Oregon Dept. of Environmental Quality"
"08/27/26","12:00","410670004","Hillsboro - Hare Fie","-8","PM2.5","UG/M3","2.4","Oregon Dept. of Environmental Quality"
"08/27/26","12:00","410670005","Portland Near Road","-8","PM2.5","UG/M3","2.7","Oregon Dept. of Environmental Quality"
"08/27/26","12:00","410670111","Beaverton - Highland","-8","PM2.5","UG/M3","2.1","Oregon Dept. of Environmental Quality"
"08/27/26","13:00","410050102","Multorpor","-8","PM2.5","UG/M3","1.9","Oregon Dept. of Environmental Quality"
"08/27/26","13:00","410510080","Portland - SE Lafaye","-8","PM2.5","UG/M3","2.5","Oregon Dept. of Environmental Quality"
"08/27/26","13:00","410670004","Hillsboro - Hare Fie","-8","PM2.5","UG/M3","2.4","Oregon Dept. of Environmental Quality"
"08/27/26","13:00","410670005","Portland Near Road","-8","PM2.5","UG/M3","3","Oregon Dept. of Environmental Quality"
"08/27/26","13:00","410670111","Beaverton - Highland","-8","PM2.5","UG/M3","2.1","Oregon Dept. of Environmental Quality"
"08/27/26","14:00","410050102","Multorpor","-8","PM2.5","UG/M3","2","Oregon Dept. of Environmental Quality"
"08/27/26","14:00","410510080","Portland - SE Lafaye","-8","PM2.5","UG/M3","2.4","Oregon Dept. of Environmental Quality"
"08/27/26","14:00","410670004","Hillsboro - Hare Fie","-8","PM2.5","UG/M3","2.9","Oregon Dept. of Environmental Quality"
"08/27/26","14:00","410670005","Portland Near Road","-8","PM2.5","UG/M3","2.9","Oregon Dept. of Environmental Quality"
"08/27/26","14:00","410670111","Beaverton - Highland","-8","PM2.5","UG/M3","2.4","Oregon Dept. of Environmental Quality"
"08/27/26","15:00","410050004","Portland - Spangler","-8","PM2.5","UG/M3","2.6","Oregon Dept. of Environmental Quality"
"08/27/26","15:00","410050102","Multorpor","-8","PM2.5","UG/M3","1.8","Oregon Dept. of Environmental Quality"
"08/27/26","15:00","410510080","Portland - SE Lafaye","-8","PM2.5","UG/M3","2.5","Oregon Dept. of Environmental Quality"
"08/27/26","15:00","410670004","Hillsboro - Hare Fie","-8","PM2.5","UG/M3","3","Oregon Dept. of Environmental Quality"
"08/27/26","15:00","410670005","Portland Near Road","-8","PM2.5","UG/M3","2.8","Oregon Dept. of Environmental Quality"
"08/27/26","15:00","410670111","Beaverton - Highland","-8","PM2.5","UG/M3","2.5","Oregon Dept. of Environmental Quality"
"08/27/26","16:00","410050004","Portland - Spangler","-8","PM2.5","UG/M3","2.7","Oregon Dept. of Environmental Quality"
"08/27/26","16:00","410050102","Multorpor","-8","PM2.5","UG/M3","2","Oregon Dept. of Environmental Quality"
"08/27/26","16:00","410510080","Portland - SE Lafaye","-8","PM2.5","UG/M3","2.7","Oregon Dept. of Environmental Quality"
"08/27/26","16:00","410670004","Hillsboro - Hare Fie","-8","PM2.5","UG/M3","2.7","Oregon Dept. of Environmental Quality"
"08/27/26","16:00","410670005","Portland Near Road","-8","PM2.5","UG/M3","2.9","Oregon Dept. of Environmental Quality"
"08/27/26","16:00","410670111","Beaverton - Highland","-8","PM2.5","UG/M3","2.3","Oregon Dept. of Environmental Quality"
"08/27/26","17:00","410050004","Portland - Spangler","-8","PM2.5","UG/M3","2.8","Oregon Dept. of Environmental Quality"
"08/27/26","17:00","410050102","Multorpor","-8","PM2.5","UG/M3","1.9","Oregon Dept. of Environmental Quality"
"08/27/26","17:00","410510080","Portland - SE Lafaye","-8","PM2.5","UG/M3","2.7","Oregon Dept. of Environmental Quality"
"08/27/26","17:00","410670004","Hillsboro - Hare Fie","-8","PM2.5","UG/M3","2.6","Oregon Dept. of Environmental Quality"
"08/27/26","17:00","410670005","Portland Near Road","-8","PM2.5","UG/M3","3.1","Oregon Dept. of Environmental Quality"
"08/27/26","17:00","410670111","Beaverton - Highland","-8","PM2.5","UG/M3","2.4","Oregon Dept. of Environmental Quality"
"08/27/26","18:00","410050004","Portland - Spangler","-8","PM2.5","UG/M3","2.8","Oregon Dept. of Environmental Quality"
"08/27/26","18:00","410050102","Multorpor","-8","PM2.5","UG/M3","2","Oregon Dept. of Environmental Quality"
"08/27/26","18:00","410510080","Portland - SE Lafaye","-8","PM2.5","UG/M3","2.8","Oregon Dept. of Environmental Quality"
"08/27/26","18:00","410670004","Hillsboro - Hare Fie","-8","PM2.5","UG/M3","2.7","Oregon Dept. of Environmental Quality"
"08/27/26","18:00","410670005","Portland Near Road","-8","PM2.5","UG/M3","3.4","Oregon Dept. of Environmental Quality"
"08/27/26","18:00","410670111","Beaverton - Highland","-8","PM2.5","UG/M3","2.3","Oregon Dept. of Environmental Quality"
"08/27/26","19:00","410050004","Portland - Spangler","-8","PM2.5","UG/M3","2.5","Oregon Dept. of Environmental Quality"
"08/27/26","19:00","410050102","Multorpor","-8","PM2.5","UG/M3","2.1","Oregon Dept. of Environmental Quality"
"08/27/26","19:00","410510080","Portland - SE Lafaye","-8","PM2.5","UG/M3","2.8","Oregon Dept. of Environmental Quality"
"08/27/26","19:00","410670004","Hillsboro - Hare Fie","-8","PM2.5","UG/M3","2.4","Oregon Dept. of Environmental Quality"
"08/27/26","19:00","410670005","Portland Near Road","-8","PM2.5","UG/M3","3.3","Oregon Dept. of Environmental Quality"
"08/27/26","19:00","410670111","Beaverton - Highland","-8","PM2.5","UG/M3","2.5","Oregon Dept. of Environmental Quality"
"08/27/26","20:00","410050004","Portland - Spangler","-8","PM2.5","UG/M3","2.6","Oregon Dept. of Environmental Quality"
"08/27/26","20:00","410050102","Multorpor","-8","PM2.5","UG/M3","2.1","Oregon Dept. of Environmental Quality"
"08/27/26","20:00","410510080","Portland - SE Lafaye","-8","PM2.5","UG/M3","2.8","Oregon Dept. of Environmental Quality"
"08/27/26","20:00","410670004","Hillsboro - Hare Fie","-8","PM2.5","UG/M3","2.5","Oregon Dept. of Environmental Quality"
"08/27/26","20:00","410670005","Portland Near Road","-8","PM2.5","UG/M3","3.1","Oregon Dept. of Environmental Quality"
"08/27/26","20:00","410670111","Beaverton - Highland","-8","PM2.5","UG/M3","2.4","Oregon Dept. of Environmental Quality"
"08/27/26","21:00","410050004","Portland - Spangler","-8","PM2.5","UG/M3","2.6","Oregon Dept. of Environmental Quality"
"08/27/26","21:00","410050102","Multorpor","-8","PM2.5","UG/M3","1.8","Oregon Dept. of Environmental Quality"
"08/27/26","21:00","410510080","Portland - SE Lafaye","-8","PM2.5","UG/M3","2.9","Oregon Dept. of Environmental Quality"
"08/27/26","21:00","410670004","Hillsboro - Hare Fie","-8","PM2.5","UG/M3","2.7","Oregon Dept. of Environmental Quality"
"08/27/26","21:00","410670005","Portland Near Road","-8","PM2.5","UG/M3","2.9","Oregon Dept. of Environmental Quality"
"08/27/26","21:00","410670111","Beaverton - Highland","-8","PM2.5","UG/M3","2.3","Oregon Dept. of Environmental Quality"
"08/27/26","22:00","410050004","Portland - Spangler","-8","PM2.5","UG/M3","2.4","Oregon Dept. of Environmental Quality"
"08/27/26","22:00","410050102","Multorpor","-8","PM2.5","UG/M3","1.6","Oregon Dept. of Environmental Quality"
"08/27/26","22:00","410510080","Portland - SE Lafaye","-8","PM2.5","UG/M3","2.5","Oregon Dept. of Environmental Quality"
"08/27/26","22:00","410670004","Hillsboro - Hare Fie","-8","PM2.5","UG/M3","2.6","Oregon Dept. of Environmental Quality"
"08/27/26","22:00","410670005","Portland Near Road","-8","PM2.5","UG/M3","2.8","Oregon Dept. of Environmental Quality"
"08/27/26","22:00","410670111","Beaverton - Highland","-8","PM2.5","UG/M3","2.3","Oregon Dept. of Environmental Quality"
"08/27/26","23:00","410050004","Portland - Spangler","-8","PM2.5","UG/M3","2.5","Oregon Dept. of Environmental Quality"
"08/27/26","23:00","410050102","Multorpor","-8","PM2.5","UG/M3","1.6","Oregon Dept. of Environmental Quality"
"08/27/26","23:00","410510080","Portland - SE Lafaye","-8","PM2.5","UG/M3","2.8","Oregon Dept. of Environmental Quality"
"08/27/26","23:00","410670004","Hillsboro - Hare Fie","-8","PM2.5","UG/M3","1.9","Oregon Dept. of Environmental Quality"
"08/27/26","23:00","410670005","Portland Near Road","-8","PM2.5","UG/M3","3","Oregon Dept. of Environmental Quality"
"08/27/26","23:00","410670111","Beaverton - Highland","-8","PM2.5","UG/M3","2.4","Oregon Dept. of Environmental Quality"
"08/28/26","00:00","410050004","Portland - Spangler","-8","PM2.5","UG/M3","2.6","Oregon Dept. of Environmental Quality"
"08/28/26","00:00","410050102","Multorpor","-8","PM2.5","UG/M3","1.6","Oregon Dept. of Environmental Quality"
"08/28/26","00:00","410510080","Portland - SE Lafaye","-8","PM2.5","UG/M3","2.9","Oregon Dept. of Environmental Quality"
"08/28/26","00:00","410670004","Hillsboro - Hare Fie","-8","PM2.5","UG/M3","1.6","Oregon Dept. of Environmental Quality"
"08/28/26","00:00","410670005","Portland Near Road","-8","PM2.5","UG/M3","3.1","Oregon Dept. of Environmental Quality"
"08/28/26","00:00","410670111","Beaverton - Highland","-8","PM2.5","UG/M3","2.1","Oregon Dept. of Environmental Quality"
"08/28/26","01:00","410050004","Portland - Spangler","-8","PM2.5","UG/M3","2.4","Oregon Dept. of Environmental Quality"
"08/28/26","01:00","410050102","Multorpor","-8","PM2.5","UG/M3","1.7","Oregon Dept. of Environmental Quality"
"08/28/26","01:00","410510080","Portland - SE Lafaye","-8","PM2.5","UG/M3","2.9","Oregon Dept. of Environmental Quality"
"08/28/26","01:00","410670004","Hillsboro - Hare Fie","-8","PM2.5","UG/M3","1.9","Oregon Dept. of Environmental Quality"
"08/28/26","01:00","410670005","Portland Near Road","-8","PM2.5","UG/M3","2.6","Oregon Dept. of Environmental Quality"
"08/28/26","01:00","410670111","Beaverton - Highland","-8","PM2.5","UG/M3","2.4","Oregon Dept. of Environmental Quality"
"08/28/26","02:00","410050004","Portland - Spangler","-8","PM2.5","UG/M3","2.4","Oregon Dept. of Environmental Quality"
"08/28/26","02:00","410050102","Multorpor","-8","PM2.5","UG/M3","1.8","Oregon Dept. of Environmental Quality"
"08/28/26","02:00","410510080","Portland - SE Lafaye","-8","PM2.5","UG/M3","2.6","Oregon Dept. of Environmental Quality"
"08/28/26","02:00","410670004","Hillsboro - Hare Fie","-8","PM2.5","UG/M3","1.8","Oregon Dept. of Environmental Quality"
"08/28/26","02:00","410670005","Portland Near Road","-8","PM2.5","UG/M3","2.8","Oregon Dept. of Environmental Quality"
"08/28/26","02:00","410670111","Beaverton - Highland","-8","PM2.5","UG/M3","2","Oregon Dept. of Environmental Quality"
"08/28/26","03:00","410050004","Portland - Spangler","-8","PM2.5","UG/M3","2.3","Oregon Dept. of Environmental Quality"
"08/28/26","03:00","410050102","Multorpor","-8","PM2.5","UG/M3","1.9","Oregon Dept. of Environmental Quality"
"08/28/26","03:00","410510080","Portland - SE Lafaye","-8","PM2.5","UG/M3","2.6","Oregon Dept. of Environmental Quality"
"08/28/26","03:00","410670004","Hillsboro - Hare Fie","-8","PM2.5","UG/M3","1.8","Oregon Dept. of Environmental Quality"
"08/28/26","03:00","410670005","Portland Near Road","-8","PM2.5","UG/M3","2.5","Oregon Dept. of Environmental Quality"
"08/28/26","03:00","410670111","Beaverton - Highland","-8","PM2.5","UG/M3","1.8","Oregon Dept. of Environmental Quality"
"08/28/26","04:00","410050004","Portland - Spangler","-8","PM2.5","UG/M3","2.4","Oregon Dept. of Environmental Quality"
"08/28/26","04:00","410050102","Multorpor","-8","PM2.5","UG/M3","2","Oregon Dept. of Environmental Quality"
"08/28/26","04:00","410510080","Portland - SE Lafaye","-8","PM2.5","UG/M3","2.8","Oregon Dept. of Environmental Quality"
"08/28/26","04:00","410670004","Hillsboro - Hare Fie","-8","PM2.5","UG/M3","2.1","Oregon Dept. of Environmental Quality"
"08/28/26","04:00","410670005","Portland Near Road","-8","PM2.5","UG/M3","3.1","Oregon Dept. of Environmental Quality"
"08/28/26","04:00","410670111","Beaverton - Highland","-8","PM2.5","UG/M3","2","Oregon Dept. of Environmental Quality"
"08/28/26","05:00","410050004","Portland - Spangler","-8","PM2.5","UG/M3","2.6","Oregon Dept. of Environmental Quality"
"08/28/26","05:00","410050102","Multorpor","-8","PM2.5","UG/M3","2","Oregon Dept. of Environmental Quality"
"08/28/26","05:00","410510080","Portland - SE Lafaye","-8","PM2.5","UG/M3","2.6","Oregon Dept. of Environmental Quality"
"08/28/26","05:00","410670004","Hillsboro - Hare Fie","-8","PM2.5","UG/M3","2.3","Oregon Dept. of Environmental Quality"
"08/28/26","05:00","410670005","Portland Near Road","-8","PM2.5","UG/M3","3.2","Oregon Dept. of Environmental Quality"
"08/28/26","05:00","410670111","Beaverton - Highland","-8","PM2.5","UG/M3","2.4","Oregon Dept. of Environmental Quality"
"08/28/26","06:00","410050004","Portland - Spangler","-8","PM2.5","UG/M3","2.7","Oregon Dept. of Environmental Quality"
"08/28/26","06:00","410050102","Multorpor","-8","PM2.5","UG/M3","2.2","Oregon Dept. of Environmental Quality"
"08/28/26","06:00","410510080","Portland - SE Lafaye","-8","PM2.5","UG/M3","2.6","Oregon Dept. of Environmental Quality"
"08/28/26","06:00","410670004","Hillsboro - Hare Fie","-8","PM2.5","UG/M3","2.5","Oregon Dept. of Environmental Quality"
"08/28/26","06:00","410670005","Portland Near Road","-8","PM2.5","UG/M3","3.2","Oregon Dept. of Environmental Quality"
"08/28/26","06:00","410670111","Beaverton - Highland","-8","PM2.5","UG/M3","2.5","Oregon Dept. of Environmental Quality"
"08/28/26","07:00","410050004","Portland - Spangler","-8","PM2.5","UG/M3","2.4","Oregon Dept. of Environmental Quality"
"08/28/26","07:00","410050102","Multorpor","-8","PM2.5","UG/M3","2.5","Oregon Dept. of Environmental Quality"
"08/28/26","07:00","410510080","Portland - SE Lafaye","-8","PM2.5","UG/M3","2.8","Oregon Dept. of Environmental Quality"
"08/28/26","07:00","410670004","Hillsboro - Hare Fie","-8","PM2.5","UG/M3","2.1","Oregon Dept. of Environmental Quality"
"08/28/26","07:00","410670005","Portland Near Road","-8","PM2.5","UG/M3","3.3","Oregon Dept. of Environmental Quality"
"08/28/26","07:00","410670111","Beaverton - Highland","-8","PM2.5","UG/M3","2.5","Oregon Dept. of Environmental Quality"
"08/28/26","08:00","410050004","Portland - Spangler","-8","PM2.5","UG/M3","2.4","Oregon Dept. of Environmental Quality"
"08/28/26","08:00","410050102","Multorpor","-8","PM2.5","UG/M3","2.3","Oregon Dept. of Environmental Quality"
"08/28/26","08:00","410510080","Portland - SE Lafaye","-8","PM2.5","UG/M3","2.8","Oregon Dept. of Environmental Quality"
"08/28/26","08:00","410670004","Hillsboro - Hare Fie","-8","PM2.5","UG/M3","1.9","Oregon Dept. of Environmental Quality"
"08/28/26","08:00","410670005","Portland Near Road","-8","PM2.5","UG/M3","3.2","Oregon Dept. of Environmental Quality"
"08/28/26","08:00","410670111","Beaverton - Highland","-8","PM2.5","UG/M3","2.5","Oregon Dept. of Environmental Quality"
"08/28/26","09:00","410050004","Portland - Spangler","-8","PM2.5","UG/M3","2.4","Oregon Dept. of Environmental Quality"
"08/28/26","09:00","410050102","Multorpor","-8","PM2.5","UG/M3","2.1","Oregon Dept. of Environmental Quality"
"08/28/26","09:00","410510080","Portland - SE Lafaye","-8","PM2.5","UG/M3","2.8","Oregon Dept. of Environmental Quality"
"08/28/26","09:00","410670004","Hillsboro - Hare Fie","-8","PM2.5","UG/M3","1.9","Oregon Dept. of Environmental Quality"
"08/28/26","09:00","410670005","Portland Near Road","-8","PM2.5","UG/M3","3.2","Oregon Dept. of Environmental Quality"
"08/28/26","09:00","410670111","Beaverton - Highland","-8","PM2.5","UG/M3","2.4","Oregon Dept. of Environmental Quality"
"08/28/26","10:00","410050004","Portland - Spangler","-8","PM2.5","UG/M3","2.5","Oregon Dept. of Environmental Quality"
"08/28/26","10:00","410050102","Multorpor","-8","PM2.5","UG/M3","2","Oregon Dept. of Environmental Quality"
"08/28/26","10:00","410510080","Portland - SE Lafaye","-8","PM2.5","UG/M3","2.8","Oregon Dept. of Environmental Quality"
"08/28/26","10:00","410670004","Hillsboro - Hare Fie","-8","PM2.5","UG/M3","2","Oregon Dept. of Environmental Quality"
"08/28/26","10:00","410670005","Portland Near Road","-8","PM2.5","UG/M3","3.2","Oregon Dept. of Environmental Quality"
"08/28/26","10:00","410670111","Beaverton - Highland","-8","PM2.5","UG/M3","2.2","Oregon Dept. of Environmental Quality"
"08/28/26","11:00","410050004","Portland - Spangler","-8","PM2.5","UG/M3","2.5","Oregon Dept. of Environmental Quality"
"08/28/26","11:00","410050102","Multorpor","-8","PM2.5","UG/M3","2","Oregon Dept. of Environmental Quality"
"08/28/26","11:00","410510080","Portland - SE Lafaye","-8","PM2.5","UG/M3","2.8","Oregon Dept. of Environmental Quality"
"08/28/26","11:00","410670004","Hillsboro - Hare Fie","-8","PM2.5","UG/M3","2.2","Oregon Dept. of Environmental Quality"
"08/28/26","11:00","410670005","Portland Near Road","-8","PM2.5","UG/M3","3.2","Oregon Dept. of Environmental Quality"
"08/28/26","11:00","410670111","Beaverton - Highland","-8","PM2.5","UG/M3","2.2","Oregon Dept. of Environmental Quality"
"08/28/26","12:00","410050004","Portland - Spangler","-8","PM2.5","UG/M3","2.6","Oregon Dept. of Environmental Quality"
"08/28/26","12:00","410050102","Multorpor","-8","PM2.5","UG/M3","1.6","Oregon Dept. of Environmental Quality"
"08/28/26","12:00","410510080","Portland - SE Lafaye","-8","PM2.5","UG/M3","2.9","Oregon Dept. of Environmental Quality"
"08/28/26","12:00","410670004","Hillsboro - Hare Fie","-8","PM2.5","UG/M3","2.3","Oregon Dept. of Environmental Quality"
"08/28/26","12:00","410670005","Portland Near Road","-8","PM2.5","UG/M3","3.5","Oregon Dept. of Environmental Quality"
"08/28/26","12:00","410670111","Beaverton - Highland","-8","PM2.5","UG/M3","2.2","Oregon Dept. of Environmental Quality"
"08/28/26","13:00","410050004","Portland - Spangler","-8","PM2.5","UG/M3","2.8","Oregon Dept. of Environmental Quality"
"08/28/26","13:00","410050102","Multorpor","-8","PM2.5","UG/M3","1.6","Oregon Dept. of Environmental Quality"
"08/28/26","13:00","410510080","Portland - SE Lafaye","-8","PM2.5","UG/M3","3.2","Oregon Dept. of Environmental Quality"
"08/28/26","13:00","410670004","Hillsboro - Hare Fie","-8","PM2.5","UG/M3","2.3","Oregon Dept. of Environmental Quality"
"08/28/26","13:00","410670005","Portland Near Road","-8","PM2.5","UG/M3","3.5","Oregon Dept. of Environmental Quality"
"08/28/26","13:00","410670111","Beaverton - Highland","-8","PM2.5","UG/M3","2.3","Oregon Dept. of Environmental Quality"
"08/28/26","14:00","410050004","Portland - Spangler","-8","PM2.5","UG/M3","2.9","Oregon Dept. of Environmental Quality"
"08/28/26","14:00","410050102","Multorpor","-8","PM2.5","UG/M3","1.6","Oregon Dept. of Environmental Quality"
"08/28/26","14:00","410510080","Portland - SE Lafaye","-8","PM2.5","UG/M3","3.4","Oregon Dept. of Environmental Quality"
"08/28/26","14:00","410670004","Hillsboro - Hare Fie","-8","PM2.5","UG/M3","2.4","Oregon Dept. of Environmental Quality"
"08/28/26","14:00","410670005","Portland Near Road","-8","PM2.5","UG/M3","3.3","Oregon Dept. of Environmental Quality"
"08/28/26","14:00","410670111","Beaverton - Highland","-8","PM2.5","UG/M3","2.6","Oregon Dept. of Environmental Quality"
"08/28/26","15:00","410050004","Portland - Spangler","-8","PM2.5","UG/M3","3.1","Oregon Dept. of Environmental Quality"
"08/28/26","15:00","410050102","Multorpor","-8","PM2.5","UG/M3","1.5","Oregon Dept. of Environmental Quality"
"08/28/26","15:00","410510080","Portland - SE Lafaye","-8","PM2.5","UG/M3","3.4","Oregon Dept. of Environmental Quality"
"08/28/26","15:00","410670004","Hillsboro - Hare Fie","-8","PM2.5","UG/M3","2.1","Oregon Dept. of Environmental Quality"
"08/28/26","15:00","410670005","Portland Near Road","-8","PM2.5","UG/M3","3.9","Oregon Dept. of Environmental Quality"
"08/28/26","15:00","410670111","Beaverton - Highland","-8","PM2.5","UG/M3","2.5","Oregon Dept. of Environmental Quality"
"08/28/26","16:00","410050004","Portland - Spangler","-8","PM2.5","UG/M3","3.1","Oregon Dept. of Environmental Quality"
"08/28/26","16:00","410050102","Multorpor","-8","PM2.5","UG/M3","1.5","Oregon Dept. of Environmental Quality"
"08/28/26","16:00","410510080","Portland - SE Lafaye","-8","PM2.5","UG/M3","3","Oregon Dept. of Environmental Quality"
"08/28/26","16:00","410670004","Hillsboro - Hare Fie","-8","PM2.5","UG/M3","2","Oregon Dept. of Environmental Quality"
"08/28/26","16:00","410670005","Portland Near Road","-8","PM2.5","UG/M3","3.5","Oregon Dept. of Environmental Quality"
"08/28/26","16:00","410670111","Beaverton - Highland","-8","PM2.5","UG/M3","2.2","Oregon Dept. of Environmental Quality"
"08/28/26","17:00","410050004","Portland - Spangler","-8","PM2.5","UG/M3","3","Oregon Dept. of Environmental Quality"
"08/28/26","17:00","410050102","Multorpor","-8","PM2.5","UG/M3","1.9","Oregon Dept. of Environmental Quality"
"08/28/26","17:00","410510080","Portland - SE Lafaye","-8","PM2.5","UG/M3","2.5","Oregon Dept. of Environmental Quality"
"08/28/26","17:00","410670004","Hillsboro - Hare Fie","-8","PM2.5","UG/M3","1.9","Oregon Dept. of Environmental Quality"
"08/28/26","17:00","410670005","Portland Near Road","-8","PM2.5","UG/M3","2.8","Oregon Dept. of Environmental Quality"
"08/28/26","17:00","410670111","Beaverton - Highland","-8","PM2.5","UG/M3","2","Oregon Dept. of Environmental Quality"
"08/28/26","18:00","410050004","Portland - Spangler","-8","PM2.5","UG/M3","2.7","Oregon Dept. of Environmental Quality"
"08/28/26","18:00","410050102","Multorpor","-8","PM2.5","UG/M3","3.2","Oregon Dept. of Environmental Quality"
"08/28/26","18:00","410510080","Portland - SE Lafaye","-8","PM2.5","UG/M3","2.3","Oregon Dept. of Environmental Quality"
"08/28/26","18:00","410670004","Hillsboro - Hare Fie","-8","PM2.5","UG/M3","1.7","Oregon Dept. of Environmental Quality"
"08/28/26","18:00","410670111","Beaverton - Highland","-8","PM2.5","UG/M3","1.9","Oregon Dept. of Environmental Quality"
"08/28/26","19:00","410050004","Portland - Spangler","-8","PM2.5","UG/M3","2.4","Oregon Dept. of Environmental Quality"
"08/28/26","19:00","410050102","Multorpor","-8","PM2.5","UG/M3","4.3","Oregon Dept. of Environmental Quality"
"08/28/26","19:00","410510080","Portland - SE Lafaye","-8","PM2.5","UG/M3","2.4","Oregon Dept. of Environmental Quality"
"08/28/26","19:00","410670004","Hillsboro - Hare Fie","-8","PM2.5","UG/M3","1.6","Oregon Dept. of Environmental Quality"
"08/28/26","19:00","410670005","Portland Near Road","-8","PM2.5","UG/M3","3.1","Oregon Dept. of Environmental Quality"
"08/28/26","19:00","410670111","Beaverton - Highland","-8","PM2.5","UG/M3","2.1","Oregon Dept. of Environmental Quality"
"08/28/26","20:00","410050004","Portland - Spangler","-8","PM2.5","UG/M3","2.4","Oregon Dept. of Environmental Quality"
"08/28/26","20:00","410050102","Multorpor","-8","PM2.5","UG/M3","6.9","Oregon Dept. of Environmental Quality"
"08/28/26","20:00","410510080","Portland - SE Lafaye","-8","PM2.5","UG/M3","2.7","Oregon Dept. of Environmental Quality"
"08/28/26","20:00","410670004","Hillsboro - Hare Fie","-8","PM2.5","UG/M3","1.8","Oregon Dept. of Environmental Quality"
"08/28/26","20:00","410670005","Portland Near Road","-8","PM2.5","UG/M3","3.1","Oregon Dept. of Environmental Quality"
"08/28/26","20:00","410670111","Beaverton - Highland","-8","PM2.5","UG/M3","2","Oregon Dept. of Environmental Quality"
"08/28/26","21:00","410050004","Portland - Spangler","-8","PM2.5","UG/M3","2.4","Oregon Dept. of Environmental Quality"
"08/28/26","21:00","410050102","Multorpor","-8","PM2.5","UG/M3","6.3","Oregon Dept. of Environmental Quality"
"08/28/26","21:00","410510080","Portland - SE Lafaye","-8","PM2.5","UG/M3","2.6","Oregon Dept. of Environmental Quality"
"08/28/26","21:00","410670004","Hillsboro - Hare Fie","-8","PM2.5","UG/M3","1.9","Oregon Dept. of Environmental Quality"
"08/28/26","21:00","410670005","Portland Near Road","-8","PM2.5","UG/M3","2.7","Oregon Dept. of Environmental Quality"
"08/28/26","21:00","410670111","Beaverton - Highland","-8","PM2.5","UG/M3","2","Oregon Dept. of Environmental Quality"
"08/28/26","22:00","410050004","Portland - Spangler","-8","PM2.5","UG/M3","2.4","Oregon Dept. of Environmental Quality"
"08/28/26","22:00","410050102","Multorpor","-8","PM2.5","UG/M3","2.1","Oregon Dept. of Environmental Quality"
"08/28/26","22:00","410510080","Portland - SE Lafaye","-8","PM2.5","UG/M3","2.6","Oregon Dept. of Environmental Quality"
"08/28/26","22:00","410670004","Hillsboro - Hare Fie","-8","PM2.5","UG/M3","2","Oregon Dept. of Environmental Quality"
"08/28/26","22:00","410670005","Portland Near Road","-8","PM2.5","UG/M3","2.7","Oregon Dept. of Environmental Quality"
"08/28/26","22:00","410670111","Beaverton - Highland","-8","PM2.5","UG/M3","2.1","Oregon Dept. of Environmental Quality"
"08/28/26","23:00","410050004","Portland - Spangler","-8","PM2.5","UG/M3","2.4","Oregon Dept. of Environmental Quality"
"08/28/26","23:00","410050102","Multorpor","-8","PM2.5","UG/M3","1.7","Oregon Dept. of Environmental Quality"
"08/28/26","23:00","410510080","Portland - SE Lafaye","-8","PM2.5","UG/M3","2.7","Oregon Dept. of Environmental Quality"
"08/28/26","23:00","410670004","Hillsboro - Hare Fie","-8","PM2.5","UG/M3","2.3","Oregon Dept. of Environmental Quality"
"08/28/26","23:00","410670005","Portland Near Road","-8","PM2.5","UG/M3","2.7","Oregon Dept. of Environmental Quality"
"08/28/26","23:00","410670111","Beaverton - Highland","-8","PM2.5","UG/M3","2.1","Oregon Dept. of Environmental Quality"
"08/29/26","00:00","410050004","Portland - Spangler","-8","PM2.5","UG/M3","2.4","Oregon Dept. of Environmental Quality"
"08/29/26","00:00","410050102","Multorpor","-8","PM2.5","UG/M3","1.6","Oregon Dept. of Environmental Quality"
"08/29/26","00:00","410510080","Portland - SE Lafaye","-8","PM2.5","UG/M3","2.6","Oregon Dept. of Environmental Quality"
"08/29/26","00:00","410670004","Hillsboro - Hare Fie","-8","PM2.5","UG/M3","2.5","Oregon Dept. of Environmental Quality"
"08/29/26","00:00","410670005","Portland Near Road","-8","PM2.5","UG/M3","2.8","Oregon Dept. of Environmental Quality"
"08/29/26","00:00","410670111","Beaverton - Highland","-8","PM2.5","UG/M3","2.2","Oregon Dept. of Environmental Quality"
"08/29/26","01:00","410050004","Portland - Spangler","-8","PM2.5","UG/M3","2.5","Oregon Dept. of Environmental Quality"
"08/29/26","01:00","410050102","Multorpor","-8","PM2.5","UG/M3","1.8","Oregon Dept. of Environmental Quality"
"08/29/26","01:00","410510080","Portland - SE Lafaye","-8","PM2.5","UG/M3","3.3","Oregon Dept. of Environmental Quality"
"08/29/26","01:00","410670004","Hillsboro - Hare Fie","-8","PM2.5","UG/M3","2.8","Oregon Dept. of Environmental Quality"
"08/29/26","01:00","410670005","Portland Near Road","-8","PM2.5","UG/M3","3","Oregon Dept. of Environmental Quality"
"08/29/26","01:00","410670111","Beaverton - Highland","-8","PM2.5","UG/M3","2.5","Oregon Dept. of Environmental Quality"
"08/29/26","02:00","410050004","Portland - Spangler","-8","PM2.5","UG/M3","2.6","Oregon Dept. of Environmental Quality"
"08/29/26","02:00","410050102","Multorpor","-8","PM2.5","UG/M3","2.1","Oregon Dept. of Environmental Quality"
"08/29/26","02:00","410510080","Portland - SE Lafaye","-8","PM2.5","UG/M3","3.3","Oregon Dept. of Environmental Quality"
"08/29/26","02:00","410670004","Hillsboro - Hare Fie","-8","PM2.5","UG/M3","2.9","Oregon Dept. of Environmental Quality"
"08/29/26","02:00","410670005","Portland Near Road","-8","PM2.5","UG/M3","3.7","Oregon Dept. of Environmental Quality"
"08/29/26","02:00","410670111","Beaverton - Highland","-8","PM2.5","UG/M3","2.7","Oregon Dept. of Environmental Quality"
"08/29/26","03:00","410050004","Portland - Spangler","-8","PM2.5","UG/M3","3","Oregon Dept. of Environmental Quality"
"08/29/26","03:00","410050102","Multorpor","-8","PM2.5","UG/M3","1.9","Oregon Dept. of Environmental Quality"
"08/29/26","03:00","410510080","Portland - SE Lafaye","-8","PM2.5","UG/M3","3.3","Oregon Dept. of Environmental Quality"
"08/29/26","03:00","410670004","Hillsboro - Hare Fie","-8","PM2.5","UG/M3","3.3","Oregon Dept. of Environmental Quality"
"08/29/26","03:00","410670005","Portland Near Road","-8","PM2.5","UG/M3","3.7","Oregon Dept. of Environmental Quality"
"08/29/26","03:00","410670111","Beaverton - Highland","-8","PM2.5","UG/M3","2.8","Oregon Dept. of Environmental Quality"
"08/29/26","04:00","410050004","Portland - Spangler","-8","PM2.5","UG/M3","3.2","Oregon Dept. of Environmental Quality"
"08/29/26","04:00","410050102","Multorpor","-8","PM2.5","UG/M3","2","Oregon Dept. of Environmental Quality"
"08/29/26","04:00","410510080","Portland - SE Lafaye","-8","PM2.5","UG/M3","3.5","Oregon Dept. of Environmental Quality"
"08/29/26","04:00","410670004","Hillsboro - Hare Fie","-8","PM2.5","UG/M3","2.9","Oregon Dept. of Environmental Quality"
"08/29/26","04:00","410670005","Portland Near Road","-8","PM2.5","UG/M3","3.8","Oregon Dept. of Environmental Quality"
"08/29/26","04:00","410670111","Beaverton - Highland","-8","PM2.5","UG/M3","2.7","Oregon Dept. of Environmental Quality"
"08/29/26","05:00","410050004","Portland - Spangler","-8","PM2.5","UG/M3","3.3","Oregon Dept. of Environmental Quality"
"08/29/26","05:00","410050102","Multorpor","-8","PM2.5","UG/M3","2.1","Oregon Dept. of Environmental Quality"
"08/29/26","05:00","410510080","Portland - SE Lafaye","-8","PM2.5","UG/M3","3.4","Oregon Dept. of Environmental Quality"
"08/29/26","05:00","410670004","Hillsboro - Hare Fie","-8","PM2.5","UG/M3","3.3","Oregon Dept. of Environmental Quality"
"08/29/26","05:00","410670005","Portland Near Road","-8","PM2.5","UG/M3","3.7","Oregon Dept. of Environmental Quality"
"08/29/26","05:00","410670111","Beaverton - Highland","-8","PM2.5","UG/M3","2.9","Oregon Dept. of Environmental Quality"
"08/29/26","06:00","410050004","Portland - Spangler","-8","PM2.5","UG/M3","3.3","Oregon Dept. of Environmental Quality"
"08/29/26","06:00","410050102","Multorpor","-8","PM2.5","UG/M3","1.9","Oregon Dept. of Environmental Quality"
"08/29/26","06:00","410510080","Portland - SE Lafaye","-8","PM2.5","UG/M3","3.6","Oregon Dept. of Environmental Quality"
"08/29/26","06:00","410670004","Hillsboro - Hare Fie","-8","PM2.5","UG/M3","3.4","Oregon Dept. of Environmental Quality"
"08/29/26","06:00","410670005","Portland Near Road","-8","PM2.5","UG/M3","4.1","Oregon Dept. of Environmental Quality"
"08/29/26","06:00","410670111","Beaverton - Highland","-8","PM2.5","UG/M3","3.3","Oregon Dept. of Environmental Quality"
"08/29/26","07:00","410050004","Portland - Spangler","-8","PM2.5","UG/M3","3.5","Oregon Dept. of Environmental Quality"
"08/29/26","07:00","410050102","Multorpor","-8","PM2.5","UG/M3","2.2","Oregon Dept. of Environmental Quality"
"08/29/26","07:00","410510080","Portland - SE Lafaye","-8","PM2.5","UG/M3","3.8","Oregon Dept. of Environmental Quality"
"08/29/26","07:00","410670004","Hillsboro - Hare Fie","-8","PM2.5","UG/M3","3.5","Oregon Dept. of Environmental Quality"
"08/29/26","07:00","410670005","Portland Near Road","-8","PM2.5","UG/M3","4.5","Oregon Dept. of Environmental Quality"
"08/29/26","07:00","410670111","Beaverton - Highland","-8","PM2.5","UG/M3","3.5","Oregon Dept. of Environmental Quality"
"08/29/26","08:00","410050004","Portland - Spangler","-8","PM2.5","UG/M3","3.6","Oregon Dept. of Environmental Quality"
"08/29/26","08:00","410050102","Multorpor","-8","PM2.5","UG/M3","2.1","Oregon Dept. of Environmental Quality"
"08/29/26","08:00","410510080","Portland - SE Lafaye","-8","PM2.5","UG/M3","4","Oregon Dept. of Environmental Quality"
"08/29/26","08:00","410670004","Hillsboro - Hare Fie","-8","PM2.5","UG/M3","3.7","Oregon Dept. of Environmental Quality"
"08/29/26","08:00","410670005","Portland Near Road","-8","PM2.5","UG/M3","4.7","Oregon Dept. of Environmental Quality"
"08/29/26","08:00","410670111","Beaverton - Highland","-8","PM2.5","UG/M3","3.6","Oregon Dept. of Environmental Quality"
"08/29/26","09:00","410050004","Portland - Spangler","-8","PM2.5","UG/M3","3.9","Oregon Dept. of Environmental Quality"
"08/29/26","09:00","410050102","Multorpor","-8","PM2.5","UG/M3","2.3","Oregon Dept. of Environmental Quality"
"08/29/26","09:00","410510080","Portland - SE Lafaye","-8","PM2.5","UG/M3","4.1","Oregon Dept. of Environmental Quality"
"08/29/26","09:00","410670004","Hillsboro - Hare Fie","-8","PM2.5","UG/M3","4.1","Oregon Dept. of Environmental Quality"
"08/29/26","09:00","410670005","Portland Near Road","-8","PM2.5","UG/M3","4.8","Oregon Dept. of Environmental Quality"
"08/29/26","09:00","410670111","Beaverton - Highland","-8","PM2.5","UG/M3","3.7","Oregon Dept. of Environmental Quality"
"08/29/26","10:00","410050004","Portland - Spangler","-8","PM2.5","UG/M3","4.1","Oregon Dept. of Environmental Quality"
"08/29/26","10:00","410050102","Multorpor","-8","PM2.5","UG/M3","2.2","Oregon Dept. of Environmental Quality"
"08/29/26","10:00","410510080","Portland - SE Lafaye","-8","PM2.5","UG/M3","4.2","Oregon Dept. of Environmental Quality"
"08/29/26","10:00","410670004","Hillsboro - Hare Fie","-8","PM2.5","UG/M3","4","Oregon Dept. of Environmental Quality"
"08/29/26","10:00","410670005","Portland Near Road","-8","PM2.5","UG/M3","4.9","Oregon Dept. of Environmental Quality"
"08/29/26","10:00","410670111","Beaverton - Highland","-8","PM2.5","UG/M3","3.7","Oregon Dept. of Environmental Quality"
"08/29/26","11:00","410050004","Portland - Spangler","-8","PM2.5","UG/M3","4.3","Oregon Dept. of Environmental Quality"
"08/29/26","11:00","410050102","Multorpor","-8","PM2.5","UG/M3","2.6","Oregon Dept. of Environmental Quality"
"08/29/26","11:00","410510080","Portland - SE Lafaye","-8","PM2.5","UG/M3","4.2","Oregon Dept. of Environmental Quality"
"08/29/26","11:00","410670004","Hillsboro - Hare Fie","-8","PM2.5","UG/M3","4.2","Oregon Dept. of Environmental Quality"
"08/29/26","11:00","410670005","Portland Near Road","-8","PM2.5","UG/M3","5","Oregon Dept. of Environmental Quality"
"08/29/26","11:00","410670111","Beaverton - Highland","-8","PM2.5","UG/M3","3.7","Oregon Dept. of Environmental Quality"
"08/29/26","12:00","410050004","Portland - Spangler","-8","PM2.5","UG/M3","4.2","Oregon Dept. of Environmental Quality"
"08/29/26","12:00","410050102","Multorpor","-8","PM2.5","UG/M3","4","Oregon Dept. of Environmental Quality"
"08/29/26","12:00","410510080","Portland - SE Lafaye","-8","PM2.5","UG/M3","4.4","Oregon Dept. of Environmental Quality"
"08/29/26","12:00","410670004","Hillsboro - Hare Fie","-8","PM2.5","UG/M3","4.1","Oregon Dept. of Environmental Quality"
"08/29/26","12:00","410670005","Portland Near Road","-8","PM2.5","UG/M3","6.1","Oregon Dept. of Environmental Quality"
"08/29/26","12:00","410670111","Beaverton - Highland","-8","PM2.5","UG/M3","3.7","Oregon Dept. of Environmental Quality"
"08/29/26","13:00","410050004","Portland - Spangler","-8","PM2.5","UG/M3","4.4","Oregon Dept. of Environmental Quality"
"08/29/26","13:00","410050102","Multorpor","-8","PM2.5","UG/M3","3.6","Oregon Dept. of Environmental Quality"
"08/29/26","13:00","410510080","Portland - SE Lafaye","-8","PM2.5","UG/M3","4.7","Oregon Dept. of Environmental Quality"
"08/29/26","13:00","410670004","Hillsboro - Hare Fie","-8","PM2.5","UG/M3","4","Oregon Dept. of Environmental Quality"
"08/29/26","13:00","410670005","Portland Near Road","-8","PM2.5","UG/M3","5.6","Oregon Dept. of Environmental Quality"
"08/29/26","13:00","410670111","Beaverton - Highland","-8","PM2.5","UG/M3","3.8","Oregon Dept. of Environmental Quality"
"08/29/26","14:00","410050004","Portland - Spangler","-8","PM2.5","UG/M3","4.1","Oregon Dept. of Environmental Quality"
"08/29/26","14:00","410050102","Multorpor","-8","PM2.5","UG/M3","1.7","Oregon Dept. of Environmental Quality"
"08/29/26","14:00","410510080","Portland - SE Lafaye","-8","PM2.5","UG/M3","4.9","Oregon Dept. of Environmental Quality"
"08/29/26","14:00","410670004","Hillsboro - Hare Fie","-8","PM2.5","UG/M3","4.3","Oregon Dept. of Environmental Quality"
"08/29/26","14:00","410670005","Portland Near Road","-8","PM2.5","UG/M3","6.4","Oregon Dept. of Environmental Quality"
"08/29/26","14:00","410670111","Beaverton - Highland","-8","PM2.5","UG/M3","4.2","Oregon Dept. of Environmental Quality"
"08/29/26","15:00","410050004","Portland - Spangler","-8","PM2.5","UG/M3","4.3","Oregon Dept. of Environmental Quality"
"08/29/26","15:00","410050102","Multorpor","-8","PM2.5","UG/M3","1.5","Oregon Dept. of Environmental Quality"
"08/29/26","15:00","410510080","Portland - SE Lafaye","-8","PM2.5","UG/M3","5.1","Oregon Dept. of Environmental Quality"
"08/29/26","15:00","410670004","Hillsboro - Hare Fie","-8","PM2.5","UG/M3","4.3","Oregon Dept. of Environmental Quality"
"08/29/26","15:00","410670005","Portland Near Road","-8","PM2.5","UG/M3","6.7","Oregon Dept. of Environmental Quality"
"08/29/26","15:00","410670111","Beaverton - Highland","-8","PM2.5","UG/M3","4.5","Oregon Dept. of Environmental Quality"
"08/29/26","16:00","410050004","Portland - Spangler","-8","PM2.5","UG/M3","4.4","Oregon Dept. of Environmental Quality"
"08/29/26","16:00","410050102","Multorpor","-8","PM2.5","UG/M3","1.5","Oregon Dept. of Environmental Quality"
"08/29/26","16:00","410510080","Portland - SE Lafaye","-8","PM2.5","UG/M3","5.1","Oregon Dept. of Environmental Quality"
"08/29/26","16:00","410670004","Hillsboro - Hare Fie","-8","PM2.5","UG/M3","4.3","Oregon Dept. of Environmental Quality"
"08/29/26","16:00","410670005","Portland Near Road","-8","PM2.5","UG/M3","5.9","Oregon Dept. of Environmental Quality"
"08/29/26","16:00","410670111","Beaverton - Highland","-8","PM2.5","UG/M3","4","Oregon Dept. of Environmental Quality"
"08/29/26","17:00","410050004","Portland - Spangler","-8","PM2.5","UG/M3","4.3","Oregon Dept. of Environmental Quality"
"08/29/26","17:00","410050102","Multorpor","-8","PM2.5","UG/M3","1.6","Oregon Dept. of Environmental Quality"
"08/29/26","17:00","410510080","Portland - SE Lafaye","-8","PM2.5","UG/M3","4.3","Oregon Dept. of Environmental Quality"
"08/29/26","17:00","410670004","Hillsboro - Hare Fie","-8","PM2.5","UG/M3","3.8","Oregon Dept. of Environmental Quality"
"08/29/26","17:00","410670005","Portland Near Road","-8","PM2.5","UG/M3","5.1","Oregon Dept. of Environmental Quality"
"08/29/26","17:00","410670111","Beaverton - Highland","-8","PM2.5","UG/M3","3.8","Oregon Dept. of Environmental Quality"
"08/29/26","18:00","410050004","Portland - Spangler","-8","PM2.5","UG/M3","4.3","Oregon Dept. of Environmental Quality"
"08/29/26","18:00","410050102","Multorpor","-8","PM2.5","UG/M3","1.6","Oregon Dept. of Environmental Quality"
"08/29/26","18:00","410510080","Portland - SE Lafaye","-8","PM2.5","UG/M3","4.1","Oregon Dept. of Environmental Quality"
"08/29/26","18:00","410670004","Hillsboro - Hare Fie","-8","PM2.5","UG/M3","3.4","Oregon Dept. of Environmental Quality"
"08/29/26","18:00","410670005","Portland Near Road","-8","PM2.5","UG/M3","4.8","Oregon Dept. of Environmental Quality"
"08/29/26","18:00","410670111","Beaverton - Highland","-8","PM2.5","UG/M3","3.3","Oregon Dept. of Environmental Quality"
"08/29/26","19:00","410050004","Portland - Spangler","-8","PM2.5","UG/M3","4.2","Oregon Dept. of Environmental Quality"
"08/29/26","19:00","410050102","Multorpor","-8","PM2.5","UG/M3","2.8","Oregon Dept. of Environmental Quality"
"08/29/26","19:00","410510080","Portland - SE Lafaye","-8","PM2.5","UG/M3","4","Oregon Dept. of Environmental Quality"
"08/29/26","19:00","410670004","Hillsboro - Hare Fie","-8","PM2.5","UG/M3","3.2","Oregon Dept. of Environmental Quality"
"08/29/26","19:00","410670005","Portland Near Road","-8","PM2.5","UG/M3","5","Oregon Dept. of Environmental Quality"
"08/29/26","19:00","410670111","Beaverton - Highland","-8","PM2.5","UG/M3","3","Oregon Dept. of Environmental Quality"
"08/29/26","20:00","410050004","Portland - Spangler","-8","PM2.5","UG/M3","4.1","Oregon Dept. of Environmental Quality"
"08/29/26","20:00","410050102","Multorpor","-8","PM2.5","UG/M3","2.9","Oregon Dept. of Environmental Quality"
"08/29/26","20:00","410510080","Portland - SE Lafaye","-8","PM2.5","UG/M3","3.4","Oregon Dept. of Environmental Quality"
"08/29/26","20:00","410670004","Hillsboro - Hare Fie","-8","PM2.5","UG/M3","2.9","Oregon Dept. of Environmental Quality"
"08/29/26","20:00","410670005","Portland Near Road","-8","PM2.5","UG/M3","4.3","Oregon Dept. of Environmental Quality"
"08/29/26","20:00","410670111","Beaverton - Highland","-8","PM2.5","UG/M3","2.6","Oregon Dept. of Environmental Quality"
"08/29/26","21:00","410050004","Portland - Spangler","-8","PM2.5","UG/M3","4.1","Oregon Dept. of Environmental Quality"
"08/29/26","21:00","410050102","Multorpor","-8","PM2.5","UG/M3","2.6","Oregon Dept. of Environmental Quality"
"08/29/26","21:00","410510080","Portland - SE Lafaye","-8","PM2.5","UG/M3","3.3","Oregon Dept. of Environmental Quality"
"08/29/26","21:00","410670004","Hillsboro - Hare Fie","-8","PM2.5","UG/M3","2.7","Oregon Dept. of Environmental Quality"
"08/29/26","21:00","410670005","Portland Near Road","-8","PM2.5","UG/M3","4.3","Oregon Dept. of Environmental Quality"
"08/29/26","21:00","410670111","Beaverton - Highland","-8","PM2.5","UG/M3","2.8","Oregon Dept. of Environmental Quality"
"08/29/26","22:00","410050004","Portland - Spangler","-8","PM2.5","UG/M3","3.7","Oregon Dept. of Environmental Quality"
"08/29/26","22:00","410050102","Multorpor","-8","PM2.5","UG/M3","2.6","Oregon Dept. of Environmental Quality"
"08/29/26","22:00","410510080","Portland - SE Lafaye","-8","PM2.5","UG/M3","3.6","Oregon Dept. of Environmental Quality"
"08/29/26","22:00","410670004","Hillsboro - Hare Fie","-8","PM2.5","UG/M3","2.7","Oregon Dept. of Environmental Quality"
"08/29/26","22:00","410670005","Portland Near Road","-8","PM2.5","UG/M3","4","Oregon Dept. of Environmental Quality"
"08/29/26","22:00","410670111","Beaverton - Highland","-8","PM2.5","UG/M3","2.8","Oregon Dept. of Environmental Quality"
"08/29/26","23:00","410050004","Portland - Spangler","-8","PM2.5","UG/M3","3.5","Oregon Dept. of Environmental Quality"
"08/29/26","23:00","410050102","Multorpor","-8","PM2.5","UG/M3","2.6","Oregon Dept. of Environmental Quality"
"08/29/26","23:00","410510080","Portland - SE Lafaye","-8","PM2.5","UG/M3","3.4","Oregon Dept. of Environmental Quality"
"08/29/26","23:00","410670004","Hillsboro - Hare Fie","-8","PM2.5","UG/M3","2.6","Oregon Dept. of Environmental Quality"
"08/29/26","23:00","410670005","Portland Near Road","-8","PM2.5","UG/M3","3.8","Oregon Dept. of Environmental Quality"
"08/29/26","23:00","410670111","Beaverton - Highland","-8","PM2.5","UG/M3","2.8","Oregon Dept. of Environmental Quality"
"08/30/26","00:00","410050004","Portland - Spangler","-8","PM2.5","UG/M3","3.4","Oregon Dept. of Environmental Quality"
"08/30/26","00:00","410050102","Multorpor","-8","PM2.5","UG/M3","2.8","Oregon Dept. of Environmental Quality"
"08/30/26","00:00","410510080","Portland - SE Lafaye","-8","PM2.5","UG/M3","3.3","Oregon Dept. of Environmental Quality"
"08/30/26","00:00","410670004","Hillsboro - Hare Fie","-8","PM2.5","UG/M3","2.7","Oregon Dept. of Environmental Quality"
"08/30/26","00:00","410670005","Portland Near Road","-8","PM2.5","UG/M3","3.7","Oregon Dept. of Environmental Quality"
"08/30/26","00:00","410670111","Beaverton - Highland","-8","PM2.5","UG/M3","2.7","Oregon Dept. of Environmental Quality"
"08/30/26","01:00","410050004","Portland - Spangler","-8","PM2.5","UG/M3","3.2","Oregon Dept. of Environmental Quality"
"08/30/26","01:00","410050102","Multorpor","-8","PM2.5","UG/M3","2.8","Oregon Dept. of Environmental Quality"
"08/30/26","01:00","410510080","Portland - SE Lafaye","-8","PM2.5","UG/M3","3.1","Oregon Dept. of Environmental Quality"
"08/30/26","01:00","410670004","Hillsboro - Hare Fie","-8","PM2.5","UG/M3","2.7","Oregon Dept. of Environmental Quality"
"08/30/26","01:00","410670005","Portland Near Road","-8","PM2.5","UG/M3","3.6","Oregon Dept. of Environmental Quality"
"08/30/26","01:00","410670111","Beaverton - Highland","-8","PM2.5","UG/M3","2.7","Oregon Dept. of Environmental Quality"
"08/30/26","02:00","410050004","Portland - Spangler","-8","PM2.5","UG/M3","3","Oregon Dept. of Environmental Quality"
"08/30/26","02:00","410050102","Multorpor","-8","PM2.5","UG/M3","3.2","Oregon Dept. of Environmental Quality"
"08/30/26","02:00","410510080","Portland - SE Lafaye","-8","PM2.5","UG/M3","3.1","Oregon Dept. of Environmental Quality"
"08/30/26","02:00","410670004","Hillsboro - Hare Fie","-8","PM2.5","UG/M3","2.7","Oregon Dept. of Environmental Quality"
"08/30/26","02:00","410670005","Portland Near Road","-8","PM2.5","UG/M3","3.7","Oregon Dept. of Environmental Quality"
"08/30/26","02:00","410670111","Beaverton - Highland","-8","PM2.5","UG/M3","2.9","Oregon Dept. of Environmental Quality"
"08/30/26","03:00","410050004","Portland - Spangler","-8","PM2.5","UG/M3","3.2","Oregon Dept. of Environmental Quality"
"08/30/26","03:00","410050102","Multorpor","-8","PM2.5","UG/M3","2.9","Oregon Dept. of Environmental Quality"
"08/30/26","03:00","410510080","Portland - SE Lafaye","-8","PM2.5","UG/M3","3.2","Oregon Dept. of Environmental Quality"
"08/30/26","03:00","410670004","Hillsboro - Hare Fie","-8","PM2.5","UG/M3","2.6","Oregon Dept. of Environmental Quality"
"08/30/26","03:00","410670005","Portland Near Road","-8","PM2.5","UG/M3","4","Oregon Dept. of Environmental Quality"
"08/30/26","03:00","410670111","Beaverton - Highland","-8","PM2.5","UG/M3","2.8","Oregon Dept. of Environmental Quality"
"08/30/26","04:00","410050004","Portland - Spangler","-8","PM2.5","UG/M3","3.2","Oregon Dept. of Environmental Quality"
"08/30/26","04:00","410050102","Multorpor","-8","PM2.5","UG/M3","2.7","Oregon Dept. of Environmental Quality"
"08/30/26","04:00","410510080","Portland - SE Lafaye","-8","PM2.5","UG/M3","3.6","Oregon Dept. of Environmental Quality"
"08/30/26","04:00","410670004","Hillsboro - Hare Fie","-8","PM2.5","UG/M3","2.7","Oregon Dept. of Environmental Quality"
"08/30/26","04:00","410670005","Portland Near Road","-8","PM2.5","UG/M3","3.8","Oregon Dept. of Environmental Quality"
"08/30/26","04:00","410670111","Beaverton - Highland","-8","PM2.5","UG/M3","2.9","Oregon Dept. of Environmental Quality"
"08/30/26","05:00","410050004","Portland - Spangler","-8","PM2.5","UG/M3","3.3","Oregon Dept. of Environmental Quality"
"08/30/26","05:00","410050102","Multorpor","-8","PM2.5","UG/M3","2.6","Oregon Dept. of Environmental Quality"
"08/30/26","05:00","410510080","Portland - SE Lafaye","-8","PM2.5","UG/M3","3.6","Oregon Dept. of Environmental Quality"
"08/30/26","05:00","410670004","Hillsboro - Hare Fie","-8","PM2.5","UG/M3","2.9","Oregon Dept. of Environmental Quality"
"08/30/26","05:00","410670005","Portland Near Road","-8","PM2.5","UG/M3","3.8","Oregon Dept. of Environmental Quality"
"08/30/26","05:00","410670111","Beaverton - Highland","-8","PM2.5","UG/M3","3","Oregon Dept. of Environmental Quality"
"08/30/26","06:00","410050004","Portland - Spangler","-8","PM2.5","UG/M3","3.4","Oregon Dept. of Environmental Quality"
"08/30/26","06:00","410050102","Multorpor","-8","PM2.5","UG/M3","2.4","Oregon Dept. of Environmental Quality"
"08/30/26","06:00","410510080","Portland - SE Lafaye","-8","PM2.5","UG/M3","4","Oregon Dept. of Environmental Quality"
"08/30/26","06:00","410670004","Hillsboro - Hare Fie","-8","PM2.5","UG/M3","2.9","Oregon Dept. of Environmental Quality"
"08/30/26","06:00","410670005","Portland Near Road","-8","PM2.5","UG/M3","4.1","Oregon Dept. of Environmental Quality"
"08/30/26","06:00","410670111","Beaverton - Highland","-8","PM2.5","UG/M3","3.1","Oregon Dept. of Environmental Quality"
"08/30/26","07:00","410050004","Portland - Spangler","-8","PM2.5","UG/M3","3.5","Oregon Dept. of Environmental Quality"
"08/30/26","07:00","410050102","Multorpor","-8","PM2.5","UG/M3","1.9","Oregon Dept. of Environmental Quality"
"08/30/26","07:00","410510080","Portland - SE Lafaye","-8","PM2.5","UG/M3","4.2","Oregon Dept. of Environmental Quality"
"08/30/26","07:00","410670004","Hillsboro - Hare Fie","-8","PM2.5","UG/M3","3","Oregon Dept. of Environmental Quality"
"08/30/26","07:00","410670005","Portland Near Road","-8","PM2.5","UG/M3","4.3","Oregon Dept. of Environmental Quality"
"08/30/26","07:00","410670111","Beaverton - Highland","-8","PM2.5","UG/M3","3.6","Oregon Dept. of Environmental Quality"
"08/30/26","08:00","410050004","Portland - Spangler","-8","PM2.5","UG/M3","3.6","Oregon Dept. of Environmental Quality"
"08/30/26","08:00","410050102","Multorpor","-8","PM2.5","UG/M3","1.5","Oregon Dept. of Environmental Quality"
"08/30/26","08:00","410510080","Portland - SE Lafaye","-8","PM2.5","UG/M3","5.4","Oregon Dept. of Environmental Quality"
"08/30/26","08:00","410670004","Hillsboro - Hare Fie","-8","PM2.5","UG/M3","2.9","Oregon Dept. of Environmental Quality"
"08/30/26","08:00","410670005","Portland Near Road","-8","PM2.5","UG/M3","4.6","Oregon Dept. of Environmental Quality"
"08/30/26","08:00","410670111","Beaverton - Highland","-8","PM2.5","UG/M3","3.4","Oregon Dept. of Environmental Quality"
"08/30/26","09:00","410050004","Portland - Spangler","-8","PM2.5","UG/M3","3.6","Oregon Dept. of Environmental Quality"
"08/30/26","09:00","410050102","Multorpor","-8","PM2.5","UG/M3","1.6","Oregon Dept. of Environmental Quality"
"08/30/26","09:00","410510080","Portland - SE Lafaye","-8","PM2.5","UG/M3","5","Oregon Dept. of Environmental Quality"
"08/30/26","09:00","410670004","Hillsboro - Hare Fie","-8","PM2.5","UG/M3","3.7","Oregon Dept. of Environmental Quality"
"08/30/26","09:00","410670005","Portland Near Road","-8","PM2.5","UG/M3","4.7","Oregon Dept. of Environmental Quality"
"08/30/26","09:00","410670111","Beaverton - Highland","-8","PM2.5","UG/M3","3.3","Oregon Dept. of Environmental Quality"
"08/30/26","10:00","410050004","Portland - Spangler","-8","PM2.5","UG/M3","3.6","Oregon Dept. of Environmental Quality"
"08/30/26","10:00","410050102","Multorpor","-8","PM2.5","UG/M3","1.5","Oregon Dept. of Environmental Quality"
"08/30/26","10:00","410510080","Portland - SE Lafaye","-8","PM2.5","UG/M3","4.9","Oregon Dept. of Environmental Quality"
"08/30/26","10:00","410670004","Hillsboro - Hare Fie","-8","PM2.5","UG/M3","4.1","Oregon Dept. of Environmental Quality"
"08/30/26","10:00","410670005","Portland Near Road","-8","PM2.5","UG/M3","4.7","Oregon Dept. of Environmental Quality"
"08/30/26","10:00","410670111","Beaverton - Highland","-8","PM2.5","UG/M3","3.5","Oregon Dept. of Environmental Quality"
"08/30/26","11:00","410050004","Portland - Spangler","-8","PM2.5","UG/M3","3.7","Oregon Dept. of Environmental Quality"
"08/30/26","11:00","410050102","Multorpor","-8","PM2.5","UG/M3","1.5","Oregon Dept. of Environmental Quality"
"08/30/26","11:00","410510080","Portland - SE Lafaye","-8","PM2.5","UG/M3","5.4","Oregon Dept. of Environmental Quality"
"08/30/26","11:00","410670004","Hillsboro - Hare Fie","-8","PM2.5","UG/M3","5","Oregon Dept. of Environmental Quality"
"08/30/26","11:00","410670005","Portland Near Road","-8","PM2.5","UG/M3","4.7","Oregon Dept. of Environmental Quality"
"08/30/26","11:00","410670111","Beaverton - Highland","-8","PM2.5","UG/M3","3.9","Oregon Dept. of Environmental Quality"
"08/30/26","12:00","410050004","Portland - Spangler","-8","PM2.5","UG/M3","3.7","Oregon Dept. of Environmental Quality"
"08/30/26","12:00","410050102","Multorpor","-8","PM2.5","UG/M3","1.5","Oregon Dept. of Environmental Quality"
"08/30/26","12:00","410510080","Portland - SE Lafaye","-8","PM2.5","UG/M3","5.5","Oregon Dept. of Environmental Quality"
"08/30/26","12:00","410670004","Hillsboro - Hare Fie","-8","PM2.5","UG/M3","4.5","Oregon Dept. of Environmental Quality"
"08/30/26","12:00","410670005","Portland Near Road","-8","PM2.5","UG/M3","4.8","Oregon Dept. of Environmental Quality"
"08/30/26","12:00","410670111","Beaverton - Highland","-8","PM2.5","UG/M3","3.5","Oregon Dept. of Environmental Quality"
"08/30/26","13:00","410050004","Portland - Spangler","-8","PM2.5","UG/M3","3.7","Oregon Dept. of Environmental Quality"
"08/30/26","13:00","410050102","Multorpor","-8","PM2.5","UG/M3","1.7","Oregon Dept. of Environmental Quality"
"08/30/26","13:00","410510080","Portland - SE Lafaye","-8","PM2.5","UG/M3","5.5","Oregon Dept. of Environmental Quality"
"08/30/26","13:00","410670004","Hillsboro - Hare Fie","-8","PM2.5","UG/M3","3.3","Oregon Dept. of Environmental Quality"
"08/30/26","13:00","410670005","Portland Near Road","-8","PM2.5","UG/M3","5.1","Oregon Dept. of Environmental Quality"
"08/30/26","13:00","410670111","Beaverton - Highland","-8","PM2.5","UG/M3","3.2","Oregon Dept. of Environmental Quality"
"08/30/26","14:00","410050004","Portland - Spangler","-8","PM2.5","UG/M3","3.8","Oregon Dept. of Environmental Quality"
"08/30/26","14:00","410050102","Multorpor","-8","PM2.5","UG/M3","1.9","Oregon Dept. of Environmental Quality"
"08/30/26","14:00","410510080","Portland - SE Lafaye","-8","PM2.5","UG/M3","5.5","Oregon Dept. of Environmental Quality"
"08/30/26","14:00","410670004","Hillsboro - Hare Fie","-8","PM2.5","UG/M3","3.3","Oregon Dept. of Environmental Quality"
"08/30/26","14:00","410670005","Portland Near Road","-8","PM2.5","UG/M3","5.3","Oregon Dept. of Environmental Quality"
"08/30/26","14:00","410670111","Beaverton - Highland","-8","PM2.5","UG/M3","3.7","Oregon Dept. of Environmental Quality"
"08/30/26","15:00","410050004","Portland - Spangler","-8","PM2.5","UG/M3","3.9","Oregon Dept. of Environmental Quality"
"08/30/26","15:00","410050102","Multorpor","-8","PM2.5","UG/M3","1.8","Oregon Dept. of Environmental Quality"
"08/30/26","15:00","410510080","Portland - SE Lafaye","-8","PM2.5","UG/M3","4.5","Oregon Dept. of Environmental Quality"
"08/30/26","15:00","410670004","Hillsboro - Hare Fie","-8","PM2.5","UG/M3","3.3","Oregon Dept. of Environmental Quality"
"08/30/26","15:00","410670005","Portland Near Road","-8","PM2.5","UG/M3","5.3","Oregon Dept. of Environmental Quality"
"08/30/26","15:00","410670111","Beaverton - Highland","-8","PM2.5","UG/M3","3.7","Oregon Dept. of Environmental Quality"
"08/30/26","16:00","410050004","Portland - Spangler","-8","PM2.5","UG/M3","3.8","Oregon Dept. of Environmental Quality"
"08/30/26","16:00","410050102","Multorpor","-8","PM2.5","UG/M3","2","Oregon Dept. of Environmental Quality"
"08/30/26","16:00","410510080","Portland - SE Lafaye","-8","PM2.5","UG/M3","4.3","Oregon Dept. of Environmental Quality"
"08/30/26","16:00","410670004","Hillsboro - Hare Fie","-8","PM2.5","UG/M3","3.5","Oregon Dept. of Environmental Quality"
"08/30/26","16:00","410670005","Portland Near Road","-8","PM2.5","UG/M3","4.6","Oregon Dept. of Environmental Quality"
"08/30/26","16:00","410670111","Beaverton - Highland","-8","PM2.5","UG/M3","3.5","Oregon Dept. of Environmental Quality"
"08/30/26","17:00","410050004","Portland - Spangler","-8","PM2.5","UG/M3","3.4","Oregon Dept. of Environmental Quality"
"08/30/26","17:00","410050102","Multorpor","-8","PM2.5","UG/M3","1.9","Oregon Dept. of Environmental Quality"
"08/30/26","17:00","410510080","Portland - SE Lafaye","-8","PM2.5","UG/M3","4.1","Oregon Dept. of Environmental Quality"
"08/30/26","17:00","410670004","Hillsboro - Hare Fie","-8","PM2.5","UG/M3","3.5","Oregon Dept. of Environmental Quality"
"08/30/26","17:00","410670005","Portland Near Road","-8","PM2.5","UG/M3","4.5","Oregon Dept. of Environmental Quality"
"08/30/26","17:00","410670111","Beaverton - Highland","-8","PM2.5","UG/M3","3.4","Oregon Dept. of Environmental Quality"
"08/30/26","18:00","410050004","Portland - Spangler","-8","PM2.5","UG/M3","3.5","Oregon Dept. of Environmental Quality"
"08/30/26","18:00","410050102","Multorpor","-8","PM2.5","UG/M3","1.8","Oregon Dept. of Environmental Quality"
"08/30/26","18:00","410510080","Portland - SE Lafaye","-8","PM2.5","UG/M3","4","Oregon Dept. of Environmental Quality"
"08/30/26","18:00","410670004","Hillsboro - Hare Fie","-8","PM2.5","UG/M3","3.4","Oregon Dept. of Environmental Quality"
"08/30/26","18:00","410670005","Portland Near Road","-8","PM2.5","UG/M3","4.3","Oregon Dept. of Environmental Quality"
"08/30/26","18:00","410670111","Beaverton - Highland","-8","PM2.5","UG/M3","3.3","Oregon Dept. of Environmental Quality"
"08/30/26","19:00","410050004","Portland - Spangler","-8","PM2.5","UG/M3","3.7","Oregon Dept. of Environmental Quality"
"08/30/26","19:00","410050102","Multorpor","-8","PM2.5","UG/M3","1.6","Oregon Dept. of Environmental Quality"
"08/30/26","19:00","410510080","Portland - SE Lafaye","-8","PM2.5","UG/M3","4","Oregon Dept. of Environmental Quality"
"08/30/26","19:00","410670004","Hillsboro - Hare Fie","-8","PM2.5","UG/M3","3.5","Oregon Dept. of Environmental Quality"
"08/30/26","19:00","410670005","Portland Near Road","-8","PM2.5","UG/M3","4.5","Oregon Dept. of Environmental Quality"
"08/30/26","19:00","410670111","Beaverton - Highland","-8","PM2.5","UG/M3","3.6","Oregon Dept. of Environmental Quality"
"08/30/26","20:00","410050004","Portland - Spangler","-8","PM2.5","UG/M3","3.9","Oregon Dept. of Environmental Quality"
"08/30/26","20:00","410050102","Multorpor","-8","PM2.5","UG/M3","1.8","Oregon Dept. of Environmental Quality"
"08/30/26","20:00","410510080","Portland - SE Lafaye","-8","PM2.5","UG/M3","4.2","Oregon Dept. of Environmental Quality"
"08/30/26","20:00","410670004","Hillsboro - Hare Fie","-8","PM2.5","UG/M3","3.6","Oregon Dept. of Environmental Quality"
"08/30/26","20:00","410670005","Portland Near Road","-8","PM2.5","UG/M3","5.2","Oregon Dept. of Environmental Quality"
"08/30/26","20:00","410670111","Beaverton - Highland","-8","PM2.5","UG/M3","3.8","Oregon Dept. of Environmental Quality"
"08/30/26","21:00","410050004","Portland - Spangler","-8","PM2.5","UG/M3","4","Oregon Dept. of Environmental Quality"
"08/30/26","21:00","410050102","Multorpor","-8","PM2.5","UG/M3","2","Oregon Dept. of Environmental Quality"
"08/30/26","21:00","410510080","Portland - SE Lafaye","-8","PM2.5","UG/M3","4.3","Oregon Dept. of Environmental Quality"
"08/30/26","21:00","410670004","Hillsboro - Hare Fie","-8","PM2.5","UG/M3","3.9","Oregon Dept. of Environmental Quality"
"08/30/26","21:00","410670005","Portland Near Road","-8","PM2.5","UG/M3","5","Oregon Dept. of Environmental Quality"
"08/30/26","21:00","410670111","Beaverton - Highland","-8","PM2.5","UG/M3","3.7","Oregon Dept. of Environmental Quality"
"08/30/26","22:00","410050004","Portland - Spangler","-8","PM2.5","UG/M3","4.2","Oregon Dept. of Environmental Quality"
"08/30/26","22:00","410050102","Multorpor","-8","PM2.5","UG/M3","2","Oregon Dept. of Environmental Quality"
"08/30/26","22:00","410510080","Portland - SE Lafaye","-8","PM2.5","UG/M3","4.7","Oregon Dept. of Environmental Quality"
"08/30/26","22:00","410670004","Hillsboro - Hare Fie","-8","PM2.5","UG/M3","3.9","Oregon Dept. of Environmental Quality"
"08/30/26","22:00","410670005","Portland Near Road","-8","PM2.5","UG/M3","5.1","Oregon Dept. of Environmental Quality"
"08/30/26","22:00","410670111","Beaverton - Highland","-8","PM2.5","UG/M3","3.8","Oregon Dept. of Environmental Quality"
"08/30/26","23:00","410050004","Portland - Spangler","-8","PM2.5","UG/M3","4.3","Oregon Dept. of Environmental Quality"
"08/30/26","23:00","410050102","Multorpor","-8","PM2.5","UG/M3","2.1","Oregon Dept. of Environmental Quality"
"08/30/26","23:00","410510080","Portland - SE Lafaye","-8","PM2.5","UG/M3","4.7","Oregon Dept. of Environmental Quality"
"08/30/26","23:00","410670004","Hillsboro - Hare Fie","-8","PM2.5","UG/M3","3.7","Oregon Dept. of Environmental Quality"
"08/30/26","23:00","410670005","Portland Near Road","-8","PM2.5","UG/M3","5","Oregon Dept. of Environmental Quality"
"08/30/26","23:00","410670111","Beaverton - Highland","-8","PM2.5","UG/M3","3.7","Oregon Dept. of Environmental Quality"
"08/31/26","00:00","410050004","Portland - Spangler","-8","PM2.5","UG/M3","4.2","Oregon Dept. of Environmental Quality"
"08/31/26","00:00","410050102","Multorpor","-8","PM2.5","UG/M3","2.2","Oregon Dept. of Environmental Quality"
"08/31/26","00:00","410510080","Portland - SE Lafaye","-8","PM2.5","UG/M3","4.5","Oregon Dept. of Environmental Quality"
"08/31/26","00:00","410670004","Hillsboro - Hare Fie","-8","PM2.5","UG/M3","3.5","Oregon Dept. of Environmental Quality"
"08/31/26","00:00","410670005","Portland Near Road","-8","PM2.5","UG/M3","4.7","Oregon Dept. of Environmental Quality"
"08/31/26","00:00","410670111","Beaverton - Highland","-8","PM2.5","UG/M3","3.6","Oregon Dept. of Environmental Quality"
"08/31/26","01:00","410050004","Portland - Spangler","-8","PM2.5","UG/M3","4.2","Oregon Dept. of Environmental Quality"
"08/31/26","01:00","410050102","Multorpor","-8","PM2.5","UG/M3","2.3","Oregon Dept. of Environmental Quality"
"08/31/26","01:00","410510080","Portland - SE Lafaye","-8","PM2.5","UG/M3","4.4","Oregon Dept. of Environmental Quality"
"08/31/26","01:00","410670004","Hillsboro - Hare Fie","-8","PM2.5","UG/M3","3.4","Oregon Dept. of Environmental Quality"
"08/31/26","01:00","410670005","Portland Near Road","-8","PM2.5","UG/M3","4.7","Oregon Dept. of Environmental Quality"
"08/31/26","01:00","410670111","Beaverton - Highland","-8","PM2.5","UG/M3","3.6","Oregon Dept. of Environmental Quality"
"08/31/26","02:00","410050004","Portland - Spangler","-8","PM2.5","UG/M3","4.3","Oregon Dept. of Environmental Quality"
"08/31/26","02:00","410050102","Multorpor","-8","PM2.5","UG/M3","2.4","Oregon Dept. of Environmental Quality"
"08/31/26","02:00","410510080","Portland - SE Lafaye","-8","PM2.5","UG/M3","4.5","Oregon Dept. of Environmental Quality"
"08/31/26","02:00","410670004","Hillsboro - Hare Fie","-8","PM2.5","UG/M3","3.7","Oregon Dept. of Environmental Quality"
"08/31/26","02:00","410670005","Portland Near Road","-8","PM2.5","UG/M3","5","Oregon Dept. of Environmental Quality"
"08/31/26","02:00","410670111","Beaverton - Highland","-8","PM2.5","UG/M3","3.9","Oregon Dept. of Environmental Quality"
"08/31/26","03:00","410050004","Portland - Spangler","-8","PM2.5","UG/M3","4.3","Oregon Dept. of Environmental Quality"
"08/31/26","03:00","410050102","Multorpor","-8","PM2.5","UG/M3","2.5","Oregon Dept. of Environmental Quality"
"08/31/26","03:00","410510080","Portland - SE Lafaye","-8","PM2.5","UG/M3","4.7","Oregon Dept. of Environmental Quality"
"08/31/26","03:00","410670004","Hillsboro - Hare Fie","-8","PM2.5","UG/M3","3.9","Oregon Dept. of Environmental Quality"
"08/31/26","03:00","410670005","Portland Near Road","-8","PM2.5","UG/M3","5.2","Oregon Dept. of Environmental Quality"
"08/31/26","03:00","410670111","Beaverton - Highland","-8","PM2.5","UG/M3","3.9","Oregon Dept. of Environmental Quality"
"08/31/26","04:00","410050004","Portland - Spangler","-8","PM2.5","UG/M3","4.4","Oregon Dept. of Environmental Quality"
"08/31/26","04:00","410050102","Multorpor","-8","PM2.5","UG/M3","4.3","Oregon Dept. of Environmental Quality"
"08/31/26","04:00","410510080","Portland - SE Lafaye","-8","PM2.5","UG/M3","4.9","Oregon Dept. of Environmental Quality"
"08/31/26","04:00","410670004","Hillsboro - Hare Fie","-8","PM2.5","UG/M3","4","Oregon Dept. of Environmental Quality"
"08/31/26","04:00","410670005","Portland Near Road","-8","PM2.5","UG/M3","5.4","Oregon Dept. of Environmental Quality"
"08/31/26","04:00","410670111","Beaverton - Highland","-8","PM2.5","UG/M3","4.9","Oregon Dept. of Environmental Quality"
"08/31/26","05:00","410050004","Portland - Spangler","-8","PM2.5","UG/M3","4.7","Oregon Dept. of Environmental Quality"
"08/31/26","05:00","410050102","Multorpor","-8","PM2.5","UG/M3","5.3","Oregon Dept. of Environmental Quality"
"08/31/26","05:00","410510080","Portland - SE Lafaye","-8","PM2.5","UG/M3","5.1","Oregon Dept. of Environmental Quality"
"08/31/26","05:00","410670004","Hillsboro - Hare Fie","-8","PM2.5","UG/M3","4.3","Oregon Dept. of Environmental Quality"
"08/31/26","05:00","410670005","Portland Near Road","-8","PM2.5","UG/M3","5.8","Oregon Dept. of Environmental Quality"
"08/31/26","05:00","410670111","Beaverton - Highland","-8","PM2.5","UG/M3","5.1","Oregon Dept. of Environmental Quality"
"08/31/26","06:00","410050004","Portland - Spangler","-8","PM2.5","UG/M3","4.9","Oregon Dept. of Environmental Quality"
"08/31/26","06:00","410050102","Multorpor","-8","PM2.5","UG/M3","4.7","Oregon Dept. of Environmental Quality"
"08/31/26","06:00","410510080","Portland - SE Lafaye","-8","PM2.5","UG/M3","5.4","Oregon Dept. of Environmental Quality"
"08/31/26","06:00","410670004","Hillsboro - Hare Fie","-8","PM2.5","UG/M3","4.5","Oregon Dept. of Environmental Quality"
"08/31/26","06:00","410670005","Portland Near Road","-8","PM2.5","UG/M3","6.3","Oregon Dept. of Environmental Quality"
"08/31/26","06:00","410670111","Beaverton - Highland","-8","PM2.5","UG/M3","5","Oregon Dept. of Environmental Quality"
"08/31/26","07:00","410050004","Portland - Spangler","-8","PM2.5","UG/M3","5.2","Oregon Dept. of Environmental Quality"
"08/31/26","07:00","410050102","Multorpor","-8","PM2.5","UG/M3","10.7","Oregon Dept. of Environmental Quality"
"08/31/26","07:00","410510080","Portland - SE Lafaye","-8","PM2.5","UG/M3","5.9","Oregon Dept. of Environmental Quality"
"08/31/26","07:00","410670004","Hillsboro - Hare Fie","-8","PM2.5","UG/M3","4.9","Oregon Dept. of Environmental Quality"
"08/31/26","07:00","410670005","Portland Near Road","-8","PM2.5","UG/M3","6.2","Oregon Dept. of Environmental Quality"
"08/31/26","07:00","410670111","Beaverton - Highland","-8","PM2.5","UG/M3","6.8","Oregon Dept. of Environmental Quality"
"08/31/26","08:00","410050004","Portland - Spangler","-8","PM2.5","UG/M3","5.3","Oregon Dept. of Environmental Quality"
"08/31/26","08:00","410050102","Multorpor","-8","PM2.5","UG/M3","9.8","Oregon Dept. of Environmental Quality"
"08/31/26","08:00","410510080","Portland - SE Lafaye","-8","PM2.5","UG/M3","6.1","Oregon Dept. of Environmental Quality"
"08/31/26","08:00","410670004","Hillsboro - Hare Fie","-8","PM2.5","UG/M3","4.8","Oregon Dept. of Environmental Quality"
"08/31/26","08:00","410670005","Portland Near Road","-8","PM2.5","UG/M3","6.1","Oregon Dept. of Environmental Quality"
"08/31/26","08:00","410670111","Beaverton - Highland","-8","PM2.5","UG/M3","4.9","Oregon Dept. of Environmental Quality"
"08/31/26","09:00","410050004","Portland - Spangler","-8","PM2.5","UG/M3","5.5","Oregon Dept. of Environmental Quality"
"08/31/26","09:00","410050102","Multorpor","-8","PM2.5","UG/M3","15","Oregon Dept. of Environmental Quality"
"08/31/26","09:00","410510080","Portland - SE Lafaye","-8","PM2.5","UG/M3","6.3","Oregon Dept. of Environmental Quality"
"08/31/26","09:00","410670004","Hillsboro - Hare Fie","-8","PM2.5","UG/M3","5","Oregon Dept. of Environmental Quality"
"08/31/26","09:00","410670005","Portland Near Road","-8","PM2.5","UG/M3","6.1","Oregon Dept. of Environmental Quality"
"08/31/26","09:00","410670111","Beaverton - Highland","-8","PM2.5","UG/M3","5.7","Oregon Dept. of Environmental Quality"
"08/31/26","10:00","410050004","Portland - Spangler","-8","PM2.5","UG/M3","4.9","Oregon Dept. of Environmental Quality"
"08/31/26","10:00","410050102","Multorpor","-8","PM2.5","UG/M3","14.7","Oregon Dept. of Environmental Quality"
"08/31/26","10:00","410510080","Portland - SE Lafaye","-8","PM2.5","UG/M3","6.5","Oregon Dept. of Environmental Quality"
"08/31/26","10:00","410670004","Hillsboro - Hare Fie","-8","PM2.5","UG/M3","5.1","Oregon Dept. of Environmental Quality"
"08/31/26","10:00","410670005","Portland Near Road","-8","PM2.5","UG/M3","6","Oregon Dept. of Environmental Quality"
"08/31/26","10:00","410670111","Beaverton - Highland","-8","PM2.5","UG/M3","5","Oregon Dept. of Environmental Quality"
"08/31/26","11:00","410050004","Portland - Spangler","-8","PM2.5","UG/M3","4.8","Oregon Dept. of Environmental Quality"
"08/31/26","11:00","410050102","Multorpor","-8","PM2.5","UG/M3","14.3","Oregon Dept. of Environmental Quality"
"08/31/26","11:00","410510080","Portland - SE Lafaye","-8","PM2.5","UG/M3","6.8","Oregon Dept. of Environmental Quality"
"08/31/26","11:00","410670004","Hillsboro - Hare Fie","-8","PM2.5","UG/M3","5.2","Oregon Dept. of Environmental Quality"
"08/31/26","11:00","410670005","Portland Near Road","-8","PM2.5","UG/M3","6.2","Oregon Dept. of Environmental Quality"
"08/31/26","11:00","410670111","Beaverton - Highland","-8","PM2.5","UG/M3","5.1","Oregon Dept. of Environmental Quality"
"08/31/26","12:00","410050004","Portland - Spangler","-8","PM2.5","UG/M3","5.1","Oregon Dept. of Environmental Quality"
"08/31/26","12:00","410050102","Multorpor","-8","PM2.5","UG/M3","9.6","Oregon Dept. of Environmental Quality"
"08/31/26","12:00","410510080","Portland - SE Lafaye","-8","PM2.5","UG/M3","6.9","Oregon Dept. of Environmental Quality"
"08/31/26","12:00","410670004","Hillsboro - Hare Fie","-8","PM2.5","UG/M3","5.2","Oregon Dept. of Environmental Quality"
"08/31/26","12:00","410670005","Portland Near Road","-8","PM2.5","UG/M3","6.4","Oregon Dept. of Environmental Quality"
"08/31/26","12:00","410670111","Beaverton - Highland","-8","PM2.5","UG/M3","5.1","Oregon Dept. of Environmental Quality"
"08/31/26","13:00","410050004","Portland - Spangler","-8","PM2.5","UG/M3","5.7","Oregon Dept. of Environmental Quality"
"08/31/26","13:00","410050102","Multorpor","-8","PM2.5","UG/M3","9.2","Oregon Dept. of Environmental Quality"
"08/31/26","13:00","410510080","Portland - SE Lafaye","-8","PM2.5","UG/M3","7","Oregon Dept. of Environmental Quality"
"08/31/26","13:00","410670004","Hillsboro - Hare Fie","-8","PM2.5","UG/M3","5.5","Oregon Dept. of Environmental Quality"
"08/31/26","13:00","410670005","Portland Near Road","-8","PM2.5","UG/M3","6.6","Oregon Dept. of Environmental Quality"
"08/31/26","13:00","410670111","Beaverton - Highland","-8","PM2.5","UG/M3","5","Oregon Dept. of Environmental Quality"
"08/31/26","14:00","410050004","Portland - Spangler","-8","PM2.5","UG/M3","6.3","Oregon Dept. of Environmental Quality"
"08/31/26","14:00","410050102","Multorpor","-8","PM2.5","UG/M3","8.8","Oregon Dept. of Environmental Quality"
"08/31/26","14:00","410510080","Portland - SE Lafaye","-8","PM2.5","UG/M3","7.2","Oregon Dept. of Environmental Quality"
"08/31/26","14:00","410670004","Hillsboro - Hare Fie","-8","PM2.5","UG/M3","5.7","Oregon Dept. of Environmental Quality"
"08/31/26","14:00","410670005","Portland Near Road","-8","PM2.5","UG/M3","8","Oregon Dept. of Environmental Quality"
"08/31/26","14:00","410670111","Beaverton - Highland","-8","PM2.5","UG/M3","5.3","Oregon Dept. of Environmental Quality"
"08/31/26","15:00","410050004","Portland - Spangler","-8","PM2.5","UG/M3","6.6","Oregon Dept. of Environmental Quality"
"08/31/26","15:00","410050102","Multorpor","-8","PM2.5","UG/M3","7.8","Oregon Dept. of Environmental Quality"
"08/31/26","15:00","410510080","Portland - SE Lafaye","-8","PM2.5","UG/M3","7.5","Oregon Dept. of Environmental Quality"
"08/31/26","15:00","410670004","Hillsboro - Hare Fie","-8","PM2.5","UG/M3","5.2","Oregon Dept. of Environmental Quality"
"08/31/26","15:00","410670005","Portland Near Road","-8","PM2.5","UG/M3","8.3","Oregon Dept. of Environmental Quality"
"08/31/26","15:00","410670111","Beaverton - Highland","-8","PM2.5","UG/M3","5.1","Oregon Dept. of Environmental Quality"
"08/31/26","16:00","410050004","Portland - Spangler","-8","PM2.5","UG/M3","7.4","Oregon Dept. of Environmental Quality"
"08/31/26","16:00","410050102","Multorpor","-8","PM2.5","UG/M3","13.9","Oregon Dept. of Environmental Quality"
"08/31/26","16:00","410510080","Portland - SE Lafaye","-8","PM2.5","UG/M3","7.3","Oregon Dept. of Environmental Quality"
"08/31/26","16:00","410670004","Hillsboro - Hare Fie","-8","PM2.5","UG/M3","4.7","Oregon Dept. of Environmental Quality"
"08/31/26","16:00","410670005","Portland Near Road","-8","PM2.5","UG/M3","8.2","Oregon Dept. of Environmental Quality"
"08/31/26","16:00","410670111","Beaverton - Highland","-8","PM2.5","UG/M3","4.9","Oregon Dept. of Environmental Quality"
"08/31/26","17:00","410050004","Portland - Spangler","-8","PM2.5","UG/M3","27.2","Oregon Dept. of Environmental Quality"
"08/31/26","17:00","410050102","Multorpor","-8","PM2.5","UG/M3","13.1","Oregon Dept. of Environmental Quality"
"08/31/26","17:00","410510080","Portland - SE Lafaye","-8","PM2.5","UG/M3","6.8","Oregon Dept. of Environmental Quality"
"08/31/26","17:00","410670004","Hillsboro - Hare Fie","-8","PM2.5","UG/M3","4.7","Oregon Dept. of Environmental Quality"
"08/31/26","17:00","410670005","Portland Near Road","-8","PM2.5","UG/M3","8","Oregon Dept. of Environmental Quality"
"08/31/26","17:00","410670111","Beaverton - Highland","-8","PM2.5","UG/M3","5","Oregon Dept. of Environmental Quality"
"08/31/26","18:00","410050004","Portland - Spangler","-8","PM2.5","UG/M3","37.4","Oregon Dept. of Environmental Quality"
"08/31/26","18:00","410050102","Multorpor","-8","PM2.5","UG/M3","6.6","Oregon Dept. of Environmental Quality"
"08/31/26","18:00","410510080","Portland - SE Lafaye","-8","PM2.5","UG/M3","7","Oregon Dept. of Environmental Quality"
"08/31/26","18:00","410670004","Hillsboro - Hare Fie","-8","PM2.5","UG/M3","5.1","Oregon Dept. of Environmental Quality"
"08/31/26","18:00","410670005","Portland Near Road","-8","PM2.5","UG/M3","9.3","Oregon Dept. of Environmental Quality"
"08/31/26","18:00","410670111","Beaverton - Highland","-8","PM2.5","UG/M3","5","Oregon Dept. of Environmental Quality"
"08/31/26","19:00","410050004","Portland - Spangler","-8","PM2.5","UG/M3","36.8","Oregon Dept. of Environmental Quality"
"08/31/26","19:00","410050102","Multorpor","-8","PM2.5","UG/M3","5.3","Oregon Dept. of Environmental Quality"
"08/31/26","19:00","410510080","Portland - SE Lafaye","-8","PM2.5","UG/M3","6.9","Oregon Dept. of Environmental Quality"
"08/31/26","19:00","410670004","Hillsboro - Hare Fie","-8","PM2.5","UG/M3","5.3","Oregon Dept. of Environmental Quality"
"08/31/26","19:00","410670005","Portland Near Road","-8","PM2.5","UG/M3","8","Oregon Dept. of Environmental Quality"
"08/31/26","19:00","410670111","Beaverton - Highland","-8","PM2.5","UG/M3","5.4","Oregon Dept. of Environmental Quality"
"08/31/26","20:00","410050004","Portland - Spangler","-8","PM2.5","UG/M3","43","Oregon Dept. of Environmental Quality"
"08/31/26","20:00","410050102","Multorpor","-8","PM2.5","UG/M3","4.9","Oregon Dept. of Environmental Quality"
"08/31/26","20:00","410510080","Portland - SE Lafaye","-8","PM2.5","UG/M3","7.1","Oregon Dept. of Environmental Quality"
"08/31/26","20:00","410670004","Hillsboro - Hare Fie","-8","PM2.5","UG/M3","6.1","Oregon Dept. of Environmental Quality"
"08/31/26","20:00","410670005","Portland Near Road","-8","PM2.5","UG/M3","8.8","Oregon Dept. of Environmental Quality"
"08/31/26","20:00","410670111","Beaverton - Highland","-8","PM2.5","UG/M3","6.7","Oregon Dept. of Environmental Quality"
"08/31/26","21:00","410050004","Portland - Spangler","-8","PM2.5","UG/M3","96.2","Oregon Dept. of Environmental Quality"
"08/31/26","21:00","410050102","Multorpor","-8","PM2.5","UG/M3","4.6","Oregon Dept. of Environmental Quality"
"08/31/26","21:00","410510080","Portland - SE Lafaye","-8","PM2.5","UG/M3","7.6","Oregon Dept. of Environmental Quality"
"08/31/26","21:00","410670004","Hillsboro - Hare Fie","-8","PM2.5","UG/M3","8.4","Oregon Dept. of Environmental Quality"
"08/31/26","21:00","410670005","Portland Near Road","-8","PM2.5","UG/M3","16.2","Oregon Dept. of Environmental Quality"
"08/31/26","21:00","410670111","Beaverton - Highland","-8","PM2.5","UG/M3","8.8","Oregon Dept. of Environmental Quality"
"08/31/26","22:00","410050004","Portland - Spangler","-8","PM2.5","UG/M3","159.2","Oregon Dept. of Environmental Quality"
"08/31/26","22:00","410050102","Multorpor","-8","PM2.5","UG/M3","4.6","Oregon Dept. of Environmental Quality"
"08/31/26","22:00","410510080","Portland - SE Lafaye","-8","PM2.5","UG/M3","8.8","Oregon Dept. of Environmental Quality"
"08/31/26","22:00","410670004","Hillsboro - Hare Fie","-8","PM2.5","UG/M3","16.7","Oregon Dept. of Environmental Quality"
"08/31/26","22:00","410670005","Portland Near Road","-8","PM2.5","UG/M3","30.7","Oregon Dept. of Environmental Quality"
"08/31/26","22:00","410670111","Beaverton - Highland","-8","PM2.5","UG/M3","17.2","Oregon Dept. of Environmental Quality"
"08/31/26","23:00","410050004","Portland - Spangler","-8","PM2.5","UG/M3","156.6","Oregon Dept. of Environmental Quality"
"08/31/26","23:00","410050102","Multorpor","-8","PM2.5","UG/M3","4.8","Oregon Dept. of Environmental Quality"
"08/31/26","23:00","410510080","Portland - SE Lafaye","-8","PM2.5","UG/M3","24.2","Oregon Dept. of Environmental Quality"
"08/31/26","23:00","410670004","Hillsboro - Hare Fie","-8","PM2.5","UG/M3","33.7","Oregon Dept. of Environmental Quality"
"08/31/26","23:00","410670005","Portland Near Road","-8","PM2.5","UG/M3","39.3","Oregon Dept. of Environmental Quality"
"08/31/26","23:00","410670111","Beaverton - Highland","-8","PM2.5","UG/M3","23.2","Oregon Dept. of Environmental Quality"
